#ifndef RGB_CHAN_RGB_CHAN_SEP_HPP
#define RGB_CHAN_RGB_CHAN_SEP_HPP

// Generated by dbones2cpp from rgb_chan_ske.json
// armature "rgb_chan": 29 bones, 41 slots, 41 attachments, 1 animation(s)
// scale 0.4, argb4444 for 9 images, rgb565_swapped (key #FF00FF) for 32 images, 41 textures, about 221968 bytes
// images: 132382 pixels trimmed to 107513 (33 of 41 turned), 41 hulls enclosing 84000 pixels

#include "shapoco/gfx2d/rig.hpp"

static_assert(shapoco::gfx2d::rig::FORMAT_VERSION >= 3,
              "this header needs a newer ShapoGFX (rig.hpp FORMAT_VERSION)");

namespace rgb_chan {

alignas(4) static const uint16_t tex_bracelet_red_bData[] = {
  0x0000, 0x0000, 0x1803, 0x4903, 0x5602, 0x6000, 0x0000, 0x0000,
  0x0000, 0x0000, 0x2904, 0x6903, 0x7803, 0x8903, 0x8903, 0xB301,
  0x4000, 0x0000, 0x0000, 0x0000, 0x3602, 0x9602, 0x7903, 0x7803,
  0x7903, 0x8803, 0x9100, 0x0000, 0x0F00, 0x0000, 0x0000, 0x9100,
  0x9702, 0x7903, 0x8803, 0x7A04, 0xA401, 0x4000, 0x0000, 0x0000,
  0x0000, 0x2000, 0xB301, 0x7A04, 0x8803, 0x7903, 0x9703, 0x8100,
  0x0000, 0x0700, 0x0500, 0x0000, 0x8100, 0x9703, 0x7903, 0x8803,
  0x7904, 0xA301, 0x1000, 0x0000, 0x0000, 0x0F00, 0x4000, 0xA401,
  0x7A04, 0x8803, 0x7A04, 0xA502, 0x5000, 0x0000, 0x0000, 0x0000,
  0x0000, 0xA201, 0x8903, 0x7903, 0x7903, 0x9703, 0x8100, 0x0000,
  0x0000, 0x0000, 0x0000, 0x7000, 0x9602, 0x7903, 0x7803, 0x8903,
  0xA201, 0x1000, 0x0000, 0x0000, 0x0000, 0x4000, 0xA402, 0x7A04,
  0x8803, 0x7A04, 0xA401, 0x4000, 0x0000, 0x0000, 0x0000, 0x2000,
  0xA301, 0x7904, 0x8803, 0x7904, 0x9502, 0x6000, 0x0000, 0x0000,
  0x0000, 0x1000, 0xA201, 0x8903, 0x7903, 0x7904, 0x9703, 0x8100,
  0x0000, 0x0000, 0x0000, 0x0000, 0x9201, 0x8803, 0x7903, 0x7903,
  0x8803, 0x9100, 0x0000, 0x0000, 0x0700, 0x0000, 0x8100, 0x9703,
  0x7903, 0x7903, 0x8803, 0x9201, 0x0000, 0x0000, 0x0000, 0x0000,
  0x7100, 0x9703, 0x7903, 0x7903, 0x8803, 0xA201, 0x0000, 0x0000,
  0x0000, 0x0000, 0x7100, 0x9702, 0x7904, 0x7903, 0x8803, 0x9201,
  0x0000, 0x0000, 0x0000, 0x0000, 0x7100, 0x9702, 0x7904, 0x7903,
  0x8803, 0x9101, 0x0000, 0x0000, 0x0000, 0x0000, 0x7100, 0x9703,
  0x7903, 0x7903, 0x8803, 0x9100, 0x0000, 0x0000, 0x0500, 0x0000,
  0x8100, 0x9703, 0x7903, 0x7903, 0x8703, 0x9100, 0x0000, 0x0000,
  0x0000, 0x0000, 0x9100, 0x8703, 0x7903, 0x7903, 0x9703, 0x8100,
  0x0000, 0x0000, 0x0000, 0x0000, 0x9201, 0x8803, 0x7903, 0x7904,
  0x9602, 0x7000, 0x0000, 0x0000, 0x0000, 0x1000, 0xA201, 0x8903,
  0x8803, 0x7A04, 0xA502, 0x6000, 0x0000, 0x0000, 0x0000, 0x2000,
  0xA301, 0x7A04, 0x8803, 0x7A04, 0xA401, 0x3000, 0x0000, 0x0000,
  0x0000, 0x5000, 0xA502, 0x7A04, 0x8803, 0x7904, 0xA301, 0x1000,
  0x0000, 0x0000, 0x0000, 0x8100, 0x9703, 0x7903, 0x7903, 0x8703,
  0x9100, 0x0000, 0x0000, 0x0000, 0x1100, 0xB301, 0x7903, 0x8803,
  0x7A04, 0xA502, 0x6000, 0x0000, 0x0000, 0x0000, 0x7100, 0xA502,
  0x7A04, 0x8803, 0x7A04, 0xA301, 0x2000, 0x0000, 0x0000, 0x3000,
  0xB201, 0x7903, 0x7903, 0x7903, 0x9703, 0x9100, 0x0000, 0x0700,
  0x1501, 0x9301, 0x9703, 0x8903, 0x8803, 0x7904, 0xB301, 0x3000,
  0x0000, 0x0000, 0x1803, 0x4A04, 0x4904, 0x5803, 0x5A04, 0x6502,
  0x7000, 0x0000, 0x0000, 0x0000,
};
static const shapoco::gfx2d::Texture tex_bracelet_red_b = {
  shapoco::gfx2d::PixelFormat::ARGB4444, 10, 30, 20, tex_bracelet_red_bData,
};

alignas(4) static const uint16_t tex_bracelet_green_bData[] = {
  0x0000, 0x0000, 0x0000, 0x0000, 0x0000, 0x0000, 0x0000, 0x0000,
  0x0000, 0x0000, 0x0000, 0x0000, 0x0000, 0x0000, 0x0000, 0x0000,
  0x0000, 0x0000, 0x0000, 0x0000, 0x0000, 0x0000, 0x0000, 0x0000,
  0x0000, 0x0000, 0x0000, 0x0000, 0x0000, 0x0000, 0x0000, 0x0000,
  0x0000, 0x0000, 0x0000, 0x0000, 0x5061, 0x4000, 0x0000, 0x0000,
  0x0000, 0x0000, 0x0000, 0x0000, 0x0000, 0x0000, 0x0000, 0x0000,
  0x0000, 0x0000, 0x0000, 0x0000, 0x0000, 0x0000, 0x0000, 0x0000,
  0x0000, 0x0000, 0x0000, 0x0000, 0x0000, 0x0000, 0x0000, 0x0000,
  0x0000, 0x0000, 0x0000, 0x5061, 0x0000, 0x0000, 0x0000, 0x5061,
  0xA040, 0xE000, 0x4000, 0x0000, 0x0000, 0x0000, 0x0000, 0x0000,
  0x0000, 0x0000, 0x0000, 0x0000, 0x0000, 0x0000, 0x0000, 0x0000,
  0x0000, 0x0000, 0x0000, 0x0000, 0x0000, 0x0000, 0x0000, 0x0000,
  0x0000, 0x0000, 0x0000, 0x3000, 0xD000, 0xA040, 0x7071, 0x1060,
  0x0000, 0x0000, 0x7071, 0x7071, 0x7071, 0x7081, 0xC020, 0xE000,
  0x9000, 0x3000, 0x0000, 0x0000, 0x0000, 0x0000, 0x0000, 0x0000,
  0x0000, 0x0000, 0x0000, 0x0000, 0x0000, 0x0000, 0x0000, 0x0000,
  0x0000, 0x0000, 0x3000, 0x8000, 0xE000, 0xC020, 0x7071, 0x7061,
  0x7061, 0x7071, 0x3071, 0x0000, 0x0000, 0x7071, 0x7071, 0x7071,
  0x7071, 0x7061, 0x7071, 0x7071, 0x8061, 0x8051, 0xB020, 0xD010,
  0xF000, 0xD000, 0xA000, 0x8000, 0x9000, 0xC000, 0xE000, 0xE000,
  0xD000, 0xB000, 0x9010, 0x9030, 0x9041, 0x7061, 0x7071, 0x7071,
  0x7061, 0x7071, 0x7071, 0x7071, 0x7071, 0x5061, 0x0000, 0x0000,
  0x7071, 0x8071, 0x7071, 0x7071, 0x7071, 0x7071, 0x7071, 0x7071,
  0x7061, 0x7071, 0x7061, 0x7061, 0x7071, 0x7071, 0x7071, 0x7071,
  0x7071, 0x7071, 0x7071, 0x7061, 0x7061, 0x7071, 0x7071, 0x7061,
  0x7071, 0x7071, 0x7071, 0x7071, 0x7071, 0x7071, 0x7071, 0x7061,
  0x2061, 0x0000, 0x0000, 0x6000, 0x8000, 0x7081, 0x7071, 0x7071,
  0x7071, 0x7071, 0x7071, 0x7071, 0x7071, 0x7071, 0x7071, 0x7071,
  0x7071, 0x7071, 0x7071, 0x7071, 0x7071, 0x7071, 0x7071, 0x7071,
  0x7071, 0x7071, 0x7071, 0x7071, 0x7071, 0x7071, 0x7071, 0x7071,
  0x7071, 0x7071, 0x9041, 0x0000, 0x0000, 0x0000, 0x0000, 0x0000,
  0x8000, 0xD010, 0x8061, 0x7071, 0x7061, 0x7071, 0x7071, 0x7071,
  0x7071, 0x7071, 0x7071, 0x7071, 0x7071, 0x7071, 0x7071, 0x7071,
  0x7071, 0x7071, 0x7071, 0x7071, 0x7071, 0x7071, 0x7071, 0x7061,
  0x7061, 0x7071, 0x8061, 0xC020, 0xB000, 0x1000, 0x0000, 0x0000,
  0x0000, 0x0000, 0x0000, 0x0000, 0x0000, 0x3000, 0xE000, 0xA030,
  0x7071, 0x7071, 0x7061, 0x7071, 0x7061, 0x7071, 0x7071, 0x7071,
  0x7071, 0x7071, 0x7061, 0x7061, 0x7061, 0x7061, 0x7061, 0x7071,
  0x7071, 0x8051, 0xC010, 0xE000, 0x7000, 0x0000, 0x0000, 0x0000,
  0x0000, 0x0000, 0x0000, 0x0000, 0x0000, 0x0000, 0x0000, 0x0000,
  0x0000, 0x0000, 0x0000, 0x7000, 0xE000, 0xD010, 0xB030, 0xA030,
  0x9041, 0x7071, 0x8061, 0x8051, 0x8051, 0xA030, 0xB020, 0xC010,
  0xD000, 0xE000, 0xB000, 0x5000, 0x1000, 0x0000, 0x0000, 0x0000,
  0x0000, 0x0000, 0x0000, 0x0000, 0x0000, 0x0000, 0x0000, 0x0000,
  0x0000, 0x0000, 0x0000, 0x0000, 0x0000, 0x0000, 0x0000, 0x0000,
  0x0000, 0x0000, 0x0000, 0x2000, 0x2000, 0x0000, 0x0000, 0x1000,
  0x0000, 0x0000, 0x0000, 0x0000, 0x0000, 0x0000, 0x0000, 0x0000,
  0x0000, 0x0000, 0x0000, 0x0000, 0x0000, 0x0000, 0x0000, 0x0000,
  0x0000, 0x0000, 0x0000, 0x0000, 0x0000, 0x0000, 0x0000, 0x0000,
  0x0000, 0x0000, 0x0000, 0x0000, 0x0000, 0x0000, 0x0000, 0x0000,
  0x0000, 0x0000, 0x0000, 0x0000, 0x0000, 0x0000, 0x0000, 0x0000,
  0x0000, 0x0000, 0x0000, 0x0000, 0x0000, 0x0000, 0x0000, 0x0000,
  0x0000, 0x0000, 0x0000, 0x0000,
};
static const shapoco::gfx2d::Texture tex_bracelet_green_b = {
  shapoco::gfx2d::PixelFormat::ARGB4444, 35, 12, 70, tex_bracelet_green_bData,
};

alignas(4) static const uint16_t tex_bracelet_blue_bData[] = {
  0x0000, 0x0000, 0x0000, 0x0000, 0x0000, 0x0000, 0x0000, 0x0000,
  0x0000, 0x0000, 0x0000, 0x0000, 0x0000, 0x0000, 0x0000, 0x0000,
  0x0000, 0x0000, 0x0000, 0x0000, 0x0000, 0x0000, 0x0000, 0x0000,
  0x0000, 0x0000, 0x0000, 0x0000, 0x0000, 0x0000, 0x0000, 0x0000,
  0x0000, 0x0000, 0x0000, 0x0000, 0x4000, 0x0000, 0x0000, 0x0000,
  0x0000, 0x0000, 0x0000, 0x0000, 0x0000, 0x0000, 0x0000, 0x0000,
  0x0000, 0x0000, 0x0000, 0x0000, 0x0000, 0x0000, 0x0000, 0x0000,
  0x0000, 0x0000, 0x0000, 0x0000, 0x0000, 0x0000, 0x0000, 0x0000,
  0x1000, 0x5058, 0x1047, 0x0000, 0x0000, 0x8058, 0x7069, 0x9036,
  0xB023, 0xE001, 0xF000, 0xD000, 0xB000, 0xA000, 0x7000, 0x5000,
  0x2000, 0x0000, 0x0000, 0x0000, 0x0000, 0x0000, 0x0000, 0x0000,
  0x0000, 0x0000, 0x1000, 0x2000, 0x2000, 0x2000, 0x4000, 0x8000,
  0xD000, 0xD001, 0x9035, 0x7057, 0x3057, 0x0000, 0x0000, 0x8058,
  0x7058, 0x7058, 0x7057, 0x7057, 0x7058, 0x7058, 0x7058, 0x7058,
  0x7057, 0x7058, 0x7058, 0x8046, 0x9034, 0xB012, 0xD012, 0xD012,
  0xC012, 0xA023, 0x9035, 0x8046, 0x8047, 0x8047, 0x7058, 0x7058,
  0x7059, 0x7058, 0x7058, 0x7057, 0x7058, 0x7058, 0x3047, 0x0000,
  0x0000, 0x8057, 0x7058, 0x7058, 0x7058, 0x7058, 0x7058, 0x7058,
  0x7058, 0x7058, 0x7058, 0x7058, 0x7058, 0x7058, 0x7057, 0x7057,
  0x7058, 0x7058, 0x7057, 0x7057, 0x7058, 0x7058, 0x7057, 0x7058,
  0x7058, 0x7058, 0x7058, 0x7058, 0x7058, 0x7058, 0x7058, 0x7057,
  0x3047, 0x0000, 0x0000, 0x8057, 0x7058, 0x7058, 0x7058, 0x7058,
  0x7058, 0x7058, 0x7058, 0x7058, 0x7058, 0x7058, 0x7058, 0x7058,
  0x7058, 0x7058, 0x7058, 0x7058, 0x7058, 0x7058, 0x7058, 0x7058,
  0x7058, 0x7058, 0x7058, 0x7058, 0x7058, 0x7058, 0x7058, 0x7058,
  0x7058, 0x7057, 0x3057, 0x0000, 0x0000, 0x2047, 0x7058, 0x7057,
  0x7058, 0x7058, 0x7058, 0x7058, 0x7058, 0x7058, 0x7058, 0x7058,
  0x7058, 0x7058, 0x7058, 0x7058, 0x7058, 0x7058, 0x7058, 0x7058,
  0x7058, 0x7058, 0x7058, 0x7058, 0x7058, 0x7058, 0x7058, 0x7058,
  0x7058, 0x7058, 0x7058, 0x7058, 0x3047, 0x0000, 0x0000, 0x0000,
  0xD000, 0xD012, 0x9035, 0x7058, 0x7057, 0x7058, 0x7058, 0x7058,
  0x7058, 0x7057, 0x7057, 0x7057, 0x7058, 0x7058, 0x7058, 0x7058,
  0x7058, 0x7058, 0x7058, 0x7058, 0x7058, 0x7058, 0x7058, 0x7058,
  0x7057, 0x7058, 0x7058, 0x7058, 0xB023, 0xD000, 0x0000, 0x0000,
  0x0000, 0x0000, 0x0000, 0x0000, 0x0000, 0x4000, 0x8000, 0xB000,
  0xC000, 0xE000, 0xF001, 0xE001, 0xC011, 0xA024, 0x8046, 0x8047,
  0x8046, 0x8047, 0x7058, 0x7059, 0x8057, 0x7058, 0x7058, 0x7069,
  0x7057, 0xA034, 0xC012, 0xF001, 0xB000, 0x3000, 0x0000, 0x0000,
  0x0000, 0x0000, 0x0000, 0x0000, 0x0000, 0x0000, 0x0000, 0x0000,
  0x0000, 0x0000, 0x0000, 0x0000, 0x0000, 0x0000, 0x0000, 0x0000,
  0x0000, 0x0000, 0x0000, 0x1000, 0x1000, 0x1000, 0x1000, 0x3000,
  0x4000, 0x3000, 0x1000, 0x0000, 0x0000, 0x0000, 0x0000, 0x0000,
  0x0000, 0x0000, 0x0000, 0x0000, 0x0000, 0x0000, 0x0000, 0x0000,
  0x0000, 0x0000, 0x0000, 0x0000, 0x0000, 0x0000, 0x0000, 0x0000,
  0x0000, 0x0000, 0x0000, 0x0000, 0x0000, 0x0000, 0x0000, 0x0000,
  0x0000, 0x0000, 0x0000, 0x0000, 0x0000, 0x0000, 0x0000, 0x0000,
  0x0000, 0x0000, 0x0000, 0x0000, 0x0000, 0x0000,
};
static const shapoco::gfx2d::Texture tex_bracelet_blue_b = {
  shapoco::gfx2d::PixelFormat::ARGB4444, 34, 11, 68, tex_bracelet_blue_bData,
};

alignas(4) static const uint16_t tex_r_armData[] = {
  0x1FF8, 0x1FF8, 0x1FF8, 0x1FF8, 0x1FF8, 0x1FF8, 0x1FF8, 0x1FF8,
  0x1FF8, 0x1FF8, 0x1FF8, 0x1FF8, 0x1FF8, 0x1FF8, 0x1FF8, 0x1FF8,
  0x1FF8, 0x1FF8, 0x1FF8, 0x1FF8, 0x1FF8, 0x1FF8, 0x1FF8, 0x1FF8,
  0x1FF8, 0x1FF8, 0x1FF8, 0x1FF8, 0x1FF8, 0x1FF8, 0x1FF8, 0x1FF8,
  0x1FF8, 0x1FF8, 0x1FF8, 0x1FF8, 0x1FF8, 0x1FF8, 0x1FF8, 0x1FF8,
  0x1FF8, 0x1FF8, 0x1FF8, 0x1FF8, 0x1FF8, 0x1FF8, 0x1FF8, 0x1FF8,
  0x1FF8, 0x1FF8, 0x1FF8, 0x1FF8, 0x1FF8, 0x1FF8, 0x1FF8, 0x1FF8,
  0x1FF8, 0x1FF8, 0x1FF8, 0x1FF8, 0x1FF8, 0x1FF8, 0x1FF8, 0x1FF8,
  0x1FF8, 0x1FF8, 0x1FF8, 0x1FF8, 0x1FF8, 0x1FF8, 0x1FF8, 0x1FF8,
  0x1FF8, 0x1FF8, 0x1FF8, 0x1FF8, 0x1FF8, 0x1FF8, 0x1FF8, 0x1FF8,
  0x1FF8, 0x1FF8, 0x1FF8, 0x1FF8, 0x1FF8, 0x1FF8, 0x1FF8, 0x1FF8,
  0x1FF8, 0x1FF8, 0x1FF8, 0x1FF8, 0x1FF8, 0x1FF8, 0x1FF8, 0x1FF8,
  0x1FF8, 0x1FF8, 0x1FF8, 0x1FF8, 0x1FF8, 0x1FF8, 0x1FF8, 0x1FF8,
  0x1FF8, 0x0000, 0x0000, 0x0000, 0x0000, 0x1FF8, 0x1FF8, 0x1FF8,
  0x1FF8, 0x1FF8, 0x1FF8, 0x1FF8, 0x1FF8, 0x1FF8, 0x1FF8, 0x1FF8,
  0x1FF8, 0x1FF8, 0x1FF8, 0x1FF8, 0x1FF8, 0x1FF8, 0x1FF8, 0x1FF8,
  0x1FF8, 0x1FF8, 0x1FF8, 0x1FF8, 0x1FF8, 0x1FF8, 0x1FF8, 0x1FF8,
  0x1FF8, 0x1FF8, 0x1FF8, 0x1FF8, 0x1FF8, 0x1FF8, 0x1FF8, 0x1FF8,
  0x1FF8, 0x1FF8, 0x1FF8, 0x1FF8, 0x1FF8, 0x1FF8, 0x1FF8, 0x1FF8,
  0x1FF8, 0x1FF8, 0x1FF8, 0x1FF8, 0x1FF8, 0x1FF8, 0x1FF8, 0x1FF8,
  0x1FF8, 0x1FF8, 0x1FF8, 0x1FF8, 0x1FF8, 0x1FF8, 0x1FF8, 0x1FF8,
  0x1FF8, 0x1FF8, 0x1FF8, 0x1FF8, 0x1FF8, 0x1FF8, 0x1FF8, 0x1FF8,
  0x1FF8, 0x1FF8, 0x1FF8, 0x1FF8, 0x1FF8, 0x1FF8, 0x1FF8, 0x1FF8,
  0x1FF8, 0x1FF8, 0x1FF8, 0x1FF8, 0x1FF8, 0x1FF8, 0x1FF8, 0x1FF8,
  0x1FF8, 0x1FF8, 0x1FF8, 0x0000, 0x0000, 0x0000, 0x2429, 0xE741,
  0x8952, 0x0000, 0x1FF8, 0x1FF8, 0xC318, 0x98DE, 0xFEFF, 0x9CFF,
  0x7CFF, 0x9CFF, 0xFEFF, 0xFEFF, 0x5BF7, 0x17CE, 0x0B6B, 0x0421,
  0x2000, 0x0000, 0x0000, 0x0000, 0x1FF8, 0x1FF8, 0x1FF8, 0x1FF8,
  0x1FF8, 0x1FF8, 0x1FF8, 0x1FF8, 0x1FF8, 0x1FF8, 0x1FF8, 0x1FF8,
  0x1FF8, 0x1FF8, 0x1FF8, 0x1FF8, 0x1FF8, 0x1FF8, 0x1FF8, 0x1FF8,
  0x1FF8, 0x1FF8, 0x1FF8, 0x1FF8, 0x1FF8, 0x1FF8, 0x1FF8, 0x1FF8,
  0x1FF8, 0x1FF8, 0x1FF8, 0x1FF8, 0x1FF8, 0x1FF8, 0x1FF8, 0x1FF8,
  0x1FF8, 0x1FF8, 0x1FF8, 0x1FF8, 0x1FF8, 0x1FF8, 0x1FF8, 0x1FF8,
  0x1FF8, 0x1FF8, 0x1FF8, 0x1FF8, 0x1FF8, 0x1FF8, 0x1FF8, 0x1FF8,
  0x1FF8, 0x1FF8, 0x1FF8, 0x1FF8, 0x1FF8, 0x1FF8, 0x1FF8, 0x1FF8,
  0x1FF8, 0x1FF8, 0x1FF8, 0x0000, 0x0000, 0x0000, 0xA210, 0x8641,
  0xAB6A, 0x6E8B, 0xAF9B, 0x72AC, 0x7BFF, 0xFFFF, 0xFFFF, 0xFEFF,
  0xBDFF, 0x9CFF, 0x7CFF, 0x7CFF, 0x9CFF, 0xFAEE, 0x1FF8, 0x1FF8,
  0x0000, 0xFEFF, 0x9CFF, 0x9CFF, 0x9CFF, 0x9CFF, 0x9CFF, 0x9CFF,
  0x9CFF, 0x7CFF, 0x9CFF, 0x9CFF, 0x9CFF, 0xBCFF, 0xBCFF, 0x9CFF,
  0xBDFF, 0xFEFF, 0xFDFF, 0x7BFF, 0x7CFF, 0xBDFF, 0x3BF7, 0x57D6,
  0xF6CD, 0x37D6, 0xD6C5, 0x16CE, 0x98DE, 0xD9E6, 0xD9E6, 0xFAEE,
  0xBCFF, 0xFEFF, 0xFFFF, 0xFDFF, 0x7CFF, 0x7CFF, 0xFEFF, 0xD9E6,
  0x0F8C, 0x8210, 0x0000, 0x0000, 0x1FF8, 0x1FF8, 0x1FF8, 0x1FF8,
  0x1FF8, 0x1FF8, 0x1FF8, 0x1FF8, 0x1FF8, 0x1FF8, 0x1FF8, 0x1FF8,
  0x1FF8, 0x1FF8, 0x1FF8, 0x1FF8, 0x1FF8, 0x1FF8, 0x1FF8, 0x1FF8,
  0x1FF8, 0x0000, 0x0000, 0x0000, 0x4108, 0x6110, 0x2429, 0xAA5A,
  0x9194, 0x74B5, 0xD6C5, 0x58D6, 0x3BF7, 0xFEFF, 0xFFFF, 0xFEFF,
  0xFDFF, 0xBCFF, 0x9CFF, 0xF1AB, 0x52B4, 0x52B4, 0x52B4, 0x52B4,
  0x52B4, 0x52B4, 0x11AC, 0x3BF7, 0x9CFF, 0x9CFF, 0x9CFF, 0x9CFF,
  0x9CFF, 0x7CFF, 0x4C73, 0x1FF8, 0x1FF8, 0x54B5, 0x7CFF, 0x9CFF,
  0x9CFF, 0x9CFF, 0x9CFF, 0x9CFF, 0x9CFF, 0x9CFF, 0x9CFF, 0x9CFF,
  0x9CFF, 0x9CFF, 0x9CFF, 0x9CFF, 0x9CFF, 0x9CFF, 0x9CFF, 0x9CFF,
  0x9CFF, 0x9CFF, 0x9CFF, 0x9CFF, 0x7CFF, 0x7CFF, 0x9CFF, 0x9CFF,
  0x9CFF, 0x9CFF, 0x9CFF, 0x9CFF, 0x9CFF, 0x9CFF, 0x9CFF, 0x9CFF,
  0x9CFF, 0x7CFF, 0x7CFF, 0x7CFF, 0x7BFF, 0x5BFF, 0x5BFF, 0x5BFF,
  0xDDFF, 0x3BFF, 0xAD83, 0x0000, 0x0000, 0x0000, 0x0000, 0xC320,
  0x484A, 0xC741, 0x284A, 0x2C6B, 0xAE83, 0xAE7B, 0xAD7B, 0xAD7B,
  0x5094, 0xD6C5, 0x5BF7, 0xFDFF, 0x9CFF, 0x7CFF, 0xBDFF, 0xFEFF,
  0xFDFF, 0xBCFF, 0x9CFF, 0x7CFF, 0x7CFF, 0x9CFF, 0x9CFF, 0x9CFF,
  0x7CFF, 0x9CFF, 0x9CFF, 0x9CFF, 0x9CFF, 0x9CFF, 0x7BFF, 0x11AC,
  0x52B4, 0x52B4, 0x52B4, 0x52B4, 0x52B4, 0x52B4, 0x52B4, 0x52B4,
  0xBCFF, 0x9CFF, 0x9CFF, 0x9CFF, 0x9CFF, 0x9CFF, 0x7CFF, 0x4108,
  0x1FF8, 0x1FF8, 0xFEFF, 0x9CFF, 0x9CFF, 0x9CFF, 0x9CFF, 0x9CFF,
  0x9CFF, 0x9CFF, 0x9CFF, 0x9CFF, 0x9CFF, 0x9CFF, 0x9CFF, 0x9CFF,
  0x9CFF, 0x9CFF, 0x9CFF, 0x9CFF, 0x9CFF, 0x9CFF, 0x9CFF, 0x9CFF,
  0x9CFF, 0x9CFF, 0x9CFF, 0x9CFF, 0x9CFF, 0x9CFF, 0x9CFF, 0x9CFF,
  0x9CFF, 0x9CFF, 0x9CFF, 0x9CFF, 0x9CFF, 0x7CFF, 0x7CFF, 0x7BFF,
  0x7BFF, 0x7BFF, 0x5BFF, 0x5BFF, 0x3BFF, 0x3BFF, 0x3BFF, 0x1AFF,
  0x1AFF, 0x3BFF, 0x9CFF, 0xBCFF, 0x5BFF, 0x3BFF, 0x3BFF, 0x3BFF,
  0x5BFF, 0x5BFF, 0x5BFF, 0x7BFF, 0x7CFF, 0x7CFF, 0x7CFF, 0x9CFF,
  0x9CFF, 0x9CFF, 0x9CFF, 0x9CFF, 0x9CFF, 0x9CFF, 0x9CFF, 0x9CFF,
  0x9CFF, 0x9CFF, 0x9CFF, 0x9CFF, 0x9CFF, 0x9CFF, 0x9CFF, 0x9CFF,
  0x9CFF, 0x9CFF, 0x5BF7, 0x11AC, 0x52B4, 0x52B4, 0x52B4, 0x52B4,
  0x52B4, 0x52B4, 0x52B4, 0x52B4, 0x52B4, 0xBCFF, 0x9CFF, 0x9CFF,
  0x9CFF, 0x9CFF, 0x9CFF, 0xDDFF, 0x1FF8, 0x1FF8, 0x1FF8, 0xDDFF,
  0x9CFF, 0x9CFF, 0x9CFF, 0x9CFF, 0x9CFF, 0x9CFF, 0x9CFF, 0x9CFF,
  0x9CFF, 0x9CFF, 0x9CFF, 0x9CFF, 0x9CFF, 0x9CFF, 0x9CFF, 0x9CFF,
  0x9CFF, 0x9CFF, 0x9CFF, 0x9CFF, 0x9CFF, 0x9CFF, 0x9CFF, 0x9CFF,
  0x9CFF, 0x9CFF, 0x9CFF, 0x9CFF, 0x9CFF, 0x9CFF, 0x9CFF, 0x9CFF,
  0x9CFF, 0x9CFF, 0x7CFF, 0x7CFF, 0x7CFF, 0x7BFF, 0x5BFF, 0x5BFF,
  0x3BFF, 0x3BFF, 0x3BFF, 0x1AFF, 0x1AFF, 0xFAFE, 0xFAFE, 0xFAFE,
  0xFAFE, 0x1AFF, 0x1AFF, 0x1AFF, 0x3BFF, 0x3BFF, 0x5BFF, 0x5BFF,
  0x7BFF, 0x7CFF, 0x7CFF, 0x7CFF, 0x7CFF, 0x9CFF, 0x9CFF, 0x9CFF,
  0x9CFF, 0x9CFF, 0x9CFF, 0x9CFF, 0x9CFF, 0x9CFF, 0x9CFF, 0x9CFF,
  0x9CFF, 0x9CFF, 0x9CFF, 0x9CFF, 0x9CFF, 0x9CFF, 0x5BF7, 0x11AC,
  0x52B4, 0x52B4, 0x52B4, 0x52B4, 0x52B4, 0x52B4, 0x52B4, 0x52B4,
  0x52B4, 0x32B4, 0x7CFF, 0x9CFF, 0x9CFF, 0x9CFF, 0x9CFF, 0x7CFF,
  0x33AD, 0x1FF8, 0x1FF8, 0x1FF8, 0x284A, 0x7CFF, 0x9CFF, 0x9CFF,
  0x9CFF, 0x9CFF, 0x9CFF, 0x9CFF, 0x9CFF, 0x9CFF, 0x9CFF, 0x9CFF,
  0x9CFF, 0x9CFF, 0x9CFF, 0x9CFF, 0x9CFF, 0x9CFF, 0x9CFF, 0x9CFF,
  0x9CFF, 0x9CFF, 0x9CFF, 0x9CFF, 0x9CFF, 0x9CFF, 0x9CFF, 0x9CFF,
  0x9CFF, 0x9CFF, 0x9CFF, 0x9CFF, 0x9CFF, 0x9CFF, 0x9CFF, 0x7CFF,
  0x7CFF, 0x7BFF, 0x7BFF, 0x5BFF, 0x3BFF, 0x3BFF, 0x3BFF, 0x1AFF,
  0xFAFE, 0xFAFE, 0xFAFE, 0xFAFE, 0xFAFE, 0xFAFE, 0xFAFE, 0x1AFF,
  0x1AFF, 0x3BFF, 0x3BFF, 0x5BFF, 0x5BFF, 0x5BFF, 0x7BFF, 0x7CFF,
  0x7CFF, 0x7CFF, 0x9CFF, 0x9CFF, 0x9CFF, 0x9CFF, 0x9CFF, 0x9CFF,
  0x9CFF, 0x9CFF, 0x9CFF, 0x9CFF, 0x9CFF, 0x9CFF, 0x9CFF, 0x9CFF,
  0x9CFF, 0x9CFF, 0x3BF7, 0xF1AB, 0x52B4, 0x52B4, 0x52B4, 0x52B4,
  0x52B4, 0x52B4, 0x52B4, 0x52B4, 0x52B4, 0x52B4, 0x34C5, 0x9CFF,
  0x9CFF, 0x9CFF, 0x9CFF, 0x9CFF, 0x7CFF, 0xC318, 0x1FF8, 0x1FF8,
  0x1FF8, 0x1FF8, 0xD2A4, 0x9CFF, 0x7CFF, 0x7CFF, 0x9CFF, 0x9CFF,
  0x9CFF, 0x9CFF, 0x9CFF, 0x9CFF, 0x9CFF, 0x9CFF, 0x9CFF, 0x9CFF,
  0x9CFF, 0x9CFF, 0x9CFF, 0x9CFF, 0x9CFF, 0x9CFF, 0x9CFF, 0x9CFF,
  0x9CFF, 0x9CFF, 0x9CFF, 0x9CFF, 0x9CFF, 0x9CFF, 0x9CFF, 0x9CFF,
  0x9CFF, 0x9CFF, 0x9CFF, 0x7CFF, 0x7CFF, 0x7CFF, 0x7BFF, 0x5BFF,
  0x5BFF, 0x3BFF, 0x3BFF, 0x1AFF, 0xFAFE, 0xFAFE, 0xFAFE, 0xDAFE,
  0xDAFE, 0xDAFE, 0xD9FE, 0xFAFE, 0xFAFE, 0x1AFF, 0x1AFF, 0x3BFF,
  0x3BFF, 0x5BFF, 0x5BFF, 0x7BFF, 0x7BFF, 0x7CFF, 0x7CFF, 0x9CFF,
  0x9CFF, 0x9CFF, 0x9CFF, 0x9CFF, 0x9CFF, 0x9CFF, 0x9CFF, 0x9CFF,
  0x9CFF, 0x9CFF, 0x9CFF, 0x9CFF, 0x9CFF, 0x9CFF, 0x7CFF, 0xF0AB,
  0x52B4, 0x52B4, 0x52B4, 0x52B4, 0x52B4, 0x52B4, 0x52B4, 0x52B4,
  0x52B4, 0x52B4, 0x52B4, 0x3BF7, 0x7CFF, 0x9CFF, 0x9CFF, 0x9CFF,
  0x9CFF, 0xFEFF, 0x0000, 0x1FF8, 0x1FF8, 0x1FF8, 0x1FF8, 0x1FF8,
  0x0000, 0x8D7B, 0x9CFF, 0xFEFF, 0x9CFF, 0x9CFF, 0x9CFF, 0x9CFF,
  0x9CFF, 0x9CFF, 0x9CFF, 0x9CFF, 0x9CFF, 0x9CFF, 0x9CFF, 0x9CFF,
  0x9CFF, 0x9CFF, 0x9CFF, 0x9CFF, 0x9CFF, 0x9CFF, 0x9CFF, 0x9CFF,
  0x9CFF, 0x9CFF, 0x9CFF, 0x9CFF, 0x9CFF, 0x9CFF, 0x9CFF, 0x7CFF,
  0x7CFF, 0x7CFF, 0x7BFF, 0x7BFF, 0x5BFF, 0x5BFF, 0x3BFF, 0x1AFF,
  0x1AFF, 0xFAFE, 0xFAFE, 0xDAFE, 0xD9FE, 0xD9FE, 0xD9FE, 0xD9FE,
  0xD9FE, 0xFAFE, 0xFAFE, 0x1AFF, 0x3BFF, 0x3BFF, 0x5BFF, 0x5BFF,
  0x7BFF, 0x7BFF, 0x7CFF, 0x7CFF, 0x9CFF, 0x9CFF, 0x9CFF, 0x9CFF,
  0x9CFF, 0x9CFF, 0x9CFF, 0x9CFF, 0x9CFF, 0x9CFF, 0x9CFF, 0x9CFF,
  0x9CFF, 0x9CFF, 0xBCFF, 0xB3BC, 0x52B4, 0x52B4, 0x52B4, 0x52B4,
  0x52B4, 0x52B4, 0x52B4, 0x52B4, 0x52B4, 0x52B4, 0x52B4, 0x31B4,
  0xBCFF, 0x9CFF, 0x9CFF, 0x9CFF, 0x9CFF, 0x9CFF, 0xFAE6, 0x1FF8,
  0x1FF8, 0x1FF8, 0x1FF8, 0x1FF8, 0x1FF8, 0x1FF8, 0x1FF8, 0x1FF8,
  0x0000, 0xC318, 0xF2A4, 0xDDFF, 0xDDFF, 0x7BFF, 0x7CFF, 0x7CFF,
  0x9CFF, 0x9CFF, 0x9CFF, 0x9CFF, 0x9CFF, 0x9CFF, 0x9CFF, 0x9CFF,
  0x9CFF, 0x9CFF, 0x9CFF, 0x9CFF, 0x9CFF, 0x9CFF, 0x9CFF, 0x9CFF,
  0x9CFF, 0x9CFF, 0x9CFF, 0x9CFF, 0x9CFF, 0x7CFF, 0x7CFF, 0x7BFF,
  0x5BFF, 0x5BFF, 0x3BFF, 0x3BFF, 0x1AFF, 0x1AFF, 0xFAFE, 0xDAFE,
  0xD9FE, 0xD9FE, 0xD9FE, 0xD9FE, 0xD9FE, 0xD9FE, 0xFAFE, 0xFAFE,
  0x1AFF, 0x1BFF, 0x3BFF, 0x5BFF, 0x5BFF, 0x7BFF, 0x7BFF, 0x7CFF,
  0x7CFF, 0x9CFF, 0x9CFF, 0x9CFF, 0x9CFF, 0x9CFF, 0x9CFF, 0x9CFF,
  0x9CFF, 0x9CFF, 0x9CFF, 0x9CFF, 0x9CFF, 0x9CFF, 0x9CFF, 0xD7D5,
  0x52B4, 0x52B4, 0x52B4, 0x52B4, 0x52B4, 0x52B4, 0x52B4, 0x52B4,
  0x52B4, 0x52B4, 0x52B4, 0x52B4, 0x52B4, 0x9CFF, 0x9CFF, 0x9CFF,
  0x9CFF, 0x9CFF, 0x7CFF, 0xC739, 0x1FF8, 0x1FF8, 0x1FF8, 0x1FF8,
  0x1FF8, 0x1FF8, 0x1FF8, 0x1FF8, 0x1FF8, 0x1FF8, 0x1FF8, 0x1FF8,
  0x1FF8, 0x0000, 0xE320, 0xB19C, 0xFAEE, 0xFEFF, 0x9CFF, 0x7CFF,
  0x9CFF, 0x7CFF, 0x9CFF, 0x9CFF, 0x9CFF, 0x9CFF, 0x9CFF, 0x9CFF,
  0x9CFF, 0x9CFF, 0x9CFF, 0x9CFF, 0x9CFF, 0x9CFF, 0x9CFF, 0x9CFF,
  0x9CFF, 0x9CFF, 0x7CFF, 0x7CFF, 0x7BFF, 0x7BFF, 0x5BFF, 0x3BFF,
  0x3BFF, 0x1AFF, 0xFAFE, 0xFAFE, 0xD9FE, 0xD9FE, 0xB9FE, 0xB9FE,
  0xD9FE, 0xD9FE, 0xD9FE, 0xDAFE, 0xFAFE, 0x1AFF, 0x1AFF, 0x3BFF,
  0x5BFF, 0x5BFF, 0x7BFF, 0x7BFF, 0x7CFF, 0x7CFF, 0x9CFF, 0x9CFF,
  0x9CFF, 0x9CFF, 0x9CFF, 0x9CFF, 0x9CFF, 0x9CFF, 0x9CFF, 0x9CFF,
  0x9CFF, 0x9CFF, 0x9CFF, 0x9CFF, 0x31AC, 0x52B4, 0x52B4, 0x52B4,
  0x52B4, 0x52B4, 0x52B4, 0x52B4, 0x52B4, 0x52B4, 0x52B4, 0x52B4,
  0x52B4, 0x79E6, 0x9CFF, 0x9CFF, 0x9CFF, 0x9CFF, 0x9CFF, 0x9CFF,
  0x0000, 0x1FF8, 0x1FF8, 0x1FF8, 0x1FF8, 0x1FF8, 0x1FF8, 0x1FF8,
  0x1FF8, 0x1FF8, 0x1FF8, 0x1FF8, 0x1FF8, 0x1FF8, 0x1FF8, 0x1FF8,
  0x1FF8, 0x1FF8, 0x1FF8, 0x1FF8, 0x2429, 0x0F8C, 0xB9E6, 0xFDFF,
  0x9CFF, 0x7CFF, 0x7CFF, 0x9CFF, 0x9CFF, 0x9CFF, 0x9CFF, 0x9CFF,
  0x9CFF, 0x9CFF, 0x9CFF, 0x9CFF, 0x9CFF, 0x9CFF, 0x7CFF, 0x7CFF,
  0x7CFF, 0x7BFF, 0x7BFF, 0x5BFF, 0x3BFF, 0x3BFF, 0x1AFF, 0xFAFE,
  0xFAFE, 0xD9FE, 0xD9FE, 0xB9FE, 0xD9FE, 0xD9FE, 0xB9FE, 0xD9FE,
  0xDAFE, 0xFAFE, 0x1AFF, 0x1AFF, 0x3BFF, 0x5BFF, 0x5BFF, 0x7BFF,
  0x7BFF, 0x7CFF, 0x7CFF, 0x9CFF, 0x9CFF, 0x9CFF, 0x9CFF, 0x9CFF,
  0x9CFF, 0x9CFF, 0x9CFF, 0x9CFF, 0x9CFF, 0x9CFF, 0x9CFF, 0x9CFF,
  0x93BC, 0x52B4, 0x52B4, 0x52B4, 0x52B4, 0x52B4, 0x52B4, 0x52B4,
  0x52B4, 0x52B4, 0x52B4, 0x52B4, 0x52B4, 0x52B4, 0xBCFF, 0x9CFF,
  0x9CFF, 0x9CFF, 0x9CFF, 0x9CFF, 0x7BFF, 0x1FF8, 0x1FF8, 0x1FF8,
  0x1FF8, 0x1FF8, 0x1FF8, 0x1FF8, 0x1FF8, 0x1FF8, 0x1FF8, 0x1FF8,
  0x1FF8, 0x1FF8, 0x1FF8, 0x1FF8, 0x1FF8, 0x1FF8, 0x1FF8, 0x1FF8,
  0x1FF8, 0x1FF8, 0x1FF8, 0x1FF8, 0x1FF8, 0x0000, 0xE320, 0xF2A4,
  0xBCFF, 0xFDFF, 0x9CFF, 0x7CFF, 0x9CFF, 0x9CFF, 0x9CFF, 0x9CFF,
  0x9CFF, 0x9CFF, 0x9CFF, 0x7CFF, 0x7CFF, 0x7BFF, 0x7BFF, 0x5BFF,
  0x5BFF, 0x3BFF, 0x3BFF, 0x1AFF, 0xFAFE, 0xFAFE, 0xD9FE, 0xD9FE,
  0xB9FE, 0xB9FE, 0xB9FE, 0xD9FE, 0xD9FE, 0xDAFE, 0xFAFE, 0xFAFE,
  0x1AFF, 0x3BFF, 0x5BFF, 0x5BFF, 0x5BFF, 0x7CFF, 0x7CFF, 0x7CFF,
  0x7CFF, 0x9CFF, 0x9CFF, 0x9CFF, 0x9CFF, 0x9CFF, 0x9CFF, 0x9CFF,
  0x9CFF, 0x9CFF, 0x9CFF, 0x7CFF, 0xDAEE, 0x52B4, 0x52B4, 0x52B4,
  0x52B4, 0x52B4, 0x52B4, 0x52B4, 0x52B4, 0x52B4, 0x52B4, 0x52B4,
  0x52B4, 0x52B4, 0x52B4, 0xBCFF, 0x9CFF, 0x9CFF, 0x9CFF, 0x9CFF,
  0x7CFF, 0x5094, 0x1FF8, 0x1FF8, 0x1FF8, 0x1FF8, 0x1FF8, 0x1FF8,
  0x1FF8, 0x1FF8, 0x1FF8, 0x1FF8, 0x1FF8, 0x1FF8, 0x1FF8, 0x1FF8,
  0x1FF8, 0x1FF8, 0x1FF8, 0x1FF8, 0x1FF8, 0x1FF8, 0x1FF8, 0x1FF8,
  0x1FF8, 0x1FF8, 0x1FF8, 0x1FF8, 0x1FF8, 0x1FF8, 0x0000, 0x2000,
  0x7094, 0x7CFF, 0xFEFF, 0x7CFF, 0x7CFF, 0x7CFF, 0x9CFF, 0x9CFF,
  0x7CFF, 0x7CFF, 0x7BFF, 0x7BFF, 0x5BFF, 0x5BFF, 0x3BFF, 0x3BFF,
  0x1AFF, 0xFAFE, 0xFAFE, 0xD9FE, 0xD9FE, 0xD9FE, 0xB9FE, 0xD9FE,
  0xD9FE, 0xD9FE, 0xDAFE, 0xFAFE, 0x1AFF, 0x3BFF, 0x3BFF, 0x5BFF,
  0x5BFF, 0x7BFF, 0x7CFF, 0x7CFF, 0x7CFF, 0x9CFF, 0x9CFF, 0x9CFF,
  0x9CFF, 0x9CFF, 0x9CFF, 0x9CFF, 0x9CFF, 0x9CFF, 0x9CFF, 0x9CFF,
  0x9CFF, 0x31AC, 0x52B4, 0x52B4, 0x52B4, 0x52B4, 0x52B4, 0x52B4,
  0x52B4, 0x52B4, 0x52B4, 0x52B4, 0x52B4, 0x52B4, 0x52B4, 0x75CD,
  0x7CFF, 0x9CFF, 0x9CFF, 0x9CFF, 0x9CFF, 0x9CFF, 0x8210, 0x1FF8,
  0x1FF8, 0x1FF8, 0x1FF8, 0x1FF8, 0x1FF8, 0x1FF8, 0x1FF8, 0x1FF8,
  0x1FF8, 0x1FF8, 0x1FF8, 0x1FF8, 0x1FF8, 0x1FF8, 0x1FF8, 0x1FF8,
  0x1FF8, 0x1FF8, 0x1FF8, 0x1FF8, 0x1FF8, 0x1FF8, 0x1FF8, 0x1FF8,
  0x1FF8, 0x1FF8, 0x1FF8, 0x1FF8, 0x1FF8, 0x1FF8, 0x1FF8, 0x0000,
  0x4108, 0x6952, 0x54B5, 0xDDFF, 0xFEFF, 0x7CFF, 0x7CFF, 0x7CFF,
  0x7BFF, 0x5BFF, 0x5BFF, 0x3BFF, 0x3BFF, 0x1AFF, 0xFAFE, 0x1AFF,
  0x1AFF, 0xD9FE, 0x1AFF, 0x5BFF, 0x1BFF, 0xFAFE, 0xD9FE, 0xFAFE,
  0xFAFE, 0x1AFF, 0x3BFF, 0x3BFF, 0x5BFF, 0x5BFF, 0x7BFF, 0x7BFF,
  0x7CFF, 0x7CFF, 0x7CFF, 0x9CFF, 0x9CFF, 0x9CFF, 0x9CFF, 0x9CFF,
  0x9CFF, 0x9CFF, 0x9CFF, 0x9CFF, 0x9CFF, 0x3BF7, 0x52B4, 0x52B4,
  0x52B4, 0x52B4, 0x52B4, 0x52B4, 0x52B4, 0x52B4, 0x52B4, 0x52B4,
  0x52B4, 0x52B4, 0x52B4, 0x52B4, 0x1BF7, 0x9CFF, 0x9CFF, 0x9CFF,
  0x9CFF, 0x9CFF, 0xBDFF, 0x1FF8, 0x1FF8, 0x1FF8, 0x1FF8, 0x1FF8,
  0x1FF8, 0x1FF8, 0x1FF8, 0x1FF8, 0x1FF8, 0x1FF8, 0x1FF8, 0x1FF8,
  0x1FF8, 0x1FF8, 0x1FF8, 0x1FF8, 0x1FF8, 0x1FF8, 0x1FF8, 0x1FF8,
  0x1FF8, 0x1FF8, 0x1FF8, 0x1FF8, 0x1FF8, 0x1FF8, 0x1FF8, 0x1FF8,
  0x1FF8, 0x1FF8, 0x1FF8, 0x1FF8, 0x1FF8, 0x1FF8, 0x1FF8, 0x1FF8,
  0x1FF8, 0x1FF8, 0x0000, 0xC318, 0xCA62, 0x7094, 0x78DE, 0x3BF7,
  0xD9EE, 0xF6D5, 0x0F94, 0x074A, 0x8210, 0x0000, 0x0000, 0x0000,
  0x1FF8, 0x0000, 0x0000, 0x0000, 0x0000, 0x2429, 0x4852, 0xAD83,
  0x74BD, 0x57DE, 0xD9E6, 0xBDFF, 0xFDFF, 0x9CFF, 0x9CFF, 0x9CFF,
  0x7CFF, 0x7CFF, 0x7CFF, 0x7CFF, 0x9CFF, 0x9CFF, 0x9CFF, 0x9CFF,
  0x9CFF, 0x9CFF, 0x93BC, 0x52B4, 0x52B4, 0x52B4, 0x52B4, 0x52B4,
  0x52B4, 0x52B4, 0x52B4, 0x52B4, 0x52B4, 0x52B4, 0x52B4, 0x52B4,
  0xF0AB, 0x9CFF, 0x9CFF, 0x9CFF, 0x9CFF, 0x9CFF, 0x9CFF, 0x95BD,
  0x1FF8, 0x1FF8, 0x1FF8, 0x1FF8, 0x1FF8, 0x1FF8, 0x1FF8, 0x1FF8,
  0x1FF8, 0x1FF8, 0x1FF8, 0x1FF8, 0x1FF8, 0x1FF8, 0x1FF8, 0x1FF8,
  0x1FF8, 0x1FF8, 0x1FF8, 0x1FF8, 0x1FF8, 0x1FF8, 0x1FF8, 0x1FF8,
  0x1FF8, 0x1FF8, 0x1FF8, 0x1FF8, 0x1FF8, 0x1FF8, 0x1FF8, 0x1FF8,
  0x1FF8, 0x1FF8, 0x1FF8, 0x1FF8, 0x1FF8, 0x1FF8, 0x1FF8, 0x1FF8,
  0x1FF8, 0x1FF8, 0x1FF8, 0x1FF8, 0x1FF8, 0x1FF8, 0x1FF8, 0x1FF8,
  0x1FF8, 0x1FF8, 0x1FF8, 0x1FF8, 0x1FF8, 0x1FF8, 0x1FF8, 0x1FF8,
  0x1FF8, 0x1FF8, 0x1FF8, 0x1FF8, 0x1FF8, 0x1FF8, 0x1FF8, 0x1FF8,
  0x1FF8, 0x1FF8, 0x0000, 0x0000, 0xA218, 0xA639, 0xAA5A, 0xB19C,
  0xB5BD, 0xB9E6, 0xDDFF, 0xFEFF, 0x9CFF, 0x9CFF, 0x9CFF, 0xF1AB,
  0x52B4, 0x52B4, 0x52B4, 0x52B4, 0x52B4, 0x52B4, 0x52B4, 0x52B4,
  0x52B4, 0x52B4, 0x52B4, 0x52B4, 0x52B4, 0x75CD, 0x7CFF, 0x9CFF,
  0x9CFF, 0x9CFF, 0x9CFF, 0x9CFF, 0xA318, 0x1FF8, 0x1FF8, 0x1FF8,
  0x1FF8, 0x1FF8, 0x1FF8, 0x1FF8, 0x1FF8, 0x1FF8, 0x1FF8, 0x1FF8,
  0x1FF8, 0x1FF8, 0x1FF8, 0x1FF8, 0x1FF8, 0x1FF8, 0x1FF8, 0x1FF8,
  0x1FF8, 0x1FF8, 0x1FF8, 0x1FF8, 0x1FF8, 0x1FF8, 0x1FF8, 0x1FF8,
  0x1FF8, 0x1FF8, 0x1FF8, 0x1FF8, 0x1FF8, 0x1FF8, 0x1FF8, 0x1FF8,
  0x1FF8, 0x1FF8, 0x1FF8, 0x1FF8, 0x1FF8, 0x1FF8, 0x1FF8, 0x1FF8,
  0x1FF8, 0x1FF8, 0x1FF8, 0x1FF8, 0x1FF8, 0x1FF8, 0x1FF8, 0x1FF8,
  0x1FF8, 0x1FF8, 0x1FF8, 0x1FF8, 0x1FF8, 0x1FF8, 0x1FF8, 0x1FF8,
  0x1FF8, 0x1FF8, 0x1FF8, 0x1FF8, 0x1FF8, 0x1FF8, 0x1FF8, 0x1FF8,
  0x1FF8, 0x1FF8, 0x1FF8, 0x1FF8, 0x1FF8, 0x1FF8, 0x1FF8, 0x1FF8,
  0x1FF8, 0x0000, 0x0000, 0x8210, 0x4531, 0x6A62, 0x4E8B, 0xD09B,
  0x93BC, 0xD4C4, 0x72B4, 0x52B4, 0x52B4, 0x52B4, 0x52B4, 0x52B4,
  0x52B4, 0x52B4, 0xFDFF, 0x9CFF, 0x9CFF, 0x9CFF, 0x9CFF, 0x9CFF,
  0xDDFF, 0x0000, 0x1FF8, 0x1FF8, 0x1FF8, 0x1FF8, 0x1FF8, 0x1FF8,
  0x1FF8, 0x1FF8, 0x1FF8, 0x1FF8, 0x1FF8, 0x1FF8, 0x1FF8, 0x1FF8,
  0x1FF8, 0x1FF8, 0x1FF8, 0x1FF8, 0x1FF8, 0x1FF8, 0x1FF8, 0x1FF8,
  0x1FF8, 0x1FF8, 0x1FF8, 0x1FF8, 0x1FF8, 0x1FF8, 0x1FF8, 0x1FF8,
  0x1FF8, 0x1FF8, 0x1FF8, 0x1FF8, 0x1FF8, 0x1FF8, 0x1FF8, 0x1FF8,
  0x1FF8, 0x1FF8, 0x1FF8, 0x1FF8, 0x1FF8, 0x1FF8, 0x1FF8, 0x1FF8,
  0x1FF8, 0x1FF8, 0x1FF8, 0x1FF8, 0x1FF8, 0x1FF8, 0x1FF8, 0x1FF8,
  0x1FF8, 0x1FF8, 0x1FF8, 0x1FF8, 0x1FF8, 0x1FF8, 0x1FF8, 0x1FF8,
  0x1FF8, 0x1FF8, 0x1FF8, 0x1FF8, 0x1FF8, 0x1FF8, 0x1FF8, 0x1FF8,
  0x1FF8, 0x1FF8, 0x1FF8, 0x1FF8, 0x1FF8, 0x1FF8, 0x1FF8, 0x1FF8,
  0x1FF8, 0x1FF8, 0x1FF8, 0x1FF8, 0x1FF8, 0x1FF8, 0x1FF8, 0x0000,
  0x0000, 0x2108, 0x4539, 0x6A62, 0xAF93, 0xF0A3, 0x92B4, 0xFEFF,
  0xDDFF, 0x9CFF, 0x7CFF, 0x9CFF, 0xBCFF, 0x54B5, 0x1FF8, 0x1FF8,
  0x1FF8, 0x1FF8, 0x1FF8, 0x1FF8, 0x1FF8, 0x1FF8, 0x1FF8, 0x1FF8,
  0x1FF8, 0x1FF8, 0x1FF8, 0x1FF8, 0x1FF8, 0x1FF8, 0x1FF8, 0x1FF8,
  0x1FF8, 0x1FF8, 0x1FF8, 0x1FF8, 0x1FF8, 0x1FF8, 0x1FF8, 0x1FF8,
  0x1FF8, 0x1FF8, 0x1FF8, 0x1FF8, 0x1FF8, 0x1FF8, 0x1FF8, 0x1FF8,
  0x1FF8, 0x1FF8, 0x1FF8, 0x1FF8, 0x1FF8, 0x1FF8, 0x1FF8, 0x1FF8,
  0x1FF8, 0x1FF8, 0x1FF8, 0x1FF8, 0x1FF8, 0x1FF8, 0x1FF8, 0x1FF8,
  0x1FF8, 0x1FF8, 0x1FF8, 0x1FF8, 0x1FF8, 0x1FF8, 0x1FF8, 0x1FF8,
  0x1FF8, 0x1FF8, 0x1FF8, 0x1FF8, 0x1FF8, 0x1FF8, 0x1FF8, 0x1FF8,
  0x1FF8, 0x1FF8, 0x1FF8, 0x1FF8, 0x1FF8, 0x1FF8, 0x1FF8, 0x1FF8,
  0x1FF8, 0x1FF8, 0x1FF8, 0x1FF8, 0x1FF8, 0x1FF8, 0x1FF8, 0x1FF8,
  0x1FF8, 0x1FF8, 0x1FF8, 0x1FF8, 0x1FF8, 0x1FF8, 0x1FF8, 0x1FF8,
  0x1FF8, 0x1FF8, 0x1FF8, 0x1FF8, 0x1FF8, 0x2000, 0x0000, 0x0000,
  0x0000, 0x0000, 0x0000, 0x0000, 0x1FF8, 0x1FF8, 0x1FF8, 0x1FF8,
  0x1FF8, 0x1FF8, 0x1FF8, 0x1FF8, 0x1FF8, 0x1FF8, 0x1FF8, 0x1FF8,
  0x1FF8, 0x1FF8, 0x1FF8, 0x1FF8, 0x1FF8, 0x1FF8, 0x1FF8, 0x1FF8,
  0x1FF8, 0x1FF8, 0x1FF8, 0x1FF8, 0x1FF8, 0x1FF8, 0x1FF8, 0x1FF8,
  0x1FF8, 0x1FF8, 0x1FF8, 0x1FF8, 0x1FF8, 0x1FF8, 0x1FF8, 0x1FF8,
  0x1FF8, 0x1FF8, 0x1FF8, 0x1FF8, 0x1FF8, 0x1FF8, 0x1FF8, 0x1FF8,
  0x1FF8, 0x1FF8, 0x1FF8, 0x1FF8, 0x1FF8, 0x1FF8, 0x1FF8, 0x1FF8,
  0x1FF8, 0x1FF8, 0x1FF8, 0x1FF8, 0x1FF8, 0x1FF8, 0x1FF8, 0x1FF8,
  0x1FF8, 0x1FF8, 0x1FF8, 0x1FF8, 0x1FF8, 0x1FF8, 0x1FF8, 0x1FF8,
  0x1FF8, 0x1FF8, 0x1FF8, 0x1FF8, 0x1FF8, 0x1FF8, 0x1FF8, 0x1FF8,
  0x1FF8, 0x1FF8, 0x1FF8, 0x1FF8, 0x1FF8, 0x1FF8, 0x1FF8, 0x1FF8,
  0x1FF8, 0x1FF8, 0x1FF8, 0x1FF8, 0x1FF8, 0x1FF8, 0x1FF8, 0x1FF8,
  0x1FF8, 0x1FF8, 0x1FF8, 0x1FF8, 0x1FF8, 0x1FF8, 0x1FF8, 0x1FF8,
  0x1FF8, 0x1FF8, 0x1FF8, 0x1FF8, 0x1FF8, 0x1FF8,
};
static const shapoco::gfx2d::Texture tex_r_arm = {
  shapoco::gfx2d::PixelFormat::RGB565_SWAPPED, 101, 22, 202, tex_r_armData,
};

alignas(4) static const uint16_t tex_r_handData[] = {
  0x1FF8, 0x1FF8, 0x1FF8, 0x1FF8, 0x1FF8, 0x1FF8, 0x1FF8, 0x1FF8,
  0x1FF8, 0x1FF8, 0x1FF8, 0x1FF8, 0x1FF8, 0x1FF8, 0x1FF8, 0x1FF8,
  0x1FF8, 0x1FF8, 0x1FF8, 0x1FF8, 0x1FF8, 0x1FF8, 0x1FF8, 0x1FF8,
  0x1FF8, 0x1FF8, 0x1FF8, 0x1FF8, 0x1FF8, 0x1FF8, 0x1FF8, 0x1FF8,
  0x1FF8, 0x1FF8, 0x1FF8, 0x1FF8, 0x1FF8, 0x1FF8, 0x1FF8, 0x1FF8,
  0x1FF8, 0x1FF8, 0x1FF8, 0x1FF8, 0x1FF8, 0x1FF8, 0x1FF8, 0x1FF8,
  0x1FF8, 0x1FF8, 0x1FF8, 0x1FF8, 0x1FF8, 0x1FF8, 0x1FF8, 0x1FF8,
  0x1FF8, 0x1FF8, 0x1FF8, 0x1FF8, 0x1FF8, 0x1FF8, 0x1FF8, 0x1FF8,
  0x0000, 0x074A, 0x0F94, 0x309C, 0xCE8B, 0xC741, 0x0000, 0x1FF8,
  0x1FF8, 0x1FF8, 0x1FF8, 0x1FF8, 0x1FF8, 0x1FF8, 0x1FF8, 0x1FF8,
  0x1FF8, 0x1FF8, 0x1FF8, 0x1FF8, 0x1FF8, 0x1FF8, 0x1FF8, 0x1FF8,
  0x1FF8, 0x1FF8, 0x1FF8, 0x1FF8, 0x1FF8, 0x1FF8, 0x1FF8, 0x1FF8,
  0x1FF8, 0x1FF8, 0x1FF8, 0x1FF8, 0x1FF8, 0x1FF8, 0x1FF8, 0x1FF8,
  0x1FF8, 0x1FF8, 0x1FF8, 0x0000, 0x2429, 0xEE93, 0xF2D4, 0x1FF8,
  0x1FF8, 0x1FF8, 0x1FF8, 0x1FF8, 0x1FF8, 0x1FF8, 0x1FF8, 0x54DD,
  0x9CFF, 0xFAFE, 0xFAFE, 0xFAFE, 0xFAFE, 0x1AFF, 0x1AFF, 0xFDFF,
  0xAA5A, 0x1FF8, 0x1FF8, 0x1FF8, 0x1FF8, 0x1FF8, 0x1FF8, 0x1FF8,
  0x1FF8, 0x1FF8, 0x1FF8, 0x1FF8, 0x1FF8, 0x1FF8, 0x1FF8, 0x1FF8,
  0x1FF8, 0x1FF8, 0x1FF8, 0x1FF8, 0x1FF8, 0x1FF8, 0x1FF8, 0x1FF8,
  0x1FF8, 0x1FF8, 0x1FF8, 0x1FF8, 0x1FF8, 0x1FF8, 0x1FF8, 0x1FF8,
  0x0000, 0x309C, 0x1AFF, 0xFAFE, 0xFAFE, 0xFAFE, 0x71A4, 0x1FF8,
  0x1FF8, 0x1FF8, 0x1FF8, 0x1FF8, 0x1FF8, 0x1FF8, 0x1FF8, 0x8210,
  0xDDFF, 0xFAFE, 0xFAFE, 0xFAFE, 0xFAFE, 0x1AFF, 0x1AFF, 0x1AFF,
  0x3BFF, 0xDDFF, 0x4529, 0x1FF8, 0x1FF8, 0x1FF8, 0x1FF8, 0x1FF8,
  0x1FF8, 0x1FF8, 0x1FF8, 0x1FF8, 0x1FF8, 0x1FF8, 0x1FF8, 0x1FF8,
  0x1FF8, 0x1FF8, 0x1FF8, 0x1FF8, 0x1FF8, 0x1FF8, 0x1FF8, 0x1FF8,
  0x1FF8, 0x1FF8, 0x1FF8, 0x1FF8, 0x1FF8, 0x1FF8, 0x1FF8, 0x895A,
  0x7CFF, 0x1AFF, 0xFAFE, 0xFAFE, 0xFAFE, 0xD6D5, 0x1FF8, 0x1FF8,
  0x1FF8, 0x1FF8, 0x1FF8, 0x1FF8, 0x1FF8, 0x1FF8, 0x1FF8, 0x1FF8,
  0x0000, 0xCE8B, 0xDDFF, 0xFAFE, 0xFAFE, 0x1AFF, 0x1AFF, 0x3BFF,
  0x3BFF, 0x3BFF, 0x5BFF, 0x94BD, 0x0000, 0x1FF8, 0x1FF8, 0x1FF8,
  0x1FF8, 0x1FF8, 0x1FF8, 0x1FF8, 0x1FF8, 0x1FF8, 0x1FF8, 0x1FF8,
  0x1FF8, 0x1FF8, 0x1FF8, 0x1FF8, 0x1FF8, 0x1FF8, 0x1FF8, 0x1FF8,
  0x1FF8, 0x1FF8, 0x1FF8, 0x1FF8, 0x1FF8, 0x1FF8, 0x719C, 0x1AFF,
  0x1AFF, 0x1AFF, 0xFAFE, 0xFAFE, 0xFAFE, 0x0000, 0x1FF8, 0x1FF8,
  0x1FF8, 0x1FF8, 0x1FF8, 0x1FF8, 0x1FF8, 0x1FF8, 0x1FF8, 0x1FF8,
  0x1FF8, 0x1FF8, 0x0000, 0x6531, 0x57E6, 0x1AFF, 0x1AFF, 0x3BFF,
  0x3BFF, 0x3BFF, 0x5BFF, 0x5BFF, 0xFAF6, 0xC318, 0x1FF8, 0x1FF8,
  0x1FF8, 0x1FF8, 0x1FF8, 0x1FF8, 0x1FF8, 0x1FF8, 0x1FF8, 0x1FF8,
  0x1FF8, 0x1FF8, 0x1FF8, 0x1FF8, 0x1FF8, 0x1FF8, 0x1FF8, 0x1FF8,
  0x1FF8, 0x1FF8, 0x1FF8, 0x1FF8, 0x1FF8, 0x919C, 0x1AFF, 0x1AFF,
  0x1AFF, 0x1AFF, 0x1AFF, 0x78EE, 0x0000, 0x1FF8, 0x1FF8, 0x1FF8,
  0x1FF8, 0x1FF8, 0x1FF8, 0x1FF8, 0x1FF8, 0x1FF8, 0x1FF8, 0x1FF8,
  0x1FF8, 0x1FF8, 0x1FF8, 0x1FF8, 0x1FF8, 0x0000, 0xF2B4, 0x7BFF,
  0x3BFF, 0x3BFF, 0x5BFF, 0x5BFF, 0x5BFF, 0xDDFF, 0x919C, 0x1FF8,
  0x1FF8, 0x1FF8, 0x1FF8, 0x1FF8, 0x1FF8, 0x1FF8, 0x1FF8, 0x1FF8,
  0x1FF8, 0x1FF8, 0x1FF8, 0x1FF8, 0x1FF8, 0x1FF8, 0x1FF8, 0x1FF8,
  0x1FF8, 0x1FF8, 0x1FF8, 0x1FF8, 0xAA62, 0x3BFF, 0x3BFF, 0x1AFF,
  0x1AFF, 0x1AFF, 0x57DE, 0x0000, 0x1FF8, 0x1FF8, 0x1FF8, 0x1FF8,
  0x1FF8, 0x1FF8, 0x1FF8, 0x1FF8, 0x1FF8, 0x1FF8, 0x1FF8, 0x1FF8,
  0x1FF8, 0x1FF8, 0x1FF8, 0x1FF8, 0x1FF8, 0x1FF8, 0x1FF8, 0x0000,
  0x8D7B, 0xDDFF, 0x5BFF, 0x5BFF, 0x5BFF, 0x7BFF, 0x7BFF, 0x7BFF,
  0x0000, 0x1FF8, 0x1FF8, 0x1FF8, 0x1FF8, 0x1FF8, 0x1FF8, 0x1FF8,
  0x1FF8, 0x1FF8, 0x1FF8, 0x1FF8, 0x1FF8, 0x1FF8, 0x1FF8, 0x1FF8,
  0x1FF8, 0x1FF8, 0x1FF8, 0x6110, 0x5BFF, 0x3BFF, 0x3BFF, 0x3BFF,
  0x1AFF, 0x3BFF, 0x0000, 0x1FF8, 0x1FF8, 0x1FF8, 0x1FF8, 0x1FF8,
  0x1FF8, 0x1FF8, 0x1FF8, 0x1FF8, 0x1FF8, 0x1FF8, 0x1FF8, 0x1FF8,
  0x1FF8, 0x1FF8, 0x1FF8, 0x1FF8, 0x1FF8, 0x1FF8, 0x1FF8, 0x1FF8,
  0x1FF8, 0x0000, 0x0B6B, 0xFDFF, 0x5BFF, 0x7BFF, 0x7BFF, 0x7BFF,
  0xBCFF, 0xAE7B, 0x1FF8, 0x1FF8, 0x1FF8, 0x1FF8, 0x1FF8, 0x1FF8,
  0x1FF8, 0x1FF8, 0x1FF8, 0x1FF8, 0x1FF8, 0x1FF8, 0x1FF8, 0x1FF8,
  0x1FF8, 0x1FF8, 0x1FF8, 0x95C5, 0x3BFF, 0x3BFF, 0x3BFF, 0x3BFF,
  0x3AFF, 0x0000, 0x1FF8, 0x1FF8, 0x1FF8, 0x1FF8, 0x1FF8, 0x1FF8,
  0x1FF8, 0x1FF8, 0x1FF8, 0x1FF8, 0x1FF8, 0x1FF8, 0x1FF8, 0x1FF8,
  0x1FF8, 0x1FF8, 0x1FF8, 0x1FF8, 0x1FF8, 0x1FF8, 0x1FF8, 0x1FF8,
  0x1FF8, 0x1FF8, 0x1FF8, 0x0000, 0xF2AC, 0x9CFF, 0x7CFF, 0x7BFF,
  0x7CFF, 0x7CFF, 0xFEFF, 0x0842, 0x1FF8, 0x1FF8, 0x1FF8, 0x1FF8,
  0x1FF8, 0x1FF8, 0x1FF8, 0x1FF8, 0x1FF8, 0x1FF8, 0x1FF8, 0x1FF8,
  0x1FF8, 0x1FF8, 0x0000, 0x3BF7, 0x5BFF, 0x5BFF, 0x3BFF, 0xDDFF,
  0x4108, 0x1FF8, 0x1FF8, 0x1FF8, 0x1FF8, 0x1FF8, 0x1FF8, 0x1FF8,
  0x1FF8, 0x1FF8, 0x1FF8, 0x1FF8, 0x2108, 0xD2B4, 0x5BFF, 0xBCFF,
  0x7CFF, 0xDAFE, 0x7CFF, 0x57E6, 0x509C, 0xA218, 0x2000, 0x1FF8,
  0x1FF8, 0x1FF8, 0x1FF8, 0x1FF8, 0x1FF8, 0xA218, 0xDDFF, 0x7CFF,
  0x7CFF, 0x7CFF, 0x7CFF, 0x9CFF, 0xFEFF, 0x0742, 0x2108, 0x0000,
  0x1FF8, 0x1FF8, 0x1FF8, 0x1FF8, 0x1FF8, 0x1FF8, 0x1FF8, 0x1FF8,
  0x1FF8, 0x1FF8, 0x084A, 0x5BFF, 0x5BFF, 0x5BFF, 0x5BFF, 0xAE83,
  0x1FF8, 0x1FF8, 0x1FF8, 0x1FF8, 0x1FF8, 0x1FF8, 0x1FF8, 0x1FF8,
  0x1FF8, 0x1FF8, 0x1FF8, 0x6D7B, 0x1AFF, 0xFAFE, 0xFAFE, 0xFAFE,
  0xFAFE, 0xFAFE, 0xFAFE, 0x1AFF, 0x1AFF, 0x1AFF, 0xBCFF, 0xD9EE,
  0x8D7B, 0x6210, 0x1FF8, 0x1FF8, 0x1FF8, 0x1FF8, 0x4108, 0x37D6,
  0x9CFF, 0x7CFF, 0x7CFF, 0x7CFF, 0x7CFF, 0x7CFF, 0x7CFF, 0xFEFF,
  0xF6CD, 0x6952, 0x8210, 0x1FF8, 0x1FF8, 0x1FF8, 0x1FF8, 0x1FF8,
  0x1FF8, 0xE320, 0x5BFF, 0x5BFF, 0x5BFF, 0x5BFF, 0xFEFF, 0x4108,
  0x1FF8, 0x1FF8, 0x1FF8, 0x1FF8, 0x1FF8, 0x1FF8, 0x1FF8, 0x1FF8,
  0x1FF8, 0x1FF8, 0xA318, 0x3BFF, 0xFAFE, 0xFAFE, 0xDAFE, 0xFAFE,
  0xFAFE, 0xFAFE, 0x1AFF, 0x1AFF, 0x1AFF, 0x3BFF, 0x3BFF, 0x3BFF,
  0x3BFF, 0x5BFF, 0xFEFF, 0xCE83, 0x0000, 0x1FF8, 0x1FF8, 0x1FF8,
  0x084A, 0x7CFF, 0x7CFF, 0x7CFF, 0x7CFF, 0x7CFF, 0x7CFF, 0x7CFF,
  0x7CFF, 0x7CFF, 0xFEFF, 0xB9E6, 0xCA62, 0x2108, 0x1FF8, 0x1FF8,
  0x0000, 0xFEFF, 0x7BFF, 0x7BFF, 0x7BFF, 0x5BFF, 0xCE83, 0x1FF8,
  0x1FF8, 0x1FF8, 0x1FF8, 0x1FF8, 0x1FF8, 0x1FF8, 0x1FF8, 0x1FF8,
  0x1FF8, 0x0000, 0x17FE, 0xFAFE, 0xDAFE, 0xFAFE, 0xDAFE, 0xFAFE,
  0xFAFE, 0xFAFE, 0x1AFF, 0x1AFF, 0x1AFF, 0x3BFF, 0x3BFF, 0x3BFF,
  0x5BFF, 0x5BFF, 0x5BFF, 0x7BFF, 0x9CFF, 0xFAEE, 0xC739, 0x1FF8,
  0x6110, 0x9CFF, 0x7CFF, 0x9CFF, 0x7CFF, 0x7CFF, 0x7CFF, 0x7CFF,
  0x7CFF, 0x7CFF, 0x7CFF, 0x7CFF, 0x7CFF, 0x9CFF, 0xDDFF, 0x53B5,
  0x5BFF, 0x7BFF, 0x7BFF, 0x7BFF, 0x7BFF, 0xFEFF, 0x4108, 0x1FF8,
  0x1FF8, 0x1FF8, 0x1FF8, 0x1FF8, 0x1FF8, 0x1FF8, 0x1FF8, 0x1FF8,
  0x1FF8, 0x1FF8, 0x0000, 0x2429, 0xC641, 0x8D83, 0xD2AC, 0xFAFE,
  0xB9F6, 0x9CFF, 0x1AFF, 0x1AFF, 0x1AFF, 0x3BFF, 0x3BFF, 0x3BFF,
  0x5BFF, 0x5BFF, 0x5BFF, 0x7BFF, 0x7BFF, 0x7BFF, 0x7CFF, 0x9CFF,
  0x4C6B, 0x9CFF, 0x9CFF, 0x9CFF, 0x9CFF, 0x7CFF, 0x7CFF, 0x7CFF,
  0x7CFF, 0x7CFF, 0x7CFF, 0x7CFF, 0x7CFF, 0x7CFF, 0x7CFF, 0x7CFF,
  0x7CFF, 0x7BFF, 0x7BFF, 0x7BFF, 0x7BFF, 0x919C, 0x1FF8, 0x1FF8,
  0x1FF8, 0x1FF8, 0x1FF8, 0x1FF8, 0x1FF8, 0x1FF8, 0x1FF8, 0x1FF8,
  0x1FF8, 0x1FF8, 0x1FF8, 0x1FF8, 0x1FF8, 0x1FF8, 0x1FF8, 0x1FF8,
  0x1FF8, 0x4108, 0x0000, 0xEB6A, 0x54BD, 0x1AF7, 0x9CFF, 0x9CFF,
  0x5BFF, 0x5BFF, 0x7BFF, 0x7BFF, 0x7CFF, 0x7CFF, 0x7CFF, 0x7CFF,
  0x9CFF, 0x7CFF, 0x9CFF, 0x9CFF, 0x9CFF, 0x9CFF, 0x9CFF, 0x7CFF,
  0x7CFF, 0x7CFF, 0x7CFF, 0x7CFF, 0x7CFF, 0x7CFF, 0x7CFF, 0x7CFF,
  0x7CFF, 0x7CFF, 0x7CFF, 0x7CFF, 0x7BFF, 0x4529, 0x1FF8, 0x1FF8,
  0x1FF8, 0x1FF8, 0x1FF8, 0x1FF8, 0x1FF8, 0x1FF8, 0x1FF8, 0x1FF8,
  0x1FF8, 0x1FF8, 0x1FF8, 0x1FF8, 0x1FF8, 0x1FF8, 0x1FF8, 0x1FF8,
  0x1FF8, 0x1FF8, 0x1FF8, 0x1FF8, 0x1FF8, 0x1FF8, 0x0000, 0x4108,
  0xAA5A, 0x53B5, 0xFDFF, 0x7CFF, 0x7BFF, 0x7CFF, 0x7CFF, 0x7CFF,
  0x9CFF, 0x9CFF, 0x9CFF, 0x9CFF, 0x9CFF, 0x9CFF, 0x9CFF, 0x9CFF,
  0x9CFF, 0x7CFF, 0x7CFF, 0x7CFF, 0x7CFF, 0x7CFF, 0x7CFF, 0x7CFF,
  0x7CFF, 0x7CFF, 0x7CFF, 0x7CFF, 0x9CFF, 0x084A, 0x1FF8, 0x1FF8,
  0x1FF8, 0x1FF8, 0x1FF8, 0x1FF8, 0x1FF8, 0x1FF8, 0x1FF8, 0x1FF8,
  0x1FF8, 0x1FF8, 0x1FF8, 0x1FF8, 0x1FF8, 0x1FF8, 0x1FF8, 0x1FF8,
  0x1FF8, 0x1FF8, 0x1FF8, 0x1FF8, 0x1FF8, 0x1FF8, 0x1FF8, 0x1FF8,
  0x1FF8, 0x1FF8, 0x0000, 0x2429, 0xB19C, 0x3AF7, 0xFDFF, 0x9CFF,
  0x9CFF, 0x9CFF, 0x9CFF, 0x9CFF, 0x9CFF, 0x9CFF, 0x9CFF, 0x9CFF,
  0x9CFF, 0x9CFF, 0x9CFF, 0x9CFF, 0x9CFF, 0x7CFF, 0x7CFF, 0x7CFF,
  0x7CFF, 0x7CFF, 0x7CFF, 0x7CFF, 0x7CFF, 0xE320, 0x1FF8, 0x1FF8,
  0x1FF8, 0x1FF8, 0x1FF8, 0x1FF8, 0x1FF8, 0x1FF8, 0x1FF8, 0x1FF8,
  0x1FF8, 0x1FF8, 0x1FF8, 0x1FF8, 0x1FF8, 0x1FF8, 0x1FF8, 0x1FF8,
  0x1FF8, 0x1FF8, 0x1FF8, 0x1FF8, 0x1FF8, 0x1FF8, 0x1FF8, 0x1FF8,
  0x1FF8, 0x1FF8, 0x1FF8, 0x1FF8, 0x1FF8, 0x1FF8, 0x0000, 0x6110,
  0x9CFF, 0x9CFF, 0x9CFF, 0x9CFF, 0x9CFF, 0x9CFF, 0x9CFF, 0x9CFF,
  0x9CFF, 0x9CFF, 0x9CFF, 0x9CFF, 0x9CFF, 0x9CFF, 0x9CFF, 0x9CFF,
  0x9CFF, 0x9CFF, 0x9CFF, 0x7CFF, 0x9CFF, 0x4108, 0x1FF8, 0x1FF8,
  0x1FF8, 0x1FF8, 0x1FF8, 0x1FF8, 0x1FF8, 0x1FF8, 0x1FF8, 0x1FF8,
  0x1FF8, 0x1FF8, 0x1FF8, 0x1FF8, 0x1FF8, 0x1FF8, 0x1FF8, 0x1FF8,
  0x1FF8, 0x1FF8, 0x1FF8, 0x1FF8, 0x1FF8, 0x1FF8, 0x1FF8, 0x1FF8,
  0x1FF8, 0x1FF8, 0x1FF8, 0x1FF8, 0x1FF8, 0x1FF8, 0x1FF8, 0x1FF8,
  0x78D6, 0x9CFF, 0x9CFF, 0x9CFF, 0x9CFF, 0x9CFF, 0x9CFF, 0x9CFF,
  0x9CFF, 0x9CFF, 0x9CFF, 0x9CFF, 0x9CFF, 0x9CFF, 0x9CFF, 0x9CFF,
  0x9CFF, 0x9CFF, 0x9CFF, 0x9CFF, 0xBCFF, 0xE320, 0x1FF8, 0x1FF8,
  0x1FF8, 0x1FF8, 0x1FF8, 0x1FF8, 0x1FF8, 0x1FF8, 0x1FF8, 0x1FF8,
  0x1FF8, 0x1FF8, 0x1FF8, 0x1FF8, 0x1FF8, 0x1FF8, 0x1FF8, 0x1FF8,
  0x1FF8, 0x0000, 0xE320, 0xA639, 0xE741, 0x2C6B, 0xCE83, 0x719C,
  0x33B5, 0x33B5, 0x54B5, 0x74BD, 0x13AD, 0x0F8C, 0x0B63, 0xC318,
  0x6110, 0x5BF7, 0x9CFF, 0x9CFF, 0x9CFF, 0x9CFF, 0x9CFF, 0x9CFF,
  0x9CFF, 0x9CFF, 0x9CFF, 0x9CFF, 0x9CFF, 0x9CFF, 0x9CFF, 0x9CFF,
  0x9CFF, 0x9CFF, 0x9CFF, 0x9CFF, 0x9CFF, 0x2108, 0x1FF8, 0x1FF8,
  0x1FF8, 0x1FF8, 0x1FF8, 0x1FF8, 0x1FF8, 0x1FF8, 0x1FF8, 0x1FF8,
  0x1FF8, 0x1FF8, 0x1FF8, 0x1FF8, 0x1FF8, 0x0000, 0x284A, 0x95CD,
  0x5BFF, 0x7BFF, 0x3BFF, 0x1AFF, 0x3BFF, 0x3BFF, 0x3BFF, 0x5BFF,
  0x5BFF, 0x7BFF, 0x7BFF, 0x7CFF, 0x7CFF, 0x7CFF, 0x7CFF, 0x7CFF,
  0xBCFF, 0x7CFF, 0x9CFF, 0x9CFF, 0x9CFF, 0x9CFF, 0x9CFF, 0x9CFF,
  0x9CFF, 0x9CFF, 0x9CFF, 0x9CFF, 0x9CFF, 0x9CFF, 0x9CFF, 0x9CFF,
  0x9CFF, 0x9CFF, 0x9CFF, 0x9CFF, 0x9CFF, 0x0000, 0x1FF8, 0x1FF8,
  0x1FF8, 0x1FF8, 0x1FF8, 0x1FF8, 0x1FF8, 0x1FF8, 0x1FF8, 0x1FF8,
  0x1FF8, 0x1FF8, 0x1FF8, 0x1FF8, 0x8D83, 0x3BFF, 0xFAFE, 0xFAFE,
  0xFAFE, 0x1AFF, 0x1AFF, 0x1AFF, 0x3BFF, 0x3BFF, 0x5BFF, 0x5BFF,
  0x5BFF, 0x7BFF, 0x7BFF, 0x7CFF, 0x7CFF, 0x7CFF, 0x9CFF, 0x9CFF,
  0x9CFF, 0x9CFF, 0x9CFF, 0x9CFF, 0x9CFF, 0x9CFF, 0x9CFF, 0x9CFF,
  0x9CFF, 0x9CFF, 0x9CFF, 0x9CFF, 0x9CFF, 0x9CFF, 0x9CFF, 0x9CFF,
  0x9CFF, 0x9CFF, 0x9CFF, 0x9CFF, 0xBCFF, 0x4108, 0x1FF8, 0x1FF8,
  0x1FF8, 0x1FF8, 0x1FF8, 0x1FF8, 0x1FF8, 0x1FF8, 0x1FF8, 0x1FF8,
  0x1FF8, 0x1FF8, 0x1FF8, 0xB2AC, 0xFAFE, 0xDAFE, 0xFAFE, 0xFAFE,
  0xFAFE, 0x1AFF, 0x1AFF, 0x1AFF, 0x3BFF, 0x3BFF, 0x3BFF, 0x5BFF,
  0x5BFF, 0x5BFF, 0x7BFF, 0x7CFF, 0x7CFF, 0x7CFF, 0x7CFF, 0x7CFF,
  0x9CFF, 0x9CFF, 0x9CFF, 0x9CFF, 0x9CFF, 0x9CFF, 0x9CFF, 0x9CFF,
  0x9CFF, 0x9CFF, 0x9CFF, 0x9CFF, 0x9CFF, 0x9CFF, 0x9CFF, 0x9CFF,
  0x9CFF, 0x9CFF, 0x9CFF, 0x9CFF, 0xBCFF, 0xA218, 0x1FF8, 0x1FF8,
  0x1FF8, 0x1FF8, 0x1FF8, 0x1FF8, 0x1FF8, 0x1FF8, 0x1FF8, 0x1FF8,
  0x1FF8, 0x1FF8, 0x0000, 0xFAFE, 0xD9FE, 0xFAFE, 0xFAFE, 0xFAFE,
  0xFAFE, 0x1AFF, 0x1AFF, 0x3BFF, 0x3BFF, 0x3BFF, 0x3BFF, 0x5BFF,
  0x5BFF, 0x5BFF, 0x7CFF, 0xFDFF, 0xFFFF, 0x9CFF, 0x78D6, 0x54B5,
  0xFEFF, 0x7CFF, 0x9CFF, 0x9CFF, 0x9CFF, 0x9CFF, 0x9CFF, 0x9CFF,
  0x9CFF, 0x9CFF, 0x9CFF, 0x9CFF, 0x9CFF, 0x9CFF, 0x9CFF, 0x9CFF,
  0x9CFF, 0x9CFF, 0x9CFF, 0x9CFF, 0x7CFF, 0x0000, 0x1FF8, 0x1FF8,
  0x1FF8, 0x1FF8, 0x1FF8, 0x1FF8, 0x1FF8, 0x1FF8, 0x1FF8, 0x1FF8,
  0x1FF8, 0x1FF8, 0x2C73, 0xDAFE, 0xD9FE, 0xFAFE, 0xFAFE, 0xFAFE,
  0xFAFE, 0x1AFF, 0x3BFF, 0x9CFF, 0xBCFF, 0xD9EE, 0x95C5, 0x0F8C,
  0xC639, 0x0000, 0x0000, 0x0000, 0x1FF8, 0x1FF8, 0x1FF8, 0x1FF8,
  0xC318, 0x7CFF, 0x9CFF, 0x9CFF, 0x9CFF, 0x9CFF, 0x9CFF, 0x9CFF,
  0x9CFF, 0x9CFF, 0x9CFF, 0x9CFF, 0x9CFF, 0x9CFF, 0x9CFF, 0x9CFF,
  0x9CFF, 0x9CFF, 0x9CFF, 0x9CFF, 0x7CFF, 0x2108, 0x1FF8, 0x1FF8,
  0x1FF8, 0x1FF8, 0x1FF8, 0x1FF8, 0x1FF8, 0x1FF8, 0x1FF8, 0x1FF8,
  0x1FF8, 0x0000, 0xFAFE, 0xD9FE, 0xDAFE, 0x3BFF, 0x9CFF, 0xD6D5,
  0x2C73, 0x8539, 0x6110, 0x0000, 0x1FF8, 0x1FF8, 0x1FF8, 0x1FF8,
  0x1FF8, 0x1FF8, 0x1FF8, 0x1FF8, 0x1FF8, 0x1FF8, 0x1FF8, 0x1FF8,
  0x1FF8, 0x78DE, 0x9CFF, 0x9CFF, 0x9CFF, 0x9CFF, 0x9CFF, 0x9CFF,
  0x9CFF, 0x9CFF, 0x9CFF, 0x9CFF, 0x9CFF, 0x9CFF, 0x9CFF, 0x9CFF,
  0x9CFF, 0x9CFF, 0x9CFF, 0x9CFF, 0x7CFF, 0xDDFF, 0x1FF8, 0x1FF8,
  0x1FF8, 0x1FF8, 0x1FF8, 0x1FF8, 0x1FF8, 0x1FF8, 0x1FF8, 0x1FF8,
  0x1FF8, 0x1FF8, 0xA218, 0xAA62, 0x4531, 0x0000, 0x1FF8, 0x1FF8,
  0x1FF8, 0x1FF8, 0x1FF8, 0x1FF8, 0x1FF8, 0x1FF8, 0x1FF8, 0x1FF8,
  0x1FF8, 0x1FF8, 0x1FF8, 0x1FF8, 0x1FF8, 0x1FF8, 0x1FF8, 0x0000,
  0xCE83, 0xFDFF, 0x9CFF, 0x9CFF, 0x9CFF, 0x9CFF, 0x9CFF, 0x9CFF,
  0x9CFF, 0x9CFF, 0x9CFF, 0x9CFF, 0x9CFF, 0x9CFF, 0x9CFF, 0x9CFF,
  0x9CFF, 0x9CFF, 0x9CFF, 0x9CFF, 0x9CFF, 0x9CFF, 0x1FF8, 0x1FF8,
  0x1FF8, 0x1FF8, 0x1FF8, 0x1FF8, 0x1FF8, 0x1FF8, 0x1FF8, 0x1FF8,
  0x1FF8, 0x1FF8, 0x1FF8, 0x1FF8, 0x1FF8, 0x1FF8, 0x1FF8, 0x1FF8,
  0x1FF8, 0x1FF8, 0x1FF8, 0x1FF8, 0x1FF8, 0x1FF8, 0x1FF8, 0x1FF8,
  0x1FF8, 0x1FF8, 0x1FF8, 0x1FF8, 0x1FF8, 0xA218, 0x1AEF, 0xBCFF,
  0x7CFF, 0x9CFF, 0x9CFF, 0x9CFF, 0x9CFF, 0x9CFF, 0x9CFF, 0x9CFF,
  0x9CFF, 0x9CFF, 0x9CFF, 0x9CFF, 0x9CFF, 0x9CFF, 0x9CFF, 0x9CFF,
  0x9CFF, 0x9CFF, 0x9CFF, 0x9CFF, 0x9CFF, 0x1FF8, 0x1FF8, 0x1FF8,
  0x1FF8, 0x1FF8, 0x1FF8, 0x1FF8, 0x1FF8, 0x1FF8, 0x1FF8, 0x1FF8,
  0x1FF8, 0x1FF8, 0x1FF8, 0x1FF8, 0x1FF8, 0x1FF8, 0x1FF8, 0x1FF8,
  0x1FF8, 0x1FF8, 0x1FF8, 0x1FF8, 0x1FF8, 0x1FF8, 0x1FF8, 0x1FF8,
  0x1FF8, 0x1FF8, 0x1FF8, 0x4529, 0x7CFF, 0x7CFF, 0x7CFF, 0x9CFF,
  0x9CFF, 0x9CFF, 0x9CFF, 0x7CFF, 0x9CFF, 0xBDFF, 0xDDFF, 0x9CFF,
  0x9CFF, 0x9CFF, 0x9CFF, 0x9CFF, 0x9CFF, 0x9CFF, 0x9CFF, 0x9CFF,
  0x9CFF, 0x9CFF, 0x9CFF, 0x9CFF, 0xFEFF, 0x1FF8, 0x1FF8, 0x1FF8,
  0x1FF8, 0x1FF8, 0x1FF8, 0x1FF8, 0x1FF8, 0x1FF8, 0x1FF8, 0x1FF8,
  0x1FF8, 0x1FF8, 0x1FF8, 0x1FF8, 0x1FF8, 0x1FF8, 0x1FF8, 0x1FF8,
  0x1FF8, 0x1FF8, 0x1FF8, 0x1FF8, 0x1FF8, 0x1FF8, 0x1FF8, 0x1FF8,
  0x1FF8, 0x0421, 0x9CFF, 0x7CFF, 0x7CFF, 0x7CFF, 0x7CFF, 0x7CFF,
  0x9CFF, 0x7CFF, 0xFDFF, 0x94BD, 0x0000, 0x0000, 0x6110, 0x8210,
  0x0F8C, 0xD9E6, 0x7BFF, 0xDDFF, 0x7CFF, 0x9CFF, 0x9CFF, 0x9CFF,
  0x9CFF, 0x9CFF, 0x9CFF, 0x7CFF, 0x7BFF, 0x1FF8, 0x1FF8, 0x1FF8,
  0x1FF8, 0x1FF8, 0x1FF8, 0x1FF8, 0x1FF8, 0x1FF8, 0x1FF8, 0x1FF8,
  0x1FF8, 0x1FF8, 0x1FF8, 0x1FF8, 0x1FF8, 0x1FF8, 0x1FF8, 0x1FF8,
  0x1FF8, 0x1FF8, 0x1FF8, 0x1FF8, 0x1FF8, 0x1FF8, 0x1FF8, 0x0000,
  0xD9EE, 0x7CFF, 0x5BFF, 0x7BFF, 0x7CFF, 0x7CFF, 0x7CFF, 0x7CFF,
  0xFDFF, 0xEE83, 0x0000, 0x1FF8, 0x1FF8, 0x1FF8, 0x1FF8, 0x1FF8,
  0x1FF8, 0x1FF8, 0x1FF8, 0xA318, 0x2429, 0x2F8C, 0x78D6, 0xFEFF,
  0x9CFF, 0x7CFF, 0xDDFF, 0x1FF8, 0x1FF8, 0x1FF8, 0x1FF8, 0x1FF8,
  0x1FF8, 0x1FF8, 0x1FF8, 0x1FF8, 0x1FF8, 0x1FF8, 0x1FF8, 0x1FF8,
  0x1FF8, 0x1FF8, 0x1FF8, 0x1FF8, 0x1FF8, 0x1FF8, 0x1FF8, 0x1FF8,
  0x1FF8, 0x1FF8, 0x1FF8, 0x1FF8, 0x1FF8, 0x1FF8, 0xC318, 0xBDFF,
  0x5BFF, 0x5BFF, 0x5BFF, 0x7BFF, 0x7BFF, 0x7BFF, 0xDDFF, 0x33B5,
  0x0000, 0x1FF8, 0x1FF8, 0x1FF8, 0x1FF8, 0x1FF8, 0x1FF8, 0x1FF8,
  0x1FF8, 0x1FF8, 0x1FF8, 0x1FF8, 0x1FF8, 0x1FF8, 0x1FF8, 0x0000,
  0x4C73, 0x1FF8, 0x1FF8, 0x1FF8, 0x1FF8, 0x1FF8, 0x1FF8, 0x1FF8,
  0x1FF8, 0x1FF8, 0x1FF8, 0x1FF8, 0x1FF8, 0x1FF8, 0x1FF8, 0x1FF8,
  0x1FF8, 0x1FF8, 0x1FF8, 0x1FF8, 0x1FF8, 0x1FF8, 0x1FF8, 0x1FF8,
  0x1FF8, 0x1FF8, 0x1FF8, 0x1FF8, 0x1FF8, 0x6210, 0x3BFF, 0x3BFF,
  0x3BFF, 0x5BFF, 0x5BFF, 0x5BFF, 0x9CFF, 0xB9E6, 0x4108, 0x1FF8,
  0x1FF8, 0x1FF8, 0x1FF8, 0x1FF8, 0x1FF8, 0x1FF8, 0x1FF8, 0x1FF8,
  0x1FF8, 0x1FF8, 0x1FF8, 0x1FF8, 0x1FF8, 0x1FF8, 0x1FF8, 0x1FF8,
  0x1FF8, 0x1FF8, 0x1FF8, 0x1FF8, 0x1FF8, 0x1FF8, 0x1FF8, 0x1FF8,
  0x1FF8, 0x1FF8, 0x1FF8, 0x1FF8, 0x1FF8, 0x1FF8, 0x1FF8, 0x1FF8,
  0x1FF8, 0x1FF8, 0x1FF8, 0x1FF8, 0x1FF8, 0x1FF8, 0x1FF8, 0x1FF8,
  0x1FF8, 0x1FF8, 0x1FF8, 0x1FF8, 0x0000, 0xDDFF, 0x3BFF, 0x3BFF,
  0x3BFF, 0x5BFF, 0x5BFF, 0xFEFF, 0xC639, 0x1FF8, 0x1FF8, 0x1FF8,
  0x1FF8, 0x1FF8, 0x1FF8, 0x1FF8, 0x1FF8, 0x1FF8, 0x1FF8, 0x1FF8,
  0x1FF8, 0x1FF8, 0x1FF8, 0x1FF8, 0x1FF8, 0x1FF8, 0x1FF8, 0x1FF8,
  0x1FF8, 0x1FF8, 0x1FF8, 0x1FF8, 0x1FF8, 0x1FF8, 0x1FF8, 0x1FF8,
  0x1FF8, 0x1FF8, 0x1FF8, 0x1FF8, 0x1FF8, 0x1FF8, 0x1FF8, 0x1FF8,
  0x1FF8, 0x1FF8, 0x1FF8, 0x1FF8, 0x1FF8, 0x1FF8, 0x1FF8, 0x1FF8,
  0x1FF8, 0x1FF8, 0x1FF8, 0x1FF8, 0x2429, 0x1AFF, 0x3BFF, 0x3BFF,
  0x3BFF, 0x5BFF, 0xD9EE, 0x0000, 0x1FF8, 0x1FF8, 0x1FF8, 0x1FF8,
  0x1FF8, 0x1FF8, 0x1FF8, 0x1FF8, 0x1FF8, 0x1FF8, 0x1FF8, 0x1FF8,
  0x1FF8, 0x1FF8, 0x1FF8, 0x1FF8, 0x1FF8, 0x1FF8, 0x1FF8, 0x1FF8,
  0x1FF8, 0x1FF8, 0x1FF8, 0x1FF8, 0x1FF8, 0x1FF8, 0x1FF8, 0x1FF8,
  0x1FF8, 0x1FF8, 0x1FF8, 0x1FF8, 0x1FF8, 0x1FF8, 0x1FF8, 0x1FF8,
  0x1FF8, 0x1FF8, 0x1FF8, 0x1FF8, 0x1FF8, 0x1FF8, 0x1FF8, 0x1FF8,
  0x1FF8, 0x1FF8, 0x1FF8, 0x1FF8, 0x4852, 0x1AFF, 0x3BFF, 0x3BFF,
  0x7CFF, 0xCA62, 0x1FF8, 0x1FF8, 0x1FF8, 0x1FF8, 0x1FF8, 0x1FF8,
  0x1FF8, 0x1FF8, 0x1FF8, 0x1FF8, 0x1FF8, 0x1FF8, 0x1FF8, 0x1FF8,
  0x1FF8, 0x1FF8, 0x1FF8, 0x1FF8, 0x1FF8, 0x1FF8, 0x1FF8, 0x1FF8,
  0x1FF8, 0x1FF8, 0x1FF8, 0x1FF8, 0x1FF8, 0x1FF8, 0x1FF8, 0x1FF8,
  0x1FF8, 0x1FF8, 0x1FF8, 0x1FF8, 0x1FF8, 0x1FF8, 0x1FF8, 0x1FF8,
  0x1FF8, 0x1FF8, 0x1FF8, 0x1FF8, 0x1FF8, 0x1FF8, 0x1FF8, 0x1FF8,
  0x1FF8, 0x1FF8, 0x1FF8, 0x1FF8, 0x4429, 0x1AFF, 0x1AFF, 0x3AFF,
  0xA218, 0x1FF8, 0x1FF8, 0x1FF8, 0x1FF8, 0x1FF8, 0x1FF8, 0x1FF8,
  0x1FF8, 0x1FF8, 0x1FF8, 0x1FF8, 0x1FF8, 0x1FF8, 0x1FF8, 0x1FF8,
  0x1FF8, 0x1FF8, 0x1FF8, 0x1FF8, 0x1FF8, 0x1FF8, 0x1FF8, 0x1FF8,
  0x1FF8, 0x1FF8, 0x1FF8, 0x1FF8, 0x1FF8, 0x1FF8, 0x1FF8, 0x1FF8,
  0x1FF8, 0x1FF8, 0x1FF8, 0x1FF8, 0x1FF8, 0x1FF8, 0x1FF8, 0x1FF8,
  0x1FF8, 0x1FF8, 0x1FF8, 0x1FF8, 0x1FF8, 0x1FF8, 0x1FF8, 0x1FF8,
  0x1FF8, 0x1FF8, 0x1FF8, 0x1FF8, 0xEFA3, 0x1AFF, 0x7CFF, 0x6110,
  0x1FF8, 0x1FF8, 0x1FF8, 0x1FF8, 0x1FF8, 0x1FF8, 0x1FF8, 0x1FF8,
  0x1FF8, 0x1FF8, 0x1FF8, 0x1FF8, 0x1FF8, 0x1FF8, 0x1FF8, 0x1FF8,
  0x1FF8, 0x1FF8, 0x1FF8, 0x1FF8, 0x1FF8, 0x1FF8, 0x1FF8, 0x1FF8,
  0x1FF8, 0x1FF8, 0x1FF8, 0x1FF8, 0x1FF8, 0x1FF8, 0x1FF8, 0x1FF8,
  0x1FF8, 0x1FF8, 0x1FF8, 0x1FF8, 0x1FF8, 0x1FF8, 0x1FF8, 0x1FF8,
  0x1FF8, 0x1FF8, 0x1FF8, 0x1FF8, 0x1FF8, 0x1FF8, 0x1FF8, 0x1FF8,
  0x1FF8, 0x1FF8, 0x1FF8, 0x1FF8, 0x696A, 0x0FAC, 0x0000, 0x1FF8,
  0x1FF8, 0x1FF8, 0x1FF8, 0x1FF8, 0x1FF8, 0x1FF8, 0x1FF8, 0x1FF8,
  0x1FF8, 0x1FF8, 0x1FF8, 0x1FF8, 0x1FF8, 0x1FF8, 0x1FF8, 0x1FF8,
  0x1FF8, 0x1FF8, 0x1FF8, 0x1FF8, 0x1FF8, 0x1FF8, 0x1FF8, 0x1FF8,
  0x1FF8, 0x1FF8, 0x1FF8, 0x1FF8, 0x1FF8, 0x1FF8, 0x1FF8, 0x1FF8,
  0x1FF8, 0x1FF8, 0x1FF8, 0x1FF8, 0x1FF8, 0x1FF8, 0x1FF8, 0x1FF8,
  0x1FF8, 0x1FF8, 0x1FF8, 0x1FF8, 0x1FF8, 0x1FF8, 0x1FF8, 0x1FF8,
  0x1FF8, 0x1FF8, 0x1FF8, 0x1FF8, 0x1FF8, 0x1FF8, 0x1FF8, 0x1FF8,
  0x1FF8, 0x1FF8, 0x1FF8, 0x1FF8, 0x1FF8, 0x1FF8, 0x1FF8, 0x1FF8,
  0x1FF8, 0x1FF8, 0x1FF8, 0x1FF8, 0x1FF8, 0x1FF8, 0x1FF8, 0x1FF8,
  0x1FF8, 0x1FF8, 0x1FF8, 0x1FF8, 0x1FF8, 0x1FF8, 0x1FF8, 0x1FF8,
  0x1FF8, 0x1FF8, 0x1FF8, 0x1FF8, 0x1FF8, 0x1FF8, 0x1FF8, 0x1FF8,
  0x1FF8, 0x1FF8, 0x1FF8, 0x1FF8, 0x1FF8, 0x1FF8, 0x1FF8, 0x1FF8,
};
static const shapoco::gfx2d::Texture tex_r_hand = {
  shapoco::gfx2d::PixelFormat::RGB565_SWAPPED, 56, 41, 112, tex_r_handData,
};

alignas(4) static const uint16_t tex_bracelet_red_fData[] = {
  0x0000, 0x0000, 0x0000, 0x0000, 0x0000, 0x2000, 0x7121, 0xB444,
  0x8101, 0x1000, 0x0000, 0x0000, 0x0000, 0x2000, 0xA455, 0xE888,
  0xEBAB, 0xCD8A, 0x3612, 0x0020, 0x0000, 0x0FFF, 0x2000, 0xE666,
  0xDEBC, 0x9F7A, 0x7F28, 0x9702, 0x3000, 0x0000, 0x0FFF, 0x0000,
  0xA444, 0xDEBC, 0x7F05, 0x7E04, 0x8F06, 0xA402, 0x1000, 0x0000,
  0x0000, 0x1000, 0xF888, 0x9F7B, 0x7E04, 0x7F17, 0x9C05, 0x8201,
  0x0000, 0x0700, 0x0000, 0x5111, 0xEBAA, 0x7F27, 0x8E05, 0x7F06,
  0xA904, 0x5000, 0x0000, 0x0000, 0x0000, 0x9344, 0xDD9B, 0x7F05,
  0x8E06, 0x7F07, 0xA703, 0x3000, 0x0000, 0x0000, 0x0000, 0xC566,
  0xAF7A, 0x7F05, 0x8F06, 0x7F06, 0xA502, 0x1000, 0x0000, 0x0000,
  0x1000, 0xD767, 0x9F59, 0x7F05, 0x7F06, 0x8F06, 0x9301, 0x0000,
  0x0000, 0x0000, 0x3000, 0xD878, 0x8F28, 0x7E05, 0x7F06, 0x8E05,
  0x8201, 0x0000, 0x0F00, 0x0000, 0x5010, 0xD978, 0x7F17, 0x8E05,
  0x7F06, 0x9C05, 0x7101, 0x0000, 0x0500, 0x0000, 0x7122, 0xDB89,
  0x7F06, 0x8F06, 0x7F06, 0x9B04, 0x7100, 0x0000, 0x0500, 0x0000,
  0x9233, 0xCC89, 0x7F05, 0x8E06, 0x7F06, 0x9A04, 0x6000, 0x0000,
  0x0000, 0x0000, 0xB454, 0xCD9A, 0x7F05, 0x8F06, 0x7F06, 0xA904,
  0x5000, 0x0000, 0x0000, 0x0000, 0xC566, 0xCEAC, 0x7F04, 0x8F06,
  0x7F06, 0xA904, 0x5000, 0x0000, 0x0000, 0x0000, 0xD566, 0xCFAC,
  0x7F04, 0x8F06, 0x7F06, 0xA904, 0x5000, 0x0000, 0x0000, 0x0000,
  0xE555, 0xCFBC, 0x7F04, 0x8F06, 0x7F06, 0x9A04, 0x5000, 0x0000,
  0x0000, 0x0000, 0xD555, 0xCFBD, 0x7F05, 0x8F06, 0x7F06, 0x9A04,
  0x6000, 0x0000, 0x0000, 0x0000, 0xC454, 0xDEBC, 0x7F05, 0x8F06,
  0x7F06, 0x9A04, 0x6100, 0x0000, 0x0000, 0x0000, 0x9444, 0xEDBC,
  0x7F06, 0x8F06, 0x7F06, 0x9B04, 0x7100, 0x0000, 0x0500, 0x0000,
  0x7122, 0xECBC, 0x8F27, 0x7F05, 0x7F06, 0x8D05, 0x8201, 0x0000,
  0x0F00, 0x0000, 0x5000, 0xFBAA, 0x8F59, 0x7F05, 0x7F06, 0x8F06,
  0xA402, 0x0000, 0x0000, 0x0000, 0x2000, 0xE999, 0xAF8B, 0x7E04,
  0x8F06, 0x7F06, 0xA602, 0x2000, 0x0000, 0x0000, 0x0000, 0xC666,
  0xDFBD, 0x7F04, 0x8F06, 0x7F06, 0xA903, 0x5000, 0x0000, 0x0000,
  0x0000, 0x7222, 0xFCBC, 0x8F28, 0x7E05, 0x7F06, 0x9C05, 0x8201,
  0x0000, 0x0700, 0x0000, 0x2000, 0xF999, 0xAF9C, 0x7E04, 0x8F06,
  0x7F06, 0xA402, 0x1000, 0x0000, 0x0FFF, 0x0000, 0xA444, 0xEECD,
  0x7F06, 0x8F06, 0x7F07, 0xA803, 0x5000, 0x0000, 0x0000, 0x0000,
  0x3000, 0xF9A9, 0xAF9C, 0x7E04, 0x7F06, 0x8E05, 0x9301, 0x0000,
  0x0000, 0x0777, 0x0000, 0x9333, 0xFDBC, 0x8F38, 0x7F06, 0x7F06,
  0x8C05, 0x2904, 0x0000, 0x0000, 0x0FFF, 0x1000, 0xC555, 0xB634,
  0xA401, 0xA301, 0x9301, 0x4201,
};
static const shapoco::gfx2d::Texture tex_bracelet_red_f = {
  shapoco::gfx2d::PixelFormat::ARGB4444, 10, 30, 20, tex_bracelet_red_fData,
};

alignas(4) static const uint16_t tex_bracelet_green_fData[] = {
  0x0000, 0x0000, 0x0000, 0x0000, 0x0000, 0x0000, 0x0000, 0x0000,
  0x0000, 0x0000, 0x0000, 0x0000, 0x0000, 0x0000, 0x0000, 0x0000,
  0x0000, 0x0000, 0x0000, 0x0000, 0x0000, 0x0000, 0x0000, 0x0000,
  0x0000, 0x0000, 0x0000, 0x0000, 0x0000, 0x0000, 0x0000, 0x0000,
  0x0000, 0x0000, 0x0000, 0x0000, 0x0000, 0x0000, 0x0000, 0x0000,
  0x0000, 0x0000, 0x0000, 0x0000, 0x0000, 0x0000, 0x0000, 0x0000,
  0x0000, 0x0000, 0x0000, 0x0000, 0x0000, 0x0000, 0x0000, 0x0000,
  0x0000, 0x0000, 0x0000, 0x0000, 0x0000, 0x0000, 0x0000, 0x0000,
  0x0000, 0x0000, 0x0000, 0x0000, 0x0000, 0x0000, 0x0000, 0x0000,
  0x0000, 0x0000, 0x0000, 0x0000, 0x0000, 0x0000, 0x0000, 0x0000,
  0x0000, 0x0000, 0x0000, 0x0000, 0x0000, 0x2051, 0x6010, 0xC010,
  0xF000, 0xF000, 0xF222, 0xF000, 0xF222, 0xF111, 0xF222, 0xE111,
  0xF111, 0xA000, 0x5111, 0x2000, 0x0000, 0x0000, 0x0000, 0x0000,
  0x0000, 0x0000, 0x0000, 0x0000, 0x0000, 0x0000, 0x0000, 0x0000,
  0x0000, 0x0000, 0x0000, 0x0000, 0x0000, 0x0000, 0x4000, 0xB000,
  0xF122, 0xF666, 0xFDDD, 0xFFFF, 0xFFFF, 0xFFFF, 0xCCED, 0xA8D9,
  0xA8D9, 0x85C6, 0x84C5, 0x70B2, 0x84C5, 0x96D8, 0xBBEC, 0xEEFE,
  0xFFFF, 0xF989, 0xF222, 0xC000, 0x3000, 0x0000, 0x0000, 0x0000,
  0x0000, 0x0000, 0x0000, 0x0000, 0x0000, 0x0000, 0x0000, 0x0000,
  0x2000, 0xD000, 0xF888, 0xFFFF, 0xEFFF, 0xA8D9, 0x72B4, 0x70B2,
  0x72B3, 0x72C4, 0x82C4, 0x72C4, 0x72C4, 0x72C4, 0x72C4, 0x72C4,
  0x72C4, 0x72C4, 0x72C4, 0x72C4, 0x72C4, 0x71B3, 0x83C5, 0x97D8,
  0xEEFF, 0xFDDD, 0xF333, 0xC000, 0x1000, 0x0000, 0x0000, 0x0000,
  0x0000, 0x0000, 0x0000, 0x0000, 0xB000, 0xECDC, 0xDDED, 0x72B4,
  0x72B3, 0x72C4, 0x72C4, 0x72C4, 0x72C4, 0x72C4, 0x72C4, 0x72C4,
  0x72C4, 0x72C4, 0x72C4, 0x72C4, 0x72C4, 0x72C4, 0x72C4, 0x72C4,
  0x72C4, 0x72C4, 0x72C4, 0x72C4, 0x72C4, 0x72C4, 0x72B4, 0x97D8,
  0xEEFE, 0xFCCC, 0xE000, 0x0000, 0x0000, 0x0000, 0x0000, 0x0000,
  0xE000, 0xFFFF, 0x83C5, 0x72C4, 0x72C4, 0x72C4, 0x72C4, 0x72C4,
  0x72C4, 0x72C4, 0x72C4, 0x72C4, 0x72C4, 0x72C4, 0x72B4, 0x72B4,
  0x72B4, 0x72B4, 0x72C4, 0x72C4, 0x72C4, 0x72C4, 0x72C4, 0x72C4,
  0x72C4, 0x72C4, 0x72C4, 0x72C4, 0x72C4, 0x72C4, 0x71B2, 0xDEFE,
  0xF333, 0x0000, 0x0000, 0x0000, 0x0000, 0xE132, 0x70B2, 0x72C4,
  0x72C4, 0x72C4, 0x72C4, 0x72B4, 0x72B4, 0x72C4, 0x72C4, 0x72C4,
  0x72D4, 0x8293, 0x9172, 0x9172, 0xA152, 0xA162, 0xA172, 0x72D4,
  0x82B4, 0x73F5, 0x72C4, 0x72C4, 0x72C4, 0x72B4, 0x72B4, 0x72C4,
  0x72C4, 0x72C4, 0x72C4, 0x72C4, 0x83C5, 0xF888, 0x0000, 0x0000,
  0x0000, 0x0000, 0xB141, 0x72C4, 0x72C4, 0x72B4, 0x72C4, 0x72D4,
  0x9182, 0xE020, 0xE000, 0xC000, 0x7000, 0x4000, 0x0000, 0x0000,
  0x0000, 0x0000, 0x0000, 0x0000, 0x1000, 0x1000, 0x3000, 0x7000,
  0xA000, 0xE000, 0xD031, 0x8293, 0x72D4, 0x72C4, 0x72C4, 0x72C4,
  0x72C4, 0x71B3, 0xFEEE, 0x0000, 0x0000, 0x0000, 0x0000, 0xC141,
  0x72C4, 0x82B4, 0xD021, 0xD000, 0x5000, 0x0000, 0x0000, 0x0000,
  0x0000, 0x0000, 0x0000, 0x0000, 0x0000, 0x0000, 0x0000, 0x0000,
  0x0000, 0x0000, 0x0000, 0x0000, 0x0000, 0x0000, 0x0000, 0x0000,
  0x1000, 0x6000, 0xD000, 0xC031, 0x82B3, 0x72C4, 0x72B3, 0xFFFF,
  0x2555, 0x0000, 0x0000, 0x0000, 0xB141, 0xC021, 0x4000, 0x0000,
  0x0000, 0x0000, 0x0000, 0x0000, 0x0000, 0x0000, 0x0000, 0x0000,
  0x0000, 0x0000, 0x0000, 0x0000, 0x0000, 0x0000, 0x0000, 0x0000,
  0x0000, 0x0000, 0x0000, 0x0000, 0x0000, 0x0000, 0x0000, 0x0000,
  0x0000, 0x1000, 0x6000, 0xC010, 0x83B4, 0x4000, 0x0000, 0x0000,
  0x0000, 0xA000, 0x0000, 0x0000, 0x0000, 0x0000, 0x0000, 0x0000,
  0x0000, 0x0000, 0x0000, 0x0000, 0x0000, 0x0000, 0x0000, 0x0000,
  0x0000, 0x0000, 0x0000, 0x0000, 0x0000, 0x0000, 0x0000, 0x0000,
  0x0000, 0x0000, 0x0000, 0x0000, 0x0000, 0x0000, 0x0000, 0x0000,
  0x0000, 0x1031, 0x0000, 0x0000, 0x0000, 0x0000, 0x0000, 0x0000,
  0x0000, 0x0000, 0x0000, 0x0000, 0x0000, 0x0000, 0x0000, 0x0000,
  0x0000, 0x0000, 0x0000, 0x0000, 0x0000, 0x0000, 0x0000, 0x0000,
  0x0000, 0x0000, 0x0000, 0x0000, 0x0000, 0x0000, 0x0000, 0x0000,
  0x0000, 0x0000, 0x0000, 0x0000, 0x0000, 0x0000, 0x0000, 0x0000,
  0x0000,
};
static const shapoco::gfx2d::Texture tex_bracelet_green_f = {
  shapoco::gfx2d::PixelFormat::ARGB4444, 37, 13, 74, tex_bracelet_green_fData,
};

alignas(4) static const uint16_t tex_bracelet_blue_fData[] = {
  0x0000, 0x0000, 0x0000, 0x0000, 0x0000, 0x0000, 0x0000, 0x0000,
  0x0000, 0x0000, 0x0000, 0x0000, 0x0000, 0x0000, 0x0000, 0x0000,
  0x0000, 0x0000, 0x0000, 0x1000, 0x3000, 0x5333, 0x0000, 0x0000,
  0x0000, 0x0000, 0x0000, 0x0000, 0xD111, 0xF888, 0xFCCC, 0xFFFF,
  0xFFFF, 0xEFFF, 0x5024, 0x0000, 0x0000, 0x0000, 0x0000, 0x0000,
  0xF888, 0x84AF, 0x709F, 0x709F, 0x709F, 0xB035, 0x0000, 0x0000,
  0x0000, 0x0000, 0x0000, 0x5000, 0xEFFF, 0x709F, 0x709F, 0x709F,
  0x70AF, 0xB000, 0x0000, 0x0000, 0x0000, 0x0000, 0x0000, 0xE111,
  0xA7CF, 0x709F, 0x709F, 0x709F, 0x709F, 0x0002, 0x0000, 0x0000,
  0x0000, 0x0000, 0x0000, 0xFBBA, 0x708F, 0x709F, 0x709F, 0x709F,
  0xB046, 0x0000, 0x0000, 0x0000, 0x0000, 0x0000, 0x5222, 0xDEFF,
  0x709F, 0x709F, 0x709F, 0x709F, 0xD001, 0x0000, 0x0000, 0x0000,
  0x0000, 0x0000, 0xC000, 0x96CF, 0x709F, 0x709F, 0x709F, 0x70AF,
  0xB000, 0x0000, 0x0000, 0x0000, 0x0000, 0x0000, 0xF333, 0x708F,
  0x709F, 0x709F, 0x709F, 0x709F, 0x5000, 0x0000, 0x0000, 0x0000,
  0x0000, 0x0000, 0xF777, 0x709F, 0x709F, 0x709F, 0x709F, 0x70AF,
  0x2000, 0x0000, 0x0000, 0x0000, 0x0000, 0x0000, 0xFDDD, 0x709F,
  0x709F, 0x709F, 0x709F, 0x807C, 0x0000, 0x0000, 0x0000, 0x0000,
  0x0000, 0x1000, 0xFFFF, 0x709F, 0x709F, 0x709F, 0x709F, 0xB046,
  0x0000, 0x0000, 0x0000, 0x0000, 0x0000, 0x1000, 0xFFFF, 0x709F,
  0x709F, 0x709F, 0x709F, 0xC034, 0x0000, 0x0000, 0x0000, 0x0000,
  0x0000, 0x1001, 0xFFFF, 0x709F, 0x709F, 0x709F, 0x709F, 0xE012,
  0x0000, 0x0000, 0x0000, 0x0000, 0x0000, 0x4000, 0xFFFF, 0x709F,
  0x709F, 0x709F, 0x709F, 0xE000, 0x0000, 0x0000, 0x0000, 0x0000,
  0x0000, 0x4000, 0xEFFF, 0x709F, 0x709F, 0x709F, 0x709F, 0xE000,
  0x0000, 0x0000, 0x0000, 0x0000, 0x0000, 0x4000, 0xFFFF, 0x709F,
  0x709F, 0x709F, 0x709F, 0xE001, 0x0000, 0x0000, 0x0000, 0x0000,
  0x0000, 0x3001, 0xFFFF, 0x709F, 0x709F, 0x709F, 0x709F, 0xE001,
  0x0000, 0x0000, 0x0000, 0x0000, 0x0000, 0x3011, 0xFFFF, 0x709F,
  0x709F, 0x709F, 0x709F, 0xE000, 0x0000, 0x0000, 0x0000, 0x0000,
  0x0000, 0x2000, 0xFFFF, 0x709F, 0x709F, 0x709F, 0x809F, 0xE000,
  0x0000, 0x0000, 0x0000, 0x0000, 0x0000, 0x1111, 0xFFFF, 0x709F,
  0x709F, 0x709F, 0x709F, 0xE001, 0x0000, 0x0000, 0x0000, 0x0000,
  0x0000, 0x0000, 0xFEEE, 0x708F, 0x709F, 0x709F, 0x709F, 0xE011,
  0x0000, 0x0000, 0x0000, 0x0000, 0x0000, 0x0000, 0xFCCC, 0x81AF,
  0x709F, 0x709F, 0x709F, 0xC024, 0x0000, 0x0000, 0x0000, 0x0000,
  0x0000, 0x0000, 0xF666, 0x83AF, 0x709F, 0x709F, 0x709F, 0xB047,
  0x0000, 0x0000, 0x0000, 0x0000, 0x0000, 0x0000, 0xF222, 0xBADF,
  0x709F, 0x709F, 0x709F, 0x808D, 0x0000, 0x0000, 0x0000, 0x0000,
  0x0000, 0x0000, 0xD000, 0xEEFF, 0x709F, 0x709F, 0x709F, 0x70AF,
  0x3000, 0x0000, 0x0000, 0x0000, 0x0000, 0x0000, 0x7000, 0xFFFF,
  0x709F, 0x709F, 0x709F, 0x709F, 0xC000, 0x0000, 0x0000, 0x0000,
  0x0000, 0x0000, 0x1000, 0xFEEE, 0x82AF, 0x709F, 0x709F, 0x709F,
  0xC023, 0x0000, 0x0000, 0x0000, 0x0000, 0x0000, 0x0000, 0xF344,
  0xCBDF, 0x709F, 0x709F, 0x709F, 0x906A, 0x0000, 0x0000, 0x0000,
  0x0000, 0x0000, 0x0000, 0xB000, 0xFFFF, 0x709F, 0x709F, 0x709F,
  0x70BF, 0x8000, 0x0000, 0x0000, 0x0000, 0x0000, 0x0000, 0x0000,
  0xFBBB, 0x709F, 0x709F, 0x709F, 0x709F, 0xB047, 0x7000, 0x0000,
  0x0000, 0x0000, 0x0000, 0x0000, 0xD000, 0xE334, 0xD023, 0xD023,
  0xD011, 0xE000, 0x0000, 0x0000, 0x0000, 0x0000, 0x0000, 0x0000,
  0x0000, 0x0000, 0x0000, 0x0000, 0x0000, 0x0000, 0x0000, 0x0000,
};
static const shapoco::gfx2d::Texture tex_bracelet_blue_f = {
  shapoco::gfx2d::PixelFormat::ARGB4444, 12, 34, 24, tex_bracelet_blue_fData,
};

alignas(4) static const uint16_t tex_hoodie_bData[] = {
  0x1FF8, 0x1FF8, 0x1FF8, 0x1FF8, 0x1FF8, 0x1FF8, 0x1FF8, 0x1FF8,
  0x1FF8, 0x1FF8, 0x1FF8, 0x1FF8, 0x1FF8, 0x1FF8, 0x1FF8, 0x1FF8,
  0x1FF8, 0x1FF8, 0x1FF8, 0x1FF8, 0x1FF8, 0x1FF8, 0x1FF8, 0x1FF8,
  0x1FF8, 0x1FF8, 0x1FF8, 0x1FF8, 0x1FF8, 0x1FF8, 0x1FF8, 0x1FF8,
  0x1FF8, 0x1FF8, 0x1FF8, 0x1FF8, 0x1FF8, 0x1FF8, 0x1FF8, 0x1FF8,
  0x1FF8, 0x1FF8, 0x1FF8, 0x1FF8, 0x1FF8, 0x1FF8, 0x1FF8, 0x1FF8,
  0x1FF8, 0x1FF8, 0x1FF8, 0x1FF8, 0x1FF8, 0x1FF8, 0x1FF8, 0x1FF8,
  0x1FF8, 0x1FF8, 0x1FF8, 0x1FF8, 0x1FF8, 0x1FF8, 0x0000, 0x2108,
  0x1FF8, 0x1FF8, 0x1FF8, 0x1FF8, 0x1FF8, 0x1FF8, 0x1FF8, 0x1FF8,
  0x1FF8, 0x1FF8, 0x1FF8, 0x1FF8, 0x1FF8, 0x1FF8, 0x1FF8, 0x1FF8,
  0x1FF8, 0x1FF8, 0x1FF8, 0x1FF8, 0x1FF8, 0x1FF8, 0x1FF8, 0x1FF8,
  0x1FF8, 0x1FF8, 0x1FF8, 0x1FF8, 0x1FF8, 0x1FF8, 0x1FF8, 0x1FF8,
  0x1FF8, 0x1FF8, 0x1FF8, 0x1FF8, 0x1FF8, 0x1FF8, 0x1FF8, 0x1FF8,
  0x1FF8, 0x1FF8, 0x1FF8, 0x1FF8, 0x1FF8, 0x1FF8, 0x1FF8, 0x1FF8,
  0x1FF8, 0x1FF8, 0x1FF8, 0x1FF8, 0x1FF8, 0x1FF8, 0x1FF8, 0x1FF8,
  0x1FF8, 0x1FF8, 0x1FF8, 0x1FF8, 0x1FF8, 0x1FF8, 0x1FF8, 0x1FF8,
  0x1FF8, 0x1FF8, 0x1FF8, 0x1FF8, 0x1FF8, 0x1FF8, 0x1FF8, 0x1FF8,
  0x1FF8, 0x1FF8, 0x1FF8, 0x1FF8, 0x1FF8, 0x1FF8, 0x1FF8, 0x1FF8,
  0x1FF8, 0x4942, 0xF494, 0x159D, 0x8631, 0x1FF8, 0x1FF8, 0x1FF8,
  0x1FF8, 0x1FF8, 0x1FF8, 0x1FF8, 0x1FF8, 0x1FF8, 0x1FF8, 0x1FF8,
  0x1FF8, 0x1FF8, 0x1FF8, 0x1FF8, 0x1FF8, 0x1FF8, 0x1FF8, 0x1FF8,
  0x1FF8, 0x1FF8, 0x1FF8, 0x1FF8, 0x1FF8, 0x1FF8, 0x1FF8, 0x1FF8,
  0x1FF8, 0x1FF8, 0x1FF8, 0x1FF8, 0x1FF8, 0x1FF8, 0x1FF8, 0x1FF8,
  0x1FF8, 0x1FF8, 0x1FF8, 0x1FF8, 0x1FF8, 0x1FF8, 0x1FF8, 0x1FF8,
  0x1FF8, 0x1FF8, 0x1FF8, 0x1FF8, 0x1FF8, 0x1FF8, 0x1FF8, 0x1FF8,
  0x1FF8, 0x1FF8, 0x1FF8, 0x1FF8, 0x1FF8, 0x1FF8, 0x1FF8, 0x1FF8,
  0x1FF8, 0x1FF8, 0x1FF8, 0x1FF8, 0x1FF8, 0x1FF8, 0x1FF8, 0x1FF8,
  0x1FF8, 0x1FF8, 0x1FF8, 0x1FF8, 0x1FF8, 0x1FF8, 0x1FF8, 0x1FF8,
  0x1FF8, 0x1FF8, 0xC318, 0xAB52, 0xF494, 0x9BCE, 0xBCCE, 0xDCD6,
  0x5AC6, 0xCB52, 0x1FF8, 0x1FF8, 0x1FF8, 0x1FF8, 0x1FF8, 0x1FF8,
  0x1FF8, 0x1FF8, 0x1FF8, 0x1FF8, 0x1FF8, 0x1FF8, 0x1FF8, 0x1FF8,
  0x1FF8, 0x1FF8, 0x1FF8, 0x1FF8, 0x1FF8, 0x1FF8, 0x1FF8, 0x1FF8,
  0x1FF8, 0x1FF8, 0x1FF8, 0x1FF8, 0x1FF8, 0x1FF8, 0x1FF8, 0x1FF8,
  0x1FF8, 0x1FF8, 0x1FF8, 0x1FF8, 0x1FF8, 0x1FF8, 0x1FF8, 0x1FF8,
  0x1FF8, 0x1FF8, 0x1FF8, 0x1FF8, 0x1FF8, 0x1FF8, 0x1FF8, 0x1FF8,
  0x1FF8, 0x1FF8, 0x1FF8, 0x1FF8, 0x1FF8, 0x1FF8, 0x1FF8, 0x1FF8,
  0x1FF8, 0x1FF8, 0x1FF8, 0x1FF8, 0x1FF8, 0x1FF8, 0x1FF8, 0x1FF8,
  0x1FF8, 0x1FF8, 0x1FF8, 0x1FF8, 0x1FF8, 0x1FF8, 0x1FF8, 0x1FF8,
  0x1FF8, 0x1FF8, 0x1FF8, 0x1FF8, 0xC739, 0xCF73, 0x97AD, 0x9BCE,
  0xBCCE, 0x5AC6, 0x5AC6, 0x7AC6, 0xBBCE, 0xDCD6, 0x107C, 0xA210,
  0x1FF8, 0x1FF8, 0x1FF8, 0x1FF8, 0x1FF8, 0x1FF8, 0x1FF8, 0x1FF8,
  0x1FF8, 0x1FF8, 0x1FF8, 0x1FF8, 0x1FF8, 0x1FF8, 0x1FF8, 0x1FF8,
  0x1FF8, 0x1FF8, 0x1FF8, 0x1FF8, 0x1FF8, 0x1FF8, 0x1FF8, 0x1FF8,
  0x1FF8, 0x1FF8, 0x1FF8, 0x1FF8, 0x1FF8, 0x1FF8, 0x1FF8, 0x1FF8,
  0x1FF8, 0x1FF8, 0x1FF8, 0x1FF8, 0x1FF8, 0x1FF8, 0x1FF8, 0x1FF8,
  0x1FF8, 0x1FF8, 0x1FF8, 0x1FF8, 0x1FF8, 0x1FF8, 0x1FF8, 0x1FF8,
  0x1FF8, 0x1FF8, 0x1FF8, 0x1FF8, 0x1FF8, 0x1FF8, 0x1FF8, 0x1FF8,
  0x1FF8, 0x1FF8, 0x1FF8, 0x1FF8, 0x1FF8, 0x1FF8, 0x1FF8, 0x1FF8,
  0x1FF8, 0x1FF8, 0x1FF8, 0x1FF8, 0x1FF8, 0xC418, 0xA841, 0xAD6A,
  0x1294, 0xD8BD, 0x9BCE, 0x7AC6, 0x5AC6, 0x5AC6, 0x7AC6, 0x7BCE,
  0x7BCE, 0x9BCE, 0x1DDF, 0x76AD, 0xE839, 0x1FF8, 0x1FF8, 0x1FF8,
  0x1FF8, 0x1FF8, 0x1FF8, 0x1FF8, 0x1FF8, 0x1FF8, 0x1FF8, 0x1FF8,
  0x1FF8, 0x1FF8, 0x1FF8, 0x1FF8, 0x1FF8, 0x1FF8, 0x1FF8, 0x1FF8,
  0x1FF8, 0x1FF8, 0x1FF8, 0x1FF8, 0x1FF8, 0x1FF8, 0x1FF8, 0x1FF8,
  0x1FF8, 0x1FF8, 0x1FF8, 0x1FF8, 0x1FF8, 0x1FF8, 0x1FF8, 0x1FF8,
  0x1FF8, 0x1FF8, 0x1FF8, 0x1FF8, 0x1FF8, 0x1FF8, 0x1FF8, 0x1FF8,
  0x1FF8, 0x1FF8, 0x1FF8, 0x1FF8, 0x1FF8, 0x1FF8, 0x1FF8, 0x1FF8,
  0x1FF8, 0x1FF8, 0x1FF8, 0x1FF8, 0x1FF8, 0x1FF8, 0x1FF8, 0x1FF8,
  0x1FF8, 0x1FF8, 0x1FF8, 0x1FF8, 0x1FF8, 0x8318, 0x2529, 0xC841,
  0xAC62, 0x707B, 0xB18B, 0xB18B, 0x9083, 0x7083, 0x1294, 0x77B5,
  0x7BC6, 0x9BCE, 0x7AC6, 0x9BCE, 0x9BCE, 0x9BCE, 0x7AC6, 0xFCD6,
  0x9BCE, 0x4D63, 0x1FF8, 0x1FF8, 0x1FF8, 0x1FF8, 0x1FF8, 0x1FF8,
  0x1FF8, 0x1FF8, 0x1FF8, 0x1FF8, 0x1FF8, 0x1FF8, 0x1FF8, 0x1FF8,
  0x1FF8, 0x1FF8, 0x1FF8, 0x1FF8, 0x1FF8, 0x1FF8, 0x1FF8, 0x1FF8,
  0x1FF8, 0x1FF8, 0x1FF8, 0x1FF8, 0x1FF8, 0x1FF8, 0x1FF8, 0x1FF8,
  0x1FF8, 0x1FF8, 0x1FF8, 0x1FF8, 0x1FF8, 0x1FF8, 0x1FF8, 0x1FF8,
  0x1FF8, 0x1FF8, 0x1FF8, 0x1FF8, 0x1FF8, 0x1FF8, 0x1FF8, 0x1FF8,
  0x1FF8, 0x1FF8, 0x1FF8, 0x1FF8, 0x1FF8, 0x1FF8, 0x1FF8, 0x1FF8,
  0x0421, 0x6629, 0xA731, 0x2942, 0x8B4A, 0xED5A, 0x6F6B, 0xAC62,
  0x8C62, 0x2F73, 0x9083, 0xB18B, 0xB18B, 0x918B, 0x7083, 0x9083,
  0xB18B, 0xB18B, 0x908B, 0x908B, 0x739C, 0xD8BD, 0xBBCE, 0x9BCE,
  0xDCD6, 0xBBCE, 0xFCDE, 0xBEF7, 0x5DE7, 0x3DDF, 0x55A5, 0x8631,
  0x1FF8, 0x1FF8, 0x1FF8, 0x1FF8, 0x1FF8, 0x1FF8, 0x1FF8, 0x1FF8,
  0x1FF8, 0x1FF8, 0x1FF8, 0x1FF8, 0x1FF8, 0x1FF8, 0x1FF8, 0x1FF8,
  0x1FF8, 0x1FF8, 0x1FF8, 0x1FF8, 0x1FF8, 0x1FF8, 0x1FF8, 0x1FF8,
  0x1FF8, 0x1FF8, 0x1FF8, 0x1FF8, 0x1FF8, 0x1FF8, 0x1FF8, 0x1FF8,
  0x1FF8, 0x1FF8, 0x1FF8, 0x1FF8, 0x1FF8, 0x1FF8, 0x1FF8, 0x1FF8,
  0x1FF8, 0x1FF8, 0xA310, 0x8729, 0x093A, 0x8B4A, 0xED5A, 0x2E5B,
  0x906B, 0xF173, 0x527C, 0xB48C, 0x1695, 0x57A5, 0x98AD, 0xB9AD,
  0xF9B5, 0x1AB6, 0x3ABE, 0xD9B5, 0x3394, 0x5083, 0x9083, 0x7083,
  0x7083, 0x9083, 0x918B, 0x918B, 0xB18B, 0xB18B, 0xB18B, 0xB18B,
  0x908B, 0xB18B, 0xB4A4, 0x9BCE, 0xF8B5, 0xCF73, 0xF7BD, 0xFBDE,
  0xFFFF, 0x7EEF, 0xD394, 0xC739, 0xC739, 0x1FF8, 0x1FF8, 0x1FF8,
  0x1FF8, 0x1FF8, 0x1FF8, 0x1FF8, 0x1FF8, 0x1FF8, 0x1FF8, 0x1FF8,
  0x1FF8, 0x1FF8, 0x1FF8, 0x1FF8, 0x1FF8, 0x1FF8, 0x1FF8, 0x1FF8,
  0x1FF8, 0x1FF8, 0x1FF8, 0x1FF8, 0x1FF8, 0x1FF8, 0x1FF8, 0x1FF8,
  0x1FF8, 0x1FF8, 0x1FF8, 0x1FF8, 0x1FF8, 0x1FF8, 0x1FF8, 0x1FF8,
  0x1FF8, 0x1FF8, 0x1FF8, 0x8729, 0x8C4A, 0xB06B, 0x7484, 0xF694,
  0x379D, 0x589D, 0x589D, 0x78A5, 0x78A5, 0x98A5, 0x98A5, 0x98A5,
  0x98A5, 0x98A5, 0x98A5, 0x98AD, 0x98AD, 0xB8AD, 0xB8AD, 0xD9B5,
  0xF9B5, 0x9494, 0x5083, 0x7083, 0x9083, 0x9083, 0x918B, 0xB18B,
  0xB18B, 0xB18B, 0xB18B, 0xB18B, 0xD18B, 0xF293, 0x908B, 0xAC62,
  0xCB62, 0x718C, 0x34A5, 0x7DEF, 0xFFFF, 0xAE73, 0xE428, 0x6F83,
  0x53A4, 0xCD6A, 0x0421, 0x1FF8, 0x1FF8, 0x1FF8, 0x1FF8, 0x1FF8,
  0x1FF8, 0x1FF8, 0x1FF8, 0x1FF8, 0x1FF8, 0x1FF8, 0x1FF8, 0x1FF8,
  0x1FF8, 0x1FF8, 0x1FF8, 0x1FF8, 0x1FF8, 0x1FF8, 0x1FF8, 0x1FF8,
  0x1FF8, 0x1FF8, 0x1FF8, 0x1FF8, 0x1FF8, 0x1FF8, 0x1FF8, 0x1FF8,
  0x1FF8, 0x1FF8, 0x1FF8, 0x1FF8, 0x8729, 0xCD52, 0x1274, 0xD68C,
  0x1795, 0x1795, 0x1795, 0xF694, 0xF694, 0xF694, 0x1695, 0x1695,
  0x379D, 0x379D, 0x579D, 0x57A5, 0x77A5, 0x98A5, 0x98AD, 0xB8AD,
  0xB8AD, 0xD9B5, 0xD9B5, 0xF9B5, 0xF9B5, 0x3ABE, 0x16A5, 0x9083,
  0x7083, 0xB18B, 0xB18B, 0xB18B, 0xB18B, 0xB18B, 0xB18B, 0xF293,
  0xD193, 0xED72, 0x2952, 0xED72, 0xAC6A, 0x1194, 0xDFFF, 0x99CE,
  0xCB5A, 0x4B5A, 0xD293, 0xB18B, 0x9083, 0xD293, 0x9083, 0xE949,
  0x1FF8, 0x1FF8, 0x1FF8, 0x1FF8, 0x1FF8, 0x1FF8, 0x1FF8, 0x1FF8,
  0x1FF8, 0x1FF8, 0x1FF8, 0x1FF8, 0x1FF8, 0x1FF8, 0x1FF8, 0x1FF8,
  0x1FF8, 0x1FF8, 0x1FF8, 0x1FF8, 0x1FF8, 0x1FF8, 0x1FF8, 0x1FF8,
  0x1FF8, 0x1FF8, 0x1FF8, 0x1FF8, 0x1FF8, 0xA310, 0x4A42, 0xD26B,
  0xD68C, 0xF794, 0xF694, 0xD68C, 0xD58C, 0xD68C, 0xF694, 0xF694,
  0x1695, 0x1795, 0x379D, 0x379D, 0x579D, 0x579D, 0x77A5, 0x78A5,
  0x98A5, 0x98AD, 0xB8AD, 0xB8AD, 0xD9B5, 0xD9B5, 0xF9B5, 0xF9B5,
  0x19B6, 0x19BE, 0x5ABE, 0x97B5, 0xD18B, 0x7083, 0xB18B, 0xB18B,
  0xB18B, 0xF293, 0xD18B, 0xCD6A, 0x2A52, 0xCC72, 0x32A4, 0xD5BC,
  0x73AC, 0x32A4, 0xCB6A, 0x6A5A, 0xCE6A, 0x9183, 0x4F7B, 0x507B,
  0x7083, 0x7083, 0x9083, 0xD18B, 0xED6A, 0x2529, 0x1FF8, 0x1FF8,
  0x1FF8, 0x1FF8, 0x1FF8, 0x1FF8, 0x1FF8, 0x1FF8, 0x1FF8, 0x1FF8,
  0x1FF8, 0x1FF8, 0x1FF8, 0x1FF8, 0x1FF8, 0x1FF8, 0x1FF8, 0x1FF8,
  0x1FF8, 0x1FF8, 0x1FF8, 0x1FF8, 0x1FF8, 0x1FF8, 0x1FF8, 0xA310,
  0x6B42, 0x337C, 0xF68C, 0xF68C, 0xB68C, 0xB58C, 0xB58C, 0xD68C,
  0xD68C, 0xF694, 0xF694, 0x1695, 0x1695, 0x379D, 0x379D, 0x579D,
  0x579D, 0x77A5, 0x78A5, 0x98A5, 0x98AD, 0xB8AD, 0xB8AD, 0xD8B5,
  0xD9B5, 0xF9B5, 0xF9B5, 0x19BE, 0x19BE, 0x1ABE, 0x19BE, 0x5AC6,
  0xF9BD, 0x539C, 0xB18B, 0xF293, 0xB18B, 0xCD6A, 0x2A52, 0xED72,
  0x52A4, 0xF5BC, 0xF5BC, 0x94B4, 0x0D7B, 0xE849, 0xCD6A, 0x7083,
  0x507B, 0x2F7B, 0x507B, 0x507B, 0x507B, 0x7083, 0x7083, 0x7083,
  0xB18B, 0xB18B, 0x4A52, 0xC318, 0x1FF8, 0x1FF8, 0x1FF8, 0x1FF8,
  0x1FF8, 0x1FF8, 0x1FF8, 0x1FF8, 0x1FF8, 0x1FF8, 0x1FF8, 0x1FF8,
  0x1FF8, 0x1FF8, 0x1FF8, 0x1FF8, 0x1FF8, 0x1FF8, 0x1FF8, 0x1FF8,
  0x1FF8, 0x1FF8, 0xE939, 0x1374, 0xD68C, 0xB68C, 0x9584, 0x9584,
  0xB58C, 0xB58C, 0xD68C, 0xD68C, 0xD68C, 0xF694, 0xF694, 0x1695,
  0x1695, 0x379D, 0x579D, 0x579D, 0x57A5, 0x77A5, 0x78A5, 0x98AD,
  0x98AD, 0xB8AD, 0xB8AD, 0xD9B5, 0xD9B5, 0xF9B5, 0xF9B5, 0x19BE,
  0x19BE, 0x3ABE, 0x5AC6, 0x9BCE, 0xDCCE, 0x7AC6, 0x128C, 0x4B5A,
  0x2A52, 0x0D73, 0x53AC, 0xF6C4, 0xF5C4, 0x53AC, 0x2D7B, 0xC841,
  0x0A4A, 0x0F73, 0x3073, 0x0F73, 0x2F73, 0x2F73, 0x2F7B, 0x507B,
  0x507B, 0x507B, 0x7083, 0x7083, 0x7083, 0x7083, 0xF293, 0x36A5,
  0x0C5B, 0x1FF8, 0x1FF8, 0x1FF8, 0x1FF8, 0x1FF8, 0x1FF8, 0x1FF8,
  0x1FF8, 0x1FF8, 0x1FF8, 0x1FF8, 0x1FF8, 0x1FF8, 0x1FF8, 0x1FF8,
  0x1FF8, 0x1FF8, 0x1FF8, 0x1FF8, 0x0519, 0x2F5B, 0xB68C, 0xB68C,
  0x9584, 0xD68C, 0xD68C, 0xF794, 0x1795, 0x1795, 0x1795, 0x3795,
  0x379D, 0x579D, 0x589D, 0x78A5, 0x78A5, 0x78A5, 0x98A5, 0x98AD,
  0xB8AD, 0xB9AD, 0xD9AD, 0xD9B5, 0xF9B5, 0x19B6, 0x1ABE, 0x1ABE,
  0x3ABE, 0x5ABE, 0x5AC6, 0x7BC6, 0x7BC6, 0x5AC6, 0xD8B5, 0x359D,
  0x5184, 0xF07B, 0xD394, 0xD7BD, 0x56C5, 0x16C5, 0xD5BC, 0xF19B,
  0xAB6A, 0xA841, 0xC941, 0xAD62, 0x0F73, 0xEE6A, 0xEE6A, 0x0F73,
  0x0F73, 0x2F73, 0x2F73, 0x2F7B, 0x4F7B, 0x507B, 0x507B, 0x7083,
  0x7083, 0x9083, 0x5083, 0xB8B5, 0xBCCE, 0x97AD, 0xA731, 0x0000,
  0x1FF8, 0x1FF8, 0x1FF8, 0x1FF8, 0x1FF8, 0x1FF8, 0x1FF8, 0x1FF8,
  0x1FF8, 0x1FF8, 0x1FF8, 0x1FF8, 0x1FF8, 0x1FF8, 0x1FF8, 0x093A,
  0x747C, 0x1795, 0xB68C, 0x9584, 0x547C, 0x1374, 0xD26B, 0x7063,
  0x4F63, 0x906B, 0xB06B, 0x6F63, 0x6F63, 0xB06B, 0xD173, 0xF173,
  0xF273, 0x337C, 0x7384, 0x948C, 0x948C, 0xB48C, 0xD594, 0xD594,
  0xD594, 0xF594, 0x159D, 0x369D, 0xF594, 0xD494, 0xB394, 0x938C,
  0x728C, 0xAF73, 0x1084, 0x14A5, 0x59CE, 0xBEF7, 0xFFFF, 0xFFFF,
  0x7DEF, 0x3194, 0x0952, 0x8839, 0xEA41, 0xAD62, 0xEF6A, 0xCE6A,
  0xCE62, 0xEE6A, 0xEE6A, 0xEF6A, 0x0F73, 0x0F73, 0x2F73, 0x2F73,
  0x2F7B, 0x507B, 0x507B, 0x507B, 0x7083, 0x9083, 0x7083, 0x36A5,
  0x9BC6, 0xF9B5, 0x6629, 0x1FF8, 0x1FF8, 0x1FF8, 0x1FF8, 0x1FF8,
  0x1FF8, 0x1FF8, 0x1FF8, 0x1FF8, 0x1FF8, 0x1FF8, 0x1FF8, 0x1FF8,
  0x1FF8, 0xC418, 0x4F63, 0xF78C, 0x347C, 0x5063, 0x0E5B, 0x4E63,
  0xF07B, 0xB394, 0x75AD, 0x75AD, 0xB6B5, 0x79CE, 0xDBDE, 0x99D6,
  0x59CE, 0x38C6, 0xF7BD, 0x96B5, 0x75AD, 0x34A5, 0xF39C, 0xF39C,
  0xF39C, 0xF39C, 0xB294, 0xF39C, 0xF39C, 0xF39C, 0xF39C, 0xF39C,
  0x75AD, 0xF7BD, 0x59CE, 0xFBDE, 0x5CEF, 0x9EF7, 0xFFFF, 0xFFFF,
  0xFFFF, 0x9DF7, 0xB6B5, 0x8E73, 0x0942, 0xC939, 0x2B4A, 0xAE62,
  0xCE62, 0xAE62, 0xAE62, 0xAE62, 0xCE62, 0xCE6A, 0xEE6A, 0xEE6A,
  0xEF6A, 0x0F6B, 0x0F73, 0x2F73, 0x2F73, 0x2F7B, 0x507B, 0x507B,
  0x507B, 0x7083, 0x5083, 0x16A5, 0xBCCE, 0xAB52, 0x1FF8, 0x1FF8,
  0x1FF8, 0x1FF8, 0x1FF8, 0x1FF8, 0x1FF8, 0x1FF8, 0x1FF8, 0x1FF8,
  0x1FF8, 0x1FF8, 0x1FF8, 0x1FF8, 0xE939, 0xD26B, 0x9163, 0xCD52,
  0xD073, 0x96B5, 0x3CE7, 0xFFFF, 0xFFFF, 0xFFFF, 0xFFFF, 0xFFFF,
  0xFFFF, 0xFFFF, 0xFFFF, 0xFFFF, 0xFFFF, 0xFFFF, 0xFFFF, 0xFFFF,
  0xFFFF, 0xFFFF, 0xFFFF, 0xFFFF, 0xFFFF, 0xFFFF, 0xFFFF, 0xFFFF,
  0xFFFF, 0xFFFF, 0xFFFF, 0xFFFF, 0xFFFF, 0xFFFF, 0xFFFF, 0xFFFF,
  0xFFFF, 0xBEF7, 0xDAD6, 0x55AD, 0x8E73, 0x0942, 0x8831, 0xEA41,
  0x6D52, 0xAE5A, 0xAE5A, 0x8D5A, 0x8D5A, 0xAD5A, 0xAE62, 0xAE62,
  0xCE62, 0xCE62, 0xCE6A, 0xEE6A, 0xEE6A, 0x0F6B, 0x0F73, 0x0F73,
  0x2F73, 0x2F73, 0x2F7B, 0x507B, 0x507B, 0x707B, 0x2F7B, 0xB9B5,
  0xD494, 0x1FF8, 0x1FF8, 0x1FF8, 0x1FF8, 0x1FF8, 0x1FF8, 0x1FF8,
  0x1FF8, 0x1FF8, 0x1FF8, 0x1FF8, 0x1FF8, 0x1FF8, 0x1FF8, 0x4B42,
  0x2F5B, 0x2E5B, 0xF49C, 0x5DEF, 0xFFFF, 0x1BDF, 0x34A5, 0xEF7B,
  0xEB5A, 0x8A52, 0xC739, 0x4529, 0x4529, 0x6631, 0xA631, 0xC739,
  0xE739, 0x694A, 0xAA52, 0xCB5A, 0x0C63, 0x4D6B, 0x6D6B, 0x8E73,
  0x8E73, 0x518C, 0xD39C, 0xB294, 0xD39C, 0xF3A4, 0xD39C, 0x9294,
  0x518C, 0x518C, 0xCF7B, 0x0C63, 0xAB5A, 0x2A4A, 0xA939, 0x6831,
  0xAA39, 0x2C4A, 0x8D5A, 0x8D5A, 0x6D52, 0x6D52, 0x8D5A, 0x8D5A,
  0x8D5A, 0x8D5A, 0xAD5A, 0xAE62, 0xAE62, 0xCE62, 0xCE62, 0xCE6A,
  0xEE6A, 0xEE6A, 0xEF6A, 0x0F73, 0x0F73, 0x2F73, 0x2F73, 0x2F7B,
  0x507B, 0x4F7B, 0xB183, 0x97AD, 0x8629, 0x1FF8, 0x1FF8, 0x1FF8,
  0x1FF8, 0x1FF8, 0x1FF8, 0x1FF8, 0x1FF8, 0x1FF8, 0x1FF8, 0x1FF8,
  0x1FF8, 0x6729, 0xAD4A, 0x6F63, 0xD7BD, 0xFFFF, 0x9DEF, 0xB294,
  0x494A, 0x1FF8, 0x1FF8, 0x1FF8, 0x1FF8, 0x1FF8, 0x1FF8, 0x1FF8,
  0x1FF8, 0x1FF8, 0x1FF8, 0x1FF8, 0x1FF8, 0x1FF8, 0x1FF8, 0x1FF8,
  0x1FF8, 0x1FF8, 0x1FF8, 0x1FF8, 0x1FF8, 0x1FF8, 0x1FF8, 0x1FF8,
  0x0000, 0x0529, 0x4A5A, 0x4F8B, 0xD19B, 0xD19B, 0x2E83, 0x4A5A,
  0xA841, 0x8931, 0x0C4A, 0xAE5A, 0x8D52, 0x4D52, 0x4C52, 0x6D52,
  0x6D52, 0x6D52, 0x6D5A, 0x8D5A, 0x8D5A, 0x8D5A, 0xAD5A, 0xAD62,
  0xAE62, 0xAE62, 0xCE62, 0xCE62, 0xCE6A, 0xEE6A, 0xEE6A, 0x0F6B,
  0x0F73, 0x0F73, 0x2F73, 0x2F7B, 0x4F7B, 0x2F7B, 0x5394, 0x8A4A,
  0x1FF8, 0x1FF8, 0x1FF8, 0x1FF8, 0x1FF8, 0x1FF8, 0x1FF8, 0x1FF8,
  0x1FF8, 0x1FF8, 0x1FF8, 0x1FF8, 0x6729, 0xAC52, 0xF49C, 0xBEF7,
  0x1BDF, 0xCF7B, 0xE420, 0x1FF8, 0x1FF8, 0x1FF8, 0x1FF8, 0x1FF8,
  0x1FF8, 0x1FF8, 0x1FF8, 0x1FF8, 0x1FF8, 0x1FF8, 0x1FF8, 0x1FF8,
  0x1FF8, 0x1FF8, 0x1FF8, 0x1FF8, 0x1FF8, 0x1FF8, 0x1FF8, 0x1FF8,
  0x1FF8, 0x1FF8, 0x1FF8, 0x1FF8, 0x1FF8, 0x1FF8, 0x1FF8, 0x8639,
  0xAC6A, 0x32A4, 0x16C5, 0x16C5, 0x94B4, 0x908B, 0x0A52, 0x8831,
  0x2C4A, 0x6D52, 0x4D52, 0x4D52, 0x6D52, 0x6D52, 0x6D52, 0x8D5A,
  0x8D5A, 0x8D5A, 0x8D5A, 0xAD5A, 0xAE62, 0xAE62, 0xAE62, 0xCE62,
  0xCE62, 0xEE6A, 0xEE6A, 0xEF6A, 0x0F73, 0x0F73, 0x2F73, 0x2F73,
  0x2F7B, 0x7183, 0x094A, 0x1FF8, 0x1FF8, 0x1FF8, 0x1FF8, 0x1FF8,
  0x1FF8, 0x1FF8, 0x1FF8, 0x1FF8, 0x1FF8, 0x1FF8, 0x1FF8, 0x2521,
  0x0D5B, 0xFBDE, 0x5DEF, 0xCF7B, 0x1FF8, 0x1FF8, 0x1FF8, 0x1FF8,
  0x1FF8, 0x1FF8, 0x1FF8, 0x1FF8, 0x1FF8, 0x1FF8, 0x1FF8, 0x1FF8,
  0x1FF8, 0x1FF8, 0x1FF8, 0x1FF8, 0x1FF8, 0x1FF8, 0x1FF8, 0x1FF8,
  0x1FF8, 0x1FF8, 0x1FF8, 0x1FF8, 0x1FF8, 0x1FF8, 0x1FF8, 0x1FF8,
  0x1FF8, 0x1FF8, 0x1FF8, 0x1FF8, 0x1FF8, 0x1FF8, 0x0952, 0xD093,
  0xD5BC, 0xF6C4, 0xB4B4, 0x6F83, 0xE949, 0xA939, 0x4D52, 0x6D52,
  0x6D52, 0x6D52, 0x6D52, 0x6D52, 0x8D5A, 0x8D5A, 0x8D5A, 0xAD5A,
  0xAD62, 0xAE62, 0xAE62, 0xCE62, 0xCE62, 0xCE6A, 0xEE6A, 0xEF6A,
  0x0F6B, 0x0F73, 0x0F73, 0x2F73, 0x7083, 0xC941, 0x1FF8, 0x1FF8,
  0x1FF8, 0x1FF8, 0x1FF8, 0x1FF8, 0x1FF8, 0x1FF8, 0x1FF8, 0x1FF8,
  0x1FF8, 0x1FF8, 0xA310, 0xAF73, 0x7DEF, 0x75AD, 0x4529, 0x1FF8,
  0x1FF8, 0x1FF8, 0x1FF8, 0x1FF8, 0x1FF8, 0x1FF8, 0x1FF8, 0x1FF8,
  0x1FF8, 0x1FF8, 0x1FF8, 0x1FF8, 0x1FF8, 0x1FF8, 0x1FF8, 0x1FF8,
  0x1FF8, 0x1FF8, 0x1FF8, 0x1FF8, 0x1FF8, 0x1FF8, 0x1FF8, 0x1FF8,
  0x1FF8, 0x1FF8, 0x1FF8, 0x1FF8, 0x1FF8, 0x1FF8, 0x1FF8, 0x1FF8,
  0x1FF8, 0x1FF8, 0x1FF8, 0x1FF8, 0x0952, 0xF19B, 0xD5BC, 0xD5BC,
  0x94B4, 0x0D7B, 0x8839, 0x0B42, 0x8D5A, 0x6D52, 0x6D52, 0x6D52,
  0x8D5A, 0x8D5A, 0x8D5A, 0x8D5A, 0xAD5A, 0xAE62, 0xAE62, 0xCE62,
  0xCE62, 0xCE6A, 0xEE6A, 0xEE6A, 0xEF6A, 0x0F73, 0x0F73, 0x507B,
  0xA841, 0x1FF8, 0x1FF8, 0x1FF8, 0x1FF8, 0x1FF8, 0x1FF8, 0x1FF8,
  0x1FF8, 0x1FF8, 0x1FF8, 0x1FF8, 0x1FF8, 0x0000, 0xCF7B, 0x7DEF,
  0x8E73, 0x1FF8, 0x1FF8, 0x1FF8, 0x1FF8, 0x1FF8, 0x1FF8, 0x1FF8,
  0x1FF8, 0x1FF8, 0x1FF8, 0x1FF8, 0x1FF8, 0x1FF8, 0x1FF8, 0x1FF8,
  0x1FF8, 0x1FF8, 0x1FF8, 0x1FF8, 0x1FF8, 0x1FF8, 0x1FF8, 0x1FF8,
  0x1FF8, 0x1FF8, 0x1FF8, 0x1FF8, 0x1FF8, 0x1FF8, 0x1FF8, 0x1FF8,
  0x1FF8, 0x1FF8, 0x1FF8, 0x1FF8, 0x1FF8, 0x1FF8, 0x1FF8, 0x1FF8,
  0x1FF8, 0x8210, 0x6A62, 0x53AC, 0xD5BC, 0xD5BC, 0x12A4, 0x094A,
  0xC939, 0x8D5A, 0x6D52, 0x6D52, 0x6D52, 0x8D5A, 0x8D5A, 0x8D5A,
  0xAD5A, 0xAD5A, 0xAE62, 0xAE62, 0xCE62, 0xCE6A, 0xEE6A, 0xEE6A,
  0xEE6A, 0x0F6B, 0x507B, 0xA839, 0x1FF8, 0x1FF8, 0x1FF8, 0x1FF8,
  0x1FF8, 0x1FF8, 0x1FF8, 0x1FF8, 0x1FF8, 0x1FF8, 0x1FF8, 0x1FF8,
  0x1FF8, 0x6D6B, 0x5DEF, 0x494A, 0x1FF8, 0x1FF8, 0x1FF8, 0x1FF8,
  0x1FF8, 0x1FF8, 0x1FF8, 0x1FF8, 0x1FF8, 0x1FF8, 0x1FF8, 0x1FF8,
  0x1FF8, 0x1FF8, 0x1FF8, 0x1FF8, 0x1FF8, 0x1FF8, 0x1FF8, 0x1FF8,
  0x1FF8, 0x1FF8, 0x1FF8, 0x1FF8, 0x1FF8, 0x1FF8, 0x1FF8, 0x1FF8,
  0x1FF8, 0x1FF8, 0x1FF8, 0x1FF8, 0x1FF8, 0x1FF8, 0x1FF8, 0x1FF8,
  0x1FF8, 0x1FF8, 0x1FF8, 0x1FF8, 0x1FF8, 0x1FF8, 0x1FF8, 0x2529,
  0x4E83, 0xD5BC, 0xD5BC, 0xB4B4, 0x8B62, 0xA939, 0x8D5A, 0x6D52,
  0x6D52, 0x8D5A, 0x8D5A, 0x8D5A, 0x8D5A, 0xAD5A, 0xAE62, 0xAE62,
  0xCE62, 0xCE62, 0xCE6A, 0xEE6A, 0xEE6A, 0x3073, 0xA839, 0x1FF8,
  0x1FF8, 0x1FF8, 0x1FF8, 0x1FF8, 0x1FF8, 0x1FF8, 0x1FF8, 0x1FF8,
  0x1FF8, 0x1FF8, 0x1FF8, 0x1FF8, 0x494A, 0x38C6, 0xE739, 0x1FF8,
  0x1FF8, 0x1FF8, 0x1FF8, 0x1FF8, 0x1FF8, 0x1FF8, 0x1FF8, 0x1FF8,
  0x1FF8, 0x1FF8, 0x1FF8, 0x1FF8, 0x1FF8, 0x1FF8, 0x1FF8, 0x1FF8,
  0x1FF8, 0x1FF8, 0x1FF8, 0x1FF8, 0x1FF8, 0x1FF8, 0x1FF8, 0x1FF8,
  0x1FF8, 0x1FF8, 0x1FF8, 0x1FF8, 0x1FF8, 0x1FF8, 0x1FF8, 0x1FF8,
  0x1FF8, 0x1FF8, 0x1FF8, 0x1FF8, 0x1FF8, 0x1FF8, 0x1FF8, 0x1FF8,
  0x1FF8, 0x1FF8, 0x1FF8, 0x1FF8, 0x1FF8, 0x094A, 0x53AC, 0xD5BC,
  0xD5BC, 0xCC6A, 0x8831, 0x8D5A, 0x6D52, 0x6D5A, 0x8D5A, 0x8D5A,
  0x8D5A, 0xAD5A, 0xAE62, 0xAE62, 0xCE62, 0xCE62, 0xCE6A, 0xCE6A,
  0x3073, 0xC941, 0x1FF8, 0x1FF8, 0x1FF8, 0x1FF8, 0x1FF8, 0x1FF8,
  0x1FF8, 0x1FF8, 0x1FF8, 0x1FF8, 0x1FF8, 0x1FF8, 0x1FF8, 0x4D6B,
  0x18C6, 0x0421, 0x1FF8, 0x1FF8, 0x1FF8, 0x1FF8, 0x1FF8, 0x1FF8,
  0x1FF8, 0x1FF8, 0x1FF8, 0x1FF8, 0x1FF8, 0x1FF8, 0x1FF8, 0x1FF8,
  0x1FF8, 0x1FF8, 0x1FF8, 0x1FF8, 0x1FF8, 0x1FF8, 0x1FF8, 0x1FF8,
  0x1FF8, 0x1FF8, 0x1FF8, 0x1FF8, 0x1FF8, 0x1FF8, 0x1FF8, 0x1FF8,
  0x1FF8, 0x1FF8, 0x1FF8, 0x1FF8, 0x1FF8, 0x1FF8, 0x1FF8, 0x1FF8,
  0x1FF8, 0x1FF8, 0x1FF8, 0x1FF8, 0x1FF8, 0x1FF8, 0x1FF8, 0x1FF8,
  0x1FF8, 0x1FF8, 0xE420, 0xB093, 0xF5BC, 0xD5BC, 0xCC6A, 0x8831,
  0x8E5A, 0x6D52, 0x8D5A, 0x8D5A, 0x8D5A, 0xAD5A, 0xAD62, 0xAE62,
  0xAE62, 0xCE62, 0xCE62, 0x0F73, 0xC941, 0x1FF8, 0x1FF8, 0x1FF8,
  0x1FF8, 0x1FF8, 0x1FF8, 0x1FF8, 0x1FF8, 0x1FF8, 0x1FF8, 0x1FF8,
  0x1FF8, 0x1FF8, 0xE739, 0x18C6, 0x8631, 0x1FF8, 0x1FF8, 0x1FF8,
  0x1FF8, 0x1FF8, 0x1FF8, 0x1FF8, 0x1FF8, 0x1FF8, 0x1FF8, 0x1FF8,
  0x1FF8, 0x1FF8, 0x1FF8, 0x1FF8, 0x1FF8, 0x1FF8, 0x1FF8, 0x1FF8,
  0x1FF8, 0x1FF8, 0x1FF8, 0x1FF8, 0x1FF8, 0x1FF8, 0x1FF8, 0x1FF8,
  0x1FF8, 0x1FF8, 0x1FF8, 0x1FF8, 0x1FF8, 0x1FF8, 0x1FF8, 0x1FF8,
  0x1FF8, 0x1FF8, 0x1FF8, 0x1FF8, 0x1FF8, 0x1FF8, 0x1FF8, 0x1FF8,
  0x1FF8, 0x1FF8, 0x1FF8, 0x1FF8, 0x1FF8, 0x1FF8, 0x1FF8, 0x4108,
  0xCC6A, 0xD5BC, 0xD5BC, 0x4A5A, 0xCA41, 0xAE5A, 0x8D5A, 0x8D5A,
  0x8D5A, 0x8D5A, 0xAD5A, 0xAE62, 0xAE62, 0xCE62, 0xEF6A, 0xA839,
  0x1FF8, 0x1FF8, 0x1FF8, 0x1FF8, 0x1FF8, 0x1FF8, 0x1FF8, 0x1FF8,
  0x1FF8, 0x1FF8, 0x1FF8, 0x1FF8, 0x1FF8, 0x1FF8, 0x718C, 0x694A,
  0x1FF8, 0x1FF8, 0x1FF8, 0x1FF8, 0x1FF8, 0x1FF8, 0x1FF8, 0x1FF8,
  0x1FF8, 0x1FF8, 0x1FF8, 0x1FF8, 0x1FF8, 0x1FF8, 0x1FF8, 0x1FF8,
  0x1FF8, 0x1FF8, 0x1FF8, 0x1FF8, 0x1FF8, 0x1FF8, 0x1FF8, 0x1FF8,
  0x1FF8, 0x1FF8, 0x1FF8, 0x1FF8, 0x1FF8, 0x1FF8, 0x1FF8, 0x1FF8,
  0x1FF8, 0x1FF8, 0x1FF8, 0x1FF8, 0x1FF8, 0x1FF8, 0x1FF8, 0x1FF8,
  0x1FF8, 0x1FF8, 0x1FF8, 0x1FF8, 0x1FF8, 0x1FF8, 0x1FF8, 0x1FF8,
  0x1FF8, 0x1FF8, 0x1FF8, 0x1FF8, 0x0000, 0xE949, 0xB4B4, 0xB4B4,
  0xC841, 0x4C4A, 0x8D5A, 0x8D5A, 0x8D5A, 0x8D5A, 0xAD5A, 0xAD5A,
  0xCE62, 0xAE62, 0x4629, 0x1FF8, 0x1FF8, 0x1FF8, 0x1FF8, 0x1FF8,
  0x1FF8, 0x1FF8, 0x1FF8, 0x1FF8, 0x1FF8, 0x1FF8, 0x1FF8, 0x1FF8,
  0x1FF8, 0x2842, 0x0C63, 0x1FF8, 0x1FF8, 0x1FF8, 0x1FF8, 0x1FF8,
  0x1FF8, 0x1FF8, 0x1FF8, 0x1FF8, 0x1FF8, 0x1FF8, 0x1FF8, 0x1FF8,
  0x1FF8, 0x1FF8, 0x1FF8, 0x1FF8, 0x1FF8, 0x1FF8, 0x1FF8, 0x1FF8,
  0x1FF8, 0x1FF8, 0x1FF8, 0x1FF8, 0x1FF8, 0x1FF8, 0x1FF8, 0x1FF8,
  0x1FF8, 0x1FF8, 0x1FF8, 0x1FF8, 0x1FF8, 0x1FF8, 0x1FF8, 0x1FF8,
  0x1FF8, 0x1FF8, 0x1FF8, 0x1FF8, 0x1FF8, 0x1FF8, 0x1FF8, 0x1FF8,
  0x1FF8, 0x1FF8, 0x1FF8, 0x1FF8, 0x1FF8, 0x1FF8, 0x1FF8, 0x1FF8,
  0x1FF8, 0x0000, 0x6639, 0xB4B4, 0xB08B, 0x4729, 0xAE5A, 0x8D5A,
  0x8D5A, 0x8D5A, 0xAD5A, 0xCE62, 0x4C52, 0xC420, 0x1FF8, 0x1FF8,
  0x1FF8, 0x1FF8, 0x1FF8, 0x1FF8, 0x1FF8, 0x1FF8, 0x1FF8, 0x1FF8,
  0x1FF8, 0x1FF8, 0x1FF8, 0x1FF8, 0x1FF8, 0x8631, 0x1FF8, 0x1FF8,
  0x1FF8, 0x1FF8, 0x1FF8, 0x1FF8, 0x1FF8, 0x1FF8, 0x1FF8, 0x1FF8,
  0x1FF8, 0x1FF8, 0x1FF8, 0x1FF8, 0x1FF8, 0x1FF8, 0x1FF8, 0x1FF8,
  0x1FF8, 0x1FF8, 0x1FF8, 0x1FF8, 0x1FF8, 0x1FF8, 0x1FF8, 0x1FF8,
  0x1FF8, 0x1FF8, 0x1FF8, 0x1FF8, 0x1FF8, 0x1FF8, 0x1FF8, 0x1FF8,
  0x1FF8, 0x1FF8, 0x1FF8, 0x1FF8, 0x1FF8, 0x1FF8, 0x1FF8, 0x1FF8,
  0x1FF8, 0x1FF8, 0x1FF8, 0x1FF8, 0x1FF8, 0x1FF8, 0x1FF8, 0x1FF8,
  0x1FF8, 0x1FF8, 0x1FF8, 0x1FF8, 0x1FF8, 0x1FF8, 0x0000, 0xE420,
  0xCE6A, 0xA939, 0xCA41, 0xAE5A, 0x8D5A, 0xAE62, 0xAE62, 0xA839,
  0x4108, 0x1FF8, 0x1FF8, 0x1FF8, 0x1FF8, 0x1FF8, 0x1FF8, 0x1FF8,
  0x1FF8, 0x1FF8, 0x1FF8, 0x1FF8, 0x1FF8, 0x1FF8, 0x1FF8, 0x1FF8,
  0x1FF8, 0x4D6B, 0x1FF8, 0x1FF8, 0x1FF8, 0x1FF8, 0x1FF8, 0x1FF8,
  0x1FF8, 0x1FF8, 0x1FF8, 0x1FF8, 0x1FF8, 0x1FF8, 0x1FF8, 0x1FF8,
  0x1FF8, 0x1FF8, 0x1FF8, 0x1FF8, 0x1FF8, 0x1FF8, 0x1FF8, 0x1FF8,
  0x1FF8, 0x1FF8, 0x1FF8, 0x1FF8, 0x1FF8, 0x1FF8, 0x1FF8, 0x1FF8,
  0x1FF8, 0x1FF8, 0x1FF8, 0x1FF8, 0x1FF8, 0x1FF8, 0x1FF8, 0x1FF8,
  0x1FF8, 0x1FF8, 0x1FF8, 0x1FF8, 0x1FF8, 0x1FF8, 0x1FF8, 0x1FF8,
  0x1FF8, 0x1FF8, 0x1FF8, 0x1FF8, 0x1FF8, 0x1FF8, 0x1FF8, 0x1FF8,
  0x1FF8, 0x1FF8, 0x1FF8, 0x1FF8, 0x6208, 0x2629, 0x8831, 0xCF62,
  0xAE62, 0x2B4A, 0xE420, 0x1FF8, 0x1FF8, 0x1FF8, 0x1FF8, 0x1FF8,
  0x1FF8, 0x1FF8, 0x1FF8, 0x1FF8, 0x1FF8, 0x1FF8, 0x1FF8, 0x1FF8,
  0x1FF8, 0x1FF8, 0x1FF8, 0x1FF8, 0xEF7B, 0x1FF8, 0x1FF8, 0x1FF8,
  0x1FF8, 0x1FF8, 0x1FF8, 0x1FF8, 0x1FF8, 0x1FF8, 0x1FF8, 0x1FF8,
  0x1FF8, 0x1FF8, 0x1FF8, 0x1FF8, 0x1FF8, 0x1FF8, 0x1FF8, 0x1FF8,
  0x1FF8, 0x1FF8, 0x1FF8, 0x1FF8, 0x1FF8, 0x1FF8, 0x1FF8, 0x1FF8,
  0x1FF8, 0x1FF8, 0x1FF8, 0x1FF8, 0x1FF8, 0x1FF8, 0x1FF8, 0x1FF8,
  0x1FF8, 0x1FF8, 0x1FF8, 0x1FF8, 0x1FF8, 0x1FF8, 0x1FF8, 0x1FF8,
  0x1FF8, 0x1FF8, 0x1FF8, 0x1FF8, 0x1FF8, 0x1FF8, 0x1FF8, 0x1FF8,
  0x1FF8, 0x1FF8, 0x1FF8, 0x1FF8, 0x1FF8, 0x1FF8, 0x1FF8, 0x1FF8,
  0x0000, 0x0000, 0x8831, 0x2B4A, 0x2629, 0x1FF8, 0x1FF8, 0x1FF8,
  0x1FF8, 0x1FF8, 0x1FF8, 0x1FF8, 0x1FF8, 0x1FF8, 0x1FF8, 0x1FF8,
  0x1FF8, 0x1FF8, 0x1FF8, 0x1FF8, 0x1FF8, 0x1FF8, 0x1FF8, 0x1FF8,
  0x6D6B, 0x1FF8, 0x1FF8, 0x1FF8, 0x1FF8, 0x1FF8, 0x1FF8, 0x1FF8,
  0x1FF8, 0x1FF8, 0x1FF8, 0x1FF8, 0x1FF8, 0x1FF8, 0x1FF8, 0x1FF8,
  0x1FF8, 0x1FF8, 0x1FF8, 0x1FF8, 0x1FF8, 0x1FF8, 0x1FF8, 0x1FF8,
  0x1FF8, 0x1FF8, 0x1FF8, 0x1FF8, 0x1FF8, 0x1FF8, 0x1FF8, 0x1FF8,
  0x1FF8, 0x1FF8, 0x1FF8, 0x1FF8, 0x1FF8, 0x1FF8, 0x1FF8, 0x1FF8,
  0x1FF8, 0x1FF8, 0x1FF8, 0x1FF8, 0x1FF8, 0x1FF8, 0x1FF8, 0x1FF8,
  0x1FF8, 0x1FF8, 0x1FF8, 0x1FF8, 0x1FF8, 0x1FF8, 0x1FF8, 0x1FF8,
  0x1FF8, 0x1FF8, 0x1FF8, 0x1FF8, 0x1FF8, 0x1FF8, 0x1FF8, 0x1FF8,
  0x1FF8, 0x1FF8, 0x1FF8, 0x1FF8, 0x1FF8, 0x1FF8, 0x1FF8, 0x1FF8,
  0x1FF8, 0x1FF8, 0x1FF8, 0x1FF8, 0x1FF8, 0x1FF8, 0x1FF8, 0x1FF8,
  0x1FF8, 0x1FF8, 0x1FF8, 0x1FF8,
};
static const shapoco::gfx2d::Texture tex_hoodie_b = {
  shapoco::gfx2d::PixelFormat::RGB565_SWAPPED, 84, 33, 168, tex_hoodie_bData,
};

alignas(4) static const uint16_t tex_r_sleeveData[] = {
  0x1FF8, 0x1FF8, 0x1FF8, 0x1FF8, 0x1FF8, 0x1FF8, 0x1FF8, 0x1FF8,
  0x1FF8, 0x1FF8, 0x1FF8, 0x1FF8, 0x1FF8, 0x1FF8, 0x1FF8, 0x1FF8,
  0x1FF8, 0x1FF8, 0x1FF8, 0x1FF8, 0x1FF8, 0x1FF8, 0x1FF8, 0x1FF8,
  0x1FF8, 0x1FF8, 0x1FF8, 0x1FF8, 0x1FF8, 0x1FF8, 0x1FF8, 0x1FF8,
  0x1FF8, 0x1FF8, 0x1FF8, 0x1FF8, 0x1FF8, 0x1FF8, 0x1FF8, 0x1FF8,
  0x1FF8, 0x1FF8, 0x1FF8, 0x1FF8, 0x1FF8, 0x1FF8, 0x1FF8, 0x1FF8,
  0x1FF8, 0x1FF8, 0x1FF8, 0x1FF8, 0x1FF8, 0x1FF8, 0x1FF8, 0x1FF8,
  0x1FF8, 0x1FF8, 0x1FF8, 0x1FF8, 0x1FF8, 0x1FF8, 0x1FF8, 0x1FF8,
  0x1FF8, 0x1FF8, 0x1FF8, 0x1FF8, 0x1FF8, 0x1FF8, 0x1FF8, 0x1FF8,
  0x1FF8, 0x1FF8, 0x1FF8, 0x1FF8, 0x1FF8, 0x1FF8, 0x1FF8, 0x1FF8,
  0x1FF8, 0x1FF8, 0x1FF8, 0x1FF8, 0x1FF8, 0x1FF8, 0x1FF8, 0x0000,
  0x0000, 0x2108, 0x0000, 0x0000, 0x0000, 0x2000, 0x0000, 0x0000,
  0x4108, 0x2000, 0x0000, 0x0000, 0xA318, 0x6529, 0x8629, 0xA731,
  0xC739, 0x8210, 0x0000, 0x2000, 0x0000, 0x0000, 0x0000, 0x0000,
  0x1FF8, 0x1FF8, 0x1FF8, 0x1FF8, 0x1FF8, 0x1FF8, 0x1FF8, 0x1FF8,
  0x1FF8, 0x1FF8, 0x1FF8, 0x1FF8, 0x1FF8, 0x1FF8, 0x1FF8, 0x1FF8,
  0x1FF8, 0x1FF8, 0x1FF8, 0x1FF8, 0x1FF8, 0x1FF8, 0x1FF8, 0x1FF8,
  0x0000, 0x0000, 0x0000, 0xA210, 0x8631, 0x8A4A, 0x107C, 0x149D,
  0xB7B5, 0x59C6, 0x1CDF, 0x5EE7, 0x94A4, 0xF293, 0xF293, 0xF29B,
  0xF293, 0xF293, 0xF293, 0xF29B, 0xF293, 0xF193, 0xF293, 0xF293,
  0xF193, 0xF293, 0xF193, 0xD193, 0xF293, 0xF5AC, 0x9BCE, 0xDBD6,
  0xDBD6, 0xFCDE, 0xDBD6, 0xFCD6, 0x5EE7, 0xFCDE, 0x3DE7, 0xFCD6,
  0x55A5, 0x3184, 0x6A4A, 0x8631, 0xC318, 0x0000, 0x1FF8, 0x1FF8,
  0x1FF8, 0x1FF8, 0x1FF8, 0x1FF8, 0x1FF8, 0x1FF8, 0x1FF8, 0x1FF8,
  0x1FF8, 0x1FF8, 0x1FF8, 0x1FF8, 0x0000, 0x7DEF, 0xFCDE, 0xDBD6,
  0xDBD6, 0xDBD6, 0xDBD6, 0xDBD6, 0xDBD6, 0xDBD6, 0xDBD6, 0xDBD6,
  0xB8BD, 0xF193, 0xF293, 0xF293, 0xF293, 0xF293, 0xF293, 0xF293,
  0xF293, 0xF293, 0xF293, 0xF293, 0xF293, 0xF293, 0xF293, 0xF293,
  0xF293, 0xF293, 0xF293, 0xF193, 0xB193, 0x129C, 0xBBCE, 0xDBD6,
  0xDBD6, 0xDBD6, 0xDBD6, 0xDBD6, 0xDBD6, 0xDBD6, 0xDBD6, 0xDBD6,
  0xDBD6, 0xDBD6, 0xCF73, 0x1FF8, 0x1FF8, 0x1FF8, 0x1FF8, 0x1FF8,
  0x1FF8, 0x1FF8, 0x1FF8, 0x1FF8, 0x1FF8, 0x1FF8, 0x1FF8, 0x1FF8,
  0x4108, 0x9EF7, 0x1CDF, 0xDBD6, 0xDBD6, 0xDBD6, 0xDBD6, 0xDBD6,
  0xDBD6, 0xDBD6, 0xDBD6, 0xDBD6, 0xFCD6, 0xD193, 0xF293, 0xF293,
  0xF293, 0xF293, 0xF293, 0xF293, 0xF293, 0xF293, 0xF293, 0xF293,
  0xF293, 0xF293, 0xF293, 0xF293, 0xF293, 0xF293, 0xF293, 0xF293,
  0xF293, 0xF293, 0xF293, 0x908B, 0xDBD6, 0xDBD6, 0xDBD6, 0xDBD6,
  0xDBD6, 0xDBD6, 0xDBD6, 0xDBD6, 0xDBD6, 0xDBD6, 0xDBD6, 0x0000,
  0x1FF8, 0x1FF8, 0x1FF8, 0x1FF8, 0x1FF8, 0x1FF8, 0x1FF8, 0x1FF8,
  0x1FF8, 0x1FF8, 0x1FF8, 0x1FF8, 0x0000, 0x9DEF, 0xDFF7, 0xDBD6,
  0xDBD6, 0xDBD6, 0xDBD6, 0xDBD6, 0xDBD6, 0xDBD6, 0xDBD6, 0xDBD6,
  0xFCD6, 0x539C, 0xF293, 0xF293, 0xF293, 0xF293, 0xF293, 0xF293,
  0xF293, 0xF293, 0xF293, 0xF293, 0xF293, 0xF293, 0xF293, 0xF293,
  0xF293, 0xF293, 0xF293, 0xF293, 0xF293, 0xF293, 0xF293, 0xF293,
  0xD193, 0xDCD6, 0xDBD6, 0xDBD6, 0xDBD6, 0xDBD6, 0xDBD6, 0xDBD6,
  0xDBD6, 0xDBD6, 0xDBD6, 0xFCD6, 0x1FF8, 0x1FF8, 0x1FF8, 0x1FF8,
  0x1FF8, 0x1FF8, 0x1FF8, 0x1FF8, 0x1FF8, 0x1FF8, 0x1FF8, 0x1FF8,
  0x1FF8, 0x1CE7, 0xBEF7, 0xCB5A, 0xDBD6, 0xDBD6, 0xDBD6, 0xDBD6,
  0xDBD6, 0xDBD6, 0xDBD6, 0xDBD6, 0xDBD6, 0xD8BD, 0xF193, 0xF293,
  0xF293, 0xF293, 0xF293, 0xF293, 0xF293, 0xF293, 0xF293, 0xF293,
  0xF293, 0xF293, 0xF293, 0xF293, 0xF293, 0xF293, 0xF293, 0xF293,
  0xF293, 0xF293, 0xF293, 0xF293, 0xD193, 0xD193, 0xFCD6, 0xDBD6,
  0xDBD6, 0xDBD6, 0xDBD6, 0xDBD6, 0xDBD6, 0xDBD6, 0xDBD6, 0xDBD6,
  0xCB5A, 0x1FF8, 0x1FF8, 0x1FF8, 0x1FF8, 0x1FF8, 0x1FF8, 0x1FF8,
  0x1FF8, 0x1FF8, 0x1FF8, 0x1FF8, 0x1FF8, 0x54A5, 0xFFFF, 0x8629,
  0x1CDF, 0xDBD6, 0xDBD6, 0xDBD6, 0xDBD6, 0xDBD6, 0xDBD6, 0xDBD6,
  0xDBD6, 0xFCD6, 0x908B, 0xF293, 0xF293, 0xF293, 0xF293, 0xF293,
  0xF293, 0xF293, 0xF293, 0xF293, 0xF293, 0xF293, 0xF293, 0xF293,
  0xF293, 0xF293, 0xF293, 0xF293, 0xF293, 0xF293, 0xD193, 0xB193,
  0x908B, 0x908B, 0x9ACE, 0xDBD6, 0xDBD6, 0xDBD6, 0xDBD6, 0xDBD6,
  0xDBD6, 0xDBD6, 0xDBD6, 0xDBD6, 0xDBD6, 0x0000, 0x1FF8, 0x1FF8,
  0x1FF8, 0x1FF8, 0x1FF8, 0x1FF8, 0x1FF8, 0x1FF8, 0x1FF8, 0x1FF8,
  0x1FF8, 0x4D6B, 0xFFFF, 0x8A52, 0x3DDF, 0xDBD6, 0xDBD6, 0xDBD6,
  0xDBD6, 0xDBD6, 0xDBD6, 0xDBD6, 0xDBD6, 0xDBD6, 0xDBD6, 0x908B,
  0xF293, 0xF293, 0xF293, 0xF293, 0xF293, 0xF293, 0xF293, 0xF293,
  0xF293, 0xF293, 0xF293, 0xF293, 0xF293, 0xF293, 0xF293, 0xF293,
  0xF293, 0xF293, 0xB18B, 0x908B, 0x908B, 0x908B, 0x39C6, 0x9BCE,
  0xDBD6, 0xDBD6, 0xDBD6, 0xDBD6, 0xDBD6, 0xDBD6, 0xDBD6, 0xDBD6,
  0xDBD6, 0xB7B5, 0x1FF8, 0x1FF8, 0x1FF8, 0x1FF8, 0x1FF8, 0x1FF8,
  0x1FF8, 0x1FF8, 0x1FF8, 0x1FF8, 0x1FF8, 0x0421, 0xFFFF, 0x38C6,
  0xF8B5, 0xDBD6, 0xDBD6, 0xDBD6, 0xDBD6, 0xDBD6, 0xDBD6, 0xDBD6,
  0xDBD6, 0xDBD6, 0xDBD6, 0xDBD6, 0xF293, 0xF293, 0xF293, 0xF293,
  0xF293, 0xF293, 0xF293, 0xF293, 0xF293, 0xF293, 0xF293, 0xF293,
  0xF293, 0xF293, 0xF293, 0xF293, 0xF293, 0xD193, 0x908B, 0x908B,
  0x908B, 0x908B, 0xB193, 0x39C6, 0xDBD6, 0xDBD6, 0xDBD6, 0xDBD6,
  0xDBD6, 0xDBD6, 0xDBD6, 0xDBD6, 0xDBD6, 0xDBD6, 0x2108, 0x1FF8,
  0x1FF8, 0x1FF8, 0x1FF8, 0x1FF8, 0x1FF8, 0x1FF8, 0x1FF8, 0x1FF8,
  0x1FF8, 0x0000, 0xDFFF, 0xFFFF, 0xC739, 0xDBD6, 0xDBD6, 0xDBD6,
  0xDBD6, 0xDBD6, 0xDBD6, 0xDBD6, 0xDBD6, 0xDBD6, 0xDBD6, 0xDBD6,
  0xDBD6, 0xF8C5, 0xF193, 0xF293, 0xF293, 0xF293, 0xF293, 0xF293,
  0xF293, 0xF293, 0xF293, 0xF293, 0xF293, 0xF293, 0xF293, 0xF293,
  0xF293, 0xB193, 0x908B, 0x908B, 0x908B, 0x908B, 0x4F83, 0x7ACE,
  0x39C6, 0xDBD6, 0xDBD6, 0xDBD6, 0xDBD6, 0xDBD6, 0xDBD6, 0xDBD6,
  0xDBD6, 0xDBD6, 0x59C6, 0x0000, 0x1FF8, 0x1FF8, 0x1FF8, 0x1FF8,
  0x1FF8, 0x1FF8, 0x1FF8, 0x1FF8, 0x1FF8, 0x1FF8, 0xDBDE, 0xFFFF,
  0x694A, 0x5EE7, 0xDBD6, 0xDBD6, 0xDBD6, 0xDBD6, 0xDBD6, 0xDBD6,
  0xDBD6, 0xDBD6, 0xDBD6, 0xDBD6, 0xDBD6, 0xDBD6, 0x1CDF, 0xB193,
  0xF293, 0xF293, 0xF293, 0xF293, 0xF293, 0xF293, 0xF293, 0xF293,
  0xF293, 0xF293, 0xF293, 0xF293, 0xF193, 0x908B, 0x908B, 0x908B,
  0x908B, 0x908B, 0x908B, 0x39C6, 0x39C6, 0x9ACE, 0xDBD6, 0xDBD6,
  0xDBD6, 0xDBD6, 0xDBD6, 0xDBD6, 0xDBD6, 0xDBD6, 0xDBD6, 0xEC5A,
  0x1FF8, 0x1FF8, 0x1FF8, 0x1FF8, 0x1FF8, 0x1FF8, 0x1FF8, 0x1FF8,
  0x1FF8, 0x1FF8, 0xAE73, 0xFFFF, 0x9DEF, 0x76A5, 0xDBD6, 0xDBD6,
  0xDBD6, 0xDBD6, 0xDBD6, 0xDBD6, 0xDBD6, 0xDBD6, 0xDBD6, 0xDBD6,
  0xDBD6, 0xDBD6, 0xDBD6, 0xDBD6, 0x15AD, 0xF293, 0xF293, 0xF293,
  0xF293, 0xF293, 0xF293, 0xF293, 0xF293, 0xF293, 0xF293, 0xF293,
  0xD193, 0x908B, 0x908B, 0x908B, 0x908B, 0x908B, 0x908B, 0x708B,
  0x39C6, 0x39C6, 0xDBD6, 0xDBD6, 0xDBD6, 0xDBD6, 0xDBD6, 0xDBD6,
  0xDBD6, 0xDBD6, 0xDBD6, 0xFCDE, 0x0000, 0x1FF8, 0x1FF8, 0x1FF8,
  0x1FF8, 0x1FF8, 0x1FF8, 0x1FF8, 0x1FF8, 0x1FF8, 0xC318, 0xFFFF,
  0xFFFF, 0xC318, 0xFCD6, 0xDBD6, 0xDBD6, 0xDBD6, 0xDBD6, 0xDBD6,
  0xDBD6, 0xDBD6, 0xDBD6, 0xDBD6, 0xDBD6, 0xDBD6, 0xDBD6, 0xDBD6,
  0xDBD6, 0xBBD6, 0xD193, 0xF293, 0xF293, 0xF293, 0xF293, 0xF293,
  0xF293, 0xF293, 0xF293, 0xF293, 0xB18B, 0x908B, 0x908B, 0x908B,
  0x908B, 0x908B, 0x908B, 0x908B, 0xB7BD, 0x39C6, 0x9BCE, 0xDBD6,
  0xDBD6, 0xDBD6, 0xDBD6, 0xDBD6, 0xDBD6, 0xDBD6, 0xDBD6, 0xDBD6,
  0xBBCE, 0x0000, 0x1FF8, 0x1FF8, 0x1FF8, 0x1FF8, 0x1FF8, 0x1FF8,
  0x1FF8, 0x1FF8, 0x1FF8, 0xFFFF, 0xFFFF, 0x3CE7, 0xDBD6, 0xDBD6,
  0xDBD6, 0xDBD6, 0xDBD6, 0xDBD6, 0xDBD6, 0xDBD6, 0xDBD6, 0xDBD6,
  0xDBD6, 0xDBD6, 0xDBD6, 0xDBD6, 0xDBD6, 0xDBD6, 0xDBD6, 0x73A4,
  0xF293, 0xF293, 0xF293, 0xF293, 0xF293, 0xF293, 0xF293, 0xD193,
  0x908B, 0x908B, 0x908B, 0x908B, 0x908B, 0x908B, 0x908B, 0x908B,
  0x708B, 0x39C6, 0x59C6, 0xDBD6, 0xDBD6, 0xDBD6, 0xDBD6, 0xDBD6,
  0xDBD6, 0xDBD6, 0xDBD6, 0xDBD6, 0xDBD6, 0x5184, 0x1FF8, 0x1FF8,
  0x1FF8, 0x1FF8, 0x1FF8, 0x1FF8, 0x1FF8, 0x1FF8, 0x1FF8, 0xE739,
  0xFFFF, 0xFFFF, 0x8210, 0xFCD6, 0xDBD6, 0xDBD6, 0xDBD6, 0xDBD6,
  0xDBD6, 0xDBD6, 0xDBD6, 0xDBD6, 0xDBD6, 0xDBD6, 0xDBD6, 0xDBD6,
  0xDBD6, 0xDBD6, 0xDBD6, 0xDBD6, 0x3DDF, 0xD193, 0xF293, 0xF293,
  0xF293, 0xF293, 0xF193, 0xD193, 0x908B, 0x908B, 0x908B, 0x908B,
  0x908B, 0x908B, 0x908B, 0x908B, 0x908B, 0xF8BD, 0x39C6, 0xDBD6,
  0xDBD6, 0xDBD6, 0xDBD6, 0xDBD6, 0xDBD6, 0xDBD6, 0xDBD6, 0xDBD6,
  0xDBD6, 0xFCD6, 0x6210, 0x1FF8, 0x1FF8, 0x1FF8, 0x1FF8, 0x1FF8,
  0x1FF8, 0x1FF8, 0x1FF8, 0x1FF8, 0xFFFF, 0xFFFF, 0xFFFF, 0xB7B5,
  0xDBD6, 0xDBD6, 0xDBD6, 0xDBD6, 0xDBD6, 0xDBD6, 0xDBD6, 0xDBD6,
  0xDBD6, 0xDBD6, 0xDBD6, 0xDBD6, 0xDBD6, 0xDBD6, 0xDBD6, 0xDBD6,
  0xDBD6, 0xDBD6, 0x77B5, 0xF193, 0xF293, 0xF293, 0xF293, 0x908B,
  0x908B, 0x908B, 0x908B, 0x908B, 0x908B, 0x908B, 0x908B, 0x908B,
  0x908B, 0x908B, 0x39C6, 0x9ACE, 0xDBD6, 0xDBD6, 0xDBD6, 0xDBD6,
  0xDBD6, 0xDBD6, 0xDBD6, 0xDBD6, 0xDBD6, 0xDBD6, 0x1DDF, 0x0000,
  0x1FF8, 0x1FF8, 0x1FF8, 0x1FF8, 0x1FF8, 0x1FF8, 0x1FF8, 0x1FF8,
  0xC739, 0xFFFF, 0xFFFF, 0x6529, 0x3DDF, 0xDBD6, 0xDBD6, 0xDBD6,
  0xDBD6, 0xDBD6, 0xDBD6, 0xDBD6, 0xDBD6, 0xDBD6, 0xDBD6, 0xDBD6,
  0xDBD6, 0xDBD6, 0xDBD6, 0xDBD6, 0xDBD6, 0xDBD6, 0xDBD6, 0xDCD6,
  0xF293, 0xF293, 0xD193, 0x908B, 0x908B, 0x908B, 0x908B, 0x908B,
  0x908B, 0x908B, 0x908B, 0x908B, 0x908B, 0x908B, 0x39C6, 0x5ACE,
  0xDBD6, 0xDBD6, 0xDBD6, 0xDBD6, 0xDBD6, 0xDBD6, 0xDBD6, 0xDBD6,
  0xDBD6, 0xDBD6, 0xDBD6, 0x55A5, 0x1FF8, 0x1FF8, 0x1FF8, 0x1FF8,
  0x1FF8, 0x1FF8, 0x1FF8, 0x1FF8, 0x1FF8, 0xF7BD, 0xFFFF, 0xFFFF,
  0x107C, 0xDBD6, 0xDBD6, 0xDBD6, 0xDBD6, 0xDBD6, 0xDBD6, 0xDBD6,
  0xDBD6, 0xDBD6, 0xDBD6, 0xDBD6, 0xDBD6, 0xDBD6, 0xDBD6, 0xDBD6,
  0xDBD6, 0xDBD6, 0xDBD6, 0xDBD6, 0xDBD6, 0xBBD6, 0x908B, 0x908B,
  0x908B, 0x908B, 0x908B, 0x908B, 0x908B, 0x908B, 0x908B, 0x908B,
  0x908B, 0x908B, 0x1294, 0x39C6, 0xDCD6, 0xDBD6, 0xDBD6, 0xDBD6,
  0xDBD6, 0xDBD6, 0xDBD6, 0xDBD6, 0xDBD6, 0xDBD6, 0xDBD6, 0xDBD6,
  0xE418, 0x1FF8, 0x1FF8, 0x1FF8, 0x1FF8, 0x1FF8, 0x1FF8, 0x1FF8,
  0x1FF8, 0x1FF8, 0xFFFF, 0xFFFF, 0x75AD, 0x7EE7, 0xDBD6, 0xDBD6,
  0xDBD6, 0xDBD6, 0xDBD6, 0xDBD6, 0xDBD6, 0xDBD6, 0xDBD6, 0xDBD6,
  0xDBD6, 0xDBD6, 0xDBD6, 0xDBD6, 0xDBD6, 0xDBD6, 0xDBD6, 0xDBD6,
  0xDBD6, 0xDBD6, 0x39C6, 0x19C6, 0x908B, 0x908B, 0x908B, 0x908B,
  0x908B, 0x908B, 0x908B, 0x908B, 0x908B, 0x908B, 0x708B, 0x59C6,
  0xBBD6, 0xDBD6, 0xDBD6, 0xDBD6, 0xDBD6, 0xDBD6, 0xDBD6, 0xDBD6,
  0xDBD6, 0xDBD6, 0xDBD6, 0xDBD6, 0x3DDF, 0x1FF8, 0x1FF8, 0x1FF8,
  0x1FF8, 0x1FF8, 0x1FF8, 0x1FF8, 0x1FF8, 0x1FF8, 0x0000, 0xFFFF,
  0xFFFF, 0xA310, 0xDCD6, 0xDBD6, 0xDBD6, 0xDBD6, 0xDBD6, 0xDBD6,
  0xDBD6, 0xDBD6, 0xDBD6, 0xDBD6, 0xDBD6, 0xDBD6, 0xDBD6, 0xDBD6,
  0xDBD6, 0xDBD6, 0xDBD6, 0xDBD6, 0xDBD6, 0xDBD6, 0x39C6, 0x39C6,
  0x39C6, 0x97BD, 0x908B, 0x908B, 0x908B, 0x908B, 0x908B, 0x908B,
  0x908B, 0x908B, 0x908B, 0xD5AC, 0x7ACE, 0xDBD6, 0xDBD6, 0xDBD6,
  0xDBD6, 0xDBD6, 0xDBD6, 0xDBD6, 0xDBD6, 0xDBD6, 0xDBD6, 0xDBD6,
  0xDBD6, 0x928C, 0x1FF8, 0x1FF8, 0x1FF8, 0x1FF8, 0x1FF8, 0x1FF8,
  0x1FF8, 0x1FF8, 0x1FF8, 0x2108, 0xFFFF, 0xFFFF, 0x8E6B, 0xDBD6,
  0xDBD6, 0xDBD6, 0xDBD6, 0xDBD6, 0xDBD6, 0xDBD6, 0xDBD6, 0xDBD6,
  0xDBD6, 0xDBD6, 0xDBD6, 0xDBD6, 0xDBD6, 0xDBD6, 0xDBD6, 0xDBD6,
  0xDBD6, 0x9BCE, 0x39C6, 0x39C6, 0x39C6, 0x39C6, 0x39C6, 0xB7BD,
  0x708B, 0x908B, 0x908B, 0x908B, 0x908B, 0x908B, 0x908B, 0x2F83,
  0x39C6, 0xDBD6, 0xDBD6, 0xDBD6, 0xDBD6, 0xDBD6, 0xDBD6, 0xDBD6,
  0xDBD6, 0xDBD6, 0xDBD6, 0xDBD6, 0xDBD6, 0xDBD6, 0x6210, 0x1FF8,
  0x1FF8, 0x1FF8, 0x1FF8, 0x1FF8, 0x1FF8, 0x1FF8, 0x1FF8, 0x1FF8,
  0x694A, 0xFFFF, 0xFFFF, 0x5AC6, 0xDBD6, 0xDBD6, 0xDBD6, 0xDBD6,
  0xDBD6, 0xDBD6, 0xDBD6, 0xDBD6, 0xDBD6, 0xDBD6, 0xDBD6, 0xDBD6,
  0xDBD6, 0xDBD6, 0xDBD6, 0xDBD6, 0xDBD6, 0x7ACE, 0x39C6, 0x39C6,
  0x39C6, 0x39C6, 0x39C6, 0x39C6, 0x39C6, 0x19C6, 0xB18B, 0x908B,
  0x908B, 0x908B, 0x908B, 0x6F8B, 0x39C6, 0xDBD6, 0xDBD6, 0xDBD6,
  0xDBD6, 0xDBD6, 0xDBD6, 0xDBD6, 0xDBD6, 0xDBD6, 0xDBD6, 0xDBD6,
  0xDBD6, 0xDBD6, 0x1CDF, 0x1FF8, 0x1FF8, 0x1FF8, 0x1FF8, 0x1FF8,
  0x1FF8, 0x1FF8, 0x1FF8, 0x1FF8, 0x1FF8, 0xB294, 0xFFFF, 0x59CE,
  0xDCD6, 0xDBD6, 0xDBD6, 0xDBD6, 0xDBD6, 0xDBD6, 0xDBD6, 0xDBD6,
  0xDBD6, 0xDBD6, 0xDBD6, 0xDBD6, 0xDBD6, 0xDBD6, 0xDBD6, 0xDBD6,
  0xDBD6, 0x5ACE, 0x39C6, 0x39C6, 0x39C6, 0x39C6, 0x39C6, 0x39C6,
  0x39C6, 0x39C6, 0x39C6, 0x5ACE, 0xF5AC, 0x4F83, 0x908B, 0xD193,
  0x56B5, 0xDBD6, 0xDBD6, 0xDBD6, 0xDBD6, 0xDBD6, 0xDBD6, 0xDBD6,
  0xDBD6, 0xDBD6, 0xDBD6, 0xDBD6, 0xDBD6, 0xDBD6, 0xDBD6, 0xBBCE,
  0x1FF8, 0x1FF8, 0x1FF8, 0x1FF8, 0x1FF8, 0x1FF8, 0x1FF8, 0x1FF8,
  0x1FF8, 0x1FF8, 0x1BDF, 0xFFFF, 0xAE73, 0x3DDF, 0xDBD6, 0xDBD6,
  0xDBD6, 0xDBD6, 0xDBD6, 0xDBD6, 0xDBD6, 0xDBD6, 0xDBD6, 0xDBD6,
  0xDBD6, 0xDBD6, 0xDBD6, 0xDBD6, 0xDBD6, 0x5AC6, 0x39C6, 0x39C6,
  0x39C6, 0x39C6, 0x39C6, 0x39C6, 0x39C6, 0x39C6, 0x39C6, 0x39C6,
  0x39C6, 0x39C6, 0xDBD6, 0x7ACE, 0x94A4, 0xDBD6, 0xDBD6, 0xDBD6,
  0xDBD6, 0xDBD6, 0xDBD6, 0xDBD6, 0xDBD6, 0xDBD6, 0xDBD6, 0xDBD6,
  0xDBD6, 0xDBD6, 0xDBD6, 0xDBD6, 0xEC5A, 0x1FF8, 0x1FF8, 0x1FF8,
  0x1FF8, 0x1FF8, 0x1FF8, 0x1FF8, 0x1FF8, 0x1FF8, 0x1FF8, 0x7DEF,
  0xFFFF, 0x0842, 0xDBD6, 0xDBD6, 0xDBD6, 0xDBD6, 0xDBD6, 0xDBD6,
  0xDBD6, 0xDBD6, 0xDBD6, 0xDBD6, 0xDBD6, 0xDBD6, 0xDBD6, 0xDBD6,
  0xDBD6, 0x39C6, 0x39C6, 0x39C6, 0x39C6, 0x39C6, 0x39C6, 0x39C6,
  0x39C6, 0x39C6, 0x39C6, 0x39C6, 0x5ACE, 0xDBD6, 0xDBD6, 0xDBD6,
  0xDBD6, 0xDBD6, 0xDBD6, 0xDBD6, 0xDBD6, 0xDBD6, 0xDBD6, 0xDBD6,
  0xDBD6, 0xDBD6, 0xDBD6, 0xDBD6, 0xDBD6, 0xDBD6, 0xDBD6, 0xDBD6,
  0xDBD6, 0x0000, 0x1FF8, 0x1FF8, 0x1FF8, 0x1FF8, 0x1FF8, 0x1FF8,
  0x1FF8, 0x1FF8, 0x1FF8, 0x1FF8, 0xFFFF, 0xFFFF, 0x0421, 0xDBD6,
  0xDBD6, 0xDBD6, 0xDBD6, 0xDBD6, 0xDBD6, 0xDBD6, 0xDBD6, 0xDBD6,
  0xDBD6, 0xDBD6, 0xDBD6, 0xDBD6, 0xDBD6, 0x5ACE, 0x39C6, 0x39C6,
  0x39C6, 0x39C6, 0x39C6, 0x39C6, 0x39C6, 0x39C6, 0x39C6, 0x9ACE,
  0xDBD6, 0xDBD6, 0xDBD6, 0xDBD6, 0xDBD6, 0xDBD6, 0xDBD6, 0xDBD6,
  0xDBD6, 0xDBD6, 0xDBD6, 0xDBD6, 0xDBD6, 0xDBD6, 0xDBD6, 0xDBD6,
  0xDBD6, 0xDBD6, 0xDBD6, 0xDBD6, 0xDBD6, 0xDCD6, 0x1FF8, 0x1FF8,
  0x1FF8, 0x1FF8, 0x1FF8, 0x1FF8, 0x1FF8, 0x1FF8, 0x1FF8, 0x1FF8,
  0x0000, 0xFFFF, 0xFFFF, 0x2521, 0xDBD6, 0xDBD6, 0xDBD6, 0xDBD6,
  0xDBD6, 0xDBD6, 0xDBD6, 0xDBD6, 0xDBD6, 0xDBD6, 0xDBD6, 0xDBD6,
  0xDBD6, 0x9ACE, 0x39C6, 0x39C6, 0x39C6, 0x39C6, 0x39C6, 0x39C6,
  0x39C6, 0x39C6, 0xBBD6, 0xDBD6, 0xDBD6, 0xDBD6, 0xDBD6, 0xDBD6,
  0xDBD6, 0xDBD6, 0xDBD6, 0xDBD6, 0xDBD6, 0xDBD6, 0xDBD6, 0xDBD6,
  0xDBD6, 0xDBD6, 0xDBD6, 0xDBD6, 0xDBD6, 0xDBD6, 0xDBD6, 0xDBD6,
  0xDBD6, 0xDBD6, 0xAB52, 0x1FF8, 0x1FF8, 0x1FF8, 0x1FF8, 0x1FF8,
  0x1FF8, 0x1FF8, 0x1FF8, 0x1FF8, 0x1FF8, 0x0000, 0xFFFF, 0xFFFF,
  0xC318, 0xBBD6, 0xDBD6, 0xDBD6, 0xDBD6, 0xDBD6, 0xDBD6, 0xDBD6,
  0xDBD6, 0xDBD6, 0xDBD6, 0xDBD6, 0xDBD6, 0xDBD6, 0x39C6, 0x39C6,
  0x39C6, 0x39C6, 0x39C6, 0x39C6, 0x9ACE, 0xDBD6, 0xDBD6, 0xDBD6,
  0xDBD6, 0xDBD6, 0xDBD6, 0xDBD6, 0xDBD6, 0xDBD6, 0xDBD6, 0xDBD6,
  0xDBD6, 0xDBD6, 0xDBD6, 0xDBD6, 0xDBD6, 0xDBD6, 0xDBD6, 0xDBD6,
  0xDBD6, 0xDBD6, 0xDBD6, 0xDBD6, 0xDBD6, 0xDBD6, 0xFCD6, 0x0000,
  0x1FF8, 0x1FF8, 0x1FF8, 0x1FF8, 0x1FF8, 0x1FF8, 0x1FF8, 0x1FF8,
  0x1FF8, 0x1FF8, 0x0000, 0xFFFF, 0xFFFF, 0xE318, 0xDBD6, 0xDBD6,
  0xDBD6, 0xDBD6, 0xDBD6, 0xDBD6, 0xDBD6, 0xDBD6, 0xDBD6, 0xDBD6,
  0xDBD6, 0xDBD6, 0x39C6, 0x39C6, 0x39C6, 0x39C6, 0x39C6, 0xBBCE,
  0xDBD6, 0xDBD6, 0xDBD6, 0xDBD6, 0xDBD6, 0xDBD6, 0xBBD6, 0x9BCE,
  0x5AC6, 0x39C6, 0x39C6, 0xDBD6, 0xDBD6, 0xDBD6, 0xDBD6, 0xDBD6,
  0xDBD6, 0xDBD6, 0xDBD6, 0xDBD6, 0xDBD6, 0xDBD6, 0xDBD6, 0xDBD6,
  0xDBD6, 0xDBD6, 0xDBD6, 0x59C6, 0x1FF8, 0x1FF8, 0x1FF8, 0x1FF8,
  0x1FF8, 0x1FF8, 0x1FF8, 0x1FF8, 0x1FF8, 0x1FF8, 0x1FF8, 0x0000,
  0xFFFF, 0xFFFF, 0x4529, 0xDBD6, 0xDBD6, 0xDBD6, 0xDBD6, 0xDBD6,
  0xDBD6, 0xDBD6, 0xDBD6, 0xDBD6, 0xDBD6, 0xDBD6, 0x7ACE, 0x39C6,
  0x39C6, 0x5AC6, 0xBBD6, 0xDBD6, 0xDBD6, 0xDBD6, 0xDBD6, 0xDBD6,
  0xDBD6, 0x9BCE, 0x39C6, 0x39C6, 0x39C6, 0x39C6, 0x39C6, 0x39C6,
  0xBBD6, 0xDBD6, 0xDBD6, 0xDBD6, 0xDBD6, 0xDBD6, 0xDBD6, 0xDBD6,
  0xDBD6, 0xDBD6, 0xDBD6, 0xDBD6, 0xDBD6, 0xDBD6, 0xDBD6, 0xDBD6,
  0x494A, 0x1FF8, 0x1FF8, 0x1FF8, 0x1FF8, 0x1FF8, 0x1FF8, 0x1FF8,
  0x1FF8, 0x1FF8, 0x1FF8, 0x1FF8, 0x0000, 0xFFFF, 0xFFFF, 0x0421,
  0xDBD6, 0xDBD6, 0xDBD6, 0xDBD6, 0xDBD6, 0xDBD6, 0xDBD6, 0xDBD6,
  0xDBD6, 0xDBD6, 0xDBD6, 0x39C6, 0x5ACE, 0xDBD6, 0xDBD6, 0xDBD6,
  0xDBD6, 0xDBD6, 0xDBD6, 0xDBD6, 0x9ACE, 0x39C6, 0x39C6, 0x39C6,
  0x39C6, 0x39C6, 0x39C6, 0x39C6, 0x39C6, 0xBBCE, 0xDBD6, 0xDBD6,
  0xDBD6, 0xDBD6, 0xDBD6, 0xDBD6, 0xDBD6, 0xDBD6, 0xDBD6, 0xDBD6,
  0xDBD6, 0xDBD6, 0xDBD6, 0xDBD6, 0xDCD6, 0x0000, 0x1FF8, 0x1FF8,
  0x1FF8, 0x1FF8, 0x1FF8, 0x1FF8, 0x1FF8, 0x1FF8, 0x1FF8, 0x1FF8,
  0x1FF8, 0x0000, 0xFFFF, 0xFFFF, 0xA310, 0xDBD6, 0xDBD6, 0xDBD6,
  0xDBD6, 0xDBD6, 0xDBD6, 0xDBD6, 0xDBD6, 0xDBD6, 0xDBD6, 0xDBD6,
  0xDBD6, 0xDBD6, 0xDBD6, 0xDBD6, 0xDBD6, 0xDBD6, 0xDBD6, 0x5AC6,
  0x39C6, 0x39C6, 0x39C6, 0x39C6, 0x39C6, 0x39C6, 0x39C6, 0x39C6,
  0x39C6, 0x39C6, 0xBBD6, 0xDBD6, 0xDBD6, 0xDBD6, 0xDBD6, 0xDBD6,
  0xDBD6, 0xDBD6, 0xDBD6, 0xDBD6, 0xDBD6, 0xDBD6, 0xDBD6, 0xDBD6,
  0xDBD6, 0x7ACE, 0x0000, 0x1FF8, 0x1FF8, 0x1FF8, 0x1FF8, 0x1FF8,
  0x1FF8, 0x1FF8, 0x1FF8, 0x1FF8, 0x1FF8, 0x1FF8, 0x0000, 0xFFFF,
  0xFFFF, 0xE318, 0xDBD6, 0xDBD6, 0xDBD6, 0xDBD6, 0xDBD6, 0xDBD6,
  0xDBD6, 0xDBD6, 0xDBD6, 0xDBD6, 0xDBD6, 0xDBD6, 0xDBD6, 0xDBD6,
  0xDBD6, 0xBBD6, 0x39C6, 0x39C6, 0x39C6, 0x39C6, 0x39C6, 0x39C6,
  0x39C6, 0x39C6, 0x39C6, 0x39C6, 0x39C6, 0x39C6, 0x39C6, 0xBBD6,
  0xDBD6, 0xDBD6, 0xDBD6, 0xDBD6, 0xDBD6, 0xDBD6, 0xDBD6, 0xDBD6,
  0xDBD6, 0xDBD6, 0xDBD6, 0xDBD6, 0xDBD6, 0xDBD6, 0x928C, 0x1FF8,
  0x1FF8, 0x1FF8, 0x1FF8, 0x1FF8, 0x1FF8, 0x1FF8, 0x1FF8, 0x1FF8,
  0x1FF8, 0x1FF8, 0x1FF8, 0x1FF8, 0xFFFF, 0xFFFF, 0x6529, 0xDCD6,
  0xDBD6, 0xDBD6, 0xDBD6, 0xDBD6, 0xDBD6, 0xDBD6, 0xDBD6, 0xDBD6,
  0xDBD6, 0xDBD6, 0xDBD6, 0xDBD6, 0x9BCE, 0x39C6, 0x39C6, 0x39C6,
  0x39C6, 0x39C6, 0x39C6, 0x39C6, 0x39C6, 0x39C6, 0x39C6, 0x39C6,
  0x39C6, 0x39C6, 0x39C6, 0x39C6, 0xDBD6, 0xDBD6, 0xDBD6, 0xDBD6,
  0xDBD6, 0xDBD6, 0xDBD6, 0xDBD6, 0xDBD6, 0xDBD6, 0xDBD6, 0xDBD6,
  0xDBD6, 0xDBD6, 0xFCD6, 0x4108, 0x1FF8, 0x1FF8, 0x1FF8, 0x1FF8,
  0x1FF8, 0x1FF8, 0x1FF8, 0x1FF8, 0x1FF8, 0x1FF8, 0x1FF8, 0x1FF8,
  0x1FF8, 0xFFFF, 0xFFFF, 0x694A, 0xFCDE, 0xDBD6, 0xDBD6, 0xDBD6,
  0xDBD6, 0xDBD6, 0xDBD6, 0xDBD6, 0xDBD6, 0xDBD6, 0xDBD6, 0x9BCE,
  0x39C6, 0x39C6, 0x39C6, 0x39C6, 0x39C6, 0x39C6, 0x39C6, 0x39C6,
  0x39C6, 0x39C6, 0x39C6, 0x39C6, 0x39C6, 0x39C6, 0x39C6, 0x39C6,
  0x39C6, 0xDBD6, 0xDBD6, 0xDBD6, 0xDBD6, 0xDBD6, 0xDBD6, 0xDBD6,
  0xDBD6, 0xDBD6, 0xDBD6, 0xDBD6, 0xDBD6, 0xDBD6, 0xDBD6, 0x1CDF,
  0x0000, 0x1FF8, 0x1FF8, 0x1FF8, 0x1FF8, 0x1FF8, 0x1FF8, 0x1FF8,
  0x1FF8, 0x1FF8, 0x1FF8, 0x1FF8, 0x1FF8, 0x1FF8, 0x7DEF, 0xFFFF,
  0x8E73, 0xFCD6, 0xDBD6, 0xDBD6, 0xDBD6, 0xDBD6, 0xDBD6, 0xDBD6,
  0xDBD6, 0xDBD6, 0xBBCE, 0x19C6, 0x39C6, 0x39C6, 0x39C6, 0x39C6,
  0x39C6, 0x39C6, 0x39C6, 0x39C6, 0x39C6, 0x39C6, 0x39C6, 0x39C6,
  0x39C6, 0x39C6, 0x39C6, 0x39C6, 0x39C6, 0x39C6, 0xDBD6, 0xDBD6,
  0xDBD6, 0xDBD6, 0xDBD6, 0xDBD6, 0xDBD6, 0xDBD6, 0xDBD6, 0xDBD6,
  0xDBD6, 0xDBD6, 0xDBD6, 0xDBD6, 0xF49C, 0x1FF8, 0x1FF8, 0x1FF8,
  0x1FF8, 0x1FF8, 0x1FF8, 0x1FF8, 0x1FF8, 0x1FF8, 0x1FF8, 0x1FF8,
  0x1FF8, 0x1FF8, 0x1FF8, 0xBAD6, 0xFFFF, 0x34A5, 0xBBCE, 0xDBD6,
  0xDBD6, 0xDBD6, 0xDBD6, 0xDBD6, 0xDBD6, 0xBBD6, 0x39C6, 0x39C6,
  0x39C6, 0x39C6, 0x39C6, 0x39C6, 0x39C6, 0x39C6, 0x39C6, 0x39C6,
  0x39C6, 0x39C6, 0x39C6, 0x39C6, 0x39C6, 0x39C6, 0x39C6, 0x39C6,
  0x39C6, 0x39C6, 0x39C6, 0xDBD6, 0xDBD6, 0xDBD6, 0xDBD6, 0xDBD6,
  0xDBD6, 0xDBD6, 0xDBD6, 0xDBD6, 0xDBD6, 0xDBD6, 0xDBD6, 0xDBD6,
  0x3DE7, 0x0000, 0x1FF8, 0x1FF8, 0x1FF8, 0x1FF8, 0x1FF8, 0x1FF8,
  0x1FF8, 0x1FF8, 0x1FF8, 0x1FF8, 0x1FF8, 0x1FF8, 0x1FF8, 0x1FF8,
  0x518C, 0xFFFF, 0x1BDF, 0xD7B5, 0xDBD6, 0xDBD6, 0xDBD6, 0xDBD6,
  0xDBD6, 0x7ACE, 0x39C6, 0x39C6, 0x39C6, 0x39C6, 0x39C6, 0x39C6,
  0x39C6, 0x39C6, 0x39C6, 0x39C6, 0x39C6, 0x39C6, 0x39C6, 0x39C6,
  0x39C6, 0x39C6, 0x39C6, 0x39C6, 0x39C6, 0x39C6, 0x39C6, 0x5ACE,
  0xDBD6, 0xDBD6, 0xDBD6, 0xDBD6, 0xDBD6, 0xDBD6, 0xDBD6, 0xDBD6,
  0xDBD6, 0xDBD6, 0xDBD6, 0xDBD6, 0xD8B5, 0x4529, 0x0000, 0x1FF8,
  0x1FF8, 0x1FF8, 0x1FF8, 0x1FF8, 0x1FF8, 0x1FF8, 0x1FF8, 0x1FF8,
  0x1FF8, 0x1FF8, 0x1FF8, 0x1FF8, 0x1FF8, 0x6210, 0xFFFF, 0xFFFF,
  0x2D63, 0xDBD6, 0xDBD6, 0xDBD6, 0xDBD6, 0x39C6, 0x39C6, 0x39C6,
  0x39C6, 0x39C6, 0x39C6, 0x39C6, 0x39C6, 0x39C6, 0x39C6, 0x39C6,
  0x39C6, 0x39C6, 0x39C6, 0x39C6, 0x39C6, 0x39C6, 0x39C6, 0x39C6,
  0x39C6, 0x39C6, 0x39C6, 0x39C6, 0x9BCE, 0xDBD6, 0xDBD6, 0xDBD6,
  0xDBD6, 0xDBD6, 0xDBD6, 0xDBD6, 0xDBD6, 0xDBD6, 0x3DDF, 0x7ACE,
  0x6108, 0x1FF8, 0x1FF8, 0x1FF8, 0x1FF8, 0x1FF8, 0x1FF8, 0x1FF8,
  0x1FF8, 0x1FF8, 0x1FF8, 0x1FF8, 0x1FF8, 0x1FF8, 0x1FF8, 0x1FF8,
  0x1FF8, 0x1FF8, 0x0000, 0xFFFF, 0xFFFF, 0xA318, 0xDBD6, 0xDBD6,
  0xDBD6, 0x39C6, 0x39C6, 0x39C6, 0x39C6, 0x39C6, 0x39C6, 0x39C6,
  0x39C6, 0x39C6, 0x39C6, 0x39C6, 0x39C6, 0x39C6, 0x39C6, 0x39C6,
  0x39C6, 0x39C6, 0x39C6, 0x39C6, 0x39C6, 0x39C6, 0x39C6, 0x39C6,
  0x39C6, 0xBBD6, 0xDBD6, 0xDBD6, 0xDBD6, 0xDBD6, 0xDBD6, 0xDBD6,
  0x1CDF, 0x7AC6, 0xAA52, 0x0000, 0x1FF8, 0x1FF8, 0x1FF8, 0x1FF8,
  0x1FF8, 0x1FF8, 0x1FF8, 0x1FF8, 0x1FF8, 0x1FF8, 0x1FF8, 0x1FF8,
  0x1FF8, 0x1FF8, 0x1FF8, 0x1FF8, 0x1FF8, 0x1FF8, 0x1FF8, 0x1FF8,
  0x7DEF, 0xFFFF, 0x1084, 0xBBCE, 0xBBCE, 0x39C6, 0x39C6, 0x39C6,
  0x39C6, 0x39C6, 0x39C6, 0x39C6, 0x39C6, 0x39C6, 0x39C6, 0x39C6,
  0x39C6, 0x39C6, 0x39C6, 0x39C6, 0x39C6, 0x39C6, 0x39C6, 0x39C6,
  0x39C6, 0x39C6, 0x39C6, 0x39C6, 0x39C6, 0x39C6, 0xDBD6, 0xDBD6,
  0xDBD6, 0xFCD6, 0x9BCE, 0x55A5, 0x494A, 0x4108, 0x1FF8, 0x1FF8,
  0x1FF8, 0x1FF8, 0x1FF8, 0x1FF8, 0x1FF8, 0x1FF8, 0x1FF8, 0x1FF8,
  0x1FF8, 0x1FF8, 0x1FF8, 0x1FF8, 0x1FF8, 0x1FF8, 0x1FF8, 0x1FF8,
  0x1FF8, 0x1FF8, 0x1FF8, 0x1FF8, 0x1FF8, 0x1FF8, 0x2000, 0xC739,
  0xEC5A, 0x15A5, 0xB7B5, 0x5ACE, 0x9BD6, 0x39C6, 0x39C6, 0x39C6,
  0x39C6, 0x39C6, 0x39C6, 0x39C6, 0x39C6, 0x39C6, 0x39C6, 0x39C6,
  0x39C6, 0x39C6, 0x39C6, 0x39C6, 0x39C6, 0x39C6, 0x39C6, 0x39C6,
  0x5ACE, 0xBBD6, 0xDCDE, 0x35A5, 0xEC5A, 0x2521, 0x2108, 0x1FF8,
  0x1FF8, 0x1FF8, 0x1FF8, 0x1FF8, 0x1FF8, 0x1FF8, 0x1FF8, 0x1FF8,
  0x1FF8, 0x1FF8, 0x1FF8, 0x1FF8, 0x1FF8, 0x1FF8, 0x1FF8, 0x1FF8,
  0x1FF8, 0x1FF8, 0x1FF8, 0x1FF8, 0x1FF8, 0x1FF8, 0x1FF8, 0x1FF8,
  0x1FF8, 0x1FF8, 0x1FF8, 0x1FF8, 0x1FF8, 0x1FF8, 0x1FF8, 0x1FF8,
  0x0000, 0x0000, 0x0000, 0x0000, 0x0421, 0x0421, 0xA318, 0x4529,
  0x8631, 0xC739, 0xCB5A, 0x6E6B, 0xCF7B, 0xAF73, 0x4D6B, 0xAB5A,
  0xE839, 0x6629, 0x6629, 0xE318, 0x0000, 0x0000, 0x1FF8, 0x1FF8,
  0x1FF8, 0x1FF8, 0x1FF8, 0x1FF8, 0x1FF8, 0x1FF8, 0x1FF8, 0x1FF8,
  0x1FF8, 0x1FF8, 0x1FF8, 0x1FF8, 0x1FF8, 0x1FF8, 0x1FF8, 0x1FF8,
  0x1FF8, 0x1FF8, 0x1FF8, 0x1FF8, 0x1FF8, 0x1FF8, 0x1FF8, 0x1FF8,
  0x1FF8, 0x1FF8, 0x1FF8, 0x1FF8, 0x1FF8, 0x1FF8, 0x1FF8, 0x1FF8,
  0x1FF8, 0x1FF8, 0x1FF8, 0x1FF8, 0x1FF8, 0x1FF8, 0x1FF8, 0x1FF8,
  0x1FF8, 0x1FF8, 0x1FF8, 0x1FF8, 0x1FF8, 0x1FF8, 0x1FF8, 0x1FF8,
  0x1FF8, 0x1FF8, 0x1FF8, 0x1FF8, 0x1FF8, 0x1FF8, 0x1FF8, 0x1FF8,
  0x1FF8, 0x1FF8, 0x1FF8, 0x1FF8, 0x1FF8, 0x1FF8, 0x1FF8, 0x1FF8,
  0x1FF8, 0x1FF8, 0x1FF8, 0x1FF8, 0x1FF8, 0x1FF8, 0x1FF8, 0x1FF8,
  0x1FF8, 0x1FF8, 0x1FF8, 0x1FF8, 0x1FF8, 0x1FF8, 0x1FF8, 0x1FF8,
  0x1FF8, 0x1FF8, 0x1FF8, 0x1FF8, 0x1FF8, 0x1FF8, 0x1FF8, 0x1FF8,
  0x1FF8,
};
static const shapoco::gfx2d::Texture tex_r_sleeve = {
  shapoco::gfx2d::PixelFormat::RGB565_SWAPPED, 61, 45, 122, tex_r_sleeveData,
};

alignas(4) static const uint16_t tex_hood_bData[] = {
  0x1FF8, 0x1FF8, 0x1FF8, 0x1FF8, 0x1FF8, 0x1FF8, 0x1FF8, 0x1FF8,
  0x1FF8, 0x1FF8, 0x1FF8, 0x1FF8, 0x1FF8, 0x1FF8, 0x1FF8, 0x1FF8,
  0x1FF8, 0x1FF8, 0x1FF8, 0x1FF8, 0x1FF8, 0x1FF8, 0x1FF8, 0x1FF8,
  0x1FF8, 0x1FF8, 0x1FF8, 0x1FF8, 0x1FF8, 0x1FF8, 0x1FF8, 0x1FF8,
  0x1FF8, 0x1FF8, 0x1FF8, 0x1FF8, 0x1FF8, 0x1FF8, 0x1FF8, 0x1FF8,
  0x1FF8, 0x1FF8, 0x1FF8, 0x1FF8, 0x1FF8, 0x1FF8, 0x1FF8, 0x1FF8,
  0x1FF8, 0x1FF8, 0x1FF8, 0x1FF8, 0x1FF8, 0x1FF8, 0x1FF8, 0x1FF8,
  0x1FF8, 0x1FF8, 0x1FF8, 0x1FF8, 0x1FF8, 0x1FF8, 0x1FF8, 0x1FF8,
  0x1FF8, 0x1FF8, 0x1FF8, 0x1FF8, 0x1FF8, 0x1FF8, 0x1FF8, 0x1FF8,
  0x1FF8, 0x1FF8, 0x1FF8, 0x1FF8, 0x1FF8, 0x1FF8, 0x1FF8, 0x1FF8,
  0x1FF8, 0x1FF8, 0x1FF8, 0x1FF8, 0x1FF8, 0x1FF8, 0x1FF8, 0x1FF8,
  0x1FF8, 0x1FF8, 0x1FF8, 0x1FF8, 0x1FF8, 0x1FF8, 0x1FF8, 0x1FF8,
  0x1FF8, 0x1FF8, 0x1FF8, 0x1FF8, 0x1FF8, 0x1FF8, 0x1FF8, 0x1FF8,
  0x1FF8, 0x1FF8, 0x1FF8, 0x1FF8, 0x1FF8, 0x1FF8, 0x1FF8, 0x1FF8,
  0x1FF8, 0x1FF8, 0x1FF8, 0x1FF8, 0x1FF8, 0x1FF8, 0x1FF8, 0x1FF8,
  0x1FF8, 0x1FF8, 0x1FF8, 0x1FF8, 0x1FF8, 0x0000, 0x1FF8, 0x1FF8,
  0x1FF8, 0x1FF8, 0x1FF8, 0x1FF8, 0x1FF8, 0x1FF8, 0x1FF8, 0x1FF8,
  0x1FF8, 0x1FF8, 0x1FF8, 0x1FF8, 0x1FF8, 0x1FF8, 0x1FF8, 0x1FF8,
  0x1FF8, 0x1FF8, 0x1FF8, 0x1FF8, 0x1FF8, 0x1FF8, 0x1FF8, 0x1FF8,
  0x1FF8, 0x1FF8, 0x8210, 0xE839, 0x1FF8, 0x1FF8, 0x1FF8, 0x1FF8,
  0x1FF8, 0x1FF8, 0x1FF8, 0x1FF8, 0x1FF8, 0x1FF8, 0x1FF8, 0x1FF8,
  0x1FF8, 0x1FF8, 0x1FF8, 0x1FF8, 0x1FF8, 0x1FF8, 0x1FF8, 0x1FF8,
  0x1FF8, 0x1FF8, 0x1FF8, 0x0000, 0x0000, 0x8631, 0x6E6B, 0x928C,
  0x55A5, 0xB7B5, 0x39C6, 0x5AC6, 0x18BE, 0xDBD6, 0x1CDF, 0x1CDF,
  0x3DDF, 0x1DDF, 0xDCD6, 0x39C6, 0xF8B5, 0x149D, 0x6629, 0x0000,
  0x1FF8, 0x1FF8, 0x1FF8, 0x1FF8, 0x1FF8, 0x1FF8, 0x1FF8, 0x1FF8,
  0x1FF8, 0x1FF8, 0x1FF8, 0x1FF8, 0x1FF8, 0x1FF8, 0x1FF8, 0x1FF8,
  0x1FF8, 0x1FF8, 0x1FF8, 0x1FF8, 0x0000, 0x1CDF, 0xDBD6, 0x5DE7,
  0x1084, 0xA210, 0x1FF8, 0x1FF8, 0x1FF8, 0x1FF8, 0x1FF8, 0x1FF8,
  0x1FF8, 0x1FF8, 0x1FF8, 0x1FF8, 0x1FF8, 0x1FF8, 0x1FF8, 0x1FF8,
  0x1FF8, 0x1FF8, 0x0421, 0xA210, 0x3184, 0x7AC6, 0xFCDE, 0xDCD6,
  0xDBD6, 0xDBD6, 0xDBD6, 0xDBD6, 0xDCD6, 0xBBD6, 0x96D5, 0xD3D4,
  0x10D4, 0x4ED3, 0x2DD3, 0x0DD3, 0xCCD2, 0xCCD2, 0xECD2, 0xECDA,
  0x2952, 0xFCD6, 0x2008, 0x1FF8, 0x1FF8, 0x1FF8, 0x1FF8, 0x1FF8,
  0x1FF8, 0x1FF8, 0x1FF8, 0x1FF8, 0x1FF8, 0x1FF8, 0x1FF8, 0x1FF8,
  0x1FF8, 0x1FF8, 0x1FF8, 0x1FF8, 0x1FF8, 0x1FF8, 0x0000, 0xDBD6,
  0x7EE7, 0x5EE7, 0xFCD6, 0xDBD6, 0xFCD6, 0x9ACE, 0x55A5, 0x2421,
  0x0000, 0x1FF8, 0x1FF8, 0x1FF8, 0x1FF8, 0x1FF8, 0x1FF8, 0x1FF8,
  0x1FF8, 0x1FF8, 0x1FF8, 0x0000, 0x9294, 0xFCD6, 0xDBD6, 0xDBD6,
  0xDBD6, 0xDBD6, 0xDBD6, 0xDBD6, 0xDBD6, 0x3DD7, 0x4ED3, 0xECD2,
  0xECD2, 0xECD2, 0xECD2, 0xECD2, 0xECD2, 0xECD2, 0xECD2, 0xECD2,
  0xECD2, 0xECD2, 0x4559, 0xBBD6, 0x5DE7, 0xE418, 0x1FF8, 0x1FF8,
  0x1FF8, 0x1FF8, 0x1FF8, 0x1FF8, 0x1FF8, 0x1FF8, 0x1FF8, 0x1FF8,
  0x1FF8, 0x1FF8, 0x1FF8, 0x1FF8, 0x1FF8, 0x1FF8, 0x1FF8, 0x1FF8,
  0x1FF8, 0x0842, 0x3184, 0x55A5, 0xCF73, 0xC318, 0x6629, 0x359D,
  0x9BCE, 0xDBD6, 0xDBD6, 0x7EE7, 0x0421, 0x1FF8, 0x1FF8, 0x1FF8,
  0x1FF8, 0x1FF8, 0x1FF8, 0x1FF8, 0xC318, 0x7ACE, 0x1CDF, 0xDBD6,
  0xDBD6, 0xDBD6, 0xDBD6, 0xDBD6, 0xDBD6, 0xDBD6, 0xDBD6, 0xDBD6,
  0xF4BC, 0x6220, 0xECD2, 0xECD2, 0xECD2, 0xECD2, 0x0DDB, 0xA771,
  0x0DDB, 0xECD2, 0xECD2, 0x0DDB, 0x4561, 0x59C6, 0xDBD6, 0x3DDF,
  0x1FF8, 0x1FF8, 0x1FF8, 0x1FF8, 0x1FF8, 0x1FF8, 0x1FF8, 0x1FF8,
  0x1FF8, 0x1FF8, 0x1FF8, 0x1FF8, 0x1FF8, 0x1FF8, 0x1FF8, 0x1FF8,
  0x1FF8, 0x1FF8, 0x1FF8, 0xCB52, 0xFCD6, 0xDBD6, 0xDBD6, 0xDBD6,
  0xDBD6, 0x3DDF, 0x1CDF, 0xCB5A, 0x6629, 0x76AD, 0x1CDF, 0x1DDF,
  0x107C, 0x0000, 0x1FF8, 0x1FF8, 0x1FF8, 0xC318, 0x18BE, 0xDBD6,
  0xDBD6, 0xDBD6, 0xDBD6, 0xDBD6, 0xDBD6, 0xDBD6, 0xDBD6, 0xDBD6,
  0xDBD6, 0xDBD6, 0xDBD6, 0x2140, 0xC731, 0xECD2, 0xECD2, 0xECD2,
  0x0DDB, 0xE330, 0x6541, 0x0DDB, 0xECD2, 0x0DDB, 0xC350, 0xB7B5,
  0xDBD6, 0xDBD6, 0x3184, 0x1FF8, 0x1FF8, 0x1FF8, 0x1FF8, 0x1FF8,
  0x1FF8, 0x1FF8, 0x1FF8, 0x1FF8, 0x1FF8, 0x1FF8, 0x1FF8, 0x1FF8,
  0x1FF8, 0x1FF8, 0x1FF8, 0x1FF8, 0x1FF8, 0x2108, 0xFCD6, 0xDBD6,
  0xDBD6, 0xDBD6, 0xDBD6, 0xDBD6, 0xDBD6, 0xDBD6, 0xDBD6, 0x1DDF,
  0xF49C, 0xE418, 0x5AC6, 0x1CDF, 0x39C6, 0x0000, 0xE420, 0x5AC6,
  0xFCD6, 0xDBD6, 0xDBD6, 0xDBD6, 0xDBD6, 0xDBD6, 0xDBD6, 0xDBD6,
  0xDBD6, 0xDBD6, 0xDBD6, 0xDBD6, 0xDBD6, 0x7ACE, 0x0C5B, 0xD7BD,
  0xECD2, 0xECD2, 0x2DE3, 0x0018, 0xFFFF, 0x8679, 0xECD2, 0xECD2,
  0x0449, 0x39BE, 0xDBD6, 0xDBD6, 0xDCD6, 0x8631, 0x1FF8, 0x1FF8,
  0x1FF8, 0x1FF8, 0x1FF8, 0x1FF8, 0x1FF8, 0x1FF8, 0x1FF8, 0x1FF8,
  0x1FF8, 0x1FF8, 0x1FF8, 0x1FF8, 0x1FF8, 0x1FF8, 0x1FF8, 0x0000,
  0x9ACE, 0xDBD6, 0xDBD6, 0xDBD6, 0xDBD6, 0xDBD6, 0xDBD6, 0xDBD6,
  0xDBD6, 0xDBD6, 0xDBD6, 0xDBD6, 0xDBD6, 0xD8B5, 0xA210, 0xB394,
  0xBBD6, 0xD394, 0xA731, 0x9ACE, 0xDBD6, 0xDBD6, 0xDBD6, 0xDBD6,
  0xDBD6, 0xDBD6, 0xDBD6, 0xDBD6, 0xDBD6, 0xDBD6, 0xDBD6, 0xDBD6,
  0xEC7A, 0xFFFF, 0xFFFF, 0xC881, 0x0DDB, 0x8218, 0xDEF7, 0xCF7B,
  0x4EF3, 0x4559, 0x6228, 0x1DDF, 0xDBD6, 0xDBD6, 0xDBD6, 0x5DE7,
  0x0000, 0x1FF8, 0x1FF8, 0x1FF8, 0x1FF8, 0x1FF8, 0x1FF8, 0x1FF8,
  0x1FF8, 0x1FF8, 0x1FF8, 0x1FF8, 0x1FF8, 0x1FF8, 0x1FF8, 0x1FF8,
  0x1FF8, 0x1FF8, 0x76AD, 0xDBD6, 0xDBD6, 0xDBD6, 0xDBD6, 0xDBD6,
  0xDBD6, 0xDBD6, 0xDBD6, 0xDBD6, 0xDBD6, 0xDBD6, 0xDBD6, 0xDBD6,
  0xDBD6, 0xDCD6, 0x7EE7, 0xE839, 0xEC5A, 0xDFF7, 0x494A, 0xEC5A,
  0x3DE7, 0xDBD6, 0xDBD6, 0xDBD6, 0xDBD6, 0xDBD6, 0xDBD6, 0xDBD6,
  0xD8B5, 0xF8B5, 0x3DDF, 0xE320, 0xFFFF, 0xFFFF, 0x4110, 0x0419,
  0xFFFF, 0xFFFF, 0x0010, 0x0419, 0x0000, 0xBBCE, 0xDBD6, 0xDBD6,
  0xDBD6, 0xDBD6, 0x96AD, 0x1FF8, 0x1FF8, 0x1FF8, 0x1FF8, 0x1FF8,
  0x1FF8, 0x1FF8, 0x1FF8, 0x1FF8, 0x1FF8, 0x1FF8, 0x1FF8, 0x1FF8,
  0x1FF8, 0x1FF8, 0x1FF8, 0x1FF8, 0xCB52, 0xDCD6, 0xDBD6, 0xDBD6,
  0xDBD6, 0xDBD6, 0xDBD6, 0xDBD6, 0xDBD6, 0xDBD6, 0xDBD6, 0xDBD6,
  0xDBD6, 0xDBD6, 0xDBD6, 0xDBD6, 0xDBD6, 0xDBD6, 0xDBD6, 0xDBD6,
  0x494A, 0xAF73, 0x1CDF, 0x0842, 0xAF73, 0x3DE7, 0xDBD6, 0xDBD6,
  0xDBD6, 0xDBD6, 0xBBD6, 0x17BE, 0x6D6B, 0xF8B5, 0x9EF7, 0xFFFF,
  0xFFFF, 0x8210, 0xFFFF, 0xFFFF, 0x9AD6, 0xD6B5, 0x0000, 0xFCD6,
  0xDBD6, 0xDBD6, 0xDBD6, 0xDBD6, 0xDBD6, 0x6A4A, 0x1FF8, 0x1FF8,
  0x1FF8, 0x1FF8, 0x1FF8, 0x1FF8, 0x1FF8, 0x1FF8, 0x1FF8, 0x1FF8,
  0x1FF8, 0x1FF8, 0x1FF8, 0x1FF8, 0x1FF8, 0x1FF8, 0x0000, 0x3DDF,
  0xDBD6, 0xDBD6, 0xDBD6, 0xDBD6, 0xDBD6, 0xDBD6, 0xDBD6, 0xDBD6,
  0xDBD6, 0xDBD6, 0xDBD6, 0xDBD6, 0xDBD6, 0xDBD6, 0xDBD6, 0xDBD6,
  0xDBD6, 0xDBD6, 0xDBD6, 0xDBD6, 0x7ACE, 0xA731, 0xF49C, 0x9BCE,
  0xA210, 0xD7B5, 0xDBD6, 0xDBD6, 0xDBD6, 0xBBD6, 0xD7BD, 0xFFFF,
  0x8210, 0xFFFF, 0xFFFF, 0xFFFF, 0xFFFF, 0xFFFF, 0xFFFF, 0xFFFF,
  0xA318, 0x7EE7, 0xDBD6, 0xDBD6, 0xDBD6, 0xDBD6, 0xDBD6, 0xDBD6,
  0x0000, 0x1FF8, 0x1FF8, 0x1FF8, 0x1FF8, 0x1FF8, 0x1FF8, 0x1FF8,
  0x1FF8, 0x1FF8, 0x1FF8, 0x1FF8, 0x1FF8, 0x1FF8, 0x1FF8, 0x1FF8,
  0x1FF8, 0x7ACE, 0xDBD6, 0xDBD6, 0xDBD6, 0xDBD6, 0xDBD6, 0xDBD6,
  0xDBD6, 0xDBD6, 0xDBD6, 0xDBD6, 0xDBD6, 0xDBD6, 0xDBD6, 0xDBD6,
  0xDBD6, 0xDBD6, 0xDBD6, 0xDBD6, 0xDBD6, 0xDBD6, 0xDBD6, 0xDBD6,
  0xDBD6, 0xDBD6, 0x2421, 0x5AC6, 0xB7B5, 0x8631, 0xDBD6, 0xDBD6,
  0xBBCE, 0xB294, 0xFFFF, 0xFFFF, 0xFFFF, 0xFFFF, 0xFFFF, 0xFFFF,
  0xFFFF, 0x5CE7, 0xA731, 0xDBD6, 0xDBD6, 0xDBD6, 0xDBD6, 0xDBD6,
  0xDBD6, 0xDBD6, 0x9ACE, 0x1FF8, 0x1FF8, 0x1FF8, 0x1FF8, 0x1FF8,
  0x1FF8, 0x1FF8, 0x1FF8, 0x1FF8, 0x1FF8, 0x1FF8, 0x1FF8, 0x1FF8,
  0x1FF8, 0x1FF8, 0x1FF8, 0x494A, 0xDBD6, 0xDBD6, 0xDBD6, 0xDBD6,
  0xDBD6, 0xDBD6, 0xDBD6, 0xDBD6, 0xDBD6, 0xDBD6, 0xDBD6, 0xDBD6,
  0xDBD6, 0xDBD6, 0xDBD6, 0xDBD6, 0xDBD6, 0xDBD6, 0xDBD6, 0xDBD6,
  0xDBD6, 0xDBD6, 0xDBD6, 0xDBD6, 0xDBD6, 0x5DE7, 0x4D6B, 0xAA52,
  0xDFF7, 0x2521, 0x76AD, 0xDBD6, 0x8A52, 0xFFFF, 0xFFFF, 0xFFFF,
  0xFFFF, 0xFFFF, 0xFFFF, 0xFBDE, 0x0842, 0xFCDE, 0xDBD6, 0xDBD6,
  0xDBD6, 0xDBD6, 0xDBD6, 0xDBD6, 0xDBD6, 0x0C63, 0x1FF8, 0x1FF8,
  0x1FF8, 0x1FF8, 0x1FF8, 0x1FF8, 0x1FF8, 0x1FF8, 0x1FF8, 0x1FF8,
  0x1FF8, 0x1FF8, 0x1FF8, 0x1FF8, 0x1FF8, 0x0000, 0xBBD6, 0xDBD6,
  0xDBD6, 0xDBD6, 0xDBD6, 0xDBD6, 0xDBD6, 0xDBD6, 0xDBD6, 0xDBD6,
  0xDBD6, 0xDBD6, 0xDBD6, 0xDBD6, 0xDBD6, 0xDBD6, 0xDBD6, 0xDBD6,
  0xDBD6, 0xDBD6, 0xDBD6, 0xDBD6, 0xDBD6, 0xDBD6, 0xDBD6, 0xDBD6,
  0xDBD6, 0xDBD6, 0x7AC6, 0xE418, 0x3DE7, 0x928C, 0xAA52, 0x0421,
  0xFFFF, 0xFFFF, 0xFFFF, 0xFFFF, 0xFFFF, 0x96B5, 0xF07B, 0xFCD6,
  0xDBD6, 0xDBD6, 0xDBD6, 0xDBD6, 0xDBD6, 0xDBD6, 0xDBD6, 0xFCDE,
  0x0000, 0x1FF8, 0x1FF8, 0x1FF8, 0x1FF8, 0x1FF8, 0x1FF8, 0x1FF8,
  0x1FF8, 0x1FF8, 0x1FF8, 0x1FF8, 0x1FF8, 0x1FF8, 0x1FF8, 0x1FF8,
  0x6E6B, 0xDBD6, 0xDBD6, 0xDBD6, 0xDBD6, 0xDBD6, 0xDBD6, 0xDBD6,
  0xDBD6, 0xDBD6, 0xDBD6, 0xDBD6, 0xDBD6, 0xDBD6, 0xDBD6, 0xDBD6,
  0xDBD6, 0xDBD6, 0xDBD6, 0xDBD6, 0xDBD6, 0xDBD6, 0xDBD6, 0xDBD6,
  0xDBD6, 0xDBD6, 0xDBD6, 0xDBD6, 0xDBD6, 0xDBD6, 0xDCD6, 0xCF73,
  0x1084, 0x9EEF, 0x0000, 0x7DEF, 0xFFFF, 0xFFFF, 0xFFFF, 0xCB5A,
  0x96AD, 0xDBD6, 0xDBD6, 0xDBD6, 0xDBD6, 0xDBD6, 0xDBD6, 0xDBD6,
  0xDBD6, 0xDBD6, 0x9EEF, 0x1FF8, 0x1FF8, 0x1FF8, 0x1FF8, 0x1FF8,
  0x1FF8, 0x1FF8, 0x1FF8, 0x1FF8, 0x1FF8, 0x1FF8, 0x1FF8, 0x1FF8,
  0x1FF8, 0x1FF8, 0x4108, 0x7EE7, 0xDBD6, 0xDBD6, 0xDBD6, 0xDBD6,
  0xDBD6, 0xDBD6, 0xDBD6, 0xDBD6, 0xDBD6, 0xDBD6, 0xDBD6, 0xDBD6,
  0xDBD6, 0xDBD6, 0xDBD6, 0xDBD6, 0xDBD6, 0xDBD6, 0xDBD6, 0xDBD6,
  0xDBD6, 0xDBD6, 0xDBD6, 0xDBD6, 0xDBD6, 0xDBD6, 0xDBD6, 0xDBD6,
  0xDBD6, 0xDBD6, 0xDBD6, 0x7AC6, 0xA631, 0x9FEF, 0x8631, 0xBAD6,
  0xFFFF, 0x6529, 0x39C6, 0xDBD6, 0xDBD6, 0xDBD6, 0xDBD6, 0xDBD6,
  0xDBD6, 0xDBD6, 0xDBD6, 0xDBD6, 0xDBD6, 0x4D63, 0x1FF8, 0x1FF8,
  0x1FF8, 0x1FF8, 0x1FF8, 0x1FF8, 0x1FF8, 0x1FF8, 0x1FF8, 0x1FF8,
  0x1FF8, 0x1FF8, 0x1FF8, 0x1FF8, 0x1FF8, 0xD394, 0xDBD6, 0xDBD6,
  0xDBD6, 0xDBD6, 0xDBD6, 0xDBD6, 0xDBD6, 0xDBD6, 0xDBD6, 0xDBD6,
  0xDBD6, 0xDBD6, 0xDBD6, 0xDBD6, 0xDBD6, 0xDBD6, 0xDBD6, 0xDBD6,
  0xDBD6, 0xDBD6, 0xDBD6, 0xDBD6, 0xDBD6, 0xDBD6, 0xDBD6, 0xDBD6,
  0xDBD6, 0xDBD6, 0xDBD6, 0xDBD6, 0xDBD6, 0xDBD6, 0xDBD6, 0xDBD6,
  0xE418, 0xFFF7, 0x2D63, 0x8210, 0x5EE7, 0xDBD6, 0xDBD6, 0xDBD6,
  0xDBD6, 0xDBD6, 0xDBD6, 0xDBD6, 0xDBD6, 0xDBD6, 0xDBD6, 0x1CDF,
  0xE420, 0x1FF8, 0x1FF8, 0x1FF8, 0x1FF8, 0x1FF8, 0x1FF8, 0x1FF8,
  0x1FF8, 0x1FF8, 0x1FF8, 0x1FF8, 0x1FF8, 0x1FF8, 0x1FF8, 0x0000,
  0xDBD6, 0xDBD6, 0xDBD6, 0xDBD6, 0xDBD6, 0xDBD6, 0xDBD6, 0xDBD6,
  0xDBD6, 0xDBD6, 0xDBD6, 0xDBD6, 0xDBD6, 0xDBD6, 0xDBD6, 0xDBD6,
  0xDBD6, 0xDBD6, 0xDBD6, 0xDBD6, 0xDBD6, 0xDBD6, 0xDBD6, 0xDBD6,
  0xDBD6, 0xDBD6, 0xDBD6, 0xDBD6, 0xDBD6, 0xDBD6, 0xDBD6, 0xDBD6,
  0xDBD6, 0xDBD6, 0xDBD6, 0xDBD6, 0x0421, 0x9DF7, 0x149D, 0x728C,
  0xDBD6, 0xDBD6, 0xDBD6, 0xDBD6, 0xDBD6, 0xDBD6, 0xDBD6, 0xDBD6,
  0xDBD6, 0xDBD6, 0x1DDF, 0x1FF8, 0x1FF8, 0x1FF8, 0x1FF8, 0x1FF8,
  0x1FF8, 0x1FF8, 0x1FF8, 0x1FF8, 0x1FF8, 0x1FF8, 0x1FF8, 0x1FF8,
  0x1FF8, 0x1FF8, 0xB394, 0xDBD6, 0xDBD6, 0xDBD6, 0xDBD6, 0xDBD6,
  0xDBD6, 0xDBD6, 0xDBD6, 0xDBD6, 0xDBD6, 0xDBD6, 0xDBD6, 0xDBD6,
  0xDBD6, 0xDBD6, 0xDBD6, 0xDBD6, 0xDBD6, 0xDBD6, 0xDBD6, 0xDBD6,
  0xDBD6, 0xDBD6, 0xDBD6, 0xDBD6, 0xDBD6, 0xDBD6, 0xDBD6, 0xDBD6,
  0xDBD6, 0xFCD6, 0x9BCE, 0x949C, 0x507B, 0x507B, 0x507B, 0xB5A4,
  0x8B52, 0x34A5, 0x99D6, 0x4942, 0x3DDF, 0xDBD6, 0xDBD6, 0xDBD6,
  0xDBD6, 0xDBD6, 0xDBD6, 0xDBD6, 0xDBD6, 0xD394, 0x1FF8, 0x1FF8,
  0x1FF8, 0x1FF8, 0x1FF8, 0x1FF8, 0x1FF8, 0x1FF8, 0x1FF8, 0x1FF8,
  0x1FF8, 0x1FF8, 0x1FF8, 0x1FF8, 0x0000, 0x1DDF, 0xDBD6, 0xDBD6,
  0xDBD6, 0xDBD6, 0xDBD6, 0xDBD6, 0xDBD6, 0xDBD6, 0xDBD6, 0xDBD6,
  0xDBD6, 0xDBD6, 0xDBD6, 0xDBD6, 0xDBD6, 0xDBD6, 0xDBD6, 0xDBD6,
  0xDBD6, 0xDBD6, 0xDBD6, 0xDBD6, 0xDBD6, 0xDBD6, 0xDBD6, 0xDBD6,
  0xDBD6, 0xDBD6, 0xFCD6, 0x16A5, 0x507B, 0x717B, 0x9183, 0x9183,
  0x9183, 0xB183, 0xB18B, 0xB18B, 0x0E6B, 0xCE73, 0x5CE7, 0xC318,
  0x3DE7, 0xDBD6, 0xDBD6, 0xDBD6, 0xDBD6, 0xDBD6, 0xDBD6, 0xDBD6,
  0xA731, 0x1FF8, 0x1FF8, 0x1FF8, 0x1FF8, 0x1FF8, 0x1FF8, 0x1FF8,
  0x1FF8, 0x1FF8, 0x1FF8, 0x1FF8, 0x1FF8, 0x1FF8, 0x1FF8, 0x107C,
  0xDBD6, 0xDBD6, 0xDBD6, 0xDBD6, 0xDBD6, 0xDBD6, 0xDBD6, 0xDBD6,
  0xDBD6, 0xDBD6, 0xDBD6, 0xDBD6, 0xDBD6, 0xDBD6, 0xDBD6, 0xDBD6,
  0xDBD6, 0xDBD6, 0xDBD6, 0xDBD6, 0xDBD6, 0xDBD6, 0xDBD6, 0xDBD6,
  0xDBD6, 0xDBD6, 0xDBD6, 0x3CDF, 0xD59C, 0x5073, 0x707B, 0x707B,
  0x717B, 0x9183, 0x9183, 0x9183, 0x9183, 0xB183, 0xB18B, 0xB18B,
  0x6F7B, 0x8E73, 0xDFFF, 0xA210, 0xDBD6, 0xDBD6, 0xDBD6, 0xDBD6,
  0xDBD6, 0xDBD6, 0xBBD6, 0x0000, 0x1FF8, 0x1FF8, 0x1FF8, 0x1FF8,
  0x1FF8, 0x1FF8, 0x1FF8, 0x1FF8, 0x1FF8, 0x1FF8, 0x1FF8, 0x1FF8,
  0x1FF8, 0x2942, 0x7EE7, 0xDBD6, 0xDBD6, 0xDBD6, 0xDBD6, 0xDBD6,
  0xDBD6, 0xDBD6, 0xDBD6, 0xDBD6, 0xDBD6, 0xDBD6, 0xDBD6, 0xDBD6,
  0xDBD6, 0xDBD6, 0xDBD6, 0xDBD6, 0xDBD6, 0xDBD6, 0xDBD6, 0xDBD6,
  0xDBD6, 0xDBD6, 0xDBD6, 0xDBD6, 0xDBD6, 0x36A5, 0xEF6A, 0x5073,
  0x5073, 0x7073, 0x707B, 0x707B, 0x717B, 0x9183, 0x9183, 0x9183,
  0xB183, 0xB183, 0xB18B, 0xB18B, 0xF293, 0x0C63, 0xFFFF, 0xC318,
  0xFCD6, 0xDBD6, 0xDBD6, 0xDBD6, 0xDBD6, 0x18BE, 0x1FF8, 0x1FF8,
  0x1FF8, 0x1FF8, 0x1FF8, 0x1FF8, 0x1FF8, 0x1FF8, 0x1FF8, 0x1FF8,
  0x1FF8, 0x1FF8, 0x1FF8, 0x1FF8, 0x0C5B, 0xDBD6, 0xDBD6, 0xDBD6,
  0xDBD6, 0xDBD6, 0xDBD6, 0xDBD6, 0xDBD6, 0xDBD6, 0xDBD6, 0xDBD6,
  0xDBD6, 0xDBD6, 0xDBD6, 0xDBD6, 0xDBD6, 0xDBD6, 0xDBD6, 0xDBD6,
  0xDBD6, 0xDBD6, 0xDBD6, 0xDBD6, 0xDBD6, 0xDCD6, 0xD59C, 0x0F6B,
  0x306B, 0x306B, 0x5073, 0x5073, 0x5073, 0x707B, 0x707B, 0x717B,
  0x917B, 0x9183, 0x9183, 0x9183, 0xB183, 0xB183, 0xB18B, 0xB18B,
  0x9083, 0x8A52, 0xFFFF, 0xC318, 0x7EE7, 0xDBD6, 0xDBD6, 0xDBD6,
  0xE318, 0x1FF8, 0x1FF8, 0x1FF8, 0x1FF8, 0x1FF8, 0x1FF8, 0x1FF8,
  0x1FF8, 0x1FF8, 0x1FF8, 0x1FF8, 0x1FF8, 0x1FF8, 0xCB52, 0x3DDF,
  0xDBD6, 0xDBD6, 0xDBD6, 0xDBD6, 0xDBD6, 0xDBD6, 0xDBD6, 0xDBD6,
  0xDBD6, 0xDBD6, 0xDBD6, 0xDBD6, 0xDBD6, 0xDBD6, 0xDBD6, 0xDBD6,
  0xDBD6, 0xDBD6, 0xDBD6, 0xDBD6, 0xFCD6, 0x1CDF, 0x97AD, 0x306B,
  0xCF62, 0x106B, 0x306B, 0x306B, 0x306B, 0x3073, 0x5073, 0x7073,
  0x7073, 0x707B, 0x707B, 0x717B, 0x9183, 0x9183, 0x9183, 0x9183,
  0xB183, 0xB18B, 0xB18B, 0xB18B, 0x7083, 0xA631, 0xFFFF, 0x8210,
  0x1DDF, 0xDBD6, 0x5EE7, 0x0000, 0x1FF8, 0x1FF8, 0x1FF8, 0x1FF8,
  0x1FF8, 0x1FF8, 0x1FF8, 0x1FF8, 0x1FF8, 0x1FF8, 0x1FF8, 0x1FF8,
  0x9FEF, 0xC739, 0xDBD6, 0xDBD6, 0xDBD6, 0xDBD6, 0xDBD6, 0xDBD6,
  0xDBD6, 0xDBD6, 0xDBD6, 0xDBD6, 0xDBD6, 0xDBD6, 0xDBD6, 0xDBD6,
  0xDBD6, 0xDBD6, 0xBBD6, 0xFCDE, 0xFCDE, 0xB8B5, 0xF27B, 0xEF5A,
  0xCF5A, 0xEF62, 0xEF62, 0x1063, 0x1063, 0x306B, 0x306B, 0x306B,
  0x306B, 0x5073, 0x5073, 0x7073, 0x7073, 0x707B, 0x717B, 0x717B,
  0x9183, 0x9183, 0x9183, 0xB183, 0xB183, 0xB18B, 0xB18B, 0xB18B,
  0xF293, 0x494A, 0xFFFF, 0x8210, 0xDBD6, 0x5184, 0x1FF8, 0x1FF8,
  0x1FF8, 0x1FF8, 0x1FF8, 0x1FF8, 0x1FF8, 0x1FF8, 0x1FF8, 0x1FF8,
  0x1FF8, 0x1FF8, 0x1FF8, 0xD394, 0xF8B5, 0xDBD6, 0xDBD6, 0xDBD6,
  0xDBD6, 0xDBD6, 0xDBD6, 0xDBD6, 0xDBD6, 0xDBD6, 0xDBD6, 0xDBD6,
  0xDBD6, 0xDBD6, 0xDBD6, 0xDBD6, 0x3AC6, 0x3063, 0xCF52, 0xCF52,
  0xCF5A, 0xCF5A, 0xCF5A, 0xEF5A, 0xEF5A, 0xEF62, 0xF062, 0x1063,
  0x1063, 0x306B, 0x306B, 0x306B, 0x306B, 0x5073, 0x5073, 0x5073,
  0x707B, 0x707B, 0x717B, 0x917B, 0x9183, 0x9183, 0x9183, 0x9183,
  0xB18B, 0xB18B, 0xB18B, 0xB18B, 0xD18B, 0xCB5A, 0xFFFF, 0x0421,
  0xA318, 0x1FF8, 0x1FF8, 0x1FF8, 0x1FF8, 0x1FF8, 0x1FF8, 0x1FF8,
  0x1FF8, 0x1FF8, 0x1FF8, 0x1FF8, 0x1FF8, 0xFCDE, 0x2521, 0xFCDE,
  0xDBD6, 0xDBD6, 0xDBD6, 0xDBD6, 0xDBD6, 0xDBD6, 0xDBD6, 0xDBD6,
  0xDBD6, 0xDBD6, 0xDBD6, 0xDBD6, 0xDBD6, 0x1CDF, 0xCF52, 0xAF52,
  0xAF52, 0xAF52, 0xCF52, 0xCF52, 0xCF5A, 0xCF5A, 0xCF5A, 0xEF5A,
  0xEF5A, 0x0F63, 0x1063, 0x1063, 0x106B, 0x306B, 0x306B, 0x306B,
  0x3073, 0x5073, 0x5073, 0x5073, 0x707B, 0x707B, 0x717B, 0x9183,
  0x9183, 0x9183, 0xB183, 0x9183, 0xB18B, 0xB18B, 0xB18B, 0xD18B,
  0x4F7B, 0x2C63, 0x1CE7, 0x0000, 0x1FF8, 0x1FF8, 0x1FF8, 0x1FF8,
  0x1FF8, 0x1FF8, 0x1FF8, 0x1FF8, 0x1FF8, 0x1FF8, 0x1FF8, 0x1FF8,
  0x59C6, 0xF07B, 0xDBD6, 0xDBD6, 0xDBD6, 0xDBD6, 0xDBD6, 0xDBD6,
  0xDBD6, 0xDBD6, 0xDBD6, 0xDBD6, 0xDBD6, 0xDBD6, 0xDBD6, 0x3DE7,
  0x105B, 0xAF52, 0xAF52, 0xAF52, 0xAF52, 0xCF52, 0xCF52, 0xCF52,
  0xCF5A, 0xCF5A, 0xCF5A, 0xEF5A, 0xEF62, 0x1063, 0x0F63, 0x1063,
  0x306B, 0x306B, 0x306B, 0x306B, 0x5073, 0x5073, 0x5073, 0x707B,
  0x707B, 0x717B, 0x917B, 0x9183, 0x9183, 0x9183, 0x9183, 0xB183,
  0xB18B, 0xB18B, 0xD18B, 0xD18B, 0x9083, 0x14A5, 0x7DEF, 0x1FF8,
  0x1FF8, 0x1FF8, 0x1FF8, 0x1FF8, 0x1FF8, 0x1FF8, 0x1FF8, 0x1FF8,
  0x1FF8, 0x1FF8, 0x1FF8, 0x0C5B, 0x9EEF, 0xDBD6, 0xDBD6, 0xDBD6,
  0xDBD6, 0xDBD6, 0xDBD6, 0xDBD6, 0xDBD6, 0xDBD6, 0xDBD6, 0xDBD6,
  0xDBD6, 0xFCD6, 0xD273, 0xAF4A, 0xAF4A, 0xAF52, 0xAF52, 0xAF52,
  0xAF52, 0xAF52, 0xCF52, 0xCF5A, 0xCF5A, 0xCF5A, 0xEF5A, 0xEF5A,
  0x0F63, 0x0F63, 0x1063, 0x106B, 0x306B, 0x306B, 0x306B, 0x3073,
  0x5073, 0x5073, 0x7073, 0x707B, 0x707B, 0x717B, 0x9183, 0x9183,
  0x9183, 0xB183, 0x9183, 0xB18B, 0xB18B, 0xB18B, 0xB18B, 0xD18B,
  0x8C62, 0xD7BD, 0x718C, 0x1FF8, 0x1FF8, 0x1FF8, 0x1FF8, 0x1FF8,
  0x1FF8, 0x1FF8, 0x1FF8, 0x1FF8, 0x1FF8, 0xDCDE, 0x0421, 0xDBD6,
  0xDBD6, 0xDBD6, 0xDBD6, 0xDBD6, 0xDBD6, 0xDBD6, 0xDBD6, 0xDBD6,
  0xDBD6, 0xDBD6, 0xDBD6, 0xDBD6, 0x57A5, 0xAF4A, 0xAF4A, 0xAF52,
  0xAF4A, 0xAF52, 0xAF52, 0xAF52, 0xCF52, 0xCF52, 0xCF5A, 0xCF5A,
  0xCF5A, 0xEF5A, 0xEF5A, 0xEF62, 0x0F63, 0x1063, 0x1063, 0x106B,
  0x306B, 0x306B, 0x306B, 0x5073, 0x5073, 0x7073, 0x707B, 0x707B,
  0x717B, 0x917B, 0x9183, 0x9183, 0x9183, 0x9183, 0xB183, 0xB18B,
  0xB18B, 0xB18B, 0xD18B, 0xD193, 0x8739, 0xFFFF, 0xE739, 0x1FF8,
  0x1FF8, 0x1FF8, 0x1FF8, 0x1FF8, 0x1FF8, 0x1FF8, 0x1FF8, 0x1FF8,
  0x5EE7, 0x76AD, 0xDBD6, 0xDBD6, 0xDBD6, 0xDBD6, 0xDBD6, 0xDBD6,
  0xDBD6, 0xDBD6, 0xDBD6, 0xDBD6, 0xDBD6, 0xDBD6, 0xFCDE, 0x6E4A,
  0xAF4A, 0xAF4A, 0xAF4A, 0xAF52, 0xAF52, 0xAF52, 0xAF52, 0xAF52,
  0xAF52, 0xCF52, 0xCF5A, 0xCF5A, 0xCF5A, 0xEF5A, 0xEF5A, 0x0F63,
  0x1063, 0x1063, 0x1063, 0x306B, 0x306B, 0x306B, 0x3073, 0x5073,
  0x5073, 0x7073, 0x707B, 0x707B, 0x717B, 0x9183, 0x9183, 0x9183,
  0x9183, 0x9183, 0xB18B, 0xB18B, 0xB18B, 0xD18B, 0xD18B, 0xD193,
  0xE420, 0xFFFF, 0x0000, 0x1FF8, 0x1FF8, 0x1FF8, 0x1FF8, 0x1FF8,
  0x1FF8, 0x1FF8, 0x1FF8, 0x6E6B, 0x3DE7, 0xDBD6, 0xDBD6, 0xDBD6,
  0xDBD6, 0xDBD6, 0xDBD6, 0xDBD6, 0xDBD6, 0xDBD6, 0xDBD6, 0xFCD6,
  0xDBD6, 0xF273, 0xAF4A, 0xAF4A, 0xAF4A, 0xAF4A, 0xAF52, 0xAF4A,
  0xAF52, 0xAF52, 0xAF52, 0xAF52, 0xCF52, 0xCF5A, 0xCF5A, 0xCF5A,
  0xEF5A, 0xEF5A, 0xEF62, 0xEF62, 0x0F63, 0x1063, 0x306B, 0x306B,
  0x306B, 0x306B, 0x5073, 0x5073, 0x5073, 0x707B, 0x707B, 0x717B,
  0x717B, 0x9183, 0x9183, 0x9183, 0xB183, 0xB183, 0xB18B, 0xB18B,
  0xD18B, 0xD18B, 0xD18B, 0xF293, 0xC318, 0xFFFF, 0x2108, 0x1FF8,
  0x1FF8, 0x1FF8, 0x1FF8, 0x1FF8, 0x1FF8, 0x1FF8, 0xA318, 0xDBD6,
  0xDBD6, 0xDBD6, 0xDBD6, 0xDBD6, 0xDBD6, 0xDBD6, 0xDBD6, 0xDBD6,
  0x1CDF, 0x2521, 0x5EE7, 0x3DE7, 0xAF4A, 0xAF4A, 0xAF4A, 0xAF4A,
  0xAF4A, 0xAF4A, 0xAF4A, 0xAF4A, 0xAF52, 0xAF52, 0xCF52, 0xCF52,
  0xCF52, 0xCF5A, 0xCF5A, 0xEF5A, 0xEF5A, 0xEF5A, 0x0F63, 0x1063,
  0x1063, 0x1063, 0x106B, 0x306B, 0x306B, 0x3073, 0x5073, 0x5073,
  0x7073, 0x707B, 0x717B, 0x717B, 0x9183, 0x9183, 0x9183, 0x9183,
  0x9183, 0xB18B, 0xB18B, 0xB18B, 0xD18B, 0xD18B, 0xD193, 0xF293,
  0x2C63, 0x3CE7, 0x1FF8, 0x1FF8, 0x1FF8, 0x1FF8, 0x1FF8, 0x1FF8,
  0x1FF8, 0xE839, 0xDBD6, 0xDBD6, 0xDBD6, 0xDBD6, 0xDBD6, 0xDBD6,
  0xDBD6, 0xDBD6, 0xDBD6, 0x6A4A, 0xFCD6, 0xDBD6, 0xF594, 0xAF4A,
  0xAF4A, 0xAF4A, 0xAF4A, 0xAF4A, 0xAF4A, 0xAF4A, 0xAF4A, 0xAF52,
  0xAF52, 0xCF52, 0xCF52, 0xCF52, 0xCF52, 0xCF5A, 0xCF5A, 0xCF5A,
  0xEF5A, 0xEF62, 0x0F63, 0x1063, 0x1063, 0x306B, 0x306B, 0x306B,
  0x306B, 0x5073, 0x5073, 0x5073, 0x707B, 0x707B, 0x717B, 0x917B,
  0x9183, 0x9183, 0x9183, 0xB183, 0xB18B, 0xB18B, 0xB18B, 0xB18B,
  0xD18B, 0xD193, 0xD193, 0x0E73, 0xBAD6, 0xB294, 0x1FF8, 0x1FF8,
  0x1FF8, 0x1FF8, 0x1FF8, 0x1FF8, 0xB394, 0xDBD6, 0xDBD6, 0xDBD6,
  0xDBD6, 0xDBD6, 0xDBD6, 0xDBD6, 0xDBD6, 0xBBCE, 0x4D63, 0xDBD6,
  0x9BCE, 0x4D42, 0xAF4A, 0xAF4A, 0xAF4A, 0xAF4A, 0xAF4A, 0xAF4A,
  0xAF4A, 0xAF4A, 0xAF52, 0xAF52, 0xCF52, 0xCF52, 0xCF52, 0xCF52,
  0xCF5A, 0xCF5A, 0xEF5A, 0xEF5A, 0xEF5A, 0x0F63, 0x0F63, 0x1063,
  0x106B, 0x306B, 0x306B, 0x306B, 0x3073, 0x5073, 0x5073, 0x7073,
  0x707B, 0x717B, 0x917B, 0x9183, 0x9183, 0x9183, 0xB183, 0x9183,
  0xB18B, 0xB18B, 0xD18B, 0xB18B, 0xD18B, 0xD18B, 0xD193, 0x0952,
  0xFFFF, 0x0000, 0x1FF8, 0x1FF8, 0x1FF8, 0x1FF8, 0x1FF8, 0x39BE,
  0xDBD6, 0xDBD6, 0xDBD6, 0xDBD6, 0xDBD6, 0xDBD6, 0xDBD6, 0xDBD6,
  0x0C63, 0xBBCE, 0xDBD6, 0x4E42, 0xAF4A, 0xAF4A, 0xAF4A, 0xAF4A,
  0xAF4A, 0xAF4A, 0xAF4A, 0xAF52, 0xAF52, 0xAF52, 0xAF52, 0xAF52,
  0xAF52, 0xCF52, 0xCF52, 0xCF52, 0xCF5A, 0xCF5A, 0xEF5A, 0xEF5A,
  0xEF62, 0x0F63, 0x1063, 0x1063, 0x306B, 0x306B, 0x306B, 0x3073,
  0x5073, 0x5073, 0x7073, 0x707B, 0x707B, 0x707B, 0x917B, 0x9183,
  0x9183, 0x9183, 0x9183, 0xB18B, 0xB18B, 0xD18B, 0xD18B, 0xD18B,
  0xD193, 0xD193, 0xF293, 0x094A, 0x8E73, 0x1FF8, 0x1FF8, 0x1FF8,
  0x1FF8, 0x0000, 0xDBD6, 0xDBD6, 0xDBD6, 0xDBD6, 0xDBD6, 0xDBD6,
  0xDBD6, 0xDBD6, 0xDBD6, 0xE420, 0xFCDE, 0xBBCE, 0xAF4A, 0xAF4A,
  0xAF4A, 0xAF4A, 0xAF4A, 0xAE4A, 0xAF4A, 0xAF4A, 0xAF4A, 0xAF52,
  0xAF52, 0xAF52, 0xAF52, 0xAF52, 0xCF52, 0xCF52, 0xCF52, 0xCF5A,
  0xCF5A, 0xCF5A, 0xEF5A, 0xEF62, 0xEF62, 0x0F63, 0x1063, 0x106B,
  0x306B, 0x306B, 0x306B, 0x3073, 0x5073, 0x5073, 0x7073, 0x707B,
  0x707B, 0x917B, 0x9183, 0x9183, 0x9183, 0xB183, 0xB183, 0xB18B,
  0xB18B, 0xB18B, 0xD18B, 0xD18B, 0xD193, 0xD193, 0xF193, 0x1BDF,
  0x1FF8, 0x1FF8, 0x1FF8, 0x1FF8, 0x0000, 0xFCD6, 0xDBD6, 0xDBD6,
  0xDBD6, 0xDBD6, 0xDBD6, 0xDBD6, 0xDBD6, 0xDBD6, 0xC318, 0xDCD6,
  0xB273, 0xAF4A, 0xAF4A, 0xAF4A, 0xAF4A, 0xAF4A, 0xAF4A, 0xAF4A,
  0xAF4A, 0xAF4A, 0xAF52, 0xAF52, 0xAF52, 0xAF52, 0xCF52, 0xCF52,
  0xCF52, 0xCF52, 0xCF5A, 0xCF5A, 0xCF5A, 0xEF5A, 0xEF5A, 0xEF62,
  0x1063, 0x1063, 0x106B, 0x106B, 0x306B, 0x306B, 0x3073, 0x5073,
  0x5073, 0x7073, 0x707B, 0x717B, 0x707B, 0x9183, 0x9183, 0x9183,
  0x9183, 0xB183, 0xB18B, 0xB18B, 0xD18B, 0xB18B, 0xD18B, 0xD193,
  0xD193, 0xD193, 0xB394, 0x1FF8, 0x1FF8, 0x1FF8, 0x1FF8, 0x2942,
  0xDBD6, 0xDBD6, 0xDBD6, 0xDBD6, 0xDBD6, 0xDBD6, 0xDBD6, 0xDBD6,
  0xDBD6, 0x4108, 0xFCD6, 0xCF52, 0xAF4A, 0xAF4A, 0xAF4A, 0xAF4A,
  0xAF4A, 0xAF4A, 0xAF4A, 0xAF52, 0xAF4A, 0xAF4A, 0xAF52, 0xAF52,
  0xAF52, 0xAF52, 0xCF52, 0xCF52, 0xCF52, 0xCF5A, 0xCF5A, 0xCF5A,
  0xEF5A, 0xEF5A, 0xEF62, 0x0F63, 0x0F63, 0x1063, 0x306B, 0x306B,
  0x306B, 0x306B, 0x5073, 0x5073, 0x5073, 0x707B, 0x707B, 0x717B,
  0x717B, 0x9183, 0x9183, 0x9183, 0xB183, 0xB18B, 0xB18B, 0xB18B,
  0xB18B, 0xD18B, 0xD18B, 0xD193, 0xD193, 0x4942, 0x0000, 0x1FF8,
  0x1FF8, 0x1FF8, 0x5184, 0xDBD6, 0xDBD6, 0xDBD6, 0xDBD6, 0xDBD6,
  0xDBD6, 0xDBD6, 0xDBD6, 0xDBD6, 0x3184, 0xFCD6, 0xB26B, 0xAF52,
  0xAF52, 0xAF4A, 0xAF4A, 0xAF4A, 0xAF4A, 0xAF4A, 0xAF4A, 0xAF4A,
  0xAF4A, 0xAF52, 0xAF52, 0xAF52, 0xAF52, 0xAF52, 0xCF52, 0xCF52,
  0xCF52, 0xCF5A, 0xCF5A, 0xEF5A, 0xEF5A, 0xEF5A, 0xEF62, 0x1063,
  0x1063, 0x106B, 0x106B, 0x306B, 0x306B, 0x5073, 0x5073, 0x5073,
  0x7073, 0x707B, 0x717B, 0x707B, 0x9183, 0x9183, 0x9183, 0x9183,
  0xB183, 0xB18B, 0xB18B, 0xD18B, 0xB18B, 0xD18B, 0xD18B, 0xD193,
  0xDFEF, 0x0000, 0x1FF8, 0x1FF8, 0x1FF8, 0x7AC6, 0xDBD6, 0xDBD6,
  0xDBD6, 0xDBD6, 0xDBD6, 0xDBD6, 0xDBD6, 0xDBD6, 0xDBD6, 0xDBD6,
  0x8631, 0x19BE, 0xAF4A, 0xAF52, 0xAF52, 0xAF52, 0xAF4A, 0xAF4A,
  0xAF52, 0xAF52, 0xAF52, 0xAF52, 0xAF52, 0xAF52, 0xAF52, 0xAF52,
  0xAF52, 0xCF52, 0xCF52, 0xCF52, 0xCF5A, 0xCF5A, 0xEF5A, 0xEF5A,
  0xEF5A, 0x0F63, 0x0F63, 0x1063, 0x106B, 0x106B, 0x306B, 0x306B,
  0x3073, 0x5073, 0x5073, 0x7073, 0x707B, 0x707B, 0x707B, 0x9183,
  0x9183, 0x9183, 0x9183, 0x9183, 0xB18B, 0xB18B, 0xD18B, 0xB18B,
  0xD18B, 0xD193, 0xD193, 0x7EE7, 0x0000, 0x1FF8, 0x1FF8, 0x0000,
  0x7EE7, 0xDBD6, 0xDBD6, 0xDBD6, 0xDBD6, 0xDBD6, 0xDBD6, 0xDBD6,
  0xDBD6, 0xDBD6, 0xDBD6, 0x1CDF, 0xA731, 0x5063, 0xAF52, 0xAF4A,
  0xAF52, 0xAF4A, 0xAF52, 0xAF52, 0xAF52, 0xAF52, 0xAF4A, 0xAF52,
  0xAF52, 0xAF52, 0xAF52, 0xCF52, 0xCF52, 0xCF52, 0xCF5A, 0xCF5A,
  0xCF5A, 0xCF5A, 0xEF5A, 0xEF5A, 0xEF62, 0x1063, 0x0F63, 0x1063,
  0x106B, 0x306B, 0x306B, 0x306B, 0x3073, 0x5073, 0x5073, 0x707B,
  0x707B, 0x717B, 0x717B, 0x9183, 0x9183, 0x9183, 0xB183, 0xB18B,
  0xB18B, 0xB18B, 0xB18B, 0xD18B, 0xD18B, 0xD18B, 0x7EE7, 0x0000,
  0x1FF8, 0x1FF8, 0xC318, 0xFCDE, 0xDBD6, 0xDBD6, 0xDBD6, 0xDBD6,
  0xDBD6, 0xDBD6, 0xDBD6, 0xDBD6, 0xDBD6, 0xDBD6, 0xDBD6, 0x1CDF,
  0xA631, 0x137C, 0xAF52, 0xAF4A, 0xAF52, 0xAF52, 0xAF4A, 0xAF4A,
  0xAF4A, 0xAF4A, 0xAF52, 0xAF52, 0xAF52, 0xAF52, 0xAF52, 0xCF52,
  0xCF52, 0xCF52, 0xCF5A, 0xCF5A, 0xCF5A, 0xEF5A, 0xEF5A, 0xEF62,
  0x0F63, 0x1063, 0x1063, 0x106B, 0x306B, 0x306B, 0x306B, 0x5073,
  0x5073, 0x5073, 0x7073, 0x707B, 0x717B, 0x907B, 0x9183, 0x9183,
  0x9183, 0x9183, 0xB183, 0xB18B, 0xB18B, 0xD18B, 0xB18B, 0xD18B,
  0xD18B, 0x7EE7, 0x0000, 0x1FF8, 0x1FF8, 0x494A, 0xDBD6, 0xDBD6,
  0xDBD6, 0xDBD6, 0xDBD6, 0xDBD6, 0xDBD6, 0xDBD6, 0xDBD6, 0xDBD6,
  0xDBD6, 0xDBD6, 0xDBD6, 0xDBD6, 0x2108, 0x137C, 0xAF52, 0xAF52,
  0xAF52, 0xAF52, 0xAF52, 0xAF52, 0xAF52, 0xAF52, 0xAF52, 0xAF52,
  0xCF52, 0xAF52, 0xCF52, 0xCF52, 0xCF52, 0xCF5A, 0xCF5A, 0xCF5A,
  0xEF5A, 0xEF5A, 0xEF62, 0x1063, 0x1063, 0x1063, 0x106B, 0x306B,
  0x306B, 0x306B, 0x3073, 0x5073, 0x5073, 0x7073, 0x707B, 0x717B,
  0x707B, 0x7183, 0x9183, 0x9183, 0x9183, 0x9183, 0xB18B, 0xB18B,
  0xB18B, 0xD18B, 0xD18B, 0xD193, 0x1CDF, 0x1FF8, 0x1FF8, 0x1FF8,
  0x5184, 0xDBD6, 0xDBD6, 0xDBD6, 0xDBD6, 0xDBD6, 0xDBD6, 0xDBD6,
  0xDBD6, 0xDBD6, 0xDBD6, 0xDBD6, 0xDBD6, 0xDBD6, 0xDBD6, 0x9FEF,
  0xE739, 0xB594, 0xAF4A, 0xAF52, 0xAF52, 0xAF52, 0xAF52, 0xAF52,
  0xAF52, 0xAF52, 0xAF52, 0xCF52, 0xAF52, 0xCF52, 0xCF52, 0xCF52,
  0xCF5A, 0xCF5A, 0xCF5A, 0xEF5A, 0xEF5A, 0xEF5A, 0xF062, 0x1063,
  0x1063, 0x106B, 0x306B, 0x306B, 0x306B, 0x3073, 0x5073, 0x5073,
  0x7073, 0x707B, 0x707B, 0x717B, 0x7183, 0x9183, 0x9183, 0x9183,
  0xB183, 0xB18B, 0xB18B, 0xB18B, 0xD18B, 0xD18B, 0xD18B, 0x9ACE,
  0x1FF8, 0x1FF8, 0x1FF8, 0x39C6, 0xDBD6, 0xDBD6, 0xDBD6, 0xDBD6,
  0xDBD6, 0xDBD6, 0xDBD6, 0xDBD6, 0xDBD6, 0xDBD6, 0xDBD6, 0xDBD6,
  0xDBD6, 0xDBD6, 0xDBD6, 0x76AD, 0x76AD, 0xD594, 0xAF52, 0xAF52,
  0xAF52, 0xAF52, 0xAF52, 0xAF52, 0xAF52, 0xAF52, 0xAF52, 0xCF52,
  0xCF52, 0xCF52, 0xCF52, 0xCF5A, 0xCF5A, 0xEF5A, 0xEF5A, 0xEF5A,
  0xEF5A, 0xF062, 0x1063, 0x1063, 0x1063, 0x306B, 0x306B, 0x306B,
  0x306B, 0x3073, 0x5073, 0x5073, 0x707B, 0x707B, 0x707B, 0x917B,
  0x9183, 0x9183, 0x9183, 0xB183, 0xB183, 0xB18B, 0xB18B, 0xD18B,
  0xB18B, 0xB18B, 0x7AC6, 0x1FF8, 0x1FF8, 0x1FF8, 0xDBD6, 0xDBD6,
  0xDBD6, 0xDBD6, 0xDBD6, 0xDBD6, 0xDBD6, 0xDBD6, 0xDBD6, 0xDBD6,
  0xDBD6, 0xDBD6, 0xDBD6, 0xDBD6, 0xDBD6, 0xDBD6, 0xDCD6, 0xC318,
  0x7EEF, 0x369D, 0xAF52, 0xAF52, 0xAF52, 0xAF52, 0xAF52, 0xAF52,
  0xAF52, 0xCF52, 0xCF52, 0xCF52, 0xCF52, 0xCF5A, 0xCF5A, 0xCF5A,
  0xCF5A, 0xEF5A, 0xEF5A, 0xEF5A, 0x0F63, 0x1063, 0x0F63, 0x1063,
  0x106B, 0x306B, 0x306B, 0x306B, 0x5073, 0x5073, 0x5073, 0x7073,
  0x707B, 0x717B, 0x917B, 0x9183, 0x9183, 0x9183, 0x9183, 0xB183,
  0xB18B, 0xB18B, 0xB18B, 0xD18B, 0xB18B, 0xF8BD, 0x1FF8, 0x1FF8,
  0x1FF8, 0x9ACE, 0xDBD6, 0xDBD6, 0xDBD6, 0xDBD6, 0xDBD6, 0xDBD6,
  0xDBD6, 0xDBD6, 0xDBD6, 0xDBD6, 0xDBD6, 0xDBD6, 0xDBD6, 0xDBD6,
  0xDBD6, 0xDBD6, 0xFCDE, 0x1084, 0xA731, 0x159D, 0xAF52, 0xAF52,
  0xAF52, 0xAF52, 0xCF52, 0xCF52, 0xAF52, 0xCF52, 0xCF52, 0xCF52,
  0xCF5A, 0xCF5A, 0xCF5A, 0xCF5A, 0xEF5A, 0xEF5A, 0xEF5A, 0xEF62,
  0x0F63, 0x0F63, 0x1063, 0x106B, 0x306B, 0x306B, 0x306B, 0x3073,
  0x5073, 0x5073, 0x7073, 0x707B, 0x717B, 0x907B, 0x9183, 0x9183,
  0x9183, 0x9183, 0xB183, 0xB18B, 0xB18B, 0xB18B, 0xD18B, 0x949C,
  0x55A5, 0x1FF8, 0x1FF8, 0x1FF8, 0x8631, 0xDBD6, 0xDBD6, 0xDBD6,
  0xDBD6, 0xDBD6, 0xDBD6, 0xDBD6, 0xDBD6, 0xDBD6, 0xDBD6, 0xDBD6,
  0xDBD6, 0xDBD6, 0xDBD6, 0xDBD6, 0xDBD6, 0xDBD6, 0xDBD6, 0x7EE7,
  0xEC5A, 0x0521, 0x8E52, 0xD05A, 0xAF52, 0xAF52, 0xCF52, 0xCF52,
  0xCF52, 0xCF52, 0xCF52, 0xCF5A, 0xCF5A, 0xCF5A, 0xCF5A, 0xEF5A,
  0xEF5A, 0xEF5A, 0xEF62, 0x1063, 0x1063, 0x1063, 0x106B, 0x306B,
  0x306B, 0x306B, 0x3073, 0x5073, 0x5073, 0x7073, 0x707B, 0x717B,
  0x907B, 0x717B, 0x9183, 0x9183, 0x9183, 0xB183, 0xB18B, 0xB18B,
  0xB18B, 0xD18B, 0x9BCE, 0xAF73, 0x1FF8, 0x1FF8, 0x1FF8, 0x1FF8,
  0x5AC6, 0xDBD6, 0xDBD6, 0xDBD6, 0xDBD6, 0xDBD6, 0xDBD6, 0xDBD6,
  0xDBD6, 0xDBD6, 0xDBD6, 0xDBD6, 0xDBD6, 0xDBD6, 0xDBD6, 0xDBD6,
  0xDBD6, 0xDBD6, 0xDBD6, 0xDBD6, 0xBBD6, 0xD394, 0x0000, 0x105B,
  0xCF52, 0xCF52, 0xCF52, 0xCF52, 0xCF52, 0xCF5A, 0xCF5A, 0xCF5A,
  0xCF5A, 0xCF5A, 0xEF5A, 0xEF5A, 0xEF62, 0xEF62, 0x1063, 0x1063,
  0x1063, 0x106B, 0x306B, 0x306B, 0x306B, 0x306B, 0x5073, 0x5073,
  0x7073, 0x707B, 0x707B, 0x717B, 0x717B, 0x9183, 0x9183, 0x9183,
  0xB183, 0xB18B, 0xB18B, 0xB18B, 0x9083, 0xBBD6, 0x0000, 0x1FF8,
  0x1FF8, 0x1FF8, 0x1FF8, 0x2108, 0x5EE7, 0xDBD6, 0xDBD6, 0xDBD6,
  0xDBD6, 0xDBD6, 0xDBD6, 0xDBD6, 0xDBD6, 0xDBD6, 0xDBD6, 0xDBD6,
  0xDBD6, 0xDBD6, 0xDBD6, 0xDBD6, 0xDBD6, 0xDBD6, 0xDBD6, 0xDBD6,
  0xDBD6, 0x1CDF, 0xE418, 0x4C42, 0xCF52, 0xCF52, 0xCF52, 0xCF52,
  0xCF5A, 0xCF5A, 0xCF5A, 0xCF5A, 0xEF5A, 0xEF5A, 0xEF5A, 0xEF5A,
  0xEF62, 0x1063, 0x1063, 0x1063, 0x106B, 0x306B, 0x306B, 0x306B,
  0x306B, 0x5073, 0x5073, 0x5073, 0x7073, 0x707B, 0x717B, 0x717B,
  0x9183, 0x9183, 0x9183, 0x9183, 0xB183, 0xB18B, 0xB18B, 0xD18B,
  0x1DDF, 0x0000, 0x1FF8, 0x1FF8, 0x1FF8, 0x1FF8, 0x1FF8, 0x0000,
  0x9BCE, 0xDBD6, 0xDBD6, 0xDBD6, 0xDBD6, 0xDBD6, 0xDBD6, 0xDBD6,
  0xDBD6, 0xDBD6, 0xDBD6, 0xDBD6, 0xDBD6, 0xDCD6, 0x7ACE, 0xFCDE,
  0xDBD6, 0xDBD6, 0xDBD6, 0xDBD6, 0xDBD6, 0x5DE7, 0x8D4A, 0x8310,
  0xF05A, 0xCF5A, 0xCF5A, 0xCF5A, 0xCF5A, 0xCF5A, 0xCF5A, 0xEF5A,
  0xEF5A, 0xEF5A, 0xEF5A, 0xEF62, 0x1063, 0x1063, 0x1063, 0x106B,
  0x306B, 0x306B, 0x306B, 0x306B, 0x5073, 0x5073, 0x5073, 0x7073,
  0x707B, 0x717B, 0x917B, 0x9183, 0x9183, 0x9183, 0x9183, 0x9183,
  0xB18B, 0xB18B, 0x77B5, 0x6E6B, 0x1FF8, 0x1FF8, 0x1FF8, 0x1FF8,
  0x1FF8, 0x1FF8, 0x1FF8, 0x0000, 0xFCD6, 0xDBD6, 0xDBD6, 0xDBD6,
  0xDBD6, 0xDBD6, 0xDBD6, 0xDBD6, 0xDBD6, 0xDBD6, 0xDBD6, 0x1384,
  0xAE52, 0xAF52, 0xAE52, 0xD594, 0x5DE7, 0xDBD6, 0xDBD6, 0xDBD6,
  0xDBD6, 0x1CDF, 0x926B, 0xA418, 0x6C4A, 0xCF5A, 0xCF5A, 0xCF5A,
  0xCF5A, 0xEF5A, 0xCF5A, 0xEF5A, 0xEF5A, 0xEF5A, 0xEF62, 0x1063,
  0x1063, 0x1063, 0x106B, 0x306B, 0x306B, 0x306B, 0x306B, 0x5073,
  0x5073, 0x5073, 0x7073, 0x707B, 0x707B, 0x907B, 0x9183, 0x9183,
  0x9183, 0x9183, 0xB183, 0xB18B, 0x9183, 0xDCDE, 0x6210, 0x1FF8,
  0x1FF8, 0x1FF8, 0x1FF8, 0x1FF8, 0x1FF8, 0x1FF8, 0x1FF8, 0x4108,
  0x3DDF, 0xDBD6, 0xDBD6, 0xDBD6, 0xDBD6, 0xDBD6, 0xDBD6, 0xDBD6,
  0xFCDE, 0xCF5A, 0xEF5A, 0xEF5A, 0xCF5A, 0xCF5A, 0xCF5A, 0xEF5A,
  0x369D, 0xDBD6, 0xDBD6, 0xDBD6, 0xDBD6, 0xDBD6, 0x948C, 0x4C4A,
  0x0621, 0xCF5A, 0xCF5A, 0xCF5A, 0xEF5A, 0xEF5A, 0xEF5A, 0xEF5A,
  0xEF62, 0xEF62, 0x0F63, 0x1063, 0x1063, 0x106B, 0x306B, 0x306B,
  0x306B, 0x306B, 0x5073, 0x5073, 0x5073, 0x7073, 0x707B, 0x717B,
  0x707B, 0x917B, 0x9183, 0x9183, 0x9183, 0xB183, 0xB18B, 0x1294,
  0x39BE, 0x1FF8, 0x1FF8, 0x1FF8, 0x1FF8, 0x1FF8, 0x1FF8, 0x1FF8,
  0x1FF8, 0x1FF8, 0x1FF8, 0x0000, 0x39C6, 0xDBD6, 0xDBD6, 0xDBD6,
  0xDBD6, 0xDBD6, 0x97AD, 0xCF5A, 0xEF5A, 0xEF5A, 0xEF5A, 0xEF5A,
  0xEF5A, 0xCF5A, 0xCF5A, 0xCF5A, 0x6E4A, 0x19BE, 0xFCD6, 0xDBD6,
  0xDBD6, 0xDBD6, 0x19BE, 0xCF5A, 0x6208, 0xAE52, 0xCF5A, 0xEF5A,
  0xEF5A, 0xEF5A, 0xEF62, 0xEF62, 0xEF62, 0x1063, 0x1063, 0x1063,
  0x106B, 0x306B, 0x306B, 0x306B, 0x306B, 0x5073, 0x5073, 0x5073,
  0x7073, 0x707B, 0x707B, 0x707B, 0x9183, 0x9183, 0x9183, 0x9183,
  0xB183, 0xB183, 0x39C6, 0x4942, 0x1FF8, 0x1FF8, 0x1FF8, 0x1FF8,
  0x1FF8, 0x1FF8, 0x1FF8, 0x1FF8, 0x1FF8, 0x1FF8, 0x1FF8, 0x1FF8,
  0x1084, 0x1CDF, 0xDBD6, 0xDBD6, 0x5AC6, 0xAF5A, 0x0F63, 0xEF62,
  0xEF5A, 0xEF5A, 0xEF5A, 0xEF5A, 0xCF5A, 0xEF5A, 0xCF5A, 0xCF5A,
  0xCF52, 0x516B, 0x1CDF, 0xDBD6, 0xDBD6, 0xDBD6, 0xDCD6, 0x105B,
  0xA318, 0xF062, 0xEF5A, 0xEF5A, 0xEF5A, 0xEF62, 0xEF62, 0xEF62,
  0x1063, 0x1063, 0x1063, 0x106B, 0x306B, 0x306B, 0x306B, 0x306B,
  0x5073, 0x5073, 0x5073, 0x7073, 0x707B, 0x707B, 0x707B, 0x717B,
  0x9183, 0x9183, 0x9183, 0xB183, 0xB183, 0x9ACE, 0x1FF8, 0x1FF8,
  0x1FF8, 0x1FF8, 0x1FF8, 0x1FF8, 0x1FF8, 0x1FF8, 0x1FF8, 0x1FF8,
  0x1FF8, 0x1FF8, 0x1FF8, 0x1FF8, 0xE739, 0x9FEF, 0xDBD6, 0xAE5A,
  0x0F63, 0x0F63, 0x1063, 0xEF62, 0xEF5A, 0xEF5A, 0xEF5A, 0xEF5A,
  0xEF5A, 0xEF5A, 0xEF5A, 0xCF5A, 0xCF5A, 0xEF5A, 0x3DDF, 0xDBD6,
  0xDBD6, 0xDBD6, 0xDBD6, 0xAF52, 0x0521, 0xAE52, 0xEF5A, 0xEF5A,
  0xEF62, 0xEF62, 0xEF62, 0x1063, 0x1063, 0x1063, 0x106B, 0x306B,
  0x306B, 0x306B, 0x3073, 0x5073, 0x5073, 0x5073, 0x5073, 0x707B,
  0x707B, 0x707B, 0x917B, 0x9183, 0x9183, 0x9183, 0x9183, 0xF8BD,
  0xA310, 0x1FF8, 0x1FF8, 0x1FF8, 0x1FF8, 0x1FF8, 0x1FF8, 0x1FF8,
  0x1FF8, 0x1FF8, 0x1FF8, 0x1FF8, 0x1FF8, 0x1FF8, 0x1FF8, 0x1FF8,
  0x6108, 0x528C, 0x106B, 0x1063, 0x1063, 0x1063, 0x0F63, 0x0F63,
  0xEF62, 0xEF5A, 0xEF5A, 0xEF5A, 0xEF5A, 0xEF5A, 0xCF5A, 0xEF5A,
  0xEF5A, 0xAE52, 0xBBCE, 0xDBD6, 0xDBD6, 0xDBD6, 0xFCD6, 0x716B,
  0x0521, 0xAE52, 0xEF5A, 0xEF62, 0x0F63, 0x0F63, 0x1063, 0x1063,
  0x1063, 0x306B, 0x306B, 0x306B, 0x306B, 0x3073, 0x5073, 0x5073,
  0x5073, 0x5073, 0x707B, 0x707B, 0x707B, 0x917B, 0x9183, 0x9183,
  0x9183, 0x2F7B, 0x96AD, 0x1FF8, 0x1FF8, 0x1FF8, 0x1FF8, 0x1FF8,
  0x1FF8, 0x1FF8, 0x1FF8, 0x1FF8, 0x1FF8, 0x1FF8, 0x1FF8, 0x1FF8,
  0x1FF8, 0x1FF8, 0x1FF8, 0x1FF8, 0x1FF8, 0x4208, 0xCE62, 0x106B,
  0x1063, 0x1063, 0x0F63, 0xEF62, 0xEF62, 0xEF5A, 0xEF5A, 0xEF5A,
  0xEF5A, 0xEF5A, 0xEF5A, 0xEF5A, 0xEF5A, 0xAE52, 0xFCD6, 0xDBD6,
  0xDBD6, 0xDBD6, 0x1CDF, 0x3384, 0xC418, 0xAD52, 0xEF62, 0x0F63,
  0x0F63, 0x1063, 0x516B, 0x7173, 0x306B, 0x306B, 0x306B, 0x306B,
  0x5073, 0x5073, 0x5073, 0x5073, 0x5073, 0x707B, 0x707B, 0x717B,
  0x917B, 0x9183, 0x9183, 0x9183, 0x5ACE, 0x8210, 0x1FF8, 0x1FF8,
  0x1FF8, 0x1FF8, 0x1FF8, 0x1FF8, 0x1FF8, 0x1FF8, 0x1FF8, 0x1FF8,
  0x1FF8, 0x1FF8, 0x1FF8, 0x1FF8, 0x1FF8, 0x1FF8, 0x1FF8, 0x1FF8,
  0x1FF8, 0x0000, 0x0521, 0x0F63, 0x106B, 0x0F63, 0x0F63, 0x0F63,
  0xEF62, 0xEF62, 0xEF5A, 0xEF5A, 0xEF5A, 0xEF5A, 0xEF5A, 0xEF5A,
  0xEF5A, 0x77AD, 0xDBD6, 0xDBD6, 0xDBD6, 0xDBD6, 0xFCD6, 0x748C,
  0x6831, 0x4C4A, 0x3063, 0xEF62, 0x6210, 0xE520, 0xAE5A, 0x306B,
  0x306B, 0x306B, 0x306B, 0x5073, 0x5073, 0x5073, 0x5073, 0x5073,
  0x707B, 0x707B, 0x717B, 0x917B, 0x9183, 0x9183, 0x128C, 0xD394,
  0x1FF8, 0x1FF8, 0x1FF8, 0x1FF8, 0x1FF8, 0x1FF8, 0x1FF8, 0x1FF8,
  0x1FF8, 0x1FF8, 0x1FF8, 0x1FF8, 0x1FF8, 0x1FF8, 0x1FF8, 0x1FF8,
  0x1FF8, 0x1FF8, 0x1FF8, 0x1FF8, 0x1FF8, 0x1FF8, 0x1FF8, 0xA310,
  0xCF62, 0x1063, 0x0F63, 0x0F63, 0x0F63, 0xEF62, 0xEF62, 0xEF62,
  0xEF5A, 0xEF5A, 0xEF5A, 0xEF5A, 0xEF5A, 0xFCD6, 0xDBD6, 0xDBD6,
  0xDBD6, 0xDBD6, 0xDBD6, 0x3384, 0xE420, 0x0000, 0xCE5A, 0x1063,
  0x1063, 0x106B, 0x106B, 0x306B, 0x306B, 0x306B, 0x5073, 0x5073,
  0x5073, 0x5073, 0x5073, 0x707B, 0x707B, 0x717B, 0x917B, 0x9183,
  0x9183, 0x3DE7, 0x8210, 0x1FF8, 0x1FF8, 0x1FF8, 0x1FF8, 0x1FF8,
  0x1FF8, 0x1FF8, 0x1FF8, 0x1FF8, 0x1FF8, 0x1FF8, 0x1FF8, 0x1FF8,
  0x1FF8, 0x1FF8, 0x1FF8, 0x1FF8, 0x1FF8, 0x1FF8, 0x1FF8, 0x1FF8,
  0x1FF8, 0x1FF8, 0x1FF8, 0x1FF8, 0x0000, 0x0A42, 0xEF62, 0x1063,
  0x1063, 0xEF62, 0xEF62, 0xEF62, 0xEF62, 0xEF62, 0xEF62, 0xEF5A,
  0x748C, 0xDBD6, 0x1CDF, 0x19BE, 0x494A, 0x0000, 0x1FF8, 0xFABD,
  0x306B, 0x8210, 0x6C52, 0x306B, 0x106B, 0x106B, 0x306B, 0x306B,
  0x306B, 0x5073, 0x5073, 0x5073, 0x5073, 0x5073, 0x707B, 0x707B,
  0x717B, 0x917B, 0x9183, 0xF5A4, 0x728C, 0x1FF8, 0x1FF8, 0x1FF8,
  0x1FF8, 0x1FF8, 0x1FF8, 0x1FF8, 0x1FF8, 0x1FF8, 0x1FF8, 0x1FF8,
  0x1FF8, 0x1FF8, 0x1FF8, 0x1FF8, 0x1FF8, 0x1FF8, 0x1FF8, 0x1FF8,
  0x1FF8, 0x1FF8, 0x1FF8, 0x1FF8, 0x1FF8, 0x1FF8, 0x1FF8, 0x1FF8,
  0x1FF8, 0x0000, 0xA318, 0x4C4A, 0x516B, 0x1063, 0x0F63, 0xF062,
  0xEF62, 0xEF62, 0x3063, 0x2B42, 0x6629, 0x0000, 0x1FF8, 0x1FF8,
  0x1FF8, 0x1FF8, 0x1FF8, 0xBCD6, 0xCF5A, 0xC939, 0x4729, 0x516B,
  0x306B, 0x306B, 0x306B, 0x306B, 0x5073, 0x5073, 0x5073, 0x5073,
  0x5073, 0x707B, 0x707B, 0x717B, 0x9183, 0x0F73, 0x9BCE, 0x0000,
  0x1FF8, 0x1FF8, 0x1FF8, 0x1FF8, 0x1FF8, 0x1FF8, 0x1FF8, 0x1FF8,
  0x1FF8, 0x1FF8, 0x1FF8, 0x1FF8, 0x1FF8, 0x1FF8, 0x1FF8, 0x1FF8,
  0x1FF8, 0x1FF8, 0x1FF8, 0x1FF8, 0x1FF8, 0x1FF8, 0x1FF8, 0x1FF8,
  0x1FF8, 0x1FF8, 0x1FF8, 0x1FF8, 0x1FF8, 0x1FF8, 0x1FF8, 0x1FF8,
  0x8310, 0x4729, 0x8831, 0x0521, 0x4108, 0x0000, 0x1FF8, 0x1FF8,
  0x1FF8, 0x1FF8, 0x1FF8, 0x1FF8, 0x1FF8, 0x1FF8, 0x1FF8, 0x9BCE,
  0xCF62, 0x0F63, 0x4108, 0xCE62, 0x306B, 0x306B, 0x306B, 0x5073,
  0x5073, 0x5073, 0x7073, 0x707B, 0x707B, 0x707B, 0x717B, 0x507B,
  0xFCDE, 0xA210, 0x1FF8, 0x1FF8, 0x1FF8, 0x1FF8, 0x1FF8, 0x1FF8,
  0x1FF8, 0x1FF8, 0x1FF8, 0x1FF8, 0x1FF8, 0x1FF8, 0x1FF8, 0x1FF8,
  0x1FF8, 0x1FF8, 0x1FF8, 0x1FF8, 0x1FF8, 0x1FF8, 0x1FF8, 0x1FF8,
  0x1FF8, 0x1FF8, 0x1FF8, 0x1FF8, 0x1FF8, 0x1FF8, 0x1FF8, 0x1FF8,
  0x1FF8, 0x1FF8, 0x1FF8, 0x1FF8, 0x1FF8, 0x1FF8, 0x1FF8, 0x1FF8,
  0x1FF8, 0x1FF8, 0x1FF8, 0x1FF8, 0x1FF8, 0x1FF8, 0x1FF8, 0x1FF8,
  0x1FF8, 0x1FF8, 0x1FF8, 0x1FF8, 0x3AC6, 0x306B, 0x8C52, 0xC418,
  0x0F6B, 0x5073, 0x5073, 0x5073, 0x5073, 0x7073, 0x707B, 0x707B,
  0x707B, 0x707B, 0xB8B5, 0xE420, 0xDBD6, 0x1FF8, 0x1FF8, 0x1FF8,
  0x1FF8, 0x1FF8, 0x1FF8, 0x1FF8, 0x1FF8, 0x1FF8, 0x1FF8, 0x1FF8,
  0x1FF8, 0x1FF8, 0x1FF8, 0x1FF8, 0x1FF8, 0x1FF8, 0x1FF8, 0x1FF8,
  0x1FF8, 0x1FF8, 0x1FF8, 0x1FF8, 0x1FF8, 0x1FF8, 0x1FF8, 0x1FF8,
  0x1FF8, 0x1FF8, 0x1FF8, 0x1FF8, 0x1FF8, 0x1FF8, 0x1FF8, 0x1FF8,
  0x1FF8, 0x1FF8, 0x1FF8, 0x1FF8, 0x1FF8, 0x1FF8, 0x1FF8, 0x1FF8,
  0x1FF8, 0x1FF8, 0x1FF8, 0x1FF8, 0x1FF8, 0x1FF8, 0x1FF8, 0x1FF8,
  0x106B, 0x5073, 0x9173, 0x6731, 0x0521, 0xB27B, 0x5073, 0x5073,
  0x5073, 0x707B, 0x707B, 0x917B, 0x8F73, 0x0842, 0xFFF7, 0x1FF8,
  0x1FF8, 0x1FF8, 0x1FF8, 0x1FF8, 0x1FF8, 0x1FF8, 0x1FF8, 0x1FF8,
  0x1FF8, 0x1FF8, 0x1FF8, 0x1FF8, 0x1FF8, 0x1FF8, 0x1FF8, 0x1FF8,
  0x1FF8, 0x1FF8, 0x1FF8, 0x1FF8, 0x1FF8, 0x1FF8, 0x1FF8, 0x1FF8,
  0x1FF8, 0x1FF8, 0x1FF8, 0x1FF8, 0x1FF8, 0x1FF8, 0x1FF8, 0x1FF8,
  0x1FF8, 0x1FF8, 0x1FF8, 0x1FF8, 0x1FF8, 0x1FF8, 0x1FF8, 0x1FF8,
  0x1FF8, 0x1FF8, 0x1FF8, 0x1FF8, 0x1FF8, 0x1FF8, 0x1FF8, 0x1FF8,
  0x1FF8, 0x1FF8, 0x1FF8, 0x1FF8, 0x1FF8, 0x7173, 0x5073, 0x0F6B,
  0x4629, 0x4108, 0x6C52, 0xEE6A, 0x6631, 0x2108, 0xE420, 0xFCD6,
  0x7EE7, 0x1FF8, 0x1FF8, 0x1FF8, 0x1FF8, 0x1FF8, 0x1FF8, 0x1FF8,
  0x1FF8, 0x1FF8, 0x1FF8, 0x1FF8, 0x1FF8, 0x1FF8, 0x1FF8, 0x1FF8,
  0x1FF8, 0x1FF8, 0x1FF8, 0x1FF8, 0x1FF8, 0x1FF8, 0x1FF8, 0x1FF8,
  0x1FF8, 0x1FF8, 0x1FF8, 0x1FF8, 0x1FF8, 0x1FF8, 0x1FF8, 0x1FF8,
  0x1FF8, 0x1FF8, 0x1FF8, 0x1FF8, 0x1FF8, 0x1FF8, 0x1FF8, 0x1FF8,
  0x1FF8, 0x1FF8, 0x1FF8, 0x1FF8, 0x1FF8, 0x1FF8, 0x1FF8, 0x1FF8,
  0x1FF8, 0x1FF8, 0x1FF8, 0x1FF8, 0x1FF8, 0x1FF8, 0x1FF8, 0x1FF8,
  0x1FF8, 0x5073, 0x5073, 0x5073, 0x7073, 0xB283, 0xB283, 0x917B,
  0xF9BD, 0xFCD6, 0xDBD6, 0x1FF8, 0x1FF8, 0x1FF8, 0x1FF8, 0x1FF8,
  0x1FF8, 0x1FF8, 0x1FF8, 0x1FF8, 0x1FF8, 0x1FF8, 0x1FF8, 0x1FF8,
  0x1FF8, 0x1FF8, 0x1FF8, 0x1FF8, 0x1FF8, 0x1FF8, 0x1FF8, 0x1FF8,
  0x1FF8, 0x1FF8, 0x1FF8, 0x1FF8, 0x1FF8, 0x1FF8, 0x1FF8, 0x1FF8,
  0x1FF8, 0x1FF8, 0x1FF8, 0x1FF8, 0x1FF8, 0x1FF8, 0x1FF8, 0x1FF8,
  0x1FF8, 0x1FF8, 0x1FF8, 0x1FF8, 0x1FF8, 0x1FF8, 0x1FF8, 0x1FF8,
  0x1FF8, 0x1FF8, 0x1FF8, 0x1FF8, 0x1FF8, 0x1FF8, 0x1FF8, 0x1FF8,
  0x1FF8, 0x1FF8, 0x1FF8, 0x1FF8, 0x1FF8, 0x1FF8, 0x5073, 0xB27B,
  0x707B, 0x707B, 0xBBD6, 0xBBD6, 0x1FF8, 0x1FF8, 0x1FF8, 0x1FF8,
  0x1FF8, 0x1FF8, 0x1FF8, 0x1FF8, 0x1FF8, 0x1FF8, 0x1FF8, 0x1FF8,
  0x1FF8, 0x1FF8, 0x1FF8, 0x1FF8, 0x1FF8, 0x1FF8, 0x1FF8, 0x1FF8,
  0x1FF8, 0x1FF8, 0x1FF8, 0x1FF8, 0x1FF8, 0x1FF8, 0x1FF8, 0x1FF8,
  0x1FF8, 0x1FF8, 0x1FF8, 0x1FF8, 0x1FF8, 0x1FF8, 0x1FF8, 0x1FF8,
  0x1FF8, 0x1FF8, 0x1FF8, 0x1FF8, 0x1FF8, 0x1FF8, 0x1FF8, 0x1FF8,
  0x1FF8, 0x1FF8, 0x1FF8, 0x1FF8, 0x1FF8, 0x1FF8, 0x1FF8, 0x1FF8,
  0x1FF8, 0x1FF8, 0x1FF8, 0x1FF8, 0x1FF8, 0x1FF8, 0x1FF8, 0x1FF8,
  0x1FF8, 0x1FF8, 0x1FF8, 0x1FF8, 0x1FF8, 0x1FF8, 0x1FF8, 0x1FF8,
  0x1FF8, 0x1FF8, 0x1FF8, 0x1FF8, 0x1FF8, 0x1FF8, 0x1FF8, 0x1FF8,
  0x1FF8, 0x1FF8, 0x1FF8, 0x1FF8, 0x1FF8,
};
static const shapoco::gfx2d::Texture tex_hood_b = {
  shapoco::gfx2d::PixelFormat::RGB565_SWAPPED, 67, 71, 134, tex_hood_bData,
};

alignas(4) static const uint16_t tex_shirt_bData[] = {
  0x1FF8, 0x1FF8, 0x1FF8, 0x1FF8, 0x1FF8, 0x0000, 0x1FF8, 0x1FF8,
  0x1FF8, 0x1FF8, 0x1FF8, 0x1FF8, 0x1FF8, 0x1FF8, 0x1FF8, 0x1FF8,
  0x1FF8, 0x1FF8, 0x1FF8, 0x1FF8, 0x1FF8, 0x1FF8, 0x1FF8, 0x1FF8,
  0x1FF8, 0x1FF8, 0x1FF8, 0x1FF8, 0x1FF8, 0x1FF8, 0x1FF8, 0x1FF8,
  0x1FF8, 0x1FF8, 0x1FF8, 0x1FF8, 0x1FF8, 0x1FF8, 0x1FF8, 0x1FF8,
  0x1FF8, 0x1FF8, 0x1FF8, 0x1FF8, 0x1FF8, 0x1FF8, 0x1FF8, 0x1FF8,
  0x1FF8, 0x1FF8, 0x1FF8, 0x1FF8, 0x1FF8, 0x1FF8, 0x1FF8, 0x1FF8,
  0x1FF8, 0x1FF8, 0x1FF8, 0x1FF8, 0x1FF8, 0x1FF8, 0x1FF8, 0x1FF8,
  0x1FF8, 0x1FF8, 0x1FF8, 0x1FF8, 0x1FF8, 0x1FF8, 0x1FF8, 0x1FF8,
  0x1FF8, 0x1FF8, 0x1FF8, 0x1FF8, 0x1FF8, 0x1FF8, 0x1FF8, 0x1FF8,
  0x1FF8, 0x1FF8, 0x1FF8, 0x1FF8, 0x1FF8, 0x1FF8, 0x1FF8, 0x1FF8,
  0x1FF8, 0x1FF8, 0x1FF8, 0x1FF8, 0x1FF8, 0x1FF8, 0x1FF8, 0x1FF8,
  0x1FF8, 0x1FF8, 0x1FF8, 0x1FF8, 0x1FF8, 0x1FF8, 0x1FF8, 0x1FF8,
  0x1FF8, 0x1FF8, 0x1FF8, 0x1FF8, 0x1FF8, 0x1FF8, 0x1FF8, 0x1FF8,
  0x1FF8, 0x0000, 0x2942, 0x0421, 0x2000, 0x1FF8, 0x1FF8, 0x1FF8,
  0x1FF8, 0x1FF8, 0x1FF8, 0x1FF8, 0x1FF8, 0x1FF8, 0x1FF8, 0x1FF8,
  0x1FF8, 0x1FF8, 0x1FF8, 0x1FF8, 0x1FF8, 0x1FF8, 0x1FF8, 0x1FF8,
  0x1FF8, 0x1FF8, 0x1FF8, 0x1FF8, 0x1FF8, 0x1FF8, 0x1FF8, 0x1FF8,
  0x1FF8, 0x1FF8, 0x1FF8, 0x1FF8, 0x1FF8, 0x1FF8, 0x1FF8, 0x1FF8,
  0x1FF8, 0x1FF8, 0x1FF8, 0x1FF8, 0x1FF8, 0x1FF8, 0x1FF8, 0x1FF8,
  0x1FF8, 0x1FF8, 0x1FF8, 0x1FF8, 0x0000, 0x0000, 0xE318, 0x0000,
  0x1FF8, 0x1FF8, 0x1FF8, 0x1FF8, 0x1FF8, 0x1FF8, 0x1FF8, 0x1FF8,
  0x1FF8, 0x1FF8, 0x1FF8, 0x1FF8, 0x1FF8, 0x1FF8, 0x1FF8, 0x1FF8,
  0x1FF8, 0x1FF8, 0x1FF8, 0x1FF8, 0x1FF8, 0x1FF8, 0x1FF8, 0x1FF8,
  0x1FF8, 0x1FF8, 0x1FF8, 0x1FF8, 0x1FF8, 0x1FF8, 0x1FF8, 0x1FF8,
  0x1FF8, 0x1FF8, 0x1FF8, 0x1FF8, 0x1FF8, 0x1FF8, 0x1FF8, 0x1FF8,
  0x1FF8, 0x1FF8, 0x1FF8, 0x1FF8, 0x1FF8, 0x1FF8, 0x1FF8, 0x1FF8,
  0x1FF8, 0x1FF8, 0x1FF8, 0x1FF8, 0x1FF8, 0xE418, 0x0842, 0x0842,
  0x0942, 0x2942, 0x2521, 0x0000, 0x1FF8, 0x1FF8, 0x1FF8, 0x1FF8,
  0x1FF8, 0x1FF8, 0x1FF8, 0x1FF8, 0x1FF8, 0x1FF8, 0x1FF8, 0x1FF8,
  0x1FF8, 0x1FF8, 0x1FF8, 0x1FF8, 0x1FF8, 0x1FF8, 0x1FF8, 0x1FF8,
  0x1FF8, 0x1FF8, 0x1FF8, 0x1FF8, 0x1FF8, 0x1FF8, 0x1FF8, 0x1FF8,
  0x1FF8, 0x1FF8, 0x1FF8, 0x1FF8, 0x1FF8, 0x1FF8, 0x1FF8, 0x1FF8,
  0x1FF8, 0x1FF8, 0x1FF8, 0x1FF8, 0x1FF8, 0x0000, 0x0421, 0x0842,
  0x2942, 0x0942, 0x0942, 0x0942, 0x2942, 0x8631, 0x0000, 0x1FF8,
  0x1FF8, 0x1FF8, 0x1FF8, 0x1FF8, 0x1FF8, 0x1FF8, 0x1FF8, 0x1FF8,
  0x1FF8, 0x1FF8, 0x1FF8, 0x1FF8, 0x1FF8, 0x1FF8, 0x1FF8, 0x1FF8,
  0x1FF8, 0x1FF8, 0x1FF8, 0x1FF8, 0x1FF8, 0x1FF8, 0x1FF8, 0x1FF8,
  0x1FF8, 0x1FF8, 0x1FF8, 0x1FF8, 0x1FF8, 0x1FF8, 0x1FF8, 0x1FF8,
  0x1FF8, 0x1FF8, 0x1FF8, 0x1FF8, 0x1FF8, 0x1FF8, 0x1FF8, 0x1FF8,
  0x1FF8, 0x1FF8, 0x1FF8, 0x1FF8, 0x1FF8, 0x1FF8, 0x1FF8, 0x1FF8,
  0x1FF8, 0x0842, 0x0942, 0x0942, 0x0942, 0x0942, 0x0842, 0x0942,
  0x494A, 0x8631, 0x4108, 0x0000, 0x1FF8, 0x1FF8, 0x1FF8, 0x1FF8,
  0x1FF8, 0x1FF8, 0x1FF8, 0x1FF8, 0x1FF8, 0x1FF8, 0x1FF8, 0x1FF8,
  0x1FF8, 0x1FF8, 0x1FF8, 0x1FF8, 0x1FF8, 0x1FF8, 0x1FF8, 0x1FF8,
  0x1FF8, 0x1FF8, 0x1FF8, 0x1FF8, 0x1FF8, 0x1FF8, 0x1FF8, 0x1FF8,
  0x1FF8, 0x1FF8, 0x1FF8, 0x1FF8, 0x1FF8, 0x1FF8, 0x1FF8, 0x0000,
  0x8629, 0x2942, 0x0942, 0x0942, 0x0942, 0x0942, 0x0942, 0x0942,
  0x0942, 0x0942, 0x0942, 0x2942, 0xE420, 0x0000, 0x1FF8, 0x1FF8,
  0x1FF8, 0x1FF8, 0x1FF8, 0x1FF8, 0x1FF8, 0x1FF8, 0x1FF8, 0x1FF8,
  0x1FF8, 0x1FF8, 0x1FF8, 0x1FF8, 0x1FF8, 0x1FF8, 0x1FF8, 0x1FF8,
  0x1FF8, 0x1FF8, 0x1FF8, 0x1FF8, 0x1FF8, 0x1FF8, 0x1FF8, 0x1FF8,
  0x1FF8, 0x1FF8, 0x1FF8, 0x1FF8, 0x1FF8, 0x1FF8, 0x1FF8, 0x1FF8,
  0x1FF8, 0x1FF8, 0x1FF8, 0x1FF8, 0x1FF8, 0x1FF8, 0x1FF8, 0x1FF8,
  0x1FF8, 0x1FF8, 0x1FF8, 0x1FF8, 0x0000, 0x2942, 0x0942, 0x0942,
  0x0942, 0x0942, 0x0942, 0x0942, 0x0942, 0x0842, 0x0942, 0x2942,
  0xE839, 0xE418, 0x2000, 0x1FF8, 0x1FF8, 0x1FF8, 0x1FF8, 0x1FF8,
  0x1FF8, 0x1FF8, 0x1FF8, 0x1FF8, 0x1FF8, 0x1FF8, 0x1FF8, 0x1FF8,
  0x1FF8, 0x1FF8, 0x1FF8, 0x1FF8, 0x1FF8, 0x1FF8, 0x1FF8, 0x1FF8,
  0x1FF8, 0x1FF8, 0x1FF8, 0x1FF8, 0x1FF8, 0x1FF8, 0x1FF8, 0x1FF8,
  0x1FF8, 0x0000, 0x6629, 0x2942, 0x0942, 0x0942, 0x0942, 0x0942,
  0x0942, 0x0942, 0x0942, 0x0942, 0x0942, 0x0942, 0x0942, 0x0942,
  0x0942, 0x2942, 0x8631, 0x2100, 0x1FF8, 0x1FF8, 0x1FF8, 0x1FF8,
  0x1FF8, 0x1FF8, 0x1FF8, 0x1FF8, 0x1FF8, 0x1FF8, 0x1FF8, 0x1FF8,
  0x1FF8, 0x1FF8, 0x1FF8, 0x1FF8, 0x1FF8, 0x1FF8, 0x1FF8, 0x1FF8,
  0x1FF8, 0x1FF8, 0x1FF8, 0x1FF8, 0x1FF8, 0x1FF8, 0x1FF8, 0x1FF8,
  0x1FF8, 0x1FF8, 0x1FF8, 0x1FF8, 0x1FF8, 0x1FF8, 0x1FF8, 0x1FF8,
  0x1FF8, 0x1FF8, 0x1FF8, 0x1FF8, 0x1FF8, 0x1FF8, 0x1FF8, 0x1FF8,
  0xE420, 0x0942, 0x0942, 0x0942, 0x0942, 0x0942, 0x0942, 0x0942,
  0x0942, 0x0942, 0x0942, 0x0942, 0x0942, 0x0942, 0x0942, 0xE839,
  0xC318, 0x2000, 0x1FF8, 0x1FF8, 0x1FF8, 0x1FF8, 0x1FF8, 0x1FF8,
  0x1FF8, 0x1FF8, 0x1FF8, 0x1FF8, 0x1FF8, 0x1FF8, 0x1FF8, 0x1FF8,
  0x1FF8, 0x1FF8, 0x1FF8, 0x1FF8, 0x1FF8, 0x1FF8, 0x1FF8, 0x1FF8,
  0x1FF8, 0x1FF8, 0x1FF8, 0x0000, 0x2521, 0x2942, 0x0942, 0x0942,
  0x0942, 0x0942, 0x0942, 0x0942, 0x0942, 0x0942, 0x0942, 0x0942,
  0x0942, 0x0942, 0x0942, 0x0942, 0x0942, 0x0942, 0x0842, 0x0942,
  0xA731, 0x0000, 0x1FF8, 0x1FF8, 0x1FF8, 0x1FF8, 0x1FF8, 0x1FF8,
  0x1FF8, 0x1FF8, 0x1FF8, 0x1FF8, 0x1FF8, 0x1FF8, 0x1FF8, 0x1FF8,
  0x1FF8, 0x1FF8, 0x1FF8, 0x1FF8, 0x1FF8, 0x1FF8, 0x1FF8, 0x1FF8,
  0x1FF8, 0x1FF8, 0x1FF8, 0x1FF8, 0x1FF8, 0x1FF8, 0x1FF8, 0x1FF8,
  0x1FF8, 0x1FF8, 0x1FF8, 0x1FF8, 0x1FF8, 0x1FF8, 0x1FF8, 0x1FF8,
  0x1FF8, 0x1FF8, 0x1FF8, 0x1FF8, 0x0942, 0x0942, 0x0942, 0x0942,
  0x0942, 0x0942, 0x0942, 0x0942, 0x0942, 0x0942, 0x0942, 0x0942,
  0x0942, 0x0942, 0x0942, 0x0942, 0x0842, 0x0942, 0x0842, 0xC318,
  0x0000, 0x1FF8, 0x1FF8, 0x1FF8, 0x1FF8, 0x1FF8, 0x1FF8, 0x1FF8,
  0x1FF8, 0x1FF8, 0x1FF8, 0x1FF8, 0x1FF8, 0x1FF8, 0x1FF8, 0x1FF8,
  0x1FF8, 0x1FF8, 0x1FF8, 0x1FF8, 0x4108, 0xC731, 0x2942, 0x0842,
  0x0942, 0x0942, 0x0942, 0x0942, 0x0942, 0x0942, 0x0942, 0x0942,
  0x0942, 0x0942, 0x0942, 0x0942, 0x0942, 0x0942, 0x0942, 0x0942,
  0x0942, 0x0942, 0x0942, 0x0942, 0x0942, 0x0942, 0xA731, 0x0000,
  0x1FF8, 0x1FF8, 0x1FF8, 0x1FF8, 0x1FF8, 0x1FF8, 0x1FF8, 0x1FF8,
  0x1FF8, 0x1FF8, 0x1FF8, 0x1FF8, 0x1FF8, 0x1FF8, 0x1FF8, 0x1FF8,
  0x1FF8, 0x1FF8, 0x1FF8, 0x1FF8, 0x1FF8, 0x1FF8, 0x1FF8, 0x1FF8,
  0x1FF8, 0x1FF8, 0x1FF8, 0x1FF8, 0x1FF8, 0x1FF8, 0x1FF8, 0x1FF8,
  0x1FF8, 0x1FF8, 0x1FF8, 0x1FF8, 0x1FF8, 0x1FF8, 0x1FF8, 0x0000,
  0x0942, 0x0942, 0x0942, 0x0942, 0x0942, 0x0942, 0x0942, 0x0942,
  0x0942, 0x0942, 0x0942, 0x0942, 0x0942, 0x0942, 0x0942, 0x0942,
  0x0942, 0x0942, 0x0942, 0x0942, 0x0942, 0xE839, 0xA210, 0x0000,
  0x1FF8, 0x1FF8, 0x1FF8, 0x1FF8, 0x1FF8, 0x1FF8, 0x1FF8, 0x1FF8,
  0x1FF8, 0x1FF8, 0x1FF8, 0x1FF8, 0x1FF8, 0x1FF8, 0x8210, 0x0942,
  0x0942, 0x0942, 0x0942, 0x0942, 0x0942, 0x0942, 0x0942, 0x0942,
  0x0942, 0x0942, 0x0942, 0x0942, 0x0942, 0x0942, 0x0942, 0x0942,
  0x0942, 0x0942, 0x0942, 0x0942, 0x0942, 0x0942, 0x0942, 0x0942,
  0x0842, 0x2521, 0x8210, 0xC318, 0xA310, 0x8210, 0x8210, 0x2000,
  0x2000, 0x0000, 0x0000, 0x0000, 0x1FF8, 0x1FF8, 0x1FF8, 0x1FF8,
  0x1FF8, 0x1FF8, 0x1FF8, 0x1FF8, 0x1FF8, 0x1FF8, 0x1FF8, 0x1FF8,
  0x1FF8, 0x1FF8, 0x1FF8, 0x1FF8, 0x1FF8, 0x1FF8, 0x1FF8, 0x1FF8,
  0x1FF8, 0x1FF8, 0x1FF8, 0x1FF8, 0x1FF8, 0x1FF8, 0x1FF8, 0x1FF8,
  0x1FF8, 0x1FF8, 0x1FF8, 0x6629, 0x0942, 0x0942, 0x0942, 0x0942,
  0x0942, 0x0942, 0x0942, 0x0942, 0x0942, 0x0942, 0x0942, 0x0942,
  0x0942, 0x0942, 0x0942, 0x0942, 0x0942, 0x0942, 0x0942, 0x0942,
  0x0942, 0x0942, 0x0942, 0x0942, 0xE839, 0x6210, 0x0000, 0x1FF8,
  0x1FF8, 0x1FF8, 0x1FF8, 0x1FF8, 0x1FF8, 0x1FF8, 0x1FF8, 0x1FF8,
  0x6210, 0x2942, 0x0842, 0x0842, 0x0942, 0x0942, 0x0942, 0x0942,
  0x0942, 0x0942, 0x0942, 0x0942, 0x0942, 0x0942, 0x0942, 0x0942,
  0x0942, 0x0942, 0x0942, 0x0942, 0x0942, 0x0942, 0x0942, 0x0942,
  0x0942, 0x0942, 0x0942, 0x0942, 0x0942, 0x083A, 0xE839, 0xC731,
  0x2521, 0xC318, 0x4108, 0x0000, 0xC318, 0xA731, 0x2942, 0x2942,
  0x0942, 0xA731, 0xE420, 0x0000, 0x0000, 0x1FF8, 0x1FF8, 0x1FF8,
  0x1FF8, 0x1FF8, 0x1FF8, 0x1FF8, 0x1FF8, 0x1FF8, 0x1FF8, 0x1FF8,
  0x1FF8, 0x1FF8, 0x1FF8, 0x1FF8, 0x1FF8, 0x1FF8, 0x1FF8, 0x1FF8,
  0x1FF8, 0x1FF8, 0x1FF8, 0x1FF8, 0x1FF8, 0x1FF8, 0x0000, 0x0942,
  0x0942, 0x0942, 0x0942, 0x0942, 0x0942, 0x0942, 0x0942, 0x0942,
  0x0942, 0x0942, 0x0942, 0x0942, 0x0942, 0x0942, 0x0942, 0x0942,
  0x0942, 0x0942, 0x0942, 0x0942, 0x0942, 0x0942, 0x0942, 0x0942,
  0x0942, 0x0942, 0x083A, 0xE418, 0x0000, 0x1FF8, 0x0000, 0x0000,
  0x1FF8, 0x1FF8, 0x2108, 0x0942, 0x0942, 0x0842, 0x0942, 0x0942,
  0x0942, 0x0942, 0x0942, 0x0942, 0x0942, 0x0942, 0x0942, 0x0942,
  0x0942, 0x0942, 0x0942, 0x0942, 0x0942, 0x0942, 0x0942, 0x0942,
  0x0942, 0x0942, 0x0942, 0x0942, 0x0942, 0x0942, 0x0942, 0x0942,
  0x0942, 0x0942, 0x0842, 0x0942, 0x0842, 0x0842, 0x0842, 0x0942,
  0xC739, 0x6629, 0x6208, 0x0000, 0xE418, 0x2942, 0x0942, 0xE839,
  0x2529, 0x2629, 0x8318, 0x0000, 0x1FF8, 0x1FF8, 0x1FF8, 0x1FF8,
  0x1FF8, 0x1FF8, 0x1FF8, 0x1FF8, 0x1FF8, 0x1FF8, 0x1FF8, 0x1FF8,
  0x1FF8, 0x1FF8, 0x1FF8, 0x1FF8, 0x1FF8, 0x1FF8, 0x1FF8, 0x1FF8,
  0x1FF8, 0x1FF8, 0x4108, 0x0942, 0x0942, 0x0942, 0x0942, 0x0942,
  0x0942, 0x0942, 0x0942, 0x0942, 0x0942, 0x0942, 0x0942, 0x0942,
  0x0942, 0x0942, 0x0942, 0x0942, 0x0942, 0x0942, 0x0942, 0x0942,
  0x0942, 0x0942, 0x0942, 0x0942, 0x0942, 0x0942, 0x0942, 0x0942,
  0x2942, 0x8629, 0x2942, 0x0942, 0x2108, 0x2521, 0x0942, 0x0842,
  0x0942, 0x0942, 0x0942, 0x0942, 0x0942, 0x0942, 0x0942, 0x0942,
  0x0942, 0x0942, 0x0942, 0x0942, 0x0942, 0x0942, 0x0942, 0x0942,
  0x0942, 0x0942, 0x0942, 0x0942, 0x0942, 0x0942, 0x0942, 0x0942,
  0x0942, 0x0942, 0x0942, 0x0942, 0x0942, 0x0942, 0x0942, 0x0942,
  0x0942, 0x0942, 0x0942, 0x093A, 0xE7A0, 0x29A9, 0x29A9, 0x08A1,
  0xE788, 0x0000, 0xA739, 0xE839, 0xE839, 0x2529, 0x2529, 0x2629,
  0x4631, 0x8318, 0x0000, 0x1FF8, 0x1FF8, 0x1FF8, 0x1FF8, 0x1FF8,
  0x1FF8, 0x1FF8, 0x1FF8, 0x1FF8, 0x1FF8, 0x1FF8, 0x1FF8, 0x1FF8,
  0x1FF8, 0x1FF8, 0x1FF8, 0x1FF8, 0x1FF8, 0x1FF8, 0xA731, 0x0942,
  0x0942, 0x0942, 0x0942, 0x0942, 0x0942, 0x0942, 0x0942, 0x0942,
  0x0942, 0x0942, 0x0942, 0x0942, 0x0942, 0x0942, 0x0942, 0x0942,
  0x0942, 0x0942, 0x0942, 0x0942, 0x0942, 0x0942, 0x0942, 0x0942,
  0x0942, 0x0942, 0x0942, 0x0942, 0x0942, 0x0842, 0x0942, 0x0942,
  0x0942, 0x0842, 0x0942, 0x0942, 0x0942, 0x0942, 0x0942, 0x0942,
  0x0942, 0x0942, 0x0942, 0x0942, 0x0942, 0x0942, 0x0942, 0x0942,
  0x0942, 0x0942, 0x0942, 0x0942, 0x0842, 0x0942, 0x0942, 0x0942,
  0x0942, 0x0942, 0x0842, 0x0942, 0x0842, 0x0942, 0x0842, 0x0942,
  0x0942, 0x0942, 0x0942, 0x0942, 0x0942, 0x0942, 0x0942, 0x0842,
  0x6871, 0x0899, 0x0899, 0x2110, 0x0521, 0x2629, 0x2529, 0x2529,
  0x2529, 0x2529, 0x2529, 0x2529, 0x2529, 0x2529, 0x2631, 0x2529,
  0x4108, 0x1FF8, 0x1FF8, 0x1FF8, 0x1FF8, 0x1FF8, 0x1FF8, 0x1FF8,
  0x1FF8, 0x1FF8, 0x1FF8, 0x1FF8, 0x1FF8, 0x1FF8, 0x1FF8, 0x1FF8,
  0x1FF8, 0x0000, 0x0942, 0x0942, 0x0942, 0x0942, 0x0942, 0x0942,
  0x0942, 0x0942, 0x0942, 0x0942, 0x0942, 0x0942, 0x0942, 0x0942,
  0x0942, 0x0942, 0x0942, 0x0942, 0x0942, 0x0942, 0x0942, 0x0942,
  0x0942, 0x0942, 0x0942, 0x0942, 0x0942, 0x0942, 0x0942, 0x0942,
  0x0942, 0x0942, 0x0942, 0x0942, 0x0942, 0x0942, 0x0942, 0x0942,
  0x0942, 0x0942, 0x0942, 0x0942, 0x0942, 0x0942, 0x0942, 0x0942,
  0x0942, 0x0942, 0x0942, 0x0942, 0x0842, 0x0942, 0x2942, 0xC839,
  0x4529, 0x8210, 0x4108, 0x2108, 0x0000, 0x0000, 0x0000, 0x0000,
  0x6210, 0x4529, 0xA731, 0x2942, 0x0942, 0x0942, 0x0842, 0x0942,
  0x0942, 0x0942, 0x0942, 0x0942, 0xA861, 0x8458, 0xC310, 0x4631,
  0x2529, 0x2529, 0x2529, 0x2529, 0x2529, 0x2529, 0x2529, 0x2529,
  0x2529, 0x2529, 0x2529, 0x2529, 0x2529, 0x2529, 0xC318, 0x0000,
  0x1FF8, 0x1FF8, 0x1FF8, 0x1FF8, 0x1FF8, 0x1FF8, 0x1FF8, 0x1FF8,
  0x1FF8, 0x1FF8, 0x1FF8, 0x1FF8, 0x1FF8, 0x6108, 0x0942, 0x0942,
  0x0942, 0x0942, 0x0942, 0x0942, 0x0942, 0x0942, 0x0942, 0x0942,
  0x0942, 0x0942, 0x0942, 0x0942, 0x0942, 0x0942, 0x0942, 0x0942,
  0x0942, 0x0942, 0x0942, 0x0942, 0x0942, 0x0942, 0x0942, 0x0942,
  0x0942, 0x0942, 0x0942, 0x0942, 0x0942, 0x0942, 0x0942, 0x0942,
  0x0942, 0x0942, 0x0942, 0x0942, 0x0942, 0x0942, 0x0942, 0x0942,
  0x0942, 0x0942, 0x0942, 0x0942, 0x0842, 0x0942, 0x2942, 0xC839,
  0xE418, 0x0000, 0x0000, 0x1FF8, 0x1FF8, 0x1FF8, 0x1FF8, 0x1FF8,
  0x1FF8, 0x1FF8, 0x1FF8, 0x1FF8, 0x1FF8, 0x1FF8, 0x1FF8, 0x1FF8,
  0x0000, 0x0000, 0x2521, 0x2942, 0x0942, 0x0842, 0x0942, 0x0942,
  0x293A, 0x8731, 0x4629, 0x0529, 0x2529, 0x2529, 0x2529, 0x2529,
  0x2529, 0x2529, 0x2529, 0x2529, 0x2529, 0x2529, 0x2529, 0x2529,
  0x2529, 0x2529, 0x4629, 0x2942, 0xE420, 0x0000, 0x1FF8, 0x1FF8,
  0x1FF8, 0x1FF8, 0x1FF8, 0x1FF8, 0x1FF8, 0x1FF8, 0x1FF8, 0x1FF8,
  0x1FF8, 0x8631, 0x0942, 0x0942, 0x0942, 0x0942, 0x0942, 0x0942,
  0x0942, 0x0942, 0x0942, 0x0942, 0x0942, 0x0942, 0x0942, 0x0942,
  0x0942, 0x0942, 0x0942, 0x0942, 0x0942, 0x0942, 0x0942, 0x0942,
  0x0942, 0x0942, 0x0942, 0x0942, 0x0942, 0x0942, 0x0942, 0x0942,
  0x0942, 0x0942, 0x0942, 0x0942, 0x0942, 0x0942, 0x0942, 0x0942,
  0x0942, 0x0942, 0x0942, 0x0942, 0x0942, 0x0942, 0x0942, 0x0942,
  0x2521, 0x0000, 0x1FF8, 0x1FF8, 0x1FF8, 0x1FF8, 0x1FF8, 0x1FF8,
  0x1FF8, 0x1FF8, 0x1FF8, 0x1FF8, 0x1FF8, 0x1FF8, 0x1FF8, 0x1FF8,
  0x1FF8, 0x1FF8, 0x1FF8, 0x1FF8, 0x1FF8, 0x1FF8, 0x1FF8, 0x1FF8,
  0x0000, 0x2521, 0x2942, 0x0942, 0x0942, 0x0942, 0x0942, 0x0942,
  0xE839, 0x4631, 0x2529, 0x2529, 0x2529, 0x2529, 0x2529, 0x2529,
  0x2529, 0x2529, 0x2529, 0x2529, 0x2529, 0x2529, 0x2529, 0xE839,
  0x0942, 0x083A, 0x0421, 0x0000, 0x1FF8, 0x1FF8, 0x1FF8, 0x1FF8,
  0x1FF8, 0x1FF8, 0x1FF8, 0x1FF8, 0x1FF8, 0x1FF8, 0x0000, 0x0421,
  0xE839, 0x0942, 0x0942, 0x0942, 0x0942, 0x0942, 0x0942, 0x0942,
  0x0942, 0x0942, 0x0942, 0x0942, 0x0942, 0x0942, 0x0942, 0x0942,
  0x0942, 0x0942, 0x0942, 0x0942, 0x0942, 0x0942, 0x0942, 0x0942,
  0x0942, 0x0942, 0x0942, 0x0942, 0x0942, 0x0942, 0x0942, 0x0942,
  0x0942, 0x0942, 0x0942, 0x0942, 0x0942, 0x0942, 0x0942, 0x0942,
  0x2942, 0xC739, 0x2100, 0x1FF8, 0x1FF8, 0x1FF8, 0x1FF8, 0x1FF8,
  0x1FF8, 0x1FF8, 0x1FF8, 0x1FF8, 0x1FF8, 0x1FF8, 0x1FF8, 0x1FF8,
  0x1FF8, 0x1FF8, 0x1FF8, 0x1FF8, 0x1FF8, 0x1FF8, 0x1FF8, 0x1FF8,
  0x1FF8, 0x1FF8, 0x1FF8, 0x1FF8, 0x1FF8, 0x1FF8, 0x1FF8, 0x0000,
  0xC318, 0x0942, 0x0942, 0x0842, 0x0942, 0x0842, 0xC839, 0x2529,
  0x2529, 0x2529, 0x2529, 0x2529, 0x2529, 0x2529, 0x2529, 0x2529,
  0x2529, 0x2529, 0x2529, 0x2529, 0x0942, 0x0942, 0x0942, 0x2942,
  0x2521, 0x0000, 0x1FF8, 0x1FF8, 0x1FF8, 0x1FF8, 0x1FF8, 0x1FF8,
  0x1FF8, 0x1FF8, 0x1FF8, 0x1FF8, 0x1FF8, 0x0000, 0x2521, 0xE839,
  0x2942, 0x0942, 0x0942, 0x0942, 0x0942, 0x0942, 0x0942, 0x0942,
  0x0942, 0x0942, 0x0942, 0x0942, 0x0942, 0x0942, 0x0942, 0x0942,
  0x0942, 0x0942, 0x0942, 0x0942, 0x0942, 0x0942, 0x0942, 0x0942,
  0x0942, 0x0942, 0x0942, 0x0942, 0x0942, 0x0942, 0x0942, 0x0942,
  0x0942, 0x0942, 0x0942, 0xE839, 0x2000, 0x1FF8, 0x1FF8, 0x1FF8,
  0x1FF8, 0x1FF8, 0x1FF8, 0x1FF8, 0x1FF8, 0x1FF8, 0x1FF8, 0x1FF8,
  0x1FF8, 0x1FF8, 0x1FF8, 0x1FF8, 0x1FF8, 0x1FF8, 0x1FF8, 0x1FF8,
  0x1FF8, 0x1FF8, 0x1FF8, 0x1FF8, 0x1FF8, 0x1FF8, 0x1FF8, 0x1FF8,
  0x1FF8, 0x1FF8, 0x1FF8, 0x1FF8, 0x1FF8, 0x1FF8, 0x0000, 0xA318,
  0xC731, 0x0942, 0x0942, 0xE839, 0x2529, 0x2529, 0x2529, 0x2529,
  0x2529, 0x2529, 0x2529, 0x2529, 0x2529, 0x2529, 0x2529, 0x2529,
  0x0942, 0x0942, 0x0942, 0x0942, 0x0942, 0x0842, 0xA310, 0x1FF8,
  0x1FF8, 0x1FF8, 0x1FF8, 0x1FF8, 0x1FF8, 0x1FF8, 0x1FF8, 0x1FF8,
  0x1FF8, 0x1FF8, 0x1FF8, 0x1FF8, 0x0000, 0x0421, 0xE839, 0x2942,
  0x0942, 0x0942, 0x0942, 0x0942, 0x0942, 0x0942, 0x0942, 0x0942,
  0x0942, 0x0942, 0x0942, 0x0942, 0x0942, 0x0942, 0x0942, 0x0942,
  0x0942, 0x0942, 0x0942, 0x0942, 0x0942, 0x0942, 0x0942, 0x0942,
  0x0942, 0x0942, 0x0942, 0x0942, 0x0942, 0x0842, 0x8210, 0x1FF8,
  0x1FF8, 0x1FF8, 0x1FF8, 0x1FF8, 0x1FF8, 0x1FF8, 0x1FF8, 0x1FF8,
  0x1FF8, 0x1FF8, 0x1FF8, 0x1FF8, 0x1FF8, 0x1FF8, 0x1FF8, 0x1FF8,
  0x1FF8, 0x1FF8, 0x1FF8, 0x1FF8, 0x1FF8, 0x1FF8, 0x1FF8, 0x1FF8,
  0x1FF8, 0x1FF8, 0x1FF8, 0x1FF8, 0x1FF8, 0x1FF8, 0x1FF8, 0x1FF8,
  0x1FF8, 0x1FF8, 0x1FF8, 0x1FF8, 0x1FF8, 0x1FF8, 0x0000, 0x2521,
  0x2942, 0x8731, 0x2529, 0x2529, 0x2529, 0x2529, 0x2529, 0x2529,
  0x2529, 0x2529, 0x2529, 0xA739, 0x0942, 0x0942, 0x0942, 0x0942,
  0x0942, 0x0942, 0x0842, 0xA731, 0x0000, 0x1FF8, 0x1FF8, 0x1FF8,
  0x1FF8, 0x1FF8, 0x1FF8, 0x1FF8, 0x1FF8, 0x1FF8, 0x1FF8, 0x1FF8,
  0x1FF8, 0x1FF8, 0x1FF8, 0x0000, 0x8631, 0x0842, 0x0842, 0x0942,
  0x0942, 0x0942, 0x0942, 0x0942, 0x0942, 0x0942, 0x0942, 0x0942,
  0x0942, 0x0942, 0x0942, 0x0942, 0x0942, 0x0942, 0x0942, 0x0942,
  0x0942, 0x0942, 0x0942, 0x0942, 0x0942, 0x0942, 0x0942, 0x2942,
  0xC318, 0x0000, 0x1FF8, 0x1FF8, 0x1FF8, 0x1FF8, 0x1FF8, 0x1FF8,
  0x1FF8, 0x1FF8, 0x1FF8, 0x1FF8, 0x1FF8, 0x1FF8, 0x1FF8, 0x1FF8,
  0x1FF8, 0x1FF8, 0x1FF8, 0x1FF8, 0x1FF8, 0x1FF8, 0x1FF8, 0x1FF8,
  0x1FF8, 0x1FF8, 0x1FF8, 0x1FF8, 0x1FF8, 0x1FF8, 0x1FF8, 0x1FF8,
  0x1FF8, 0x1FF8, 0x1FF8, 0x1FF8, 0x1FF8, 0x1FF8, 0x1FF8, 0x1FF8,
  0x1FF8, 0x1FF8, 0x1FF8, 0x1FF8, 0x0000, 0x4108, 0xA731, 0x2529,
  0x2529, 0x2529, 0x2529, 0x2529, 0x2529, 0xE839, 0x0942, 0x0942,
  0x0942, 0x0942, 0x0942, 0x0942, 0x0942, 0x0942, 0x0942, 0x0942,
  0x0942, 0x2942, 0x1FF8, 0x1FF8, 0x1FF8, 0x1FF8, 0x1FF8, 0x1FF8,
  0x1FF8, 0x1FF8, 0x1FF8, 0x1FF8, 0x1FF8, 0x1FF8, 0x1FF8, 0x1FF8,
  0x1FF8, 0x0000, 0xA318, 0x2942, 0x0842, 0x0942, 0x0942, 0x0942,
  0x0942, 0x0942, 0x0942, 0x0942, 0x0942, 0x0942, 0x0942, 0x0942,
  0x0942, 0x0942, 0x0942, 0x0942, 0x0942, 0x0942, 0x0942, 0x0942,
  0x0942, 0x2942, 0xC418, 0x0000, 0x1FF8, 0x1FF8, 0x1FF8, 0x1FF8,
  0x1FF8, 0x1FF8, 0x1FF8, 0x1FF8, 0x1FF8, 0x1FF8, 0x1FF8, 0x1FF8,
  0x1FF8, 0x1FF8, 0x1FF8, 0x1FF8, 0x1FF8, 0x1FF8, 0x1FF8, 0x1FF8,
  0x1FF8, 0x1FF8, 0x1FF8, 0x1FF8, 0x1FF8, 0x1FF8, 0x1FF8, 0x1FF8,
  0x1FF8, 0x1FF8, 0x1FF8, 0x1FF8, 0x1FF8, 0x1FF8, 0x1FF8, 0x1FF8,
  0x1FF8, 0x1FF8, 0x1FF8, 0x1FF8, 0x1FF8, 0x1FF8, 0x1FF8, 0x1FF8,
  0x1FF8, 0x1FF8, 0x1FF8, 0x0000, 0xA318, 0x2629, 0x2529, 0x2529,
  0xC839, 0x0842, 0x0942, 0x0942, 0x0942, 0x0942, 0x0942, 0x0942,
  0x0942, 0x0942, 0x0942, 0x0942, 0x8631, 0x0000, 0x1FF8, 0x1FF8,
  0x1FF8, 0x1FF8, 0x1FF8, 0x1FF8, 0x1FF8, 0x1FF8, 0x1FF8, 0x1FF8,
  0x1FF8, 0x1FF8, 0x1FF8, 0xE839, 0xE839, 0xE839, 0x1FF8, 0x6208,
  0x2000, 0x8631, 0x4942, 0x0942, 0x0942, 0x0942, 0x0942, 0x0942,
  0x0942, 0x0942, 0x0942, 0x0942, 0x0942, 0x0942, 0x0942, 0x0942,
  0x0942, 0x0942, 0x0942, 0x0942, 0xA731, 0x0000, 0x1FF8, 0x1FF8,
  0x1FF8, 0x1FF8, 0x1FF8, 0x1FF8, 0x1FF8, 0x1FF8, 0x1FF8, 0x1FF8,
  0x1FF8, 0x1FF8, 0x1FF8, 0x1FF8, 0x1FF8, 0x1FF8, 0x1FF8, 0x1FF8,
  0x1FF8, 0x1FF8, 0x1FF8, 0x1FF8, 0x1FF8, 0x1FF8, 0x1FF8, 0x1FF8,
  0x1FF8, 0x1FF8, 0x1FF8, 0x1FF8, 0x1FF8, 0x1FF8, 0x1FF8, 0x1FF8,
  0x1FF8, 0x1FF8, 0x1FF8, 0x1FF8, 0x1FF8, 0x1FF8, 0x1FF8, 0x1FF8,
  0x1FF8, 0x1FF8, 0x1FF8, 0x1FF8, 0x1FF8, 0x1FF8, 0x1FF8, 0x1FF8,
  0x1FF8, 0x1FF8, 0x4108, 0xC839, 0x2942, 0x0942, 0x0942, 0x0942,
  0x0942, 0x0942, 0x0942, 0x0942, 0x0942, 0x0942, 0x0942, 0xC418,
  0x1FF8, 0x1FF8, 0x1FF8, 0x1FF8, 0x1FF8, 0x1FF8, 0x1FF8, 0x1FF8,
  0x1FF8, 0x1FF8, 0x1FF8, 0x1FF8, 0x1FF8, 0xE839, 0x0942, 0x0842,
  0x0842, 0x0842, 0x0942, 0x0842, 0x2942, 0x2942, 0x6208, 0xA318,
  0xE839, 0x0942, 0x0942, 0x0942, 0x0942, 0x0942, 0x0942, 0x0942,
  0x0942, 0x0942, 0x0942, 0x0942, 0x0942, 0x0942, 0x2942, 0xE418,
  0x1FF8, 0x1FF8, 0x1FF8, 0x1FF8, 0x1FF8, 0x1FF8, 0x1FF8, 0x1FF8,
  0x1FF8, 0x1FF8, 0x1FF8, 0x1FF8, 0x1FF8, 0x1FF8, 0x1FF8, 0x1FF8,
  0x1FF8, 0x1FF8, 0x1FF8, 0x1FF8, 0x1FF8, 0x1FF8, 0x1FF8, 0x1FF8,
  0x1FF8, 0x1FF8, 0x1FF8, 0x1FF8, 0x1FF8, 0x1FF8, 0x1FF8, 0x1FF8,
  0x1FF8, 0x1FF8, 0x1FF8, 0x1FF8, 0x1FF8, 0x1FF8, 0x1FF8, 0x1FF8,
  0x1FF8, 0x1FF8, 0x1FF8, 0x1FF8, 0x1FF8, 0x1FF8, 0x1FF8, 0x1FF8,
  0x1FF8, 0x1FF8, 0x1FF8, 0x1FF8, 0x1FF8, 0x1FF8, 0x1FF8, 0x1FF8,
  0x2000, 0xC839, 0x0942, 0x0842, 0x0942, 0x0942, 0x0942, 0x0942,
  0x0942, 0x2942, 0x6108, 0x1FF8, 0x1FF8, 0x1FF8, 0x1FF8, 0x1FF8,
  0x1FF8, 0x1FF8, 0x1FF8, 0x1FF8, 0x1FF8, 0x1FF8, 0x1FF8, 0x1FF8,
  0x0842, 0x0942, 0x0942, 0x0942, 0x0942, 0x0942, 0x0942, 0x0942,
  0x0942, 0x0942, 0x0942, 0x0942, 0x4529, 0x2108, 0xA731, 0x0842,
  0x0942, 0x0942, 0x0942, 0x0942, 0x0942, 0x0942, 0x0942, 0x0942,
  0x0942, 0xE839, 0x0000, 0x1FF8, 0x1FF8, 0x1FF8, 0x1FF8, 0x1FF8,
  0x1FF8, 0x1FF8, 0x1FF8, 0x1FF8, 0x1FF8, 0x1FF8, 0x1FF8, 0x1FF8,
  0x1FF8, 0x1FF8, 0x1FF8, 0x1FF8, 0x1FF8, 0x1FF8, 0x1FF8, 0x1FF8,
  0x1FF8, 0x1FF8, 0x1FF8, 0x1FF8, 0x1FF8, 0x1FF8, 0x1FF8, 0x1FF8,
  0x1FF8, 0x1FF8, 0x1FF8, 0x1FF8, 0x1FF8, 0x1FF8, 0x1FF8, 0x1FF8,
  0x1FF8, 0x1FF8, 0x1FF8, 0x1FF8, 0x1FF8, 0x1FF8, 0x1FF8, 0x1FF8,
  0x1FF8, 0x1FF8, 0x1FF8, 0x1FF8, 0x1FF8, 0x1FF8, 0x1FF8, 0x1FF8,
  0x1FF8, 0x1FF8, 0x1FF8, 0x1FF8, 0x1FF8, 0x1FF8, 0x2000, 0x4529,
  0x2942, 0x0942, 0x0942, 0x0842, 0xA731, 0x0000, 0x1FF8, 0x1FF8,
  0x1FF8, 0x1FF8, 0x1FF8, 0x1FF8, 0x1FF8, 0x1FF8, 0x1FF8, 0x1FF8,
  0x1FF8, 0x1FF8, 0x1FF8, 0x0842, 0x0842, 0x0942, 0x0942, 0x0942,
  0x0942, 0x0942, 0x0942, 0x0942, 0x0942, 0x0942, 0x0942, 0x0942,
  0x0942, 0x2529, 0x0529, 0x4108, 0xA310, 0x0942, 0x0842, 0x0942,
  0x0842, 0x0842, 0x0942, 0x0842, 0xE420, 0x0421, 0x1FF8, 0x1FF8,
  0x1FF8, 0x1FF8, 0x1FF8, 0x1FF8, 0x1FF8, 0x1FF8, 0x1FF8, 0x1FF8,
  0x1FF8, 0x1FF8, 0x1FF8, 0x1FF8, 0x1FF8, 0x1FF8, 0x1FF8, 0x1FF8,
  0x1FF8, 0x1FF8, 0x1FF8, 0x1FF8, 0x1FF8, 0x1FF8, 0x1FF8, 0x1FF8,
  0x1FF8, 0x1FF8, 0x1FF8, 0x1FF8, 0x1FF8, 0x1FF8, 0x1FF8, 0x1FF8,
  0x1FF8, 0x1FF8, 0x1FF8, 0x1FF8, 0x1FF8, 0x1FF8, 0x1FF8, 0x1FF8,
  0x1FF8, 0x1FF8, 0x1FF8, 0x1FF8, 0x1FF8, 0x1FF8, 0x1FF8, 0x1FF8,
  0x1FF8, 0x1FF8, 0x1FF8, 0x1FF8, 0x1FF8, 0x1FF8, 0x1FF8, 0x1FF8,
  0x1FF8, 0x1FF8, 0x1FF8, 0x1FF8, 0x1FF8, 0x0000, 0x0000, 0x8210,
  0x1FF8, 0x1FF8, 0x1FF8, 0x1FF8, 0x1FF8, 0x1FF8, 0x1FF8, 0x1FF8,
  0x1FF8, 0x1FF8, 0x1FF8, 0x1FF8, 0x1FF8, 0x1FF8, 0x1FF8, 0x494A,
  0x0942, 0x0942, 0x0942, 0x0942, 0x0942, 0x0942, 0x0942, 0x0942,
  0x0942, 0x0942, 0x0942, 0x0942, 0x0942, 0x4631, 0x2529, 0x2529,
  0x4631, 0xE420, 0x4108, 0x4108, 0x2521, 0xE839, 0x6629, 0x6208,
  0x0842, 0x0842, 0x083A, 0x1FF8, 0x1FF8, 0x1FF8, 0x1FF8, 0x1FF8,
  0x1FF8, 0x1FF8, 0x1FF8, 0x1FF8, 0x1FF8, 0x1FF8, 0x1FF8, 0x1FF8,
  0x1FF8, 0x1FF8, 0x1FF8, 0x1FF8, 0x1FF8, 0x1FF8, 0x1FF8, 0x1FF8,
  0x1FF8, 0x1FF8, 0x1FF8, 0x1FF8, 0x1FF8, 0x1FF8, 0x1FF8, 0x1FF8,
  0x1FF8, 0x1FF8, 0x1FF8, 0x1FF8, 0x1FF8, 0x1FF8, 0x1FF8, 0x1FF8,
  0x1FF8, 0x1FF8, 0x1FF8, 0x1FF8, 0x1FF8, 0x1FF8, 0x1FF8, 0x1FF8,
  0x1FF8, 0x1FF8, 0x1FF8, 0x1FF8, 0x1FF8, 0x1FF8, 0x1FF8, 0x1FF8,
  0x1FF8, 0x1FF8, 0x1FF8, 0x1FF8, 0x1FF8, 0x1FF8, 0x1FF8, 0x1FF8,
  0x1FF8, 0x1FF8, 0x1FF8, 0x1FF8, 0x1FF8, 0x1FF8, 0x1FF8, 0x1FF8,
  0x1FF8, 0x1FF8, 0x1FF8, 0x1FF8, 0x1FF8, 0x1FF8, 0x1FF8, 0x1FF8,
  0x1FF8, 0x1FF8, 0x1FF8, 0x0942, 0x0942, 0x0942, 0x0942, 0x0942,
  0x0942, 0x0942, 0x0942, 0x0942, 0x0942, 0x0942, 0x0942, 0x0942,
  0x0842, 0xC839, 0x2529, 0x2529, 0x2529, 0x2529, 0x083A, 0x0942,
  0x2942, 0x083A, 0x2942, 0x0942, 0x0942, 0x0942, 0x0942, 0x1FF8,
  0x1FF8, 0x1FF8, 0x1FF8, 0x1FF8, 0x1FF8, 0x1FF8, 0x1FF8, 0x1FF8,
  0x1FF8, 0x1FF8, 0x1FF8, 0x1FF8, 0x1FF8, 0x1FF8, 0x1FF8, 0x1FF8,
  0x1FF8, 0x1FF8, 0x1FF8, 0x1FF8, 0x1FF8, 0x1FF8, 0x1FF8, 0x1FF8,
  0x1FF8, 0x1FF8, 0x1FF8, 0x1FF8, 0x1FF8, 0x1FF8, 0x1FF8, 0x1FF8,
  0x1FF8, 0x1FF8, 0x1FF8, 0x1FF8, 0x1FF8, 0x1FF8, 0x1FF8, 0x1FF8,
  0x1FF8, 0x1FF8, 0x1FF8, 0x1FF8, 0x1FF8, 0x1FF8, 0x1FF8, 0x1FF8,
  0x1FF8, 0x1FF8, 0x1FF8, 0x1FF8, 0x1FF8, 0x1FF8, 0x1FF8, 0x1FF8,
  0x1FF8, 0x1FF8, 0x1FF8, 0x1FF8, 0x1FF8, 0x1FF8, 0x1FF8, 0x1FF8,
  0x1FF8, 0x1FF8, 0x1FF8, 0x1FF8, 0x1FF8, 0x1FF8, 0x1FF8, 0x1FF8,
  0x1FF8, 0x1FF8, 0x1FF8, 0x1FF8, 0x1FF8, 0x1FF8, 0x1FF8, 0x0942,
  0x0942, 0x0942, 0x0942, 0x0942, 0x0942, 0x0942, 0x0942, 0x0942,
  0x0942, 0x0942, 0x0942, 0x0942, 0x0942, 0x0842, 0x2529, 0x2529,
  0x0529, 0x0842, 0x0942, 0x0942, 0x0942, 0x0942, 0x0942, 0x0942,
  0x0942, 0x0942, 0x2942, 0x1FF8, 0x1FF8, 0x1FF8, 0x1FF8, 0x1FF8,
  0x1FF8, 0x1FF8, 0x1FF8, 0x1FF8, 0x1FF8, 0x1FF8, 0x1FF8, 0x1FF8,
  0x1FF8, 0x1FF8, 0x1FF8, 0x1FF8, 0x1FF8, 0x1FF8, 0x1FF8, 0x1FF8,
  0x1FF8, 0x1FF8, 0x1FF8, 0x1FF8, 0x1FF8, 0x1FF8, 0x1FF8, 0x1FF8,
  0x1FF8, 0x1FF8, 0x1FF8, 0x1FF8, 0x1FF8, 0x1FF8, 0x1FF8, 0x1FF8,
  0x1FF8, 0x1FF8, 0x1FF8, 0x1FF8, 0x1FF8, 0x1FF8, 0x1FF8, 0x1FF8,
  0x1FF8, 0x1FF8, 0x1FF8, 0x1FF8, 0x1FF8, 0x1FF8, 0x1FF8, 0x1FF8,
  0x1FF8, 0x1FF8, 0x1FF8, 0x1FF8, 0x1FF8, 0x1FF8, 0x1FF8, 0x1FF8,
  0x1FF8, 0x1FF8, 0x1FF8, 0x1FF8, 0x1FF8, 0x1FF8, 0x1FF8, 0x1FF8,
  0x1FF8, 0x1FF8, 0x1FF8, 0x1FF8, 0x1FF8, 0x1FF8, 0x1FF8, 0x1FF8,
  0x1FF8, 0x1FF8, 0x1FF8, 0x0942, 0x0942, 0x0942, 0x0942, 0x0942,
  0x0942, 0x0942, 0x0942, 0x0942, 0x0942, 0x0942, 0x0942, 0x0942,
  0x0942, 0x0942, 0x2629, 0x0529, 0x083A, 0x0942, 0x0942, 0x0942,
  0x0942, 0x0942, 0x0942, 0x0942, 0x0942, 0x0942, 0x2942, 0x1FF8,
  0x1FF8, 0x1FF8, 0x1FF8, 0x1FF8, 0x1FF8, 0x1FF8, 0x1FF8, 0x1FF8,
  0x1FF8, 0x1FF8, 0x1FF8, 0x1FF8, 0x1FF8, 0x1FF8, 0x1FF8, 0x1FF8,
  0x1FF8, 0x1FF8, 0x1FF8, 0x1FF8, 0x1FF8, 0x1FF8, 0x1FF8, 0x1FF8,
  0x1FF8, 0x1FF8, 0x1FF8, 0x1FF8, 0x1FF8, 0x1FF8, 0x1FF8, 0x1FF8,
  0x1FF8, 0x1FF8, 0x1FF8, 0x1FF8, 0x1FF8, 0x1FF8, 0x1FF8, 0x1FF8,
  0x1FF8, 0x1FF8, 0x1FF8, 0x1FF8, 0x1FF8, 0x1FF8, 0x1FF8, 0x1FF8,
  0x1FF8, 0x1FF8, 0x1FF8, 0x1FF8, 0x1FF8, 0x1FF8, 0x1FF8, 0x1FF8,
  0x1FF8, 0x1FF8, 0x1FF8, 0x1FF8, 0x1FF8, 0x1FF8, 0x1FF8, 0x1FF8,
  0x1FF8, 0x1FF8, 0x1FF8, 0x1FF8, 0x1FF8, 0x1FF8, 0x1FF8, 0x1FF8,
  0x1FF8, 0x1FF8, 0x1FF8, 0x1FF8, 0x1FF8, 0x1FF8, 0x1FF8, 0x0942,
  0x0942, 0x0942, 0x0942, 0x0942, 0x0942, 0x0942, 0x0942, 0x0942,
  0x0942, 0x0942, 0x0942, 0x0942, 0x0942, 0x0842, 0xA739, 0x2942,
  0x0942, 0x0942, 0x0942, 0x0942, 0x0942, 0x0942, 0x0942, 0x0942,
  0x0942, 0x0942, 0x2942, 0x1FF8, 0x1FF8, 0x1FF8, 0x1FF8, 0x1FF8,
  0x1FF8, 0x1FF8, 0x1FF8, 0x1FF8, 0x1FF8, 0x1FF8, 0x1FF8, 0x1FF8,
  0x1FF8, 0x1FF8, 0x1FF8, 0x1FF8, 0x1FF8, 0x1FF8, 0x1FF8, 0x1FF8,
  0x1FF8, 0x1FF8, 0x1FF8, 0x1FF8, 0x1FF8, 0x1FF8, 0x1FF8, 0x1FF8,
  0x1FF8, 0x1FF8, 0x1FF8, 0x1FF8, 0x1FF8, 0x1FF8, 0x1FF8, 0x1FF8,
  0x1FF8, 0x1FF8, 0x1FF8, 0x1FF8, 0x1FF8, 0x1FF8, 0x1FF8, 0x1FF8,
  0x1FF8, 0x1FF8, 0x1FF8, 0x1FF8, 0x1FF8, 0x1FF8, 0x1FF8, 0x1FF8,
  0x1FF8, 0x1FF8, 0x1FF8, 0x1FF8, 0x1FF8, 0x1FF8, 0x1FF8, 0x1FF8,
  0x1FF8, 0x1FF8, 0x1FF8, 0x1FF8, 0x1FF8, 0x1FF8, 0x1FF8, 0x1FF8,
  0x1FF8, 0x1FF8, 0x1FF8, 0x1FF8, 0x1FF8, 0x1FF8, 0x1FF8, 0x1FF8,
  0x1FF8, 0x1FF8, 0x1FF8, 0x4942, 0x0942, 0x0942, 0x0942, 0x0942,
  0x0942, 0x0942, 0x0942, 0x0942, 0x0942, 0x0942, 0x0942, 0x0942,
  0x0942, 0x0942, 0x0942, 0x0942, 0x0942, 0x0942, 0x0942, 0x0942,
  0x0942, 0x0942, 0x0942, 0x0942, 0x0942, 0x0942, 0x2942, 0x1FF8,
  0x1FF8, 0x1FF8, 0x1FF8, 0x1FF8, 0x1FF8, 0x1FF8, 0x1FF8, 0x1FF8,
  0x1FF8, 0x1FF8, 0x1FF8, 0x1FF8, 0x1FF8, 0x1FF8, 0x1FF8, 0x1FF8,
  0x1FF8, 0x1FF8, 0x1FF8, 0x1FF8, 0x1FF8, 0x1FF8, 0x1FF8, 0x1FF8,
  0x1FF8, 0x1FF8, 0x1FF8, 0x1FF8, 0x1FF8, 0x1FF8, 0x1FF8, 0x1FF8,
  0x1FF8, 0x1FF8, 0x1FF8, 0x1FF8, 0x1FF8, 0x1FF8, 0x1FF8, 0x1FF8,
  0x1FF8, 0x1FF8, 0x1FF8, 0x1FF8, 0x1FF8, 0x1FF8, 0x1FF8, 0x1FF8,
  0x1FF8, 0x1FF8, 0x1FF8, 0x1FF8, 0x1FF8, 0x1FF8, 0x1FF8, 0x1FF8,
  0x1FF8, 0x1FF8, 0x1FF8, 0x1FF8, 0x1FF8, 0x1FF8, 0x1FF8, 0x1FF8,
  0x1FF8, 0x1FF8, 0x1FF8, 0x1FF8, 0x1FF8, 0x1FF8, 0x1FF8, 0x1FF8,
  0x1FF8, 0x1FF8, 0x1FF8, 0x1FF8, 0x1FF8, 0x1FF8, 0x1FF8, 0x083A,
  0x0842, 0x0942, 0x0942, 0x0942, 0x0942, 0x0942, 0x0942, 0x0942,
  0x0942, 0x0942, 0x0942, 0x0942, 0x0942, 0x0942, 0x0942, 0x0942,
  0x0942, 0x0942, 0x0942, 0x0942, 0x0942, 0x0942, 0x0942, 0x0942,
  0x0942, 0x0942, 0x1FF8, 0x1FF8, 0x1FF8, 0x1FF8, 0x1FF8, 0x1FF8,
  0x1FF8, 0x1FF8, 0x1FF8, 0x1FF8, 0x1FF8, 0x1FF8, 0x1FF8, 0x1FF8,
  0x1FF8, 0x1FF8, 0x1FF8, 0x1FF8, 0x1FF8, 0x1FF8, 0x1FF8, 0x1FF8,
  0x1FF8, 0x1FF8, 0x1FF8, 0x1FF8, 0x1FF8, 0x1FF8, 0x1FF8, 0x1FF8,
  0x1FF8, 0x1FF8, 0x1FF8, 0x1FF8, 0x1FF8, 0x1FF8, 0x1FF8, 0x1FF8,
  0x1FF8, 0x1FF8, 0x1FF8, 0x1FF8, 0x1FF8, 0x1FF8, 0x1FF8, 0x1FF8,
  0x1FF8, 0x1FF8, 0x1FF8, 0x1FF8, 0x1FF8, 0x1FF8, 0x1FF8, 0x1FF8,
  0x1FF8, 0x1FF8, 0x1FF8, 0x1FF8, 0x1FF8, 0x1FF8, 0x1FF8, 0x1FF8,
  0x1FF8, 0x1FF8, 0x1FF8, 0x1FF8, 0x1FF8, 0x1FF8, 0x1FF8, 0x1FF8,
  0x1FF8, 0x1FF8, 0x1FF8, 0x1FF8, 0x1FF8, 0x1FF8, 0x1FF8, 0x1FF8,
  0x1FF8, 0x1FF8, 0x1FF8, 0x1FF8, 0x0942, 0x0942, 0x0942, 0x0942,
  0x0942, 0x0942, 0x0942, 0x0942, 0x0942, 0x0942, 0x0942, 0x0942,
  0x0942, 0x0942, 0x0942, 0x0942, 0x0942, 0x0942, 0x0942, 0x0942,
  0x0942, 0x0942, 0x0942, 0x0942, 0x0942, 0x2942, 0x1FF8, 0x1FF8,
  0x1FF8, 0x1FF8, 0x1FF8, 0x1FF8, 0x1FF8, 0x1FF8, 0x1FF8, 0x1FF8,
  0x1FF8, 0x1FF8, 0x1FF8, 0x1FF8, 0x1FF8, 0x1FF8, 0x1FF8, 0x1FF8,
  0x1FF8, 0x1FF8, 0x1FF8, 0x1FF8, 0x1FF8, 0x1FF8, 0x1FF8, 0x1FF8,
  0x1FF8, 0x1FF8, 0x1FF8, 0x1FF8, 0x1FF8, 0x1FF8, 0x1FF8, 0x1FF8,
  0x1FF8, 0x1FF8, 0x1FF8, 0x1FF8, 0x1FF8, 0x1FF8, 0x1FF8, 0x1FF8,
  0x1FF8, 0x1FF8, 0x1FF8, 0x1FF8, 0x1FF8, 0x1FF8, 0x1FF8, 0x1FF8,
  0x1FF8, 0x1FF8, 0x1FF8, 0x1FF8, 0x1FF8, 0x1FF8, 0x1FF8, 0x1FF8,
  0x1FF8, 0x1FF8, 0x1FF8, 0x1FF8, 0x1FF8, 0x1FF8, 0x1FF8, 0x1FF8,
  0x1FF8, 0x1FF8, 0x1FF8, 0x1FF8, 0x1FF8, 0x1FF8, 0x1FF8, 0x1FF8,
  0x1FF8, 0x1FF8, 0x1FF8, 0x1FF8, 0x1FF8, 0x1FF8, 0x1FF8, 0x1FF8,
  0x2942, 0x0942, 0x0942, 0x0942, 0x0942, 0x0942, 0x0942, 0x0942,
  0x0942, 0x0942, 0x0942, 0x0942, 0x0942, 0x0942, 0x0942, 0x0942,
  0x0942, 0x0942, 0x0942, 0x0942, 0x0942, 0x0942, 0x0942, 0x0942,
  0x2942, 0x1FF8, 0x1FF8, 0x1FF8, 0x1FF8, 0x1FF8, 0x1FF8, 0x1FF8,
  0x1FF8, 0x1FF8, 0x1FF8, 0x1FF8, 0x1FF8, 0x1FF8, 0x1FF8, 0x1FF8,
  0x1FF8, 0x1FF8, 0x1FF8, 0x1FF8, 0x1FF8, 0x1FF8, 0x1FF8, 0x1FF8,
  0x1FF8, 0x1FF8, 0x1FF8, 0x1FF8, 0x1FF8, 0x1FF8, 0x1FF8, 0x1FF8,
  0x1FF8, 0x1FF8, 0x1FF8, 0x1FF8, 0x1FF8, 0x1FF8, 0x1FF8, 0x1FF8,
  0x1FF8, 0x1FF8, 0x1FF8, 0x1FF8, 0x1FF8, 0x1FF8, 0x1FF8, 0x1FF8,
  0x1FF8, 0x1FF8, 0x1FF8, 0x1FF8, 0x1FF8, 0x1FF8, 0x1FF8, 0x1FF8,
  0x1FF8, 0x1FF8, 0x1FF8, 0x1FF8, 0x1FF8, 0x1FF8, 0x1FF8, 0x1FF8,
  0x1FF8, 0x1FF8, 0x1FF8, 0x1FF8, 0x1FF8, 0x1FF8, 0x1FF8, 0x1FF8,
  0x1FF8, 0x1FF8, 0x1FF8, 0x1FF8, 0x1FF8, 0x1FF8, 0x1FF8, 0x1FF8,
  0x1FF8, 0x1FF8, 0x1FF8, 0x1FF8, 0x1FF8, 0x0942, 0x0942, 0x0942,
  0x0942, 0x0942, 0x0942, 0x0942, 0x0942, 0x0942, 0x0942, 0x0942,
  0x0942, 0x0942, 0x0942, 0x0942, 0x0942, 0x0942, 0x0942, 0x0942,
  0x0942, 0x0942, 0x0942, 0x2942, 0x1FF8, 0x1FF8, 0x1FF8, 0x1FF8,
  0x1FF8, 0x1FF8, 0x1FF8, 0x1FF8, 0x1FF8, 0x1FF8, 0x1FF8, 0x1FF8,
  0x1FF8, 0x1FF8, 0x1FF8, 0x1FF8, 0x1FF8, 0x1FF8, 0x1FF8, 0x1FF8,
  0x1FF8, 0x1FF8, 0x1FF8, 0x1FF8, 0x1FF8, 0x1FF8, 0x1FF8, 0x1FF8,
  0x1FF8, 0x1FF8, 0x1FF8, 0x1FF8, 0x1FF8, 0x1FF8, 0x1FF8, 0x1FF8,
  0x1FF8, 0x1FF8, 0x1FF8, 0x1FF8, 0x1FF8, 0x1FF8, 0x1FF8, 0x1FF8,
  0x1FF8, 0x1FF8, 0x1FF8, 0x1FF8, 0x1FF8, 0x1FF8, 0x1FF8, 0x1FF8,
  0x1FF8, 0x1FF8, 0x1FF8, 0x1FF8, 0x1FF8, 0x1FF8, 0x1FF8, 0x1FF8,
  0x1FF8, 0x1FF8, 0x1FF8, 0x1FF8, 0x1FF8, 0x1FF8, 0x1FF8, 0x1FF8,
  0x1FF8, 0x1FF8, 0x1FF8, 0x1FF8, 0x1FF8, 0x1FF8, 0x1FF8, 0x1FF8,
  0x1FF8, 0x1FF8, 0x1FF8, 0x1FF8, 0x1FF8, 0x1FF8, 0x1FF8, 0x1FF8,
  0x1FF8, 0x2942, 0x0942, 0x0942, 0x0942, 0x0942, 0x0942, 0x0942,
  0x0942, 0x0942, 0x0942, 0x0942, 0x0942, 0x0942, 0x0942, 0x0942,
  0x0942, 0x0942, 0x0942, 0x0942, 0x0942, 0x0942, 0x2942, 0x1FF8,
  0x1FF8, 0x1FF8, 0x1FF8, 0x1FF8, 0x1FF8, 0x1FF8, 0x1FF8, 0x1FF8,
  0x1FF8, 0x1FF8, 0x1FF8, 0x1FF8, 0x1FF8, 0x1FF8, 0x1FF8, 0x1FF8,
  0x1FF8, 0x1FF8, 0x1FF8, 0x1FF8, 0x1FF8, 0x1FF8, 0x1FF8, 0x1FF8,
  0x1FF8, 0x1FF8, 0x1FF8, 0x1FF8, 0x1FF8, 0x1FF8, 0x1FF8, 0x1FF8,
  0x1FF8, 0x1FF8, 0x1FF8, 0x1FF8, 0x1FF8, 0x1FF8, 0x1FF8, 0x1FF8,
  0x1FF8, 0x1FF8, 0x1FF8, 0x1FF8, 0x1FF8, 0x1FF8, 0x1FF8, 0x1FF8,
  0x1FF8, 0x1FF8, 0x1FF8, 0x1FF8, 0x1FF8, 0x1FF8, 0x1FF8, 0x1FF8,
  0x1FF8, 0x1FF8, 0x1FF8, 0x1FF8, 0x1FF8, 0x1FF8, 0x1FF8, 0x1FF8,
  0x1FF8, 0x1FF8, 0x1FF8, 0x1FF8, 0x1FF8, 0x1FF8, 0x1FF8, 0x1FF8,
  0x1FF8, 0x1FF8, 0x1FF8, 0x1FF8, 0x1FF8, 0x1FF8, 0x1FF8, 0x1FF8,
  0x1FF8, 0x1FF8, 0x1FF8, 0x1FF8, 0x1FF8, 0x1FF8, 0x0942, 0x0942,
  0x0942, 0x0942, 0x0942, 0x0942, 0x0942, 0x0942, 0x0942, 0x0942,
  0x0942, 0x0942, 0x0942, 0x0942, 0x0942, 0x0942, 0x0942, 0x0942,
  0x0942, 0x0942, 0x1FF8, 0x1FF8, 0x1FF8, 0x1FF8, 0x1FF8, 0x1FF8,
  0x1FF8, 0x1FF8, 0x1FF8, 0x1FF8, 0x1FF8, 0x1FF8, 0x1FF8, 0x1FF8,
  0x1FF8, 0x1FF8, 0x1FF8, 0x1FF8, 0x1FF8, 0x1FF8, 0x1FF8, 0x1FF8,
  0x1FF8, 0x1FF8, 0x1FF8, 0x1FF8, 0x1FF8, 0x1FF8, 0x1FF8, 0x1FF8,
  0x1FF8, 0x1FF8, 0x1FF8, 0x1FF8, 0x1FF8, 0x1FF8, 0x1FF8, 0x1FF8,
  0x1FF8, 0x1FF8, 0x1FF8, 0x1FF8, 0x1FF8, 0x1FF8, 0x1FF8, 0x1FF8,
  0x1FF8, 0x1FF8, 0x1FF8, 0x1FF8, 0x1FF8, 0x1FF8, 0x1FF8, 0x1FF8,
  0x1FF8, 0x1FF8, 0x1FF8, 0x1FF8, 0x1FF8, 0x1FF8, 0x1FF8, 0x1FF8,
  0x1FF8, 0x1FF8, 0x1FF8, 0x1FF8, 0x1FF8, 0x1FF8, 0x1FF8, 0x1FF8,
  0x1FF8, 0x1FF8, 0x1FF8, 0x1FF8, 0x1FF8, 0x1FF8, 0x1FF8, 0x1FF8,
  0x1FF8, 0x1FF8, 0x1FF8, 0x1FF8, 0x1FF8, 0x1FF8, 0x1FF8, 0x1FF8,
  0x1FF8, 0x1FF8, 0x0842, 0x0942, 0x0942, 0x0942, 0x0942, 0x0942,
  0x0942, 0x0942, 0x0942, 0x0942, 0x0942, 0x0942, 0x0942, 0x0942,
  0x0942, 0x0942, 0x0942, 0x0942, 0x4A4A, 0x1FF8, 0x1FF8, 0x1FF8,
  0x1FF8, 0x1FF8, 0x1FF8, 0x1FF8, 0x1FF8, 0x1FF8, 0x1FF8, 0x1FF8,
  0x1FF8, 0x1FF8, 0x1FF8, 0x1FF8, 0x1FF8, 0x1FF8, 0x1FF8, 0x1FF8,
  0x1FF8, 0x1FF8, 0x1FF8, 0x1FF8, 0x1FF8, 0x1FF8, 0x1FF8, 0x1FF8,
  0x1FF8, 0x1FF8, 0x1FF8, 0x1FF8, 0x1FF8, 0x1FF8, 0x1FF8, 0x1FF8,
  0x1FF8, 0x1FF8, 0x1FF8, 0x1FF8, 0x1FF8, 0x1FF8, 0x1FF8, 0x1FF8,
  0x1FF8, 0x1FF8, 0x1FF8, 0x1FF8, 0x1FF8, 0x1FF8, 0x1FF8, 0x1FF8,
  0x1FF8, 0x1FF8, 0x1FF8, 0x1FF8, 0x1FF8, 0x1FF8, 0x1FF8, 0x1FF8,
  0x1FF8, 0x1FF8, 0x1FF8, 0x1FF8, 0x1FF8, 0x1FF8, 0x1FF8, 0x1FF8,
  0x1FF8, 0x1FF8, 0x1FF8, 0x1FF8, 0x1FF8, 0x1FF8, 0x1FF8, 0x1FF8,
  0x1FF8, 0x1FF8, 0x1FF8, 0x1FF8, 0x1FF8, 0x1FF8, 0x1FF8, 0x1FF8,
  0x1FF8, 0x1FF8, 0x1FF8, 0x1FF8, 0x1FF8, 0x1FF8, 0x1FF8, 0x0942,
  0x0942, 0x0942, 0x0942, 0x0942, 0x0942, 0x0942, 0x0942, 0x0942,
  0x0942, 0x0942, 0x0942, 0x0942, 0x0942, 0x0942, 0x0942, 0x083A,
  0x1FF8, 0x1FF8, 0x1FF8, 0x1FF8, 0x1FF8, 0x1FF8, 0x1FF8, 0x1FF8,
  0x1FF8, 0x1FF8, 0x1FF8, 0x1FF8, 0x1FF8, 0x1FF8, 0x1FF8, 0x1FF8,
  0x1FF8, 0x1FF8, 0x1FF8, 0x1FF8, 0x1FF8, 0x1FF8, 0x1FF8, 0x1FF8,
  0x1FF8, 0x1FF8, 0x1FF8, 0x1FF8, 0x1FF8, 0x1FF8, 0x1FF8, 0x1FF8,
  0x1FF8, 0x1FF8, 0x1FF8, 0x1FF8, 0x1FF8, 0x1FF8, 0x1FF8, 0x1FF8,
  0x1FF8, 0x1FF8, 0x1FF8, 0x1FF8, 0x1FF8, 0x1FF8, 0x1FF8, 0x1FF8,
  0x1FF8, 0x1FF8, 0x1FF8, 0x1FF8, 0x1FF8, 0x1FF8, 0x1FF8, 0x1FF8,
  0x1FF8, 0x1FF8, 0x1FF8, 0x1FF8, 0x1FF8, 0x1FF8, 0x1FF8, 0x1FF8,
  0x1FF8, 0x1FF8, 0x1FF8, 0x1FF8, 0x1FF8, 0x1FF8, 0x1FF8, 0x1FF8,
  0x1FF8, 0x1FF8, 0x1FF8, 0x1FF8, 0x1FF8, 0x1FF8, 0x1FF8, 0x1FF8,
  0x1FF8, 0x1FF8, 0x1FF8, 0x1FF8, 0x1FF8, 0x1FF8, 0x1FF8, 0x1FF8,
  0x1FF8, 0x1FF8, 0x1FF8, 0x083A, 0x0942, 0x0942, 0x0942, 0x0942,
  0x0942, 0x0942, 0x0942, 0x0942, 0x0942, 0x0942, 0x0942, 0x0942,
  0x0942, 0x0842, 0x1FF8, 0x1FF8, 0x1FF8, 0x1FF8, 0x1FF8, 0x1FF8,
  0x1FF8, 0x1FF8, 0x1FF8, 0x1FF8, 0x1FF8, 0x1FF8, 0x1FF8, 0x1FF8,
  0x1FF8, 0x1FF8, 0x1FF8, 0x1FF8, 0x1FF8, 0x1FF8, 0x1FF8, 0x1FF8,
  0x1FF8, 0x1FF8, 0x1FF8, 0x1FF8, 0x1FF8, 0x1FF8, 0x1FF8, 0x1FF8,
  0x1FF8, 0x1FF8, 0x1FF8, 0x1FF8, 0x1FF8, 0x1FF8, 0x1FF8, 0x1FF8,
  0x1FF8, 0x1FF8, 0x1FF8, 0x1FF8, 0x1FF8, 0x1FF8, 0x1FF8, 0x1FF8,
  0x1FF8, 0x1FF8, 0x1FF8, 0x1FF8, 0x1FF8, 0x1FF8, 0x1FF8, 0x1FF8,
  0x1FF8, 0x1FF8, 0x1FF8, 0x1FF8, 0x1FF8, 0x1FF8, 0x1FF8, 0x1FF8,
  0x1FF8, 0x1FF8, 0x1FF8, 0x1FF8, 0x1FF8, 0x1FF8, 0x1FF8, 0x1FF8,
  0x1FF8, 0x1FF8, 0x1FF8, 0x1FF8, 0x1FF8, 0x1FF8, 0x1FF8, 0x1FF8,
  0x1FF8, 0x1FF8, 0x1FF8, 0x1FF8, 0x1FF8, 0x1FF8, 0x1FF8, 0x1FF8,
  0x1FF8, 0x1FF8, 0x1FF8, 0x1FF8, 0x1FF8, 0x1FF8, 0x1FF8, 0x1FF8,
  0x1FF8, 0x2942, 0x0942, 0x0942, 0x0842, 0x0842, 0x0942, 0x0942,
  0x0842, 0x0842, 0x2942, 0x0842, 0x1FF8, 0x1FF8, 0x1FF8, 0x1FF8,
  0x1FF8, 0x1FF8, 0x1FF8, 0x1FF8, 0x1FF8, 0x1FF8, 0x1FF8, 0x1FF8,
  0x1FF8, 0x1FF8, 0x1FF8, 0x1FF8, 0x1FF8, 0x1FF8, 0x1FF8, 0x1FF8,
  0x1FF8, 0x1FF8, 0x1FF8, 0x1FF8, 0x1FF8, 0x1FF8, 0x1FF8, 0x1FF8,
  0x1FF8, 0x1FF8, 0x1FF8, 0x1FF8, 0x1FF8, 0x1FF8, 0x1FF8, 0x1FF8,
  0x1FF8, 0x1FF8, 0x1FF8, 0x1FF8, 0x1FF8, 0x1FF8, 0x1FF8, 0x1FF8,
  0x1FF8, 0x1FF8, 0x1FF8, 0x1FF8, 0x1FF8, 0x1FF8, 0x1FF8, 0x1FF8,
  0x1FF8, 0x1FF8, 0x1FF8, 0x1FF8, 0x1FF8, 0x1FF8, 0x1FF8, 0x1FF8,
  0x1FF8, 0x1FF8, 0x1FF8, 0x1FF8, 0x1FF8, 0x1FF8, 0x1FF8, 0x1FF8,
  0x1FF8, 0x1FF8, 0x1FF8, 0x1FF8, 0x1FF8, 0x1FF8, 0x1FF8, 0x1FF8,
  0x1FF8, 0x1FF8, 0x1FF8, 0x1FF8, 0x1FF8, 0x1FF8, 0x1FF8, 0x1FF8,
  0x1FF8, 0x1FF8, 0x1FF8, 0x1FF8, 0x1FF8, 0x1FF8, 0x1FF8, 0x1FF8,
  0x1FF8, 0x1FF8, 0x1FF8, 0x1FF8, 0x1FF8, 0x1FF8, 0x1FF8, 0x1FF8,
  0x1FF8, 0xE839, 0xE839, 0xE839, 0x1FF8, 0x1FF8, 0x1FF8, 0x1FF8,
  0x1FF8, 0x1FF8, 0x1FF8, 0x1FF8, 0x1FF8, 0x1FF8, 0x1FF8, 0x1FF8,
  0x1FF8, 0x1FF8, 0x1FF8, 0x1FF8, 0x1FF8, 0x1FF8, 0x1FF8, 0x1FF8,
  0x1FF8, 0x1FF8, 0x1FF8, 0x1FF8, 0x1FF8, 0x1FF8, 0x1FF8, 0x1FF8,
  0x1FF8, 0x1FF8, 0x1FF8, 0x1FF8, 0x1FF8, 0x1FF8, 0x1FF8, 0x1FF8,
  0x1FF8, 0x1FF8, 0x1FF8, 0x1FF8, 0x1FF8, 0x1FF8, 0x1FF8, 0x1FF8,
  0x1FF8, 0x1FF8, 0x1FF8, 0x1FF8, 0x1FF8, 0x1FF8, 0x1FF8, 0x1FF8,
  0x1FF8, 0x1FF8, 0x1FF8, 0x1FF8, 0x1FF8, 0x1FF8, 0x1FF8, 0x1FF8,
  0x1FF8, 0x1FF8, 0x1FF8, 0x1FF8, 0x1FF8, 0x1FF8, 0x1FF8, 0x1FF8,
  0x1FF8, 0x1FF8, 0x1FF8, 0x1FF8, 0x1FF8, 0x1FF8, 0x1FF8, 0x1FF8,
  0x1FF8, 0x1FF8, 0x1FF8, 0x1FF8, 0x1FF8, 0x1FF8, 0x1FF8, 0x1FF8,
  0x1FF8, 0x1FF8, 0x1FF8, 0x1FF8,
};
static const shapoco::gfx2d::Texture tex_shirt_b = {
  shapoco::gfx2d::PixelFormat::RGB565_SWAPPED, 108, 41, 216, tex_shirt_bData,
};

alignas(4) static const uint16_t tex_r_pants_bData[] = {
  0x1FF8, 0x1FF8, 0x1FF8, 0x1FF8, 0x1FF8, 0x1FF8, 0x1FF8, 0x1FF8,
  0x1FF8, 0x1FF8, 0x1FF8, 0x1FF8, 0x1FF8, 0x1FF8, 0x1FF8, 0x1FF8,
  0x1FF8, 0x1FF8, 0x1FF8, 0x1FF8, 0x1FF8, 0x1FF8, 0x1FF8, 0x1FF8,
  0x1FF8, 0x1FF8, 0x1FF8, 0x1FF8, 0x1FF8, 0x1FF8, 0x1FF8, 0x1FF8,
  0x1FF8, 0x1FF8, 0x1FF8, 0x1FF8, 0x1FF8, 0x1FF8, 0x1FF8, 0x4108,
  0x2942, 0x4108, 0x1FF8, 0x1FF8, 0x1FF8, 0x1FF8, 0x1FF8, 0x1FF8,
  0x1FF8, 0x1FF8, 0x1FF8, 0x1FF8, 0x1FF8, 0x1FF8, 0x1FF8, 0x1FF8,
  0x1FF8, 0x1FF8, 0x1FF8, 0x1FF8, 0x1FF8, 0x1FF8, 0x0000, 0x6E6B,
  0xA831, 0xA831, 0x4E63, 0x8731, 0x0000, 0x1FF8, 0x1FF8, 0x1FF8,
  0x1FF8, 0x1FF8, 0x1FF8, 0x1FF8, 0x1FF8, 0x1FF8, 0x1FF8, 0x1FF8,
  0x1FF8, 0x1FF8, 0x1FF8, 0x1FF8, 0x1FF8, 0x1FF8, 0xC318, 0x6E63,
  0x2621, 0x6721, 0x6721, 0x4621, 0x4621, 0xAF73, 0x0000, 0x1FF8,
  0x1FF8, 0x1FF8, 0x1FF8, 0x1FF8, 0x1FF8, 0x1FF8, 0x1FF8, 0x1FF8,
  0x1FF8, 0x1FF8, 0x1FF8, 0x1FF8, 0x1FF8, 0x1FF8, 0xCB52, 0xE939,
  0x6721, 0x6721, 0x6721, 0x6721, 0x6721, 0x6721, 0x093A, 0x8F6B,
  0x0000, 0x1FF8, 0x1FF8, 0x1FF8, 0x1FF8, 0x1FF8, 0x1FF8, 0x1FF8,
  0x1FF8, 0x1FF8, 0x1FF8, 0x1FF8, 0x1FF8, 0x0000, 0x6E6B, 0xC831,
  0x4621, 0x6721, 0x6721, 0x6721, 0x6721, 0x6721, 0x6721, 0x4621,
  0xD073, 0x6E6B, 0x1FF8, 0x1FF8, 0x1FF8, 0x1FF8, 0x1FF8, 0x1FF8,
  0x1FF8, 0x1FF8, 0x1FF8, 0x1FF8, 0x1FF8, 0x0000, 0xAF73, 0xA831,
  0x6721, 0x6721, 0x6721, 0x6721, 0x6721, 0x6721, 0x6721, 0x6721,
  0x6721, 0x4D63, 0xCF73, 0x8B52, 0x1FF8, 0x1FF8, 0x1FF8, 0x1FF8,
  0x1FF8, 0x1FF8, 0x1FF8, 0x1FF8, 0x1FF8, 0x1FF8, 0x0D63, 0x6729,
  0x6721, 0x6721, 0x6721, 0x6721, 0x6721, 0x6721, 0x6721, 0x6721,
  0x6721, 0x6721, 0x6A4A, 0xCF73, 0xD073, 0x6108, 0x1FF8, 0x1FF8,
  0x1FF8, 0x1FF8, 0x1FF8, 0x1FF8, 0x1FF8, 0x1FF8, 0xCB52, 0xA829,
  0x6721, 0x6721, 0x6721, 0x6721, 0x6721, 0x6721, 0x6721, 0x6721,
  0x6721, 0x6721, 0x6721, 0xA831, 0xCF73, 0xCF73, 0x2D63, 0x1FF8,
  0x1FF8, 0x1FF8, 0x1FF8, 0x1FF8, 0x1FF8, 0x1FF8, 0x6529, 0xCC52,
  0x6721, 0x6721, 0x6721, 0x6721, 0x6721, 0x6721, 0x6721, 0x6721,
  0x6721, 0x6721, 0x6721, 0x6721, 0xA829, 0xCF73, 0xD073, 0xF07B,
  0x0000, 0x1FF8, 0x1FF8, 0x1FF8, 0x1FF8, 0x1FF8, 0x0000, 0xAF73,
  0x2621, 0x6721, 0x6721, 0x6721, 0x6721, 0x6721, 0x6721, 0x6721,
  0x6721, 0x6721, 0x6721, 0x6721, 0x6721, 0xC831, 0xCF73, 0xD073,
  0xD073, 0x0000, 0x1FF8, 0x1FF8, 0x1FF8, 0x1FF8, 0x0000, 0x8F6B,
  0x0519, 0x6721, 0x6721, 0x6721, 0x6721, 0x6721, 0x6721, 0x6721,
  0x6721, 0x6721, 0x6721, 0x6721, 0x6721, 0x6721, 0x093A, 0xCF73,
  0xD073, 0xCF73, 0x0000, 0x1FF8, 0x1FF8, 0x1FF8, 0x1FF8, 0xE418,
  0x6E6B, 0x6721, 0x6721, 0x6721, 0x6721, 0x6721, 0x6721, 0x6721,
  0x6721, 0x6721, 0x6721, 0x6721, 0x6721, 0x6721, 0x6721, 0x4A42,
  0xCF73, 0xD073, 0xD073, 0x0000, 0x1FF8, 0x1FF8, 0x1FF8, 0x0000,
  0x8F6B, 0x2619, 0x6721, 0x6721, 0x6721, 0x6721, 0x6721, 0x6721,
  0x6721, 0x6721, 0x6721, 0x6721, 0x6721, 0x6721, 0x6721, 0x6721,
  0xAB52, 0xD073, 0xD073, 0xD073, 0x0000, 0x1FF8, 0x1FF8, 0x1FF8,
  0xE318, 0xD073, 0x4621, 0x6721, 0x6721, 0x6721, 0x6721, 0x6721,
  0x6721, 0x6721, 0x6721, 0x6721, 0x6721, 0x6721, 0x6721, 0x6721,
  0x4621, 0x0D5B, 0xD073, 0xD073, 0xF07B, 0x0000, 0x1FF8, 0x1FF8,
  0x0000, 0x4D63, 0x6E6B, 0x6721, 0x6721, 0x6721, 0x6721, 0x6721,
  0x6721, 0x6721, 0x6721, 0x6721, 0x6721, 0x6721, 0x6721, 0x6721,
  0x6721, 0x4621, 0xAF73, 0xD073, 0xD073, 0xF07B, 0x0000, 0x1FF8,
  0x1FF8, 0x0000, 0xAF73, 0x0D5B, 0x6721, 0x6721, 0x6721, 0x6721,
  0x6721, 0x6721, 0x6721, 0x6721, 0x6721, 0x6721, 0x6721, 0x6721,
  0x6721, 0x6721, 0x0619, 0xF07B, 0xD073, 0xD073, 0xF07B, 0x1FF8,
  0x1FF8, 0x1FF8, 0xE318, 0xD073, 0x8F6B, 0x6621, 0x6721, 0x6721,
  0x6721, 0x6721, 0x6721, 0x6721, 0x6721, 0x6721, 0x6721, 0x6721,
  0x6721, 0x6721, 0x6721, 0x6A42, 0xD073, 0xD073, 0xD073, 0xCF73,
  0x1FF8, 0x1FF8, 0x1FF8, 0x2D63, 0xD073, 0xD073, 0x4621, 0x6721,
  0x6721, 0x6721, 0x6721, 0x6721, 0x6721, 0x6721, 0x6721, 0x6721,
  0x6721, 0x6721, 0x6721, 0x2621, 0x8F6B, 0xD073, 0xD073, 0xD073,
  0x8E6B, 0x1FF8, 0x1FF8, 0x1FF8, 0x4E63, 0xD073, 0xD073, 0xF07B,
  0x4621, 0x6721, 0x6721, 0x6721, 0x6721, 0x6721, 0x6721, 0x6721,
  0x6721, 0x6721, 0x6721, 0x4621, 0x8B4A, 0xD073, 0xD073, 0xD073,
  0xD073, 0xEC5A, 0x1FF8, 0x1FF8, 0x1FF8, 0x4D63, 0xD073, 0xD073,
  0xCF73, 0x8B4A, 0x6721, 0x6721, 0x6721, 0x6721, 0x6721, 0x6721,
  0x6721, 0x6721, 0x6721, 0x6721, 0x6721, 0x2D63, 0xD073, 0xD073,
  0xD073, 0xCF73, 0x083A, 0x1FF8, 0x1FF8, 0x1FF8, 0xCC5A, 0xD073,
  0xD073, 0x117C, 0x4621, 0x6721, 0x6721, 0x6721, 0x6721, 0x6721,
  0x6721, 0x6721, 0x6721, 0x6721, 0x6721, 0x6721, 0x6721, 0x6729,
  0x8F6B, 0xD073, 0xD073, 0xC318, 0x1FF8, 0x1FF8, 0x1FF8, 0x2942,
  0xCF73, 0xD073, 0xA831, 0x6721, 0x6721, 0x6721, 0x6721, 0x6721,
  0x6721, 0x6721, 0x6721, 0x6721, 0x6721, 0x6721, 0x6721, 0x6721,
  0x6721, 0x2619, 0x0D5B, 0xF07B, 0x4108, 0x1FF8, 0x1FF8, 0x1FF8,
  0xA731, 0xCF73, 0xF07B, 0x6721, 0x6721, 0x6721, 0x6721, 0x6721,
  0x6721, 0x6721, 0x6721, 0x6721, 0x6721, 0x6721, 0x6721, 0x6721,
  0x6721, 0x6721, 0x6721, 0x4621, 0x8F6B, 0x1FF8, 0x1FF8, 0x1FF8,
  0x1FF8, 0x0421, 0xCF73, 0x107C, 0x4621, 0x6721, 0x6721, 0x6721,
  0x6721, 0x6721, 0x6721, 0x6721, 0x6721, 0x6721, 0x6721, 0x6721,
  0x6721, 0x6721, 0x6721, 0x6721, 0x6721, 0x6621, 0x1FF8, 0x1FF8,
  0x1FF8, 0x1FF8, 0x0000, 0xD073, 0xD07B, 0x6721, 0x6721, 0x6721,
  0x6721, 0x6721, 0x6721, 0x6721, 0x6721, 0x6721, 0x6721, 0x6721,
  0x6721, 0x6721, 0x6721, 0x6721, 0x6721, 0x6721, 0xA410, 0x1FF8,
  0x1FF8, 0x1FF8, 0x1FF8, 0x0000, 0xD073, 0x4E63, 0x6721, 0x6721,
  0x6721, 0x6721, 0x6721, 0x6721, 0x6721, 0x6721, 0x6721, 0x6721,
  0x6721, 0x6721, 0x6721, 0x6721, 0x6721, 0x6721, 0x4621, 0x2000,
  0x1FF8, 0x1FF8, 0x1FF8, 0x1FF8, 0x0000, 0xD073, 0x6A4A, 0x6721,
  0x6721, 0x6721, 0x6721, 0x6721, 0x6721, 0x6721, 0x6721, 0x6721,
  0x6721, 0x6721, 0x6721, 0x6721, 0x6721, 0x6721, 0x6721, 0x6721,
  0x0000, 0x1FF8, 0x1FF8, 0x1FF8, 0x1FF8, 0x1FF8, 0xD073, 0x8729,
  0x6721, 0x6721, 0x6721, 0x6721, 0x6721, 0x6721, 0x6721, 0x6721,
  0x6721, 0x6721, 0x6721, 0x6721, 0x6721, 0x6721, 0x6721, 0x6721,
  0x6721, 0x1FF8, 0x1FF8, 0x1FF8, 0x1FF8, 0x1FF8, 0x1FF8, 0x6E6B,
  0x0519, 0x6721, 0x6721, 0x6721, 0x6721, 0x6721, 0x6721, 0x6721,
  0x6721, 0x6721, 0x6721, 0x6721, 0x6721, 0x6721, 0x6721, 0x6721,
  0x6721, 0x4621, 0x1FF8, 0x1FF8, 0x1FF8, 0x1FF8, 0x1FF8, 0x1FF8,
  0xC739, 0x8729, 0x6721, 0x6721, 0x6721, 0x6721, 0x6721, 0x6721,
  0x6721, 0x6721, 0x6721, 0x6721, 0x6721, 0x6721, 0x6721, 0x6721,
  0x6721, 0x6721, 0x2621, 0x1FF8, 0x1FF8, 0x1FF8, 0x1FF8, 0x1FF8,
  0x1FF8, 0x8210, 0xAC52, 0x6721, 0x6721, 0x6721, 0x6721, 0x6721,
  0x6721, 0x6721, 0x6721, 0x6721, 0x6721, 0x6721, 0x6721, 0x6721,
  0x6721, 0x6721, 0x4621, 0xE518, 0x1FF8, 0x1FF8, 0x1FF8, 0x1FF8,
  0x1FF8, 0x1FF8, 0x0000, 0x107C, 0x4621, 0x6721, 0x6721, 0x6721,
  0x6721, 0x6721, 0x6721, 0x6721, 0x6721, 0x6721, 0x6721, 0x6721,
  0x6721, 0x6721, 0x6721, 0x4621, 0xC418, 0x1FF8, 0x1FF8, 0x1FF8,
  0x1FF8, 0x1FF8, 0x1FF8, 0x1FF8, 0xD073, 0x4621, 0x6721, 0x6721,
  0x6721, 0x6721, 0x6721, 0x6721, 0x6721, 0x6721, 0x6721, 0x6721,
  0x6721, 0x6721, 0x6721, 0x6721, 0x4621, 0xC418, 0x1FF8, 0x1FF8,
  0x1FF8, 0x1FF8, 0x1FF8, 0x1FF8, 0x1FF8, 0xE839, 0xE939, 0x6721,
  0x6721, 0x6721, 0x6721, 0x6721, 0x6721, 0x6721, 0x6721, 0x6721,
  0x6721, 0x6721, 0x6721, 0x6721, 0x6721, 0x4621, 0xC410, 0x1FF8,
  0x1FF8, 0x1FF8, 0x1FF8, 0x1FF8, 0x1FF8, 0x1FF8, 0x0000, 0x4E63,
  0x6721, 0x6721, 0x6721, 0x6721, 0x6721, 0x6721, 0x6721, 0x6721,
  0x6721, 0x6721, 0x6721, 0x6721, 0x6721, 0x6721, 0x4621, 0xC410,
  0x1FF8, 0x1FF8, 0x1FF8, 0x1FF8, 0x1FF8, 0x1FF8, 0x1FF8, 0x1FF8,
  0x117C, 0x0519, 0x6721, 0x6721, 0x6721, 0x6721, 0x6721, 0x6721,
  0x6721, 0x6721, 0x6721, 0x6721, 0x6721, 0x6721, 0x6721, 0x6721,
  0xE418, 0x1FF8, 0x1FF8, 0x1FF8, 0x1FF8, 0x1FF8, 0x1FF8, 0x1FF8,
  0x1FF8, 0xE418, 0xA831, 0x6721, 0x6721, 0x6721, 0x6721, 0x6721,
  0x6721, 0x6721, 0x6721, 0x6721, 0x6721, 0x6721, 0x6721, 0x6721,
  0x6721, 0x0521, 0x1FF8, 0x1FF8, 0x1FF8, 0x1FF8, 0x1FF8, 0x1FF8,
  0x1FF8, 0x1FF8, 0x0000, 0xF07B, 0x4621, 0x6721, 0x6721, 0x6721,
  0x6721, 0x6721, 0x6721, 0x6721, 0x6721, 0x6721, 0x6721, 0x6721,
  0x6721, 0x6721, 0x2621, 0x1FF8, 0x1FF8, 0x1FF8, 0x1FF8, 0x1FF8,
  0x1FF8, 0x1FF8, 0x1FF8, 0x1FF8, 0x6E6B, 0x6729, 0x6721, 0x6721,
  0x6721, 0x6721, 0x6721, 0x6721, 0x6721, 0x6721, 0x6721, 0x6721,
  0x6721, 0x6721, 0x6721, 0x4621, 0x1FF8, 0x1FF8, 0x1FF8, 0x1FF8,
  0x1FF8, 0x1FF8, 0x1FF8, 0x1FF8, 0x1FF8, 0x8210, 0xAC52, 0x6721,
  0x6721, 0x6721, 0x6721, 0x6721, 0x6721, 0x6721, 0x6721, 0x6721,
  0x6721, 0x6721, 0x6721, 0x6721, 0x6721, 0x1FF8, 0x1FF8, 0x1FF8,
  0x1FF8, 0x1FF8, 0x1FF8, 0x1FF8, 0x1FF8, 0x1FF8, 0x1FF8, 0x107C,
  0x2619, 0x6721, 0x6721, 0x6721, 0x6721, 0x6721, 0x6721, 0x6721,
  0x6721, 0x6721, 0x6721, 0x6721, 0x6721, 0x6721, 0x0000, 0x1FF8,
  0x1FF8, 0x1FF8, 0x1FF8, 0x1FF8, 0x1FF8, 0x1FF8, 0x1FF8, 0x1FF8,
  0x2421, 0xCC52, 0x6721, 0x6721, 0x6721, 0x6721, 0x6721, 0x6721,
  0x6721, 0x6721, 0x6721, 0x6721, 0x6721, 0x6721, 0x6721, 0x0000,
  0x1FF8, 0x1FF8, 0x1FF8, 0x1FF8, 0x1FF8, 0x1FF8, 0x1FF8, 0x1FF8,
  0x1FF8, 0x0000, 0x107C, 0x4621, 0x6721, 0x6721, 0x6721, 0x6721,
  0x6721, 0x6721, 0x6721, 0x6721, 0x6721, 0x6721, 0x6721, 0x6721,
  0x0000, 0x1FF8, 0x1FF8, 0x1FF8, 0x1FF8, 0x1FF8, 0x1FF8, 0x1FF8,
  0x1FF8, 0x1FF8, 0x1FF8, 0xA731, 0xEC5A, 0x4621, 0x6721, 0x6721,
  0x6721, 0x6721, 0x6721, 0x6721, 0x6721, 0x6721, 0x6721, 0x6721,
  0x4621, 0x4208, 0x1FF8, 0x1FF8, 0x1FF8, 0x1FF8, 0x1FF8, 0x1FF8,
  0x1FF8, 0x1FF8, 0x1FF8, 0x1FF8, 0x0000, 0x3184, 0x2621, 0x6721,
  0x6721, 0x6721, 0x6721, 0x6721, 0x6721, 0x6721, 0x6721, 0x6721,
  0x6721, 0x4621, 0xA310, 0x1FF8, 0x1FF8, 0x1FF8, 0x1FF8, 0x1FF8,
  0x1FF8, 0x1FF8, 0x1FF8, 0x1FF8, 0x1FF8, 0x1FF8, 0x6A4A, 0xAB52,
  0x6721, 0x6721, 0x6721, 0x6721, 0x6721, 0x6721, 0x6721, 0x6721,
  0x6721, 0x6721, 0x4621, 0x0521, 0x1FF8, 0x1FF8, 0x1FF8, 0x1FF8,
  0x1FF8, 0x1FF8, 0x1FF8, 0x1FF8, 0x1FF8, 0x1FF8, 0x1FF8, 0x0000,
  0xD073, 0x4621, 0x6721, 0x6721, 0x6721, 0x6721, 0x6721, 0x6721,
  0x6721, 0x6721, 0x6721, 0x6721, 0x6721, 0x1FF8, 0x1FF8, 0x1FF8,
  0x1FF8, 0x1FF8, 0x1FF8, 0x1FF8, 0x1FF8, 0x1FF8, 0x1FF8, 0x1FF8,
  0x1FF8, 0x6629, 0x0D5B, 0x4621, 0x6721, 0x6721, 0x6721, 0x6721,
  0x6721, 0x6721, 0x6721, 0x6721, 0x6721, 0x6721, 0x1FF8, 0x1FF8,
  0x1FF8, 0x1FF8, 0x1FF8, 0x1FF8, 0x1FF8, 0x1FF8, 0x1FF8, 0x1FF8,
  0x1FF8, 0x1FF8, 0x1FF8, 0xF07B, 0x4621, 0x6721, 0x6721, 0x6721,
  0x6721, 0x6721, 0x6721, 0x6721, 0x6721, 0x6721, 0x6721, 0x0000,
  0x1FF8, 0x1FF8, 0x1FF8, 0x1FF8, 0x1FF8, 0x1FF8, 0x1FF8, 0x1FF8,
  0x1FF8, 0x1FF8, 0x1FF8, 0x1FF8, 0x4108, 0x8F6B, 0x6721, 0x6721,
  0x6721, 0x6721, 0x6721, 0x6721, 0x6721, 0x6721, 0x6721, 0x6721,
  0x0000, 0x1FF8, 0x1FF8, 0x1FF8, 0x1FF8, 0x1FF8, 0x1FF8, 0x1FF8,
  0x1FF8, 0x1FF8, 0x1FF8, 0x1FF8, 0x1FF8, 0x1FF8, 0x2D63, 0x4621,
  0x6721, 0x6721, 0x6721, 0x6721, 0x6721, 0x6721, 0x6721, 0x6721,
  0x6721, 0x8210, 0x1FF8, 0x1FF8, 0x1FF8, 0x1FF8, 0x1FF8, 0x1FF8,
  0x1FF8, 0x1FF8, 0x1FF8, 0x1FF8, 0x1FF8, 0x1FF8, 0x1FF8, 0x0000,
  0xF07B, 0x4621, 0x6721, 0x6721, 0x6721, 0x6721, 0x6721, 0x6721,
  0x6721, 0x6721, 0x2521, 0x1FF8, 0x1FF8, 0x1FF8, 0x1FF8, 0x1FF8,
  0x1FF8, 0x1FF8, 0x1FF8, 0x1FF8, 0x1FF8, 0x1FF8, 0x1FF8, 0x1FF8,
  0x1FF8, 0x0842, 0xAC52, 0x4621, 0x6721, 0x6721, 0x6721, 0x6721,
  0x6721, 0x6721, 0x6721, 0x8B4A, 0x1FF8, 0x1FF8, 0x1FF8, 0x1FF8,
  0x1FF8, 0x1FF8, 0x1FF8, 0x1FF8, 0x1FF8, 0x1FF8, 0x1FF8, 0x1FF8,
  0x1FF8, 0x1FF8, 0x1FF8, 0xD073, 0x6721, 0x6721, 0x6721, 0x6721,
  0x6721, 0x6721, 0x6721, 0x4621, 0x8F6B, 0x0000, 0x1FF8, 0x1FF8,
  0x1FF8, 0x1FF8, 0x1FF8, 0x1FF8, 0x1FF8, 0x1FF8, 0x1FF8, 0x1FF8,
  0x1FF8, 0x1FF8, 0x1FF8, 0x1FF8, 0x2108, 0xCF73, 0x4621, 0x6721,
  0x6721, 0x6721, 0x6721, 0x6721, 0x2619, 0xD073, 0x0000, 0x1FF8,
  0x1FF8, 0x1FF8, 0x1FF8, 0x1FF8, 0x1FF8, 0x1FF8, 0x1FF8, 0x1FF8,
  0x1FF8, 0x1FF8, 0x1FF8, 0x1FF8, 0x1FF8, 0x1FF8, 0x4529, 0x4A42,
  0x6721, 0x6721, 0x6721, 0x6721, 0x4621, 0x6A42, 0xD073, 0x0000,
  0x1FF8, 0x1FF8, 0x1FF8, 0x1FF8, 0x1FF8, 0x1FF8, 0x1FF8, 0x1FF8,
  0x1FF8, 0x1FF8, 0x1FF8, 0x1FF8, 0x1FF8, 0x1FF8, 0x1FF8, 0x1FF8,
  0xEC5A, 0x4621, 0x6721, 0x6721, 0x6721, 0x6729, 0xF07B, 0xCF73,
  0xC318, 0x1FF8, 0x1FF8, 0x1FF8, 0x1FF8, 0x1FF8, 0x1FF8, 0x1FF8,
  0x1FF8, 0x1FF8, 0x1FF8, 0x1FF8, 0x1FF8, 0x1FF8, 0x1FF8, 0x1FF8,
  0x1FF8, 0x0000, 0xAF73, 0x6721, 0x6721, 0x4621, 0x4E63, 0xD073,
  0xCF73, 0xC731, 0x1FF8, 0x1FF8, 0x1FF8, 0x1FF8, 0x1FF8, 0x1FF8,
  0x1FF8, 0x1FF8, 0x1FF8, 0x1FF8, 0x1FF8, 0x1FF8, 0x1FF8, 0x1FF8,
  0x1FF8, 0x1FF8, 0x1FF8, 0x0000, 0xF07B, 0x4621, 0xC831, 0xD073,
  0xD073, 0xCF73, 0x6A4A, 0x1FF8, 0x1FF8, 0x1FF8, 0x1FF8, 0x1FF8,
  0x1FF8, 0x1FF8, 0x1FF8, 0x1FF8, 0x1FF8, 0x1FF8, 0x1FF8, 0x1FF8,
  0x1FF8, 0x1FF8, 0x1FF8, 0x1FF8, 0x1FF8, 0xA318, 0x3184, 0x8F6B,
  0xCF73, 0xD073, 0xAF73, 0x8210, 0x1FF8, 0x1FF8, 0x1FF8, 0x1FF8,
  0x1FF8, 0x1FF8, 0x1FF8, 0x1FF8, 0x1FF8, 0x1FF8, 0x1FF8, 0x1FF8,
  0x1FF8, 0x1FF8, 0x1FF8, 0x1FF8, 0x1FF8, 0x1FF8, 0x1FF8, 0xA310,
  0x5284, 0x8A4A, 0x0000, 0x1FF8, 0x1FF8, 0x1FF8, 0x1FF8, 0x1FF8,
  0x1FF8, 0x1FF8, 0x1FF8, 0x1FF8, 0x1FF8, 0x1FF8, 0x1FF8, 0x1FF8,
  0x1FF8, 0x1FF8, 0x1FF8, 0x1FF8, 0x1FF8, 0x1FF8, 0x1FF8, 0x1FF8,
  0x1FF8, 0x0000, 0x1FF8, 0x1FF8, 0x1FF8, 0x1FF8, 0x1FF8,
};
static const shapoco::gfx2d::Texture tex_r_pants_b = {
  shapoco::gfx2d::PixelFormat::RGB565_SWAPPED, 25, 63, 50, tex_r_pants_bData,
};

alignas(4) static const uint16_t tex_r_legData[] = {
  0x1FF8, 0x1FF8, 0x1FF8, 0x1FF8, 0x1FF8, 0x1FF8, 0x1FF8, 0x1FF8,
  0x1FF8, 0x1FF8, 0x1FF8, 0x1FF8, 0x1FF8, 0x1FF8, 0x1FF8, 0x1FF8,
  0x1FF8, 0x1FF8, 0x1FF8, 0x1FF8, 0x1FF8, 0x1FF8, 0x1FF8, 0x1FF8,
  0x1FF8, 0x1FF8, 0x1FF8, 0x1FF8, 0x1FF8, 0x1FF8, 0x1FF8, 0x1FF8,
  0x1FF8, 0x1FF8, 0x1FF8, 0x1FF8, 0x1FF8, 0x1FF8, 0x1FF8, 0x1FF8,
  0x1FF8, 0x1FF8, 0x1FF8, 0x1FF8, 0x1FF8, 0x1FF8, 0x1FF8, 0x1FF8,
  0x1FF8, 0x1FF8, 0x1FF8, 0x1FF8, 0x1FF8, 0x1FF8, 0x1FF8, 0x1FF8,
  0x1FF8, 0x1FF8, 0x1FF8, 0x1FF8, 0x1FF8, 0x1FF8, 0x1FF8, 0x1FF8,
  0x1FF8, 0x1FF8, 0x1FF8, 0x1FF8, 0x1FF8, 0x1FF8, 0x1FF8, 0x1FF8,
  0x1FF8, 0x1FF8, 0x1FF8, 0x1FF8, 0x1FF8, 0x1FF8, 0x1FF8, 0x1FF8,
  0x1FF8, 0x1FF8, 0x1FF8, 0x1FF8, 0x1FF8, 0x1FF8, 0x1FF8, 0x1FF8,
  0x1FF8, 0x1FF8, 0x1FF8, 0x1FF8, 0x1FF8, 0x1FF8, 0x1FF8, 0x1FF8,
  0x1FF8, 0x1FF8, 0x1FF8, 0x1FF8, 0x1FF8, 0x1FF8, 0x1FF8, 0x1FF8,
  0x1FF8, 0x1FF8, 0x1FF8, 0x1FF8, 0x1FF8, 0x1FF8, 0x1FF8, 0x1FF8,
  0x1FF8, 0x1FF8, 0x1FF8, 0x1FF8, 0x1FF8, 0x1FF8, 0x1FF8, 0x1FF8,
  0x1FF8, 0x1FF8, 0x1FF8, 0x1FF8, 0x1FF8, 0x1FF8, 0x1FF8, 0x1FF8,
  0x1FF8, 0x1FF8, 0x1FF8, 0x1FF8, 0x1FF8, 0x1FF8, 0x1FF8, 0x1FF8,
  0x1FF8, 0x1FF8, 0x1FF8, 0x1FF8, 0x1FF8, 0x1FF8, 0x1FF8, 0x1FF8,
  0x1FF8, 0x1FF8, 0x1FF8, 0x1FF8, 0x1FF8, 0x1FF8, 0x1FF8, 0x1FF8,
  0x0000, 0x0000, 0x1FF8, 0x1FF8, 0x1FF8, 0x1FF8, 0x1FF8, 0x1FF8,
  0x1FF8, 0x1FF8, 0x1FF8, 0x1FF8, 0x1FF8, 0x1FF8, 0x1FF8, 0x1FF8,
  0x1FF8, 0x1FF8, 0x1FF8, 0x1FF8, 0x1FF8, 0x1FF8, 0x1FF8, 0x1FF8,
  0x1FF8, 0x1FF8, 0x1FF8, 0x1FF8, 0x1FF8, 0x1FF8, 0x1FF8, 0x1FF8,
  0x1FF8, 0x1FF8, 0x1FF8, 0x1FF8, 0x1FF8, 0x1FF8, 0x1FF8, 0x1FF8,
  0x1FF8, 0x1FF8, 0x1FF8, 0x1FF8, 0x1FF8, 0x1FF8, 0x1FF8, 0x1FF8,
  0x1FF8, 0x1FF8, 0x1FF8, 0x1FF8, 0x1FF8, 0x1FF8, 0x1FF8, 0x1FF8,
  0x1FF8, 0x1FF8, 0x1FF8, 0x1FF8, 0x1FF8, 0x1FF8, 0x1FF8, 0x1FF8,
  0x1FF8, 0x1FF8, 0x1FF8, 0x1FF8, 0x1FF8, 0x1FF8, 0x1FF8, 0x1FF8,
  0x1FF8, 0x1FF8, 0x1FF8, 0x1FF8, 0x1FF8, 0x1FF8, 0x1FF8, 0x1FF8,
  0x1FF8, 0x1FF8, 0x1FF8, 0x1FF8, 0x1FF8, 0x1FF8, 0x1FF8, 0x1FF8,
  0x1FF8, 0x1FF8, 0x1FF8, 0x1FF8, 0x1FF8, 0x1FF8, 0x1FF8, 0x1FF8,
  0x1FF8, 0x1FF8, 0x1FF8, 0x1FF8, 0x1FF8, 0x1FF8, 0x1FF8, 0x1FF8,
  0x1FF8, 0x1FF8, 0x1FF8, 0x1FF8, 0x1FF8, 0x1FF8, 0x1FF8, 0x6110,
  0x0000, 0x1FF8, 0x1FF8, 0x1FF8, 0x1FF8, 0x1FF8, 0x1FF8, 0x1FF8,
  0x1FF8, 0x1FF8, 0x1FF8, 0x1FF8, 0x1FF8, 0x1FF8, 0x1FF8, 0x1FF8,
  0x1FF8, 0x1FF8, 0x1FF8, 0x1FF8, 0x1FF8, 0x1FF8, 0x1FF8, 0x1FF8,
  0x1FF8, 0x1FF8, 0x1FF8, 0x1FF8, 0x1FF8, 0x1FF8, 0x1FF8, 0x1FF8,
  0x1FF8, 0xEB39, 0x6D42, 0x4208, 0x1FF8, 0x1FF8, 0x1FF8, 0x1FF8,
  0x1FF8, 0x1FF8, 0x1FF8, 0x1FF8, 0x1FF8, 0x1FF8, 0x1FF8, 0x1FF8,
  0x1FF8, 0x1FF8, 0x1FF8, 0x1FF8, 0x1FF8, 0x1FF8, 0x1FF8, 0x1FF8,
  0x1FF8, 0x1FF8, 0x1FF8, 0x1FF8, 0x1FF8, 0x1FF8, 0x1FF8, 0x1FF8,
  0x1FF8, 0x1FF8, 0x1FF8, 0x1FF8, 0x1FF8, 0x1FF8, 0x1FF8, 0x1FF8,
  0x1FF8, 0x1FF8, 0x1FF8, 0x1FF8, 0x1FF8, 0x1FF8, 0x1FF8, 0x1FF8,
  0x1FF8, 0x1FF8, 0x1FF8, 0x1FF8, 0x1FF8, 0x1FF8, 0x1FF8, 0x1FF8,
  0x1FF8, 0x1FF8, 0x1FF8, 0x1FF8, 0x1FF8, 0x1FF8, 0x1FF8, 0x1FF8,
  0x1FF8, 0x1FF8, 0x1FF8, 0x1FF8, 0x1FF8, 0x1FF8, 0x1FF8, 0x1FF8,
  0x1FF8, 0x1FF8, 0x1FF8, 0x1FF8, 0x1FF8, 0x1FF8, 0x1FF8, 0x1FF8,
  0x1FF8, 0x1FF8, 0x1FF8, 0x1FF8, 0x1FF8, 0x1FF8, 0x1FF8, 0x1FF8,
  0x1FF8, 0x1FF8, 0x1FF8, 0x1FF8, 0x1FF8, 0x1FF8, 0x1FF8, 0x1FF8,
  0x1FF8, 0x1FF8, 0x1FF8, 0x1FF8, 0x1FF8, 0x1FF8, 0x1FF8, 0x1FF8,
  0x1FF8, 0x1FF8, 0x1FF8, 0x1FF8, 0x1FF8, 0x0421, 0x16DE, 0x7CFF,
  0x1BFF, 0x9CFF, 0x57E6, 0x509C, 0x2108, 0x1FF8, 0x1FF8, 0x1FF8,
  0x1FF8, 0x1FF8, 0x1FF8, 0x1FF8, 0x1FF8, 0x1FF8, 0x1FF8, 0x1FF8,
  0x1FF8, 0x1FF8, 0x1FF8, 0x1FF8, 0x1FF8, 0x1FF8, 0x1FF8, 0x1FF8,
  0x1FF8, 0x1FF8, 0x1FF8, 0x1FF8, 0x1FF8, 0x1FF8, 0x1FF8, 0x1FF8,
  0x1FF8, 0x4208, 0x8E4A, 0x6D42, 0x4D42, 0xB484, 0x1EC7, 0x789D,
  0xC418, 0x1FF8, 0x1FF8, 0x1FF8, 0x1FF8, 0x1FF8, 0x1FF8, 0x1FF8,
  0x1FF8, 0x1FF8, 0x1FF8, 0x1FF8, 0x1FF8, 0x1FF8, 0x1FF8, 0x1FF8,
  0x1FF8, 0x1FF8, 0x1FF8, 0x1FF8, 0x1FF8, 0x1FF8, 0x1FF8, 0x1FF8,
  0x1FF8, 0x1FF8, 0x1FF8, 0x1FF8, 0x1FF8, 0x1FF8, 0x1FF8, 0x1FF8,
  0x1FF8, 0x1FF8, 0x1FF8, 0x1FF8, 0x1FF8, 0x1FF8, 0x1FF8, 0x1FF8,
  0x1FF8, 0x1FF8, 0x1FF8, 0x1FF8, 0x1FF8, 0x1FF8, 0x1FF8, 0x1FF8,
  0x1FF8, 0x1FF8, 0x1FF8, 0x1FF8, 0x1FF8, 0x1FF8, 0x1FF8, 0x1FF8,
  0x1FF8, 0x1FF8, 0x1FF8, 0x1FF8, 0x1FF8, 0x1FF8, 0x1FF8, 0x1FF8,
  0x1FF8, 0x1FF8, 0x1FF8, 0x1FF8, 0x1FF8, 0x1FF8, 0x1FF8, 0x1FF8,
  0x1FF8, 0x1FF8, 0x1FF8, 0x1FF8, 0x1FF8, 0x1FF8, 0x1FF8, 0x1FF8,
  0x1FF8, 0x1FF8, 0x1FF8, 0x1FF8, 0x1FF8, 0x1FF8, 0x1FF8, 0x1FF8,
  0x1FF8, 0x1FF8, 0x1FF8, 0x1FF8, 0x1FF8, 0x1FF8, 0x1FF8, 0x1FF8,
  0x1FF8, 0x1FF8, 0x1FF8, 0x0000, 0x6D7B, 0x7BFF, 0x1AFF, 0xFAFE,
  0xFAFE, 0xFAFE, 0xFAFE, 0xFAFE, 0xFAFE, 0xFAFE, 0xBCFF, 0x57E6,
  0x6D7B, 0x0000, 0x1FF8, 0x1FF8, 0x1FF8, 0x1FF8, 0x1FF8, 0x1FF8,
  0x1FF8, 0x1FF8, 0x1FF8, 0x1FF8, 0x1FF8, 0x1FF8, 0x1FF8, 0x1FF8,
  0x1FF8, 0x1FF8, 0x1FF8, 0x1FF8, 0x1FF8, 0x1FF8, 0x1FF8, 0x1FF8,
  0x1FF8, 0x0000, 0x6D42, 0x8E4A, 0xAF4A, 0xC831, 0x5BAE, 0x5BAE,
  0x5BAE, 0x5BAE, 0xD99D, 0x2100, 0x1FF8, 0x1FF8, 0x1FF8, 0x1FF8,
  0x1FF8, 0x1FF8, 0x1FF8, 0x1FF8, 0x1FF8, 0x1FF8, 0x1FF8, 0x1FF8,
  0x1FF8, 0x1FF8, 0x1FF8, 0x1FF8, 0x1FF8, 0x1FF8, 0x1FF8, 0x1FF8,
  0x1FF8, 0x1FF8, 0x1FF8, 0x1FF8, 0x1FF8, 0x1FF8, 0x1FF8, 0x1FF8,
  0x1FF8, 0x1FF8, 0x1FF8, 0x1FF8, 0x1FF8, 0x1FF8, 0x1FF8, 0x1FF8,
  0x1FF8, 0x1FF8, 0x1FF8, 0x1FF8, 0x1FF8, 0x1FF8, 0x1FF8, 0x1FF8,
  0x1FF8, 0x1FF8, 0x1FF8, 0x1FF8, 0x1FF8, 0x1FF8, 0x1FF8, 0x1FF8,
  0x1FF8, 0x1FF8, 0x1FF8, 0x1FF8, 0x1FF8, 0x1FF8, 0x1FF8, 0x1FF8,
  0x1FF8, 0x1FF8, 0x1FF8, 0x1FF8, 0x1FF8, 0x1FF8, 0x1FF8, 0x1FF8,
  0x1FF8, 0x1FF8, 0x1FF8, 0x1FF8, 0x1FF8, 0x1FF8, 0x1FF8, 0x1FF8,
  0x1FF8, 0x1FF8, 0x1FF8, 0x1FF8, 0x1FF8, 0x1FF8, 0x1FF8, 0x1FF8,
  0x1FF8, 0x1FF8, 0x1FF8, 0x1FF8, 0x1FF8, 0x1FF8, 0x1FF8, 0x1FF8,
  0x1FF8, 0x1FF8, 0x0000, 0x719C, 0x5BFF, 0x1AFF, 0x1AFF, 0x1AFF,
  0xFAFE, 0xFAFE, 0xFAFE, 0xFAFE, 0xFAFE, 0xFAFE, 0xFAFE, 0xFAFE,
  0xFAFE, 0x1AFF, 0x1AFF, 0x5BFF, 0x91A4, 0x8531, 0x0000, 0x0000,
  0x1FF8, 0x1FF8, 0x1FF8, 0x1FF8, 0x1FF8, 0x1FF8, 0x1FF8, 0x1FF8,
  0x1FF8, 0x1FF8, 0x1FF8, 0x1FF8, 0x1FF8, 0x1FF8, 0x1FF8, 0x1FF8,
  0x1FF8, 0x1FF8, 0x4721, 0x8E4A, 0x8E4A, 0x8310, 0x7BB6, 0x5BAE,
  0x5BAE, 0x5BAE, 0x5BAE, 0x5BAE, 0xF9A5, 0x1FF8, 0x1FF8, 0x1FF8,
  0x1FF8, 0x1FF8, 0x1FF8, 0x1FF8, 0x1FF8, 0x1FF8, 0x1FF8, 0x1FF8,
  0x1FF8, 0x1FF8, 0x1FF8, 0x1FF8, 0x1FF8, 0x1FF8, 0x1FF8, 0x1FF8,
  0x1FF8, 0x1FF8, 0x1FF8, 0x1FF8, 0x1FF8, 0x1FF8, 0x1FF8, 0x1FF8,
  0x1FF8, 0x1FF8, 0x1FF8, 0x1FF8, 0x1FF8, 0x1FF8, 0x1FF8, 0x1FF8,
  0x1FF8, 0x1FF8, 0x1FF8, 0x1FF8, 0x1FF8, 0x1FF8, 0x1FF8, 0x1FF8,
  0x1FF8, 0x1FF8, 0x1FF8, 0x1FF8, 0x1FF8, 0x1FF8, 0x1FF8, 0x1FF8,
  0x1FF8, 0x1FF8, 0x1FF8, 0x1FF8, 0x1FF8, 0x1FF8, 0x1FF8, 0x1FF8,
  0x1FF8, 0x1FF8, 0x1FF8, 0x1FF8, 0x1FF8, 0x1FF8, 0x1FF8, 0x1FF8,
  0x1FF8, 0x1FF8, 0x1FF8, 0x1FF8, 0x1FF8, 0x1FF8, 0x1FF8, 0x1FF8,
  0x1FF8, 0x1FF8, 0x1FF8, 0x1FF8, 0x1FF8, 0x1FF8, 0x1FF8, 0x1FF8,
  0x1FF8, 0x1FF8, 0x1FF8, 0x1FF8, 0x1FF8, 0x1FF8, 0x1FF8, 0x1FF8,
  0x1FF8, 0x8210, 0x78E6, 0x7CFF, 0x1AFF, 0x1AFF, 0x1AFF, 0x1AFF,
  0x1AFF, 0x1AFF, 0xFAFE, 0xFAFE, 0xFAFE, 0xFAFE, 0xFAFE, 0xFAFE,
  0xFAFE, 0xFAFE, 0xFAFE, 0x1AFF, 0x1AFF, 0x1AFF, 0x3BFF, 0x7CFF,
  0x57DE, 0x695A, 0x4108, 0x1FF8, 0x1FF8, 0x1FF8, 0x1FF8, 0x1FF8,
  0x1FF8, 0x1FF8, 0x1FF8, 0x1FF8, 0x1FF8, 0x1FF8, 0x1FF8, 0x1FF8,
  0x1FF8, 0x1FF8, 0x0000, 0xAE4A, 0x8E4A, 0xEA31, 0x989D, 0x5BAE,
  0x5BAE, 0x5BAE, 0x5BAE, 0x5BAE, 0x5BAE, 0x5BAE, 0x8629, 0x1FF8,
  0x1FF8, 0x1FF8, 0x1FF8, 0x1FF8, 0x1FF8, 0x1FF8, 0x1FF8, 0x1FF8,
  0x1FF8, 0x1FF8, 0x1FF8, 0x1FF8, 0x1FF8, 0x1FF8, 0x1FF8, 0x1FF8,
  0x1FF8, 0x1FF8, 0x1FF8, 0x1FF8, 0x1FF8, 0x1FF8, 0x1FF8, 0x1FF8,
  0x1FF8, 0x1FF8, 0x1FF8, 0x1FF8, 0x1FF8, 0x1FF8, 0x1FF8, 0x1FF8,
  0x1FF8, 0x1FF8, 0x1FF8, 0x1FF8, 0x1FF8, 0x1FF8, 0x1FF8, 0x1FF8,
  0x1FF8, 0x1FF8, 0x1FF8, 0x1FF8, 0x1FF8, 0x1FF8, 0x1FF8, 0x1FF8,
  0x1FF8, 0x1FF8, 0x1FF8, 0x1FF8, 0x1FF8, 0x1FF8, 0x1FF8, 0x1FF8,
  0x1FF8, 0x1FF8, 0x1FF8, 0x1FF8, 0x1FF8, 0x1FF8, 0x1FF8, 0x1FF8,
  0x1FF8, 0x1FF8, 0x1FF8, 0x1FF8, 0x1FF8, 0x1FF8, 0x1FF8, 0x1FF8,
  0x1FF8, 0x1FF8, 0x1FF8, 0x1FF8, 0x1FF8, 0x1FF8, 0x1FF8, 0x1FF8,
  0x1FF8, 0x1FF8, 0x1FF8, 0x1FF8, 0x1FF8, 0x1FF8, 0x1FF8, 0x0000,
  0x074A, 0x1AF7, 0x5BFF, 0x3BFF, 0x3BFF, 0x3BFF, 0x3BFF, 0x1AFF,
  0x1AFF, 0x1AFF, 0xFAFE, 0x1AFF, 0xFAFE, 0xFAFE, 0xFAFE, 0xFAFE,
  0xFAFE, 0xFAFE, 0x1AFF, 0x1AFF, 0x1AFF, 0x1AFF, 0x1AFF, 0x1AFF,
  0x3BFF, 0x3BFF, 0x3BFF, 0xFEFF, 0x4962, 0x0000, 0x1FF8, 0x1FF8,
  0x1FF8, 0x1FF8, 0x1FF8, 0x1FF8, 0x1FF8, 0x1FF8, 0x1FF8, 0x1FF8,
  0x1FF8, 0x1FF8, 0x0000, 0xEA31, 0x8E4A, 0xAF4A, 0x293A, 0x5BAE,
  0x5BAE, 0x5BAE, 0x5BAE, 0x5BAE, 0x5BAE, 0x5BAE, 0x5BAE, 0xFEBE,
  0x1FF8, 0x1FF8, 0x1FF8, 0x1FF8, 0x1FF8, 0x1FF8, 0x1FF8, 0x1FF8,
  0x1FF8, 0x1FF8, 0x1FF8, 0x1FF8, 0x1FF8, 0x1FF8, 0x1FF8, 0x1FF8,
  0x1FF8, 0x1FF8, 0x1FF8, 0x1FF8, 0x1FF8, 0x1FF8, 0x1FF8, 0x1FF8,
  0x1FF8, 0x1FF8, 0x1FF8, 0x1FF8, 0x1FF8, 0x1FF8, 0x1FF8, 0x1FF8,
  0x1FF8, 0x1FF8, 0x1FF8, 0x1FF8, 0x1FF8, 0x1FF8, 0x1FF8, 0x1FF8,
  0x1FF8, 0x1FF8, 0x1FF8, 0x1FF8, 0x1FF8, 0x1FF8, 0x1FF8, 0x1FF8,
  0x1FF8, 0x1FF8, 0x1FF8, 0x1FF8, 0x1FF8, 0x1FF8, 0x1FF8, 0x1FF8,
  0x1FF8, 0x1FF8, 0x1FF8, 0x1FF8, 0x1FF8, 0x1FF8, 0x1FF8, 0x1FF8,
  0x1FF8, 0x1FF8, 0x1FF8, 0x1FF8, 0x1FF8, 0x1FF8, 0x1FF8, 0x1FF8,
  0x1FF8, 0x1FF8, 0x1FF8, 0x1FF8, 0x1FF8, 0x1FF8, 0x1FF8, 0x1FF8,
  0x1FF8, 0x1FF8, 0x1FF8, 0x1FF8, 0x1FF8, 0x1FF8, 0x0000, 0xAE83,
  0xBDFF, 0x5BFF, 0x5BFF, 0x3BFF, 0x3BFF, 0x3BFF, 0x3BFF, 0x3BFF,
  0x1AFF, 0x1AFF, 0x1AFF, 0x1AFF, 0xFAFE, 0x1AFF, 0x1AFF, 0xFAFE,
  0xFAFE, 0x1AFF, 0x1AFF, 0xFAFE, 0x1AFF, 0x1AFF, 0x1AFF, 0x1AFF,
  0x3BFF, 0x3BFF, 0x3BFF, 0x3BFF, 0x3BFF, 0x92BC, 0x31B4, 0xEC7A,
  0x4108, 0x1FF8, 0x1FF8, 0x1FF8, 0x1FF8, 0x1FF8, 0x1FF8, 0x1FF8,
  0x1FF8, 0x1FF8, 0x1FF8, 0x4208, 0x8E4A, 0x8E4A, 0x8310, 0x5BAE,
  0x5BAE, 0x5BAE, 0x5BAE, 0x5BAE, 0x5BAE, 0x5BAE, 0x5BAE, 0x5BAE,
  0x5BAE, 0xA310, 0x1FF8, 0x1FF8, 0x1FF8, 0x1FF8, 0x1FF8, 0x1FF8,
  0x1FF8, 0x1FF8, 0x1FF8, 0x1FF8, 0x1FF8, 0x1FF8, 0x1FF8, 0x1FF8,
  0x1FF8, 0x1FF8, 0x1FF8, 0x1FF8, 0x1FF8, 0x1FF8, 0x1FF8, 0x1FF8,
  0x1FF8, 0x1FF8, 0x1FF8, 0x1FF8, 0x1FF8, 0x1FF8, 0x1FF8, 0x1FF8,
  0x1FF8, 0x1FF8, 0x1FF8, 0x1FF8, 0x1FF8, 0x1FF8, 0x1FF8, 0x1FF8,
  0x1FF8, 0x1FF8, 0x1FF8, 0x1FF8, 0x1FF8, 0x1FF8, 0x1FF8, 0x1FF8,
  0x1FF8, 0x1FF8, 0x1FF8, 0x1FF8, 0x1FF8, 0x1FF8, 0x1FF8, 0x1FF8,
  0x1FF8, 0x1FF8, 0x1FF8, 0x1FF8, 0x1FF8, 0x1FF8, 0x1FF8, 0x1FF8,
  0x1FF8, 0x1FF8, 0x1FF8, 0x1FF8, 0x1FF8, 0x1FF8, 0x1FF8, 0x1FF8,
  0x1FF8, 0x1FF8, 0x1FF8, 0x1FF8, 0x1FF8, 0x1FF8, 0x1FF8, 0x1FF8,
  0x1FF8, 0x1FF8, 0x1FF8, 0x1FF8, 0x0000, 0xA639, 0xD9EE, 0x9CFF,
  0x5BFF, 0x5BFF, 0x5BFF, 0x5BFF, 0x5BFF, 0x3BFF, 0x3BFF, 0x3BFF,
  0x3BFF, 0x3BFF, 0x1AFF, 0x1AFF, 0x1AFF, 0x1AFF, 0x1AFF, 0xFAFE,
  0xFAFE, 0xFAFE, 0xFAFE, 0x1AFF, 0x1AFF, 0x1AFF, 0x1AFF, 0x1AFF,
  0x1AFF, 0x3BFF, 0x3BFF, 0x3BFF, 0x3BFF, 0x5BFF, 0x55CD, 0x31B4,
  0x32B4, 0xB3C4, 0xAB72, 0x0000, 0x1FF8, 0x1FF8, 0x1FF8, 0x1FF8,
  0x1FF8, 0x1FF8, 0x1FF8, 0x1FF8, 0xEB39, 0x8E4A, 0x8E4A, 0x3274,
  0x5BAE, 0x5BAE, 0x5BAE, 0x5BAE, 0x5BAE, 0x5BAE, 0x5BAE, 0x5BAE,
  0x5BAE, 0x5BAE, 0x7795, 0x1FF8, 0x1FF8, 0x1FF8, 0x1FF8, 0x1FF8,
  0x1FF8, 0x1FF8, 0x1FF8, 0x1FF8, 0x1FF8, 0x1FF8, 0x1FF8, 0x1FF8,
  0x1FF8, 0x1FF8, 0x1FF8, 0x1FF8, 0x1FF8, 0x1FF8, 0x1FF8, 0x1FF8,
  0x1FF8, 0x1FF8, 0x1FF8, 0x1FF8, 0x1FF8, 0x1FF8, 0x1FF8, 0x1FF8,
  0x1FF8, 0x1FF8, 0x1FF8, 0x1FF8, 0x1FF8, 0x1FF8, 0x1FF8, 0x1FF8,
  0x1FF8, 0x1FF8, 0x1FF8, 0x1FF8, 0x1FF8, 0x1FF8, 0x1FF8, 0x1FF8,
  0x1FF8, 0x1FF8, 0x1FF8, 0x1FF8, 0x1FF8, 0x1FF8, 0x1FF8, 0x1FF8,
  0x1FF8, 0x1FF8, 0x1FF8, 0x1FF8, 0x1FF8, 0x1FF8, 0x1FF8, 0x1FF8,
  0x1FF8, 0x1FF8, 0x1FF8, 0x1FF8, 0x1FF8, 0x1FF8, 0x1FF8, 0x1FF8,
  0x1FF8, 0x1FF8, 0x1FF8, 0x1FF8, 0x1FF8, 0x1FF8, 0x1FF8, 0x1FF8,
  0x1FF8, 0x1FF8, 0x1FF8, 0x0000, 0xB19C, 0xBCFF, 0x7CFF, 0x7BFF,
  0x7BFF, 0x7BFF, 0x5BFF, 0x5BFF, 0x5BFF, 0x3BFF, 0x3BFF, 0x3BFF,
  0x3BFF, 0x3BFF, 0x3BFF, 0x3BFF, 0x1AFF, 0x1AFF, 0x1AFF, 0x1AFF,
  0x1AFF, 0x1AFF, 0x1AFF, 0x1AFF, 0x1AFF, 0x1AFF, 0x1AFF, 0x1AFF,
  0x1AFF, 0x1AFF, 0x3BFF, 0x3BFF, 0x3BFF, 0x3BFF, 0x5BFF, 0x55CD,
  0x31B4, 0x32B4, 0x52B4, 0x52B4, 0x31B4, 0x4D8B, 0x2008, 0x1FF8,
  0x1FF8, 0x1FF8, 0x1FF8, 0x1FF8, 0x0000, 0x8E4A, 0x8E4A, 0x2100,
  0x9CB6, 0x5BAE, 0x5BAE, 0x5BAE, 0x5BAE, 0x5BAE, 0x5BAE, 0x5BAE,
  0x5BAE, 0x5BAE, 0x5BAE, 0xBCB6, 0x1FF8, 0x1FF8, 0x1FF8, 0x1FF8,
  0x1FF8, 0x1FF8, 0x1FF8, 0x1FF8, 0x1FF8, 0x1FF8, 0x1FF8, 0x1FF8,
  0x1FF8, 0x1FF8, 0x1FF8, 0x1FF8, 0x1FF8, 0x1FF8, 0x1FF8, 0x1FF8,
  0x1FF8, 0x1FF8, 0x1FF8, 0x1FF8, 0x1FF8, 0x1FF8, 0x1FF8, 0x1FF8,
  0x1FF8, 0x1FF8, 0x1FF8, 0x1FF8, 0x1FF8, 0x1FF8, 0x1FF8, 0x1FF8,
  0x1FF8, 0x1FF8, 0x1FF8, 0x1FF8, 0x1FF8, 0x1FF8, 0x1FF8, 0x1FF8,
  0x1FF8, 0x1FF8, 0x1FF8, 0x1FF8, 0x1FF8, 0x1FF8, 0x1FF8, 0x1FF8,
  0x1FF8, 0x1FF8, 0x1FF8, 0x1FF8, 0x1FF8, 0x1FF8, 0x1FF8, 0x1FF8,
  0x1FF8, 0x1FF8, 0x1FF8, 0x1FF8, 0x1FF8, 0x1FF8, 0x1FF8, 0x1FF8,
  0x1FF8, 0x1FF8, 0x1FF8, 0x1FF8, 0x1FF8, 0x1FF8, 0x1FF8, 0x1FF8,
  0x1FF8, 0x1FF8, 0x0000, 0x98DE, 0x9CFF, 0x7CFF, 0x7BFF, 0x7BFF,
  0x7BFF, 0x7BFF, 0x5BFF, 0x5BFF, 0x5BFF, 0x5BFF, 0x5BFF, 0x3BFF,
  0x3BFF, 0x3BFF, 0x3BFF, 0x3BFF, 0x3BFF, 0x1AFF, 0x1AFF, 0x1AFF,
  0x1AFF, 0x1AFF, 0x1AFF, 0x1AFF, 0x1AFF, 0x1AFF, 0x1AFF, 0x1AFF,
  0x1AFF, 0x3BFF, 0x3BFF, 0x3BFF, 0x3BFF, 0x3BFF, 0x5BFF, 0x5BFF,
  0x55CD, 0x32B4, 0x32B4, 0x52B4, 0x52B4, 0x52B4, 0x52B4, 0xB3C4,
  0x52B4, 0x2108, 0x1FF8, 0x1FF8, 0x1FF8, 0xA410, 0x8E4A, 0x8E4A,
  0x8F63, 0x5BAE, 0x5BAE, 0x5BAE, 0x5BAE, 0x5BAE, 0x5BAE, 0x5BAE,
  0x5BAE, 0x5BAE, 0x5BAE, 0x5BAE, 0x5BAE, 0x6108, 0x1FF8, 0x1FF8,
  0x1FF8, 0x1FF8, 0x1FF8, 0x1FF8, 0x1FF8, 0x1FF8, 0x1FF8, 0x1FF8,
  0x1FF8, 0x1FF8, 0x1FF8, 0x1FF8, 0x1FF8, 0x1FF8, 0x1FF8, 0x1FF8,
  0x1FF8, 0x1FF8, 0x1FF8, 0x1FF8, 0x1FF8, 0x1FF8, 0x1FF8, 0x1FF8,
  0x1FF8, 0x1FF8, 0x1FF8, 0x1FF8, 0x1FF8, 0x1FF8, 0x1FF8, 0x1FF8,
  0x1FF8, 0x1FF8, 0x1FF8, 0x1FF8, 0x1FF8, 0x1FF8, 0x1FF8, 0x1FF8,
  0x1FF8, 0x1FF8, 0x1FF8, 0x1FF8, 0x1FF8, 0x1FF8, 0x1FF8, 0x1FF8,
  0x1FF8, 0x1FF8, 0x1FF8, 0x1FF8, 0x1FF8, 0x1FF8, 0x1FF8, 0x1FF8,
  0x1FF8, 0x1FF8, 0x1FF8, 0x1FF8, 0x1FF8, 0x1FF8, 0x1FF8, 0x1FF8,
  0x1FF8, 0x1FF8, 0x1FF8, 0x1FF8, 0x1FF8, 0x1FF8, 0x1FF8, 0x1FF8,
  0x0000, 0xE320, 0x7CFF, 0x9CFF, 0x7CFF, 0x7CFF, 0x7CFF, 0x7BFF,
  0x7CFF, 0x7BFF, 0x7BFF, 0x7BFF, 0x7BFF, 0x5BFF, 0x5BFF, 0x5BFF,
  0x5BFF, 0x3BFF, 0x3BFF, 0x3BFF, 0x3BFF, 0x3BFF, 0x3BFF, 0x3BFF,
  0x3BFF, 0x3BFF, 0x1AFF, 0x1AFF, 0x1AFF, 0x1AFF, 0x1AFF, 0x3BFF,
  0x1AFF, 0x3BFF, 0x3BFF, 0x3BFF, 0x3BFF, 0x3BFF, 0x3BFF, 0x3BFF,
  0x5BFF, 0xD6D5, 0x31B4, 0x52B4, 0x52B4, 0x31B4, 0x52B4, 0x52B4,
  0x52B4, 0x72B4, 0xA210, 0x1FF8, 0x1FF8, 0x1FF8, 0xEA31, 0x8E4A,
  0xAA31, 0xB89D, 0x5BAE, 0x5BAE, 0x5BAE, 0x5BAE, 0x5BAE, 0x5BAE,
  0x5BAE, 0x5BAE, 0x5BAE, 0x5BAE, 0x7CB6, 0xCB5A, 0xFFFF, 0x0000,
  0x1FF8, 0x1FF8, 0x1FF8, 0x1FF8, 0x1FF8, 0x1FF8, 0x1FF8, 0x1FF8,
  0x1FF8, 0x1FF8, 0x1FF8, 0x1FF8, 0x1FF8, 0x1FF8, 0x1FF8, 0x1FF8,
  0x1FF8, 0x1FF8, 0x1FF8, 0x1FF8, 0x1FF8, 0x1FF8, 0x1FF8, 0x1FF8,
  0x1FF8, 0x1FF8, 0x1FF8, 0x1FF8, 0x1FF8, 0x1FF8, 0x1FF8, 0x1FF8,
  0x1FF8, 0x1FF8, 0x1FF8, 0x1FF8, 0x1FF8, 0x1FF8, 0x1FF8, 0x1FF8,
  0x1FF8, 0x1FF8, 0x1FF8, 0x1FF8, 0x1FF8, 0x1FF8, 0x1FF8, 0x1FF8,
  0x1FF8, 0x1FF8, 0x1FF8, 0x1FF8, 0x1FF8, 0x1FF8, 0x1FF8, 0x1FF8,
  0x1FF8, 0x1FF8, 0x1FF8, 0x1FF8, 0x1FF8, 0x1FF8, 0x1FF8, 0x1FF8,
  0x1FF8, 0x1FF8, 0x1FF8, 0x1FF8, 0x1FF8, 0x1FF8, 0x1FF8, 0x0000,
  0x74BD, 0xFDFF, 0x9CFF, 0x7CFF, 0x7CFF, 0x7CFF, 0x7CFF, 0x7CFF,
  0x7CFF, 0x7CFF, 0x7CFF, 0x7BFF, 0x7BFF, 0x5BFF, 0x7BFF, 0x5BFF,
  0x5BFF, 0x5BFF, 0x5BFF, 0x3BFF, 0x3BFF, 0x3BFF, 0x3BFF, 0x3BFF,
  0x3BFF, 0x3BFF, 0x3BFF, 0x3BFF, 0x3BFF, 0x3BFF, 0x3BFF, 0x3BFF,
  0x3BFF, 0x3BFF, 0x3BFF, 0x3BFF, 0x3BFF, 0x3BFF, 0x5BFF, 0x5BFF,
  0x5BFF, 0x5BFF, 0x58E6, 0x32B4, 0x52B4, 0x52B4, 0x31B4, 0x52B4,
  0x52B4, 0x52B4, 0x72B4, 0x6110, 0x1FF8, 0x1FF8, 0x0000, 0x8E4A,
  0x8E4A, 0x4721, 0xDDBE, 0x5BAE, 0x5BAE, 0x5BAE, 0x5BAE, 0x5BAE,
  0x5BAE, 0x5BAE, 0x5BAE, 0x5BAE, 0x5BAE, 0x4529, 0xFFFF, 0x1CE7,
  0xAA29, 0x1FF8, 0x1FF8, 0x1FF8, 0x1FF8, 0x1FF8, 0x1FF8, 0x1FF8,
  0x1FF8, 0x1FF8, 0x1FF8, 0x1FF8, 0x1FF8, 0x1FF8, 0x1FF8, 0x1FF8,
  0x1FF8, 0x1FF8, 0x1FF8, 0x1FF8, 0x1FF8, 0x1FF8, 0x1FF8, 0x1FF8,
  0x1FF8, 0x1FF8, 0x1FF8, 0x1FF8, 0x1FF8, 0x1FF8, 0x1FF8, 0x1FF8,
  0x1FF8, 0x1FF8, 0x1FF8, 0x1FF8, 0x1FF8, 0x1FF8, 0x1FF8, 0x1FF8,
  0x1FF8, 0x1FF8, 0x1FF8, 0x1FF8, 0x1FF8, 0x1FF8, 0x1FF8, 0x1FF8,
  0x1FF8, 0x1FF8, 0x1FF8, 0x1FF8, 0x1FF8, 0x1FF8, 0x1FF8, 0x1FF8,
  0x1FF8, 0x1FF8, 0x1FF8, 0x1FF8, 0x1FF8, 0x1FF8, 0x1FF8, 0x1FF8,
  0x1FF8, 0x1FF8, 0x1FF8, 0x1FF8, 0x1FF8, 0x1FF8, 0x8210, 0x57D6,
  0xBCFF, 0x9CFF, 0x9CFF, 0x9CFF, 0x9CFF, 0x7CFF, 0x7CFF, 0x7CFF,
  0x7CFF, 0x7CFF, 0x7CFF, 0x7CFF, 0x7CFF, 0x7BFF, 0x7BFF, 0x5BFF,
  0x5BFF, 0x5BFF, 0x5BFF, 0x5BFF, 0x5BFF, 0x5BFF, 0x3BFF, 0x3BFF,
  0x3BFF, 0x3BFF, 0x3BFF, 0x3BFF, 0x3BFF, 0x3BFF, 0x3BFF, 0x3BFF,
  0x3BFF, 0x3BFF, 0x3BFF, 0x3BFF, 0x3BFF, 0x3BFF, 0x3BFF, 0x5BFF,
  0x5BFF, 0x5BFF, 0x5BFF, 0x99E6, 0x31B4, 0x52B4, 0x31B4, 0x52B4,
  0x52B4, 0x52B4, 0x52B4, 0x93BC, 0x0000, 0x1FF8, 0x1FF8, 0x0000,
  0xAE4A, 0x8E4A, 0x2721, 0xDDBE, 0x5BAE, 0x5BAE, 0x5BAE, 0x5BAE,
  0x5BAE, 0x5BAE, 0x5BAE, 0x5BAE, 0x5BAE, 0x5795, 0x3CE7, 0xFFFF,
  0xC418, 0x8E4A, 0xA310, 0x1FF8, 0x1FF8, 0x1FF8, 0x1FF8, 0x1FF8,
  0x1FF8, 0x1FF8, 0x1FF8, 0x1FF8, 0x1FF8, 0x1FF8, 0x1FF8, 0x1FF8,
  0x1FF8, 0x1FF8, 0x1FF8, 0x1FF8, 0x1FF8, 0x1FF8, 0x1FF8, 0x1FF8,
  0x1FF8, 0x1FF8, 0x1FF8, 0x1FF8, 0x1FF8, 0x1FF8, 0x1FF8, 0x1FF8,
  0x1FF8, 0x1FF8, 0x1FF8, 0x1FF8, 0x1FF8, 0x1FF8, 0x1FF8, 0x1FF8,
  0x1FF8, 0x1FF8, 0x1FF8, 0x1FF8, 0x1FF8, 0x1FF8, 0x1FF8, 0x1FF8,
  0x1FF8, 0x1FF8, 0x1FF8, 0x1FF8, 0x1FF8, 0x1FF8, 0x1FF8, 0x1FF8,
  0x1FF8, 0x1FF8, 0x1FF8, 0x1FF8, 0x1FF8, 0x1FF8, 0x1FF8, 0x1FF8,
  0x1FF8, 0x1FF8, 0x1FF8, 0x1FF8, 0x1FF8, 0x0842, 0x9CFF, 0x7CFF,
  0x9CFF, 0x9CFF, 0x9CFF, 0x9CFF, 0x9CFF, 0x9CFF, 0x9CFF, 0x7CFF,
  0x7CFF, 0x7CFF, 0x7CFF, 0x7CFF, 0x7CFF, 0x7CFF, 0x7BFF, 0x7BFF,
  0x7BFF, 0x5BFF, 0x7BFF, 0x5BFF, 0x5BFF, 0x5BFF, 0x5BFF, 0x5BFF,
  0x3BFF, 0x3BFF, 0x3BFF, 0x3BFF, 0x3BFF, 0x3BFF, 0x3BFF, 0x3BFF,
  0x3BFF, 0x3BFF, 0x3BFF, 0x3BFF, 0x3BFF, 0x3BFF, 0x5BFF, 0x5BFF,
  0x5BFF, 0x5BFF, 0x5BFF, 0x5BFF, 0xDAEE, 0x31B4, 0x31B4, 0x52B4,
  0x52B4, 0x52B4, 0x52B4, 0x52B4, 0x72B4, 0x0000, 0x1FF8, 0x1FF8,
  0x0000, 0x8E4A, 0x8E4A, 0x8829, 0x1EC7, 0x5BAE, 0x5BAE, 0x5BAE,
  0x5BAE, 0x5BAE, 0x5BAE, 0x5BAE, 0x5BAE, 0x9CB6, 0xA310, 0xFFFF,
  0xB294, 0x4D42, 0x4D42, 0x75AD, 0x0000, 0x1FF8, 0x1FF8, 0x1FF8,
  0x1FF8, 0x1FF8, 0x1FF8, 0x1FF8, 0x1FF8, 0x1FF8, 0x1FF8, 0x1FF8,
  0x1FF8, 0x1FF8, 0x1FF8, 0x1FF8, 0x1FF8, 0x1FF8, 0x1FF8, 0x1FF8,
  0x1FF8, 0x1FF8, 0x1FF8, 0x1FF8, 0x1FF8, 0x1FF8, 0x1FF8, 0x1FF8,
  0x1FF8, 0x1FF8, 0x1FF8, 0x1FF8, 0x1FF8, 0x1FF8, 0x1FF8, 0x1FF8,
  0x1FF8, 0x1FF8, 0x1FF8, 0x1FF8, 0x1FF8, 0x1FF8, 0x1FF8, 0x1FF8,
  0x1FF8, 0x1FF8, 0x1FF8, 0x1FF8, 0x1FF8, 0x1FF8, 0x1FF8, 0x1FF8,
  0x1FF8, 0x1FF8, 0x1FF8, 0x1FF8, 0x1FF8, 0x1FF8, 0x1FF8, 0x1FF8,
  0x1FF8, 0x1FF8, 0x1FF8, 0x0000, 0x4C73, 0xDDFF, 0x7CFF, 0x9CFF,
  0x9CFF, 0x9CFF, 0x9CFF, 0x9CFF, 0x9CFF, 0x9CFF, 0x9CFF, 0x9CFF,
  0x7CFF, 0x7CFF, 0x7CFF, 0x7CFF, 0x7CFF, 0x7CFF, 0x7CFF, 0x7CFF,
  0x7BFF, 0x7BFF, 0x7BFF, 0x7BFF, 0x5BFF, 0x5BFF, 0x5BFF, 0x5BFF,
  0x5BFF, 0x5BFF, 0x5BFF, 0x3BFF, 0x5BFF, 0x3BFF, 0x3BFF, 0x3BFF,
  0x3BFF, 0x3BFF, 0x3BFF, 0x3BFF, 0x5BFF, 0x5BFF, 0x5BFF, 0x5BFF,
  0x5BFF, 0x5BFF, 0x5BFF, 0x5BFF, 0x5BFF, 0x3BF7, 0x31B4, 0x52B4,
  0x52B4, 0x52B4, 0x52B4, 0x52B4, 0x52B4, 0x31AC, 0x0000, 0x1FF8,
  0x1FF8, 0x0000, 0x8E4A, 0x8E4A, 0xCA31, 0xFEC6, 0x5BAE, 0x5BAE,
  0x5BAE, 0x5BAE, 0x5BAE, 0x5BAE, 0x5BAE, 0x5BAE, 0x3AAE, 0xD39C,
  0xFFFF, 0x4208, 0x8E4A, 0x8829, 0xFFFF, 0xFFFF, 0xC418, 0x1FF8,
  0x1FF8, 0x1FF8, 0x1FF8, 0x1FF8, 0x1FF8, 0x1FF8, 0x1FF8, 0x1FF8,
  0x1FF8, 0x1FF8, 0x1FF8, 0x1FF8, 0x1FF8, 0x1FF8, 0x1FF8, 0x1FF8,
  0x1FF8, 0x1FF8, 0x1FF8, 0x1FF8, 0x1FF8, 0x1FF8, 0x1FF8, 0x1FF8,
  0x1FF8, 0x1FF8, 0x1FF8, 0x1FF8, 0x1FF8, 0x1FF8, 0x1FF8, 0x1FF8,
  0x1FF8, 0x1FF8, 0x1FF8, 0x1FF8, 0x1FF8, 0x1FF8, 0x1FF8, 0x1FF8,
  0x1FF8, 0x1FF8, 0x1FF8, 0x1FF8, 0x1FF8, 0x1FF8, 0x1FF8, 0x1FF8,
  0x1FF8, 0x1FF8, 0x1FF8, 0x1FF8, 0x1FF8, 0x1FF8, 0x1FF8, 0x1FF8,
  0x1FF8, 0x1FF8, 0x0000, 0x919C, 0xFEFF, 0x7CFF, 0x9CFF, 0x9CFF,
  0x9CFF, 0x9CFF, 0x9CFF, 0x9CFF, 0x9CFF, 0x9CFF, 0x9CFF, 0x9CFF,
  0x9CFF, 0x9CFF, 0x7CFF, 0x7CFF, 0x7CFF, 0x7CFF, 0x7CFF, 0x7CFF,
  0x7BFF, 0x7BFF, 0x7BFF, 0x7BFF, 0x7BFF, 0x7BFF, 0x5BFF, 0x5BFF,
  0x5BFF, 0x5BFF, 0x5BFF, 0x5BFF, 0x5BFF, 0x5BFF, 0x5BFF, 0x5BFF,
  0x5BFF, 0x5BFF, 0x5BFF, 0x5BFF, 0x5BFF, 0x5BFF, 0x5BFF, 0x5BFF,
  0x5BFF, 0x5BFF, 0x5BFF, 0x7BFF, 0x5BFF, 0x7BFF, 0x5BFF, 0x31B4,
  0x52B4, 0x52B4, 0x52B4, 0x52B4, 0x52B4, 0x52B4, 0x11AC, 0x0000,
  0x1FF8, 0x1FF8, 0x0000, 0x6D42, 0x8E4A, 0x0B3A, 0xDDBE, 0x5BAE,
  0x5BAE, 0x5BAE, 0x5BAE, 0x5BAE, 0x5BAE, 0x5BAE, 0x5BAE, 0xD584,
  0x9DEF, 0xFFFF, 0x0200, 0x6D42, 0x6308, 0xFFFF, 0xD7BD, 0x6D42,
  0x4108, 0x1FF8, 0x1FF8, 0x1FF8, 0x1FF8, 0x1FF8, 0x1FF8, 0x1FF8,
  0x1FF8, 0x1FF8, 0x1FF8, 0x1FF8, 0x1FF8, 0x1FF8, 0x1FF8, 0x1FF8,
  0x1FF8, 0x1FF8, 0x1FF8, 0x1FF8, 0x1FF8, 0x1FF8, 0x1FF8, 0x1FF8,
  0x1FF8, 0x1FF8, 0x1FF8, 0x1FF8, 0x1FF8, 0x1FF8, 0x1FF8, 0x1FF8,
  0x1FF8, 0x1FF8, 0x1FF8, 0x1FF8, 0x1FF8, 0x1FF8, 0x1FF8, 0x1FF8,
  0x1FF8, 0x1FF8, 0x1FF8, 0x1FF8, 0x1FF8, 0x1FF8, 0x1FF8, 0x1FF8,
  0x1FF8, 0x1FF8, 0x1FF8, 0x1FF8, 0x1FF8, 0x1FF8, 0x1FF8, 0x1FF8,
  0x1FF8, 0x0000, 0x95BD, 0xFEFF, 0x7CFF, 0x9CFF, 0x9CFF, 0x9CFF,
  0x9CFF, 0x9CFF, 0x9CFF, 0x9CFF, 0x9CFF, 0x9CFF, 0x9CFF, 0x9CFF,
  0x9CFF, 0x9CFF, 0x9CFF, 0x7CFF, 0x7CFF, 0x7CFF, 0x7CFF, 0x7CFF,
  0x7CFF, 0x7CFF, 0x7BFF, 0x7CFF, 0x7CFF, 0x7BFF, 0x7BFF, 0x7BFF,
  0x7BFF, 0x7BFF, 0x5BFF, 0x5BFF, 0x5BFF, 0x5BFF, 0x5BFF, 0x5BFF,
  0x5BFF, 0x5BFF, 0x5BFF, 0x5BFF, 0x5BFF, 0x5BFF, 0x5BFF, 0x5BFF,
  0x5BFF, 0x5BFF, 0x5BFF, 0x7BFF, 0x5BFF, 0x7BFF, 0x7BFF, 0x7BFF,
  0x31B4, 0x52B4, 0x52B4, 0x52B4, 0x52B4, 0x52B4, 0x52B4, 0x31AC,
  0x0000, 0x1FF8, 0x1FF8, 0x0000, 0x6D42, 0x8E4A, 0x4D42, 0x989D,
  0xBDB6, 0x7BB6, 0x5BAE, 0x5BAE, 0x5BAE, 0x5BAE, 0x5BAE, 0x5BAE,
  0x4A42, 0xFFFF, 0xFFFF, 0xE518, 0x6D42, 0x6829, 0xFFFF, 0xA739,
  0x8E4A, 0x2100, 0x0000, 0x1FF8, 0x1FF8, 0x1FF8, 0x1FF8, 0x1FF8,
  0x1FF8, 0x1FF8, 0x1FF8, 0x1FF8, 0x1FF8, 0x1FF8, 0x1FF8, 0x1FF8,
  0x1FF8, 0x1FF8, 0x1FF8, 0x1FF8, 0x1FF8, 0x1FF8, 0x1FF8, 0x1FF8,
  0x1FF8, 0x1FF8, 0x1FF8, 0x1FF8, 0x1FF8, 0x1FF8, 0x1FF8, 0x1FF8,
  0x1FF8, 0x1FF8, 0x1FF8, 0x1FF8, 0x1FF8, 0x1FF8, 0x1FF8, 0x1FF8,
  0x1FF8, 0x1FF8, 0x1FF8, 0x1FF8, 0x1FF8, 0x1FF8, 0x1FF8, 0x1FF8,
  0x1FF8, 0x1FF8, 0x1FF8, 0x1FF8, 0x1FF8, 0x1FF8, 0x1FF8, 0x1FF8,
  0xA210, 0x5BF7, 0xDDFF, 0x7CFF, 0x9CFF, 0x9CFF, 0x9CFF, 0x9CFF,
  0x9CFF, 0x9CFF, 0x9CFF, 0x9CFF, 0x9CFF, 0x9CFF, 0x9CFF, 0x9CFF,
  0x9CFF, 0x9CFF, 0x9CFF, 0x9CFF, 0x9CFF, 0x9CFF, 0x7CFF, 0x7CFF,
  0x7CFF, 0x7CFF, 0x7CFF, 0x7CFF, 0x7CFF, 0x7CFF, 0x7CFF, 0x7CFF,
  0x7BFF, 0x7BFF, 0x7BFF, 0x7BFF, 0x5BFF, 0x7BFF, 0x5BFF, 0x5BFF,
  0x5BFF, 0x5BFF, 0x5BFF, 0x5BFF, 0x5BFF, 0x5BFF, 0x5BFF, 0x5BFF,
  0x5BFF, 0x5BFF, 0x7BFF, 0x7BFF, 0x7BFF, 0x7BFF, 0x7BFF, 0x7CFF,
  0x9CFF, 0x31B4, 0x52B4, 0x52B4, 0x52B4, 0x52B4, 0x52B4, 0x52B4,
  0x72B4, 0x2000, 0x1FF8, 0x1FF8, 0x0000, 0x8E4A, 0x8E4A, 0x8E4A,
  0x0B3A, 0xA410, 0x0000, 0x5BAE, 0x5BAE, 0x5BAE, 0x5BAE, 0x5BAE,
  0x5BB6, 0x8210, 0xFFFF, 0xFFFF, 0xC418, 0x6D42, 0xAF4A, 0x17BE,
  0xA510, 0xAF4A, 0x4208, 0x8D42, 0x0000, 0x1FF8, 0x1FF8, 0x1FF8,
  0x1FF8, 0x1FF8, 0x1FF8, 0x1FF8, 0x1FF8, 0x1FF8, 0x1FF8, 0x1FF8,
  0x1FF8, 0x1FF8, 0x1FF8, 0x1FF8, 0x1FF8, 0x1FF8, 0x1FF8, 0x1FF8,
  0x1FF8, 0x1FF8, 0x1FF8, 0x1FF8, 0x1FF8, 0x1FF8, 0x1FF8, 0x1FF8,
  0x1FF8, 0x1FF8, 0x1FF8, 0x1FF8, 0x1FF8, 0x1FF8, 0x1FF8, 0x1FF8,
  0x1FF8, 0x1FF8, 0x1FF8, 0x1FF8, 0x1FF8, 0x1FF8, 0x1FF8, 0x1FF8,
  0x1FF8, 0x1FF8, 0x1FF8, 0x1FF8, 0x1FF8, 0x1FF8, 0x1FF8, 0xC318,
  0x1AEF, 0x9CFF, 0x9CFF, 0x9CFF, 0x9CFF, 0x9CFF, 0x9CFF, 0x9CFF,
  0x9CFF, 0x9CFF, 0x9CFF, 0x9CFF, 0x9CFF, 0x9CFF, 0x9CFF, 0x9CFF,
  0x9CFF, 0x9CFF, 0x9CFF, 0x9CFF, 0x9CFF, 0x9CFF, 0x9CFF, 0x7CFF,
  0x7CFF, 0x7CFF, 0x7CFF, 0x7CFF, 0x7CFF, 0x7CFF, 0x7CFF, 0x7CFF,
  0x7CFF, 0x7CFF, 0x7CFF, 0x7BFF, 0x7BFF, 0x7BFF, 0x7BFF, 0x5BFF,
  0x5BFF, 0x5BFF, 0x7BFF, 0x7BFF, 0x7BFF, 0x5BFF, 0x7BFF, 0x7BFF,
  0x7BFF, 0x5BFF, 0x7BFF, 0x7BFF, 0x7BFF, 0x7BFF, 0x7BFF, 0x7CFF,
  0x7CFF, 0xBCFF, 0x32B4, 0x52B4, 0x52B4, 0x52B4, 0x52B4, 0x52B4,
  0x52B4, 0x34C5, 0x6210, 0x1FF8, 0x1FF8, 0x1FF8, 0x0519, 0x8E4A,
  0x8E4A, 0x8E4A, 0x6D42, 0xC518, 0x5BAE, 0x5BAE, 0x5BAE, 0x5BAE,
  0x5BAE, 0xBCB6, 0x0842, 0xFFFF, 0xFFFF, 0x6208, 0x6D42, 0x8E4A,
  0x4108, 0xD052, 0x8310, 0x0519, 0x6208, 0xF052, 0x0000, 0x1FF8,
  0x1FF8, 0x1FF8, 0x1FF8, 0x1FF8, 0x1FF8, 0x1FF8, 0x1FF8, 0x1FF8,
  0x0000, 0x1FF8, 0x1FF8, 0x1FF8, 0x1FF8, 0x1FF8, 0x1FF8, 0x1FF8,
  0x1FF8, 0x1FF8, 0x1FF8, 0x1FF8, 0x1FF8, 0x1FF8, 0x1FF8, 0x1FF8,
  0x1FF8, 0x1FF8, 0x1FF8, 0x1FF8, 0x1FF8, 0x1FF8, 0x1FF8, 0x1FF8,
  0x1FF8, 0x1FF8, 0x1FF8, 0x1FF8, 0x1FF8, 0x1FF8, 0x1FF8, 0x1FF8,
  0x1FF8, 0x1FF8, 0x1FF8, 0x1FF8, 0x1FF8, 0x1FF8, 0xE741, 0x5BF7,
  0x9CFF, 0x7CFF, 0x9CFF, 0x9CFF, 0x9CFF, 0x9CFF, 0x9CFF, 0x9CFF,
  0x9CFF, 0x9CFF, 0x9CFF, 0x9CFF, 0x9CFF, 0x9CFF, 0x9CFF, 0x9CFF,
  0x9CFF, 0x9CFF, 0x9CFF, 0x9CFF, 0x9CFF, 0x9CFF, 0x9CFF, 0x9CFF,
  0x9CFF, 0x9CFF, 0x7CFF, 0x7CFF, 0x7CFF, 0x7CFF, 0x7CFF, 0x7CFF,
  0x7CFF, 0x7CFF, 0x7BFF, 0x7CFF, 0x7CFF, 0x7BFF, 0x7BFF, 0x7BFF,
  0xBCFF, 0xAA5A, 0x6210, 0x2C6B, 0x53B5, 0xFEFF, 0x7BFF, 0x7BFF,
  0x7BFF, 0x7BFF, 0x7BFF, 0x7BFF, 0x7BFF, 0x7CFF, 0x7BFF, 0x7CFF,
  0x7BFF, 0x7CFF, 0xBCFF, 0x52B4, 0x52B4, 0x52B4, 0x52B4, 0x52B4,
  0x52B4, 0x52B4, 0xD6D5, 0xC318, 0x1FF8, 0x1FF8, 0x1FF8, 0x1FF8,
  0xC418, 0xAF4A, 0x8E4A, 0x6D42, 0xEB39, 0xF9A5, 0x5BAE, 0x5BAE,
  0x5BAE, 0x5BAE, 0xFEC6, 0x3084, 0xFFFF, 0xFFFF, 0xA210, 0x6D42,
  0xAE4A, 0xC410, 0x6829, 0x0B3A, 0x8310, 0xAF4A, 0xEA31, 0xCA31,
  0x0000, 0x1FF8, 0x1FF8, 0x1FF8, 0x1FF8, 0x1FF8, 0x1FF8, 0x2100,
  0x4C42, 0x8E4A, 0xCA31, 0x0000, 0x1FF8, 0x1FF8, 0x1FF8, 0x1FF8,
  0x1FF8, 0x1FF8, 0x1FF8, 0x1FF8, 0x1FF8, 0x1FF8, 0x1FF8, 0x1FF8,
  0x1FF8, 0x1FF8, 0x1FF8, 0x1FF8, 0x1FF8, 0x1FF8, 0x1FF8, 0x1FF8,
  0x1FF8, 0x1FF8, 0x1FF8, 0x1FF8, 0x1FF8, 0x1FF8, 0x1FF8, 0x1FF8,
  0x1FF8, 0x1FF8, 0x1FF8, 0x1FF8, 0x0000, 0xE741, 0x3BF7, 0x9CFF,
  0x9CFF, 0x9CFF, 0x9CFF, 0x9CFF, 0x9CFF, 0x9CFF, 0x9CFF, 0x9CFF,
  0x9CFF, 0x9CFF, 0x9CFF, 0x9CFF, 0x9CFF, 0x9CFF, 0x9CFF, 0x9CFF,
  0x9CFF, 0x9CFF, 0x9CFF, 0x9CFF, 0x9CFF, 0x9CFF, 0x9CFF, 0x9CFF,
  0x9CFF, 0x9CFF, 0x9CFF, 0x7CFF, 0x9CFF, 0x7CFF, 0x7CFF, 0x7CFF,
  0x7CFF, 0x7CFF, 0x7CFF, 0x7CFF, 0x7BFF, 0x7CFF, 0x7BFF, 0xBCFF,
  0x308C, 0x0000, 0x1FF8, 0x1FF8, 0x1FF8, 0x1FF8, 0x4108, 0x2C6B,
  0x1AF7, 0x7CFF, 0x7BFF, 0x7CFF, 0x7BFF, 0x7CFF, 0x7CFF, 0x7CFF,
  0x7BFF, 0x7CFF, 0x7CFF, 0x9CFF, 0x52B4, 0x52B4, 0x52B4, 0x52B4,
  0x52B4, 0x52B4, 0x52B4, 0x78E6, 0x0421, 0x1FF8, 0x1FF8, 0x1FF8,
  0x1FF8, 0x1FF8, 0x4208, 0x8E4A, 0x8E4A, 0x8E4A, 0xB063, 0x5BAE,
  0x5BAE, 0x5BAE, 0x5BAE, 0x5BAE, 0xB6B5, 0xFFFF, 0xFFFF, 0x9294,
  0x8E4A, 0x6D42, 0x4D42, 0xEA31, 0x0519, 0xEB39, 0x8E4A, 0x0000,
  0xAF4A, 0xC418, 0x0000, 0x0000, 0x1FF8, 0x1FF8, 0x0000, 0x8E4A,
  0x8E4A, 0x6D42, 0x8E4A, 0x6D42, 0x0B3A, 0x0000, 0x1FF8, 0x1FF8,
  0x1FF8, 0x1FF8, 0x1FF8, 0x1FF8, 0x1FF8, 0x1FF8, 0x1FF8, 0x1FF8,
  0x1FF8, 0x1FF8, 0x1FF8, 0x1FF8, 0x1FF8, 0x1FF8, 0x1FF8, 0x1FF8,
  0x1FF8, 0x1FF8, 0x1FF8, 0x1FF8, 0x1FF8, 0x1FF8, 0x1FF8, 0x1FF8,
  0x1FF8, 0x1FF8, 0x1FF8, 0x0000, 0xAE7B, 0x9CFF, 0x7CFF, 0x9CFF,
  0x9CFF, 0x9CFF, 0x9CFF, 0x9CFF, 0x9CFF, 0x9CFF, 0x9CFF, 0x9CFF,
  0x9CFF, 0x9CFF, 0x9CFF, 0x9CFF, 0x9CFF, 0x9CFF, 0x9CFF, 0x9CFF,
  0x9CFF, 0x9CFF, 0x9CFF, 0x9CFF, 0x9CFF, 0x9CFF, 0x9CFF, 0x9CFF,
  0x9CFF, 0x9CFF, 0x9CFF, 0x9CFF, 0x9CFF, 0x9CFF, 0x9CFF, 0x7CFF,
  0x7CFF, 0x7CFF, 0x7CFF, 0x7CFF, 0x7CFF, 0x7CFF, 0x7CFF, 0x16CE,
  0x0000, 0x1FF8, 0x1FF8, 0x1FF8, 0x1FF8, 0x1FF8, 0x1FF8, 0x1FF8,
  0x1FF8, 0x0000, 0xEE83, 0xFDFF, 0x7CFF, 0x7CFF, 0x7BFF, 0x7CFF,
  0x7CFF, 0x7CFF, 0x7CFF, 0x7CFF, 0x9CFF, 0x52B4, 0x52B4, 0x52B4,
  0x52B4, 0x52B4, 0x52B4, 0x52B4, 0x9CFF, 0xC318, 0x1FF8, 0x1FF8,
  0x1FF8, 0x1FF8, 0x1FF8, 0x6208, 0x6D42, 0x8E4A, 0x8E4A, 0xC318,
  0x5BAE, 0x5BAE, 0x5BAE, 0x5BAE, 0xB99D, 0x18C6, 0xFFFF, 0xFFFF,
  0xFFFF, 0x4721, 0x6D42, 0x8E4A, 0x6D42, 0x2621, 0x8E4A, 0x8829,
  0xA410, 0x4208, 0x6D42, 0x6208, 0xCA31, 0x0000, 0x0B3A, 0x8E4A,
  0x8E4A, 0x6D42, 0x4200, 0x2842, 0x58C6, 0x9AD6, 0x149D, 0x0000,
  0x6D42, 0x8D4A, 0x8829, 0xA410, 0x0000, 0x1FF8, 0x1FF8, 0x1FF8,
  0x1FF8, 0x1FF8, 0x1FF8, 0x1FF8, 0x1FF8, 0x1FF8, 0x1FF8, 0x1FF8,
  0x1FF8, 0x1FF8, 0x1FF8, 0x1FF8, 0x1FF8, 0x1FF8, 0x1FF8, 0x1FF8,
  0x1FF8, 0x0000, 0xAA5A, 0x5BF7, 0x9CFF, 0x7CFF, 0x9CFF, 0x9CFF,
  0x9CFF, 0x9CFF, 0x9CFF, 0x9CFF, 0x9CFF, 0x9CFF, 0x9CFF, 0x9CFF,
  0x9CFF, 0x9CFF, 0x9CFF, 0x9CFF, 0x9CFF, 0x9CFF, 0x9CFF, 0x9CFF,
  0x9CFF, 0x9CFF, 0x9CFF, 0x9CFF, 0x9CFF, 0x9CFF, 0x9CFF, 0x9CFF,
  0x9CFF, 0x9CFF, 0x9CFF, 0x9CFF, 0x9CFF, 0x9CFF, 0x9CFF, 0x9CFF,
  0x9CFF, 0x7CFF, 0x7CFF, 0x7CFF, 0x7CFF, 0x7CFF, 0xFDFF, 0x0421,
  0x1FF8, 0x1FF8, 0x1FF8, 0x1FF8, 0x1FF8, 0x1FF8, 0x1FF8, 0x1FF8,
  0x1FF8, 0x1FF8, 0x1FF8, 0x1FF8, 0x2108, 0xB9DE, 0x9CFF, 0x7CFF,
  0x7CFF, 0x7CFF, 0x7CFF, 0x7CFF, 0x7CFF, 0x7CFF, 0xB3BC, 0x52B4,
  0x52B4, 0x52B4, 0x52B4, 0x52B4, 0x52B4, 0xDDFF, 0x4108, 0x1FF8,
  0x1FF8, 0x1FF8, 0x1FF8, 0x8310, 0x8E4A, 0x8E4A, 0x8E4A, 0x8E4A,
  0x6208, 0x7BB6, 0x5BAE, 0x5BAE, 0x5BAE, 0x5795, 0x7DEF, 0xFFFF,
  0xFFFF, 0xFFFF, 0x8631, 0x8E4A, 0x8E4A, 0x0000, 0x8E4A, 0xAE4A,
  0x2621, 0x6208, 0x2C3A, 0xA310, 0x8E4A, 0x4721, 0x8E4A, 0x4721,
  0x4D42, 0x0000, 0x55AD, 0xFFFF, 0xFFFF, 0xFFFF, 0xFFFF, 0xFFFF,
  0xFFFF, 0x75AD, 0x8929, 0x6D42, 0x8E4A, 0x8E4A, 0x6D42, 0x4721,
  0x0000, 0x1FF8, 0x1FF8, 0x1FF8, 0x1FF8, 0x1FF8, 0x1FF8, 0x1FF8,
  0x1FF8, 0x1FF8, 0x1FF8, 0x1FF8, 0x1FF8, 0x1FF8, 0x1FF8, 0x1FF8,
  0x4108, 0x37D6, 0x9CFF, 0x7CFF, 0x9CFF, 0x9CFF, 0x9CFF, 0x9CFF,
  0x9CFF, 0x9CFF, 0x9CFF, 0x9CFF, 0x9CFF, 0x9CFF, 0x9CFF, 0x9CFF,
  0x9CFF, 0x9CFF, 0x9CFF, 0x9CFF, 0x9CFF, 0x9CFF, 0x9CFF, 0x9CFF,
  0x9CFF, 0x9CFF, 0x9CFF, 0x9CFF, 0x9CFF, 0x9CFF, 0x9CFF, 0x9CFF,
  0x9CFF, 0x9CFF, 0x9CFF, 0x9CFF, 0x9CFF, 0x9CFF, 0x9CFF, 0x9CFF,
  0x9CFF, 0x9CFF, 0x9CFF, 0x9CFF, 0x7CFF, 0xDDFF, 0x2C6B, 0x0000,
  0x1FF8, 0x1FF8, 0x1FF8, 0x1FF8, 0x1FF8, 0x1FF8, 0x1FF8, 0x1FF8,
  0x1FF8, 0x1FF8, 0x1FF8, 0x1FF8, 0x1FF8, 0x1FF8, 0x1FF8, 0x0842,
  0xFFFF, 0x7CFF, 0x7CFF, 0x7CFF, 0x7CFF, 0x7CFF, 0x7CFF, 0x14C5,
  0x52B4, 0x52B4, 0x52B4, 0x52B4, 0x52B4, 0x11AC, 0x9CFF, 0x0000,
  0x1FF8, 0x1FF8, 0x1FF8, 0x1FF8, 0xC931, 0x8E4A, 0x8E4A, 0x8E4A,
  0x8208, 0x398D, 0x8308, 0x5274, 0xBDBE, 0x5BAE, 0xB99D, 0x9DEF,
  0xFFFF, 0xFFFF, 0xFFFF, 0xFFFF, 0x6929, 0x6D42, 0x2C3A, 0x6829,
  0x4208, 0x0619, 0x4729, 0x6D42, 0x0000, 0x6D42, 0x0621, 0xAF4A,
  0x34A5, 0x79CE, 0xFFFF, 0xFFFF, 0xFFFF, 0xDCE7, 0x4FFB, 0xB9FE,
  0xFFFF, 0xFFFF, 0xFFFF, 0x6210, 0x6D42, 0x8E4A, 0x8E4A, 0x8E4A,
  0x6D42, 0x4D42, 0x1FF8, 0x1FF8, 0x1FF8, 0x1FF8, 0x1FF8, 0x1FF8,
  0x1FF8, 0x1FF8, 0x1FF8, 0x1FF8, 0x1FF8, 0x1FF8, 0x0000, 0x8D73,
  0xFDFF, 0x7CFF, 0x7CFF, 0x9CFF, 0x9CFF, 0x9CFF, 0x9CFF, 0x9CFF,
  0x9CFF, 0x9CFF, 0x9CFF, 0x9CFF, 0x9CFF, 0x9CFF, 0x9CFF, 0x9CFF,
  0x9CFF, 0x9CFF, 0x9CFF, 0x9CFF, 0x9CFF, 0x9CFF, 0x9CFF, 0x9CFF,
  0x9CFF, 0x9CFF, 0x9CFF, 0x9CFF, 0x9CFF, 0x9CFF, 0x9CFF, 0x9CFF,
  0x9CFF, 0x9CFF, 0x9CFF, 0x9CFF, 0x9CFF, 0x9CFF, 0x9CFF, 0x9CFF,
  0x9CFF, 0x9CFF, 0x9CFF, 0x9CFF, 0x9CFF, 0xB9E6, 0x4108, 0x1FF8,
  0x1FF8, 0x1FF8, 0x1FF8, 0x1FF8, 0x1FF8, 0x1FF8, 0x1FF8, 0x1FF8,
  0x1FF8, 0x1FF8, 0x1FF8, 0x1FF8, 0x1FF8, 0x1FF8, 0x1FF8, 0x1FF8,
  0x1FF8, 0x2108, 0xB19C, 0xBCFF, 0x7CFF, 0x7CFF, 0x7CFF, 0x7CFF,
  0x96D5, 0x52B4, 0x52B4, 0x52B4, 0x52B4, 0x52B4, 0x52B4, 0x7CFF,
  0x0000, 0x1FF8, 0x1FF8, 0x1FF8, 0x1FF8, 0x2108, 0x8E4A, 0x8E4A,
  0x8E4A, 0xB263, 0xB67C, 0xD77C, 0xD263, 0xA310, 0x158D, 0x5BAE,
  0x38C6, 0xFFFF, 0xFFFF, 0xFFFF, 0xFFFF, 0xC739, 0xAF4A, 0x8E4A,
  0x0B3A, 0x8E4A, 0x2000, 0x8E4A, 0x8310, 0x4721, 0x6D42, 0xE518,
  0x8E4A, 0x8631, 0xFFFF, 0xFFFF, 0xFFFF, 0xAE86, 0xF19E, 0x1FAE,
  0x9F3B, 0xFFD6, 0xFFFF, 0xFFFF, 0xE518, 0x8E4A, 0x8E4A, 0x8E4A,
  0x8E4A, 0x8E4A, 0x6D42, 0x0000, 0x1FF8, 0x1FF8, 0x1FF8, 0x1FF8,
  0x1FF8, 0x1FF8, 0x1FF8, 0x1FF8, 0x0000, 0x4108, 0x7CFF, 0x9CFF,
  0x7CFF, 0x9CFF, 0x9CFF, 0x9CFF, 0x9CFF, 0x9CFF, 0x9CFF, 0x9CFF,
  0x9CFF, 0x9CFF, 0x9CFF, 0x9CFF, 0x9CFF, 0x9CFF, 0x9CFF, 0x9CFF,
  0x9CFF, 0x9CFF, 0x9CFF, 0x9CFF, 0x9CFF, 0x9CFF, 0x9CFF, 0x9CFF,
  0x9CFF, 0x9CFF, 0x9CFF, 0x9CFF, 0x9CFF, 0x9CFF, 0x9CFF, 0x9CFF,
  0x9CFF, 0x9CFF, 0x9CFF, 0x9CFF, 0x9CFF, 0x9CFF, 0x9CFF, 0x9CFF,
  0x9CFF, 0x9CFF, 0x9CFF, 0x9CFF, 0xFEFF, 0x0742, 0x1FF8, 0x1FF8,
  0x1FF8, 0x1FF8, 0x1FF8, 0x1FF8, 0x1FF8, 0x1FF8, 0x1FF8, 0x1FF8,
  0x1FF8, 0x1FF8, 0x1FF8, 0x1FF8, 0x1FF8, 0x1FF8, 0x1FF8, 0x1FF8,
  0x1FF8, 0x1FF8, 0x1FF8, 0x1FF8, 0x8210, 0xFAEE, 0x9CFF, 0x9CFF,
  0x7CFF, 0xFAEE, 0x52B4, 0x52B4, 0x52B4, 0x52B4, 0x52B4, 0xD7D5,
  0x9CFF, 0x0000, 0x1FF8, 0x1FF8, 0x1FF8, 0x1FF8, 0x0000, 0x8E4A,
  0x8E4A, 0xAE4A, 0xE418, 0x967C, 0xB67C, 0xB67C, 0xB77C, 0x5574,
  0xC410, 0x308C, 0xFFFF, 0xFFFF, 0xFFFF, 0xFFFF, 0xFFFF, 0x6829,
  0x6D42, 0x8E4A, 0x0000, 0xCF52, 0x0519, 0x0B3A, 0x0B3A, 0x4C42,
  0xC410, 0x6D42, 0x0000, 0xFFFF, 0xFFFF, 0xFFFF, 0xFFFF, 0xFFFF,
  0xFFFF, 0xFFFF, 0xFFFF, 0xFFFF, 0x5CE7, 0xCA31, 0x8E4A, 0x8E4A,
  0x8E4A, 0x8E4A, 0x8E4A, 0x6D42, 0x0000, 0x1FF8, 0x1FF8, 0x1FF8,
  0x1FF8, 0x1FF8, 0x0000, 0x0C63, 0x9DEF, 0xFFFF, 0xFFFF, 0xAA5A,
  0x7CFF, 0x9CFF, 0x9CFF, 0x9CFF, 0x9CFF, 0x9CFF, 0x9CFF, 0x9CFF,
  0x9CFF, 0x9CFF, 0x9CFF, 0x9CFF, 0x9CFF, 0x9CFF, 0x9CFF, 0x9CFF,
  0x9CFF, 0x9CFF, 0x9CFF, 0x9CFF, 0x9CFF, 0x9CFF, 0x9CFF, 0x9CFF,
  0x9CFF, 0x9CFF, 0x9CFF, 0x9CFF, 0x9CFF, 0x9CFF, 0x9CFF, 0x9CFF,
  0x9CFF, 0x9CFF, 0x9CFF, 0x9CFF, 0x9CFF, 0x9CFF, 0x9CFF, 0x9CFF,
  0x9CFF, 0x9CFF, 0x9CFF, 0x9CFF, 0x5094, 0x0000, 0x1FF8, 0x1FF8,
  0x1FF8, 0x1FF8, 0x1FF8, 0x1FF8, 0x1FF8, 0x1FF8, 0x1FF8, 0x1FF8,
  0x1FF8, 0x1FF8, 0x1FF8, 0x1FF8, 0x1FF8, 0x1FF8, 0x1FF8, 0x1FF8,
  0x1FF8, 0x1FF8, 0x1FF8, 0x1FF8, 0x1FF8, 0x1FF8, 0x1FF8, 0x8531,
  0x3AEF, 0x9CFF, 0xBCFF, 0x31B4, 0x52B4, 0x52B4, 0x52B4, 0x52B4,
  0x5BFF, 0x7CFF, 0x2000, 0x1FF8, 0x1FF8, 0x1FF8, 0x1FF8, 0x1FF8,
  0x2C3A, 0x8E4A, 0x8E4A, 0x6310, 0xF36B, 0xF36B, 0xB77C, 0xB67C,
  0xB67C, 0xD77C, 0xF36B, 0x8210, 0x3CE7, 0xFFFF, 0xFFFF, 0xFFFF,
  0x0000, 0x8E4A, 0x6D42, 0x2C3A, 0x0000, 0xEB39, 0x0621, 0xAF4A,
  0x0621, 0xC418, 0x6D42, 0x6208, 0xFFFF, 0xFFFF, 0xFFFF, 0xFFFF,
  0xFFFF, 0xFFFF, 0xFFFF, 0xFFFF, 0xFFFF, 0x8E73, 0x8E4A, 0x8E4A,
  0x8E4A, 0x8E4A, 0x8E4A, 0x8E4A, 0x8E4A, 0x0000, 0x0000, 0x0000,
  0x083A, 0x18BE, 0xFFFF, 0xDFF7, 0xDFF7, 0xFFFF, 0xFFFF, 0xFFFF,
  0x96B5, 0xFEFF, 0x9CFF, 0x9CFF, 0x9CFF, 0x9CFF, 0x9CFF, 0x9CFF,
  0x9CFF, 0x9CFF, 0x9CFF, 0x9CFF, 0x9CFF, 0x9CFF, 0x9CFF, 0x9CFF,
  0x9CFF, 0x9CFF, 0x9CFF, 0x9CFF, 0x9CFF, 0x9CFF, 0x9CFF, 0x9CFF,
  0x9CFF, 0x9CFF, 0x9CFF, 0x9CFF, 0x9CFF, 0x9CFF, 0x9CFF, 0x9CFF,
  0x9CFF, 0x9CFF, 0x9CFF, 0x9CFF, 0x9CFF, 0x9CFF, 0x9CFF, 0x9CFF,
  0x9CFF, 0x7CFF, 0x9CFF, 0xB5BD, 0x0000, 0x1FF8, 0x1FF8, 0x1FF8,
  0x1FF8, 0x1FF8, 0x1FF8, 0x1FF8, 0x1FF8, 0x1FF8, 0x1FF8, 0x1FF8,
  0x1FF8, 0x1FF8, 0x1FF8, 0x1FF8, 0x1FF8, 0x1FF8, 0x1FF8, 0x1FF8,
  0x1FF8, 0x1FF8, 0x1FF8, 0x1FF8, 0x1FF8, 0x1FF8, 0x1FF8, 0x1FF8,
  0x1FF8, 0x0000, 0x4C73, 0xFFFF, 0x11AC, 0x52B4, 0x52B4, 0x52B4,
  0x52B4, 0xBCFF, 0x7CFF, 0x8210, 0x1FF8, 0x1FF8, 0x1FF8, 0x1FF8,
  0x1FF8, 0x2100, 0x8E4A, 0x8E4A, 0xAF4A, 0x4D42, 0xCA31, 0x5574,
  0xB67C, 0xB67C, 0xB67C, 0xB67C, 0xB77C, 0x715B, 0x494A, 0xFFFF,
  0xFFFF, 0x718C, 0xAF4A, 0x8E4A, 0x8E4A, 0x8E4A, 0x8E4A, 0x4108,
  0x8E4A, 0x6208, 0xA931, 0x6D42, 0x2721, 0xFFFF, 0xFFFF, 0xFFFF,
  0xFFFF, 0xFFFF, 0xFFFF, 0xFFFF, 0xDEF7, 0xFFFF, 0x0100, 0x8E4A,
  0x8E4A, 0x8E4A, 0x8E4A, 0x8E4A, 0x8E4A, 0xAF4A, 0x2D5B, 0x9EDF,
  0x9EE7, 0xBEE7, 0xBFEF, 0xDFF7, 0xDFF7, 0xFFFF, 0xFFFF, 0xFFFF,
  0xFFFF, 0xFFFF, 0xCE83, 0x7CFF, 0x9CFF, 0x9CFF, 0x9CFF, 0x9CFF,
  0x9CFF, 0x9CFF, 0x9CFF, 0x9CFF, 0x9CFF, 0x9CFF, 0x9CFF, 0x9CFF,
  0x9CFF, 0x9CFF, 0x9CFF, 0x9CFF, 0x9CFF, 0x9CFF, 0x9CFF, 0x9CFF,
  0x9CFF, 0x9CFF, 0x9CFF, 0x9CFF, 0x9CFF, 0x9CFF, 0x9CFF, 0x9CFF,
  0x9CFF, 0x9CFF, 0x9CFF, 0x9CFF, 0x9CFF, 0x9CFF, 0x9CFF, 0x9CFF,
  0x7CFF, 0xBDFF, 0x16CE, 0x0000, 0x1FF8, 0x1FF8, 0x1FF8, 0x1FF8,
  0x1FF8, 0x1FF8, 0x1FF8, 0x1FF8, 0x1FF8, 0x1FF8, 0x1FF8, 0x1FF8,
  0x1FF8, 0x1FF8, 0x1FF8, 0x1FF8, 0x1FF8, 0x1FF8, 0x1FF8, 0x1FF8,
  0x1FF8, 0x1FF8, 0x1FF8, 0x1FF8, 0x1FF8, 0x1FF8, 0x1FF8, 0x1FF8,
  0x1FF8, 0x1FF8, 0x1FF8, 0x1FF8, 0x0000, 0xC749, 0x11AC, 0x52B4,
  0x52B4, 0xB3BC, 0x9CFF, 0x9CFF, 0x0421, 0x1FF8, 0x1FF8, 0x1FF8,
  0x1FF8, 0x1FF8, 0x1FF8, 0x8E4A, 0x8E4A, 0x8E4A, 0x8E4A, 0x8E4A,
  0x4B42, 0xB67C, 0xB67C, 0xB67C, 0xB67C, 0xB67C, 0x967C, 0x967C,
  0x6621, 0x18C6, 0xFFFF, 0x2C3A, 0x8E4A, 0x8E4A, 0x8E4A, 0x4D42,
  0x6D42, 0x6D42, 0x2621, 0x6D42, 0x8E4A, 0xA931, 0xFFFF, 0xFFFF,
  0xFFFF, 0x18C6, 0x0421, 0x8310, 0xCA31, 0x8E4A, 0x2C3A, 0x6208,
  0x8E4A, 0x6D42, 0x8E4A, 0x8E4A, 0x8E4A, 0x6D42, 0x6829, 0x9BBE,
  0x9EDF, 0x9EDF, 0xBEE7, 0xBEEF, 0xDFF7, 0xDFF7, 0xFFFF, 0xDFFF,
  0xFFFF, 0xFFFF, 0xFFFF, 0xE320, 0x7CFF, 0x9CFF, 0x9CFF, 0x9CFF,
  0x9CFF, 0x9CFF, 0x9CFF, 0x9CFF, 0x9CFF, 0x9CFF, 0x9CFF, 0x9CFF,
  0x9CFF, 0x9CFF, 0x9CFF, 0x9CFF, 0x9CFF, 0x9CFF, 0x9CFF, 0x9CFF,
  0x9CFF, 0x9CFF, 0x9CFF, 0x9CFF, 0x9CFF, 0x9CFF, 0x9CFF, 0x9CFF,
  0x9CFF, 0x9CFF, 0x9CFF, 0x9CFF, 0x9CFF, 0x9CFF, 0x9CFF, 0x9CFF,
  0xFDFF, 0x5094, 0x0000, 0x1FF8, 0x1FF8, 0x1FF8, 0x1FF8, 0x1FF8,
  0x1FF8, 0x1FF8, 0x1FF8, 0x1FF8, 0x1FF8, 0x1FF8, 0x1FF8, 0x1FF8,
  0x1FF8, 0x1FF8, 0x1FF8, 0x1FF8, 0x1FF8, 0x1FF8, 0x1FF8, 0x1FF8,
  0x1FF8, 0x1FF8, 0x1FF8, 0x1FF8, 0x1FF8, 0x1FF8, 0x1FF8, 0x1FF8,
  0x1FF8, 0x1FF8, 0x1FF8, 0x1FF8, 0x1FF8, 0x1FF8, 0x1FF8, 0x1FF8,
  0x8641, 0x93BC, 0xFAEE, 0x7CFF, 0x9CFF, 0xA639, 0x1FF8, 0x1FF8,
  0x1FF8, 0x1FF8, 0x1FF8, 0x1FF8, 0x1FF8, 0x8310, 0x6D42, 0x8E4A,
  0x8E4A, 0x4108, 0xB77C, 0xB67C, 0xB67C, 0xB67C, 0xB67C, 0xB67C,
  0xB67C, 0xB67C, 0x3474, 0x0521, 0x2C3A, 0x6D42, 0x8E4A, 0x6D42,
  0x6D42, 0xCA31, 0x4208, 0x8829, 0x6D42, 0x8E4A, 0x6829, 0xFFFF,
  0x2429, 0xC518, 0x8E4A, 0x8E4A, 0x6D42, 0x8E4A, 0x8E4A, 0x8E4A,
  0xAE4A, 0x4108, 0xAE4A, 0x8E4A, 0x8E4A, 0x8E4A, 0x6D42, 0xC731,
  0x9ED7, 0x7EDF, 0x9EDF, 0xBEE7, 0xBFEF, 0xDFEF, 0xDFF7, 0xDFFF,
  0xDFFF, 0xFFFF, 0xFFFF, 0xFFFF, 0x8210, 0x7CFF, 0x9CFF, 0x9CFF,
  0x9CFF, 0x9CFF, 0x9CFF, 0x9CFF, 0x9CFF, 0x9CFF, 0x9CFF, 0x9CFF,
  0x9CFF, 0x9CFF, 0x9CFF, 0x9CFF, 0x9CFF, 0x9CFF, 0x9CFF, 0x9CFF,
  0x9CFF, 0x9CFF, 0x9CFF, 0x9CFF, 0x9CFF, 0x9CFF, 0x9CFF, 0x9CFF,
  0x9CFF, 0x9CFF, 0x9CFF, 0x7CFF, 0x9CFF, 0x9CFF, 0xDDFF, 0x7BFF,
  0xA639, 0x0000, 0x1FF8, 0x1FF8, 0x1FF8, 0x1FF8, 0x1FF8, 0x1FF8,
  0x1FF8, 0x1FF8, 0x1FF8, 0x1FF8, 0x1FF8, 0x1FF8, 0x1FF8, 0x1FF8,
  0x1FF8, 0x1FF8, 0x1FF8, 0x1FF8, 0x1FF8, 0x1FF8, 0x1FF8, 0x1FF8,
  0x1FF8, 0x1FF8, 0x1FF8, 0x1FF8, 0x1FF8, 0x1FF8, 0x1FF8, 0x1FF8,
  0x1FF8, 0x1FF8, 0x1FF8, 0x1FF8, 0x1FF8, 0x1FF8, 0x1FF8, 0x1FF8,
  0x1FF8, 0x1FF8, 0x1FF8, 0x0000, 0xAE7B, 0x6D73, 0x8952, 0x1FF8,
  0x1FF8, 0x1FF8, 0x1FF8, 0x1FF8, 0x1FF8, 0x1FF8, 0x1FF8, 0x0000,
  0x8E4A, 0x8D4A, 0xE518, 0xD784, 0xB67C, 0xB67C, 0xB67C, 0xB67C,
  0xB67C, 0xB67C, 0xB67C, 0xB67C, 0xD784, 0x8C42, 0x0619, 0x6D42,
  0x6D42, 0x8E4A, 0x8E4A, 0x8E4A, 0x2621, 0xA410, 0xA931, 0x2621,
  0xEA31, 0x8E4A, 0x6D42, 0x8E4A, 0x8E4A, 0x8E4A, 0x8E4A, 0x8E4A,
  0x8E4A, 0x8E4A, 0x8E4A, 0x2100, 0x8E4A, 0x8E4A, 0x8E4A, 0x4208,
  0xFFE7, 0x7ED7, 0x7ED7, 0x9EDF, 0x9EE7, 0xBEEF, 0xDFEF, 0xDFF7,
  0xDFF7, 0xDFFF, 0xFFFF, 0xFFFF, 0xFFFF, 0x2421, 0x9CFF, 0x9CFF,
  0x9CFF, 0x9CFF, 0x9CFF, 0x9CFF, 0x9CFF, 0x9CFF, 0x9CFF, 0x9CFF,
  0x9CFF, 0x9CFF, 0x9CFF, 0x9CFF, 0x9CFF, 0x9CFF, 0x9CFF, 0x9CFF,
  0x9CFF, 0x9CFF, 0x9CFF, 0x9CFF, 0x9CFF, 0x9CFF, 0x9CFF, 0x9CFF,
  0x9CFF, 0x9CFF, 0x9CFF, 0xBCFF, 0xDDFF, 0x98DE, 0x0B6B, 0x0000,
  0x1FF8, 0x1FF8, 0x1FF8, 0x1FF8, 0x1FF8, 0x1FF8, 0x1FF8, 0x1FF8,
  0x1FF8, 0x1FF8, 0x1FF8, 0x1FF8, 0x1FF8, 0x1FF8, 0x1FF8, 0x1FF8,
  0x1FF8, 0x1FF8, 0x1FF8, 0x1FF8, 0x1FF8, 0x1FF8, 0x1FF8, 0x1FF8,
  0x1FF8, 0x1FF8, 0x1FF8, 0x1FF8, 0x1FF8, 0x1FF8, 0x1FF8, 0x1FF8,
  0x1FF8, 0x1FF8, 0x1FF8, 0x1FF8, 0x1FF8, 0x1FF8, 0x1FF8, 0x1FF8,
  0x1FF8, 0x1FF8, 0x1FF8, 0x1FF8, 0x1FF8, 0x1FF8, 0x1FF8, 0x0000,
  0x1FF8, 0x1FF8, 0x1FF8, 0x1FF8, 0x1FF8, 0x1FF8, 0x1FF8, 0x1FF8,
  0x8829, 0x8E4A, 0x8E4A, 0x2108, 0x3574, 0xB67C, 0xB67C, 0xB67C,
  0xB67C, 0xB67C, 0xB67C, 0xB67C, 0xB67C, 0xB67C, 0xB67C, 0x398D,
  0x0519, 0x6829, 0xAE4A, 0x8E4A, 0x8E4A, 0x8E4A, 0x8E4A, 0xAF4A,
  0xEA31, 0x8E4A, 0x8E4A, 0x8E4A, 0x8E4A, 0x8E4A, 0x8E4A, 0x8E4A,
  0x6D42, 0x8E4A, 0x8E4A, 0x6D42, 0x6D42, 0x8929, 0x8E4A, 0xC518,
  0x9BB6, 0x5ECF, 0x5ECF, 0x7ED7, 0x9EDF, 0x9EE7, 0xBEEF, 0xBFEF,
  0xDFF7, 0xDFF7, 0xFFFF, 0xFFFF, 0xFFFF, 0xFFFF, 0x0421, 0x9CFF,
  0x9CFF, 0x9CFF, 0x9CFF, 0x9CFF, 0x9CFF, 0x9CFF, 0x9CFF, 0x9CFF,
  0x9CFF, 0x9CFF, 0x9CFF, 0x9CFF, 0x9CFF, 0x9CFF, 0x9CFF, 0x9CFF,
  0x9CFF, 0x9CFF, 0x9CFF, 0x9CFF, 0x7CFF, 0x7CFF, 0x7CFF, 0x9CFF,
  0x7CFF, 0x57D6, 0x2B6B, 0x0421, 0x0000, 0x1FF8, 0x1FF8, 0x1FF8,
  0x1FF8, 0x1FF8, 0x1FF8, 0x1FF8, 0x1FF8, 0x1FF8, 0x1FF8, 0x1FF8,
  0x1FF8, 0x1FF8, 0x1FF8, 0x1FF8, 0x1FF8, 0x1FF8, 0x1FF8, 0x1FF8,
  0x1FF8, 0x1FF8, 0x1FF8, 0x1FF8, 0x1FF8, 0x1FF8, 0x1FF8, 0x1FF8,
  0x1FF8, 0x1FF8, 0x1FF8, 0x1FF8, 0x1FF8, 0x1FF8, 0x1FF8, 0x1FF8,
  0x1FF8, 0x1FF8, 0x1FF8, 0x1FF8, 0x1FF8, 0x1FF8, 0x1FF8, 0x1FF8,
  0x1FF8, 0x1FF8, 0x1FF8, 0x1FF8, 0x1FF8, 0x1FF8, 0x1FF8, 0x1FF8,
  0x1FF8, 0x1FF8, 0x1FF8, 0x1FF8, 0x1FF8, 0x1FF8, 0x1FF8, 0x1FF8,
  0x0000, 0x8E4A, 0x8E4A, 0x4108, 0xF884, 0x967C, 0xB67C, 0xB67C,
  0xB67C, 0xB67C, 0xB67C, 0xB67C, 0xB67C, 0xB67C, 0xB67C, 0xB67C,
  0xB67C, 0xB77C, 0x146C, 0x2100, 0x6D42, 0x8E4A, 0x8E4A, 0x8E4A,
  0x8E4A, 0x8E4A, 0x8E4A, 0x8E4A, 0x8E4A, 0x8E4A, 0x8E4A, 0x8E4A,
  0x8E4A, 0x0B3A, 0x6D42, 0x8E4A, 0x8E4A, 0x8E4A, 0xA410, 0x6208,
  0x5AAE, 0x3EC7, 0x5ECF, 0x5ECF, 0x7ED7, 0x9EDF, 0x9EE7, 0xBEE7,
  0xDFEF, 0xDFF7, 0xDFF7, 0xDFFF, 0xFFFF, 0xFFFF, 0xFFFF, 0x2421,
  0x9CFF, 0x9CFF, 0x9CFF, 0x9CFF, 0x9CFF, 0x9CFF, 0x9CFF, 0x9CFF,
  0x9CFF, 0x9CFF, 0x9CFF, 0x9CFF, 0x9CFF, 0x7CFF, 0x7CFF, 0x9CFF,
  0xDDFF, 0xFEFF, 0xFEFF, 0xFDFF, 0xD9E6, 0x0F8C, 0xA639, 0x2008,
  0x0000, 0x1FF8, 0x1FF8, 0x1FF8, 0x1FF8, 0x1FF8, 0x1FF8, 0x1FF8,
  0x1FF8, 0x1FF8, 0x1FF8, 0x1FF8, 0x1FF8, 0x1FF8, 0x1FF8, 0x1FF8,
  0x1FF8, 0x1FF8, 0x1FF8, 0x1FF8, 0x1FF8, 0x1FF8, 0x1FF8, 0x1FF8,
  0x1FF8, 0x1FF8, 0x1FF8, 0x1FF8, 0x1FF8, 0x1FF8, 0x1FF8, 0x1FF8,
  0x1FF8, 0x1FF8, 0x1FF8, 0x1FF8, 0x1FF8, 0x1FF8, 0x1FF8, 0x1FF8,
  0x1FF8, 0x1FF8, 0x1FF8, 0x1FF8, 0x1FF8, 0x1FF8, 0x1FF8, 0x1FF8,
  0x1FF8, 0x1FF8, 0x1FF8, 0x1FF8, 0x1FF8, 0x1FF8, 0x1FF8, 0x1FF8,
  0x1FF8, 0x1FF8, 0x1FF8, 0x1FF8, 0x1FF8, 0x1FF8, 0x1FF8, 0x1FF8,
  0x1FF8, 0x1FF8, 0x4D42, 0x6D42, 0x6D42, 0x146C, 0xF884, 0xB77C,
  0xB67C, 0xB67C, 0xB67C, 0xB67C, 0xB67C, 0xB67C, 0xB67C, 0xB67C,
  0xB67C, 0xB67C, 0xB67C, 0xB67C, 0xD784, 0xCD4A, 0x8310, 0xCF4A,
  0x8E4A, 0x8E4A, 0x8E4A, 0x8E4A, 0x8E4A, 0x8E4A, 0x0B3A, 0x8410,
  0xC318, 0x718C, 0x1CE7, 0x9ACE, 0x4D42, 0x6D42, 0x8E4A, 0xCF4A,
  0x5174, 0x3DC7, 0x3EC7, 0x5EC7, 0x5ECF, 0x7ED7, 0x9EDF, 0x9EDF,
  0xBEE7, 0xBFEF, 0xDFF7, 0xDFF7, 0xFFFF, 0xFFFF, 0xFFFF, 0xFFFF,
  0x6531, 0x9CFF, 0x9CFF, 0x9CFF, 0x9CFF, 0x9CFF, 0x9CFF, 0x9CFF,
  0x7CFF, 0x9CFF, 0x9CFF, 0xBDFF, 0xDDFF, 0x5BF7, 0x33AD, 0xAA5A,
  0x0421, 0x4108, 0x0000, 0x1FF8, 0x1FF8, 0x1FF8, 0x1FF8, 0x1FF8,
  0x1FF8, 0x1FF8, 0x1FF8, 0x1FF8, 0x1FF8, 0x1FF8, 0x1FF8, 0x1FF8,
  0x1FF8, 0x1FF8, 0x1FF8, 0x1FF8, 0x1FF8, 0x1FF8, 0x1FF8, 0x1FF8,
  0x1FF8, 0x1FF8, 0x1FF8, 0x1FF8, 0x1FF8, 0x1FF8, 0x1FF8, 0x1FF8,
  0x1FF8, 0x1FF8, 0x1FF8, 0x1FF8, 0x1FF8, 0x1FF8, 0x1FF8, 0x1FF8,
  0x1FF8, 0x1FF8, 0x1FF8, 0x1FF8, 0x1FF8, 0x1FF8, 0x1FF8, 0x1FF8,
  0x1FF8, 0x1FF8, 0x1FF8, 0x1FF8, 0x1FF8, 0x1FF8, 0x1FF8, 0x1FF8,
  0x1FF8, 0x1FF8, 0x1FF8, 0x1FF8, 0x1FF8, 0x1FF8, 0x1FF8, 0x1FF8,
  0x1FF8, 0x1FF8, 0x1FF8, 0x1FF8, 0x1FF8, 0x1FF8, 0x1FF8, 0x1FF8,
  0x1FF8, 0x1FF8, 0x1FF8, 0x6208, 0x6D42, 0x8E4A, 0x2100, 0x2100,
  0x0000, 0xB77C, 0xB67C, 0xB67C, 0xB67C, 0xB67C, 0xB67C, 0xB67C,
  0xB67C, 0xB67C, 0xB67C, 0xB67C, 0xB67C, 0xB67C, 0x967C, 0x767C,
  0x6721, 0x8829, 0x6D42, 0x8E4A, 0x6929, 0x0000, 0x3084, 0x9DEF,
  0xFFFF, 0xFFFF, 0xFFFF, 0xFFFF, 0xFFFF, 0x8210, 0x8E4A, 0x8E4A,
  0x8E4A, 0x0100, 0x5EC7, 0x3EC7, 0x5EC7, 0x5ECF, 0x7ED7, 0x7EDF,
  0x9EDF, 0xBEE7, 0xBEEF, 0xDFF7, 0xDFF7, 0xDFF7, 0xFFFF, 0xFFFF,
  0xFFFF, 0x8D7B, 0x7CFF, 0x9CFF, 0x9CFF, 0x9CFF, 0xBCFF, 0xFAEE,
  0x919C, 0xC639, 0x4108, 0x0000, 0x0000, 0x1FF8, 0x1FF8, 0x1FF8,
  0x1FF8, 0x1FF8, 0x1FF8, 0x1FF8, 0x1FF8, 0x1FF8, 0x1FF8, 0x1FF8,
  0x1FF8, 0x1FF8, 0x1FF8, 0x1FF8, 0x1FF8, 0x1FF8, 0x1FF8, 0x1FF8,
  0x1FF8, 0x1FF8, 0x1FF8, 0x1FF8, 0x1FF8, 0x1FF8, 0x1FF8, 0x1FF8,
  0x1FF8, 0x1FF8, 0x1FF8, 0x1FF8, 0x1FF8, 0x1FF8, 0x1FF8, 0x1FF8,
  0x1FF8, 0x1FF8, 0x1FF8, 0x1FF8, 0x1FF8, 0x1FF8, 0x1FF8, 0x1FF8,
  0x1FF8, 0x1FF8, 0x1FF8, 0x1FF8, 0x1FF8, 0x1FF8, 0x1FF8, 0x1FF8,
  0x1FF8, 0x1FF8, 0x1FF8, 0x1FF8, 0x1FF8, 0x1FF8, 0x1FF8, 0x1FF8,
  0x1FF8, 0x1FF8, 0x1FF8, 0x1FF8, 0x1FF8, 0x1FF8, 0x1FF8, 0x1FF8,
  0x1FF8, 0x1FF8, 0x1FF8, 0x1FF8, 0x1FF8, 0x1FF8, 0x1FF8, 0x1FF8,
  0x1FF8, 0x1FF8, 0x1FF8, 0x1FF8, 0x1FF8, 0x8E4A, 0x6D42, 0x8E4A,
  0x6D42, 0x2C3A, 0x5574, 0xB67C, 0xB67C, 0xB67C, 0xB67C, 0xB67C,
  0xB67C, 0xB67C, 0xB67C, 0xB67C, 0xB67C, 0xB67C, 0xB67C, 0xB67C,
  0xB67C, 0x967C, 0x398D, 0x8729, 0x0000, 0xFFFF, 0xFFFF, 0xFFFF,
  0xFFFF, 0xFFFF, 0xFFFF, 0xFFFF, 0xFFFF, 0xFFFF, 0x3084, 0x8E4A,
  0x8E4A, 0x6D42, 0x8E4A, 0x39AE, 0x3EC7, 0x5EC7, 0x5ECF, 0x7ED7,
  0x7ED7, 0x9EDF, 0xBEE7, 0xBFEF, 0xDFEF, 0xDFF7, 0xDFF7, 0xFFFF,
  0xFFFF, 0x79CE, 0xFDFF, 0xF2A4, 0xE741, 0x0000, 0x0000, 0x1FF8,
  0x1FF8, 0x1FF8, 0x1FF8, 0x1FF8, 0x1FF8, 0x1FF8, 0x1FF8, 0x1FF8,
  0x1FF8, 0x1FF8, 0x1FF8, 0x1FF8, 0x1FF8, 0x1FF8, 0x1FF8, 0x1FF8,
  0x1FF8, 0x1FF8, 0x1FF8, 0x1FF8, 0x1FF8, 0x1FF8, 0x1FF8, 0x1FF8,
  0x1FF8, 0x1FF8, 0x1FF8, 0x1FF8, 0x1FF8, 0x1FF8, 0x1FF8, 0x1FF8,
  0x1FF8, 0x1FF8, 0x1FF8, 0x1FF8, 0x1FF8, 0x1FF8, 0x1FF8, 0x1FF8,
  0x1FF8, 0x1FF8, 0x1FF8, 0x1FF8, 0x1FF8, 0x1FF8, 0x1FF8, 0x1FF8,
  0x1FF8, 0x1FF8, 0x1FF8, 0x1FF8, 0x1FF8, 0x1FF8, 0x1FF8, 0x1FF8,
  0x1FF8, 0x1FF8, 0x1FF8, 0x1FF8, 0x1FF8, 0x1FF8, 0x1FF8, 0x1FF8,
  0x1FF8, 0x1FF8, 0x1FF8, 0x1FF8, 0x1FF8, 0x1FF8, 0x1FF8, 0x1FF8,
  0x1FF8, 0x1FF8, 0x1FF8, 0x1FF8, 0x1FF8, 0x1FF8, 0x1FF8, 0x1FF8,
  0x1FF8, 0x1FF8, 0x1FF8, 0x1FF8, 0x1FF8, 0x1FF8, 0x8308, 0xAF4A,
  0x8E4A, 0x8E4A, 0x8E4A, 0x6208, 0xB67C, 0xB67C, 0xB67C, 0xB67C,
  0xB67C, 0xB67C, 0xB67C, 0xB67C, 0xB67C, 0xB67C, 0xB67C, 0xB67C,
  0xB67C, 0xB67C, 0xB67C, 0xB67C, 0xB77C, 0x5574, 0xA310, 0xBAD6,
  0xFFFF, 0xFFFF, 0xFFFF, 0xFFFF, 0xFFFF, 0xFFFF, 0xFFFF, 0x9EF7,
  0xCA31, 0x8E4A, 0x8E4A, 0x8E4A, 0xA210, 0x5EC7, 0x5EC7, 0x5ECF,
  0x7ED7, 0x7ED7, 0x9EDF, 0xBEE7, 0xBEEF, 0xFFF7, 0xFFFF, 0x96B5,
  0xA631, 0x2000, 0x1FF8, 0x1FF8, 0x1FF8, 0x1FF8, 0x1FF8, 0x1FF8,
  0x1FF8, 0x1FF8, 0x1FF8, 0x1FF8, 0x1FF8, 0x1FF8, 0x1FF8, 0x1FF8,
  0x1FF8, 0x1FF8, 0x1FF8, 0x1FF8, 0x1FF8, 0x1FF8, 0x1FF8, 0x1FF8,
  0x1FF8, 0x1FF8, 0x1FF8, 0x1FF8, 0x1FF8, 0x1FF8, 0x1FF8, 0x1FF8,
  0x1FF8, 0x1FF8, 0x1FF8, 0x1FF8, 0x1FF8, 0x1FF8, 0x1FF8, 0x1FF8,
  0x1FF8, 0x1FF8, 0x1FF8, 0x1FF8, 0x1FF8, 0x1FF8, 0x1FF8, 0x1FF8,
  0x1FF8, 0x1FF8, 0x1FF8, 0x1FF8, 0x1FF8, 0x1FF8, 0x1FF8, 0x1FF8,
  0x1FF8, 0x1FF8, 0x1FF8, 0x1FF8, 0x1FF8, 0x1FF8, 0x1FF8, 0x1FF8,
  0x1FF8, 0x1FF8, 0x1FF8, 0x1FF8, 0x1FF8, 0x1FF8, 0x1FF8, 0x1FF8,
  0x1FF8, 0x1FF8, 0x1FF8, 0x1FF8, 0x1FF8, 0x1FF8, 0x1FF8, 0x1FF8,
  0x1FF8, 0x1FF8, 0x1FF8, 0x1FF8, 0x1FF8, 0x1FF8, 0x1FF8, 0x1FF8,
  0x1FF8, 0x1FF8, 0x1FF8, 0x1FF8, 0x1FF8, 0x1FF8, 0x1FF8, 0x1FF8,
  0x1FF8, 0x6208, 0x6D42, 0x6D42, 0x6829, 0xD784, 0xB67C, 0xB67C,
  0xB67C, 0xB67C, 0xB67C, 0xB67C, 0xB67C, 0xB67C, 0xB67C, 0xB67C,
  0xB67C, 0xB67C, 0xB67C, 0xB67C, 0xB67C, 0xB67C, 0xB67C, 0xB77C,
  0xF36B, 0xE418, 0xFBDE, 0xFFFF, 0xFFFF, 0xFFFF, 0xFFFF, 0xFFFF,
  0xFFFF, 0x2100, 0x8E4A, 0x8E4A, 0x6D42, 0x8929, 0x083A, 0x5EC7,
  0x5ECF, 0x7ECF, 0x7ED7, 0xDFE7, 0xFBCE, 0x6A4A, 0x0000, 0x1FF8,
  0x1FF8, 0x1FF8, 0x1FF8, 0x1FF8, 0x1FF8, 0x1FF8, 0x1FF8, 0x1FF8,
  0x1FF8, 0x1FF8, 0x1FF8, 0x1FF8, 0x1FF8, 0x1FF8, 0x1FF8, 0x1FF8,
  0x1FF8, 0x1FF8, 0x1FF8, 0x1FF8, 0x1FF8, 0x1FF8, 0x1FF8, 0x1FF8,
  0x1FF8, 0x1FF8, 0x1FF8, 0x1FF8, 0x1FF8, 0x1FF8, 0x1FF8, 0x1FF8,
  0x1FF8, 0x1FF8, 0x1FF8, 0x1FF8, 0x1FF8, 0x1FF8, 0x1FF8, 0x1FF8,
  0x1FF8, 0x1FF8, 0x1FF8, 0x1FF8, 0x1FF8, 0x1FF8, 0x1FF8, 0x1FF8,
  0x1FF8, 0x1FF8, 0x1FF8, 0x1FF8, 0x1FF8, 0x1FF8, 0x1FF8, 0x1FF8,
  0x1FF8, 0x1FF8, 0x1FF8, 0x1FF8, 0x1FF8, 0x1FF8, 0x1FF8, 0x1FF8,
  0x1FF8, 0x1FF8, 0x1FF8, 0x1FF8, 0x1FF8, 0x1FF8, 0x1FF8, 0x1FF8,
  0x1FF8, 0x1FF8, 0x1FF8, 0x1FF8, 0x1FF8, 0x1FF8, 0x1FF8, 0x1FF8,
  0x1FF8, 0x1FF8, 0x1FF8, 0x1FF8, 0x1FF8, 0x1FF8, 0x1FF8, 0x1FF8,
  0x1FF8, 0x1FF8, 0x1FF8, 0x1FF8, 0x1FF8, 0x1FF8, 0x1FF8, 0x1FF8,
  0x1FF8, 0x1FF8, 0x1FF8, 0xE518, 0x8E4A, 0xAF4A, 0xCD4A, 0xB67C,
  0xB67C, 0xB67C, 0xB67C, 0xB67C, 0xB67C, 0xB67C, 0xB67C, 0xB67C,
  0xB67C, 0xB67C, 0xB67C, 0xB67C, 0xB67C, 0xB67C, 0xB67C, 0xB67C,
  0xB67C, 0xB67C, 0xB77C, 0xD36B, 0x6210, 0xFBDE, 0xFFFF, 0xFFFF,
  0xFFFF, 0xFFFF, 0x8631, 0x8E4A, 0x8E4A, 0x8E4A, 0x8E4A, 0xAF4A,
  0x4108, 0xBFD7, 0x3DCF, 0xEC52, 0x0000, 0x1FF8, 0x1FF8, 0x1FF8,
  0x1FF8, 0x1FF8, 0x1FF8, 0x1FF8, 0x1FF8, 0x1FF8, 0x1FF8, 0x1FF8,
  0x1FF8, 0x1FF8, 0x1FF8, 0x1FF8, 0x1FF8, 0x1FF8, 0x1FF8, 0x1FF8,
  0x1FF8, 0x1FF8, 0x1FF8, 0x1FF8, 0x1FF8, 0x1FF8, 0x1FF8, 0x1FF8,
  0x1FF8, 0x1FF8, 0x1FF8, 0x1FF8, 0x1FF8, 0x1FF8, 0x1FF8, 0x1FF8,
  0x1FF8, 0x1FF8, 0x1FF8, 0x1FF8, 0x1FF8, 0x1FF8, 0x1FF8, 0x1FF8,
  0x1FF8, 0x1FF8, 0x1FF8, 0x1FF8, 0x1FF8, 0x1FF8, 0x1FF8, 0x1FF8,
  0x1FF8, 0x1FF8, 0x1FF8, 0x1FF8, 0x1FF8, 0x1FF8, 0x1FF8, 0x1FF8,
  0x1FF8, 0x1FF8, 0x1FF8, 0x1FF8, 0x1FF8, 0x1FF8, 0x1FF8, 0x1FF8,
  0x1FF8, 0x1FF8, 0x1FF8, 0x1FF8, 0x1FF8, 0x1FF8, 0x1FF8, 0x1FF8,
  0x1FF8, 0x1FF8, 0x1FF8, 0x1FF8, 0x1FF8, 0x1FF8, 0x1FF8, 0x1FF8,
  0x1FF8, 0x1FF8, 0x1FF8, 0x1FF8, 0x1FF8, 0x1FF8, 0x1FF8, 0x1FF8,
  0x1FF8, 0x1FF8, 0x1FF8, 0x1FF8, 0x1FF8, 0x1FF8, 0x1FF8, 0x1FF8,
  0x1FF8, 0x1FF8, 0x1FF8, 0xA410, 0x8E4A, 0x6D42, 0xAE4A, 0xE418,
  0xB67C, 0xB67C, 0xB67C, 0xB67C, 0xB67C, 0xB67C, 0xB67C, 0xB67C,
  0xB67C, 0xB67C, 0xB67C, 0xB67C, 0xB67C, 0xB67C, 0xB67C, 0xB67C,
  0xB67C, 0xB67C, 0xB67C, 0xB67C, 0xB67C, 0xD784, 0xD36B, 0xA831,
  0x308C, 0xFFFF, 0xFFFF, 0xD39C, 0x8E4A, 0x8E4A, 0x8E4A, 0x8E4A,
  0x8E4A, 0x8E4A, 0x0000, 0x1FF8, 0x1FF8, 0x1FF8, 0x1FF8, 0x1FF8,
  0x1FF8, 0x1FF8, 0x1FF8, 0x1FF8, 0x1FF8, 0x1FF8, 0x1FF8, 0x1FF8,
  0x1FF8, 0x1FF8, 0x1FF8, 0x1FF8, 0x1FF8, 0x1FF8, 0x1FF8, 0x1FF8,
  0x1FF8, 0x1FF8, 0x1FF8, 0x1FF8, 0x1FF8, 0x1FF8, 0x1FF8, 0x1FF8,
  0x1FF8, 0x1FF8, 0x1FF8, 0x1FF8, 0x1FF8, 0x1FF8, 0x1FF8, 0x1FF8,
  0x1FF8, 0x1FF8, 0x1FF8, 0x1FF8, 0x1FF8, 0x1FF8, 0x1FF8, 0x1FF8,
  0x1FF8, 0x1FF8, 0x1FF8, 0x1FF8, 0x1FF8, 0x1FF8, 0x1FF8, 0x1FF8,
  0x1FF8, 0x1FF8, 0x1FF8, 0x1FF8, 0x1FF8, 0x1FF8, 0x1FF8, 0x1FF8,
  0x1FF8, 0x1FF8, 0x1FF8, 0x1FF8, 0x1FF8, 0x1FF8, 0x1FF8, 0x1FF8,
  0x1FF8, 0x1FF8, 0x1FF8, 0x1FF8, 0x1FF8, 0x1FF8, 0x1FF8, 0x1FF8,
  0x1FF8, 0x1FF8, 0x1FF8, 0x1FF8, 0x1FF8, 0x1FF8, 0x1FF8, 0x1FF8,
  0x1FF8, 0x1FF8, 0x1FF8, 0x1FF8, 0x1FF8, 0x1FF8, 0x1FF8, 0x1FF8,
  0x1FF8, 0x1FF8, 0x1FF8, 0x1FF8, 0x1FF8, 0x1FF8, 0x1FF8, 0x1FF8,
  0x1FF8, 0x1FF8, 0x1FF8, 0x1FF8, 0x6208, 0x8E4A, 0x6D42, 0xA310,
  0x967C, 0xB67C, 0xB67C, 0xB67C, 0xB67C, 0xB67C, 0xB67C, 0xB67C,
  0xB67C, 0xB67C, 0xB67C, 0xB67C, 0xB67C, 0xB67C, 0xB67C, 0xB67C,
  0xB67C, 0xB67C, 0xB67C, 0xB67C, 0xB67C, 0xB67C, 0xB67C, 0xB67C,
  0xB67C, 0xB67C, 0x0F4B, 0x96B5, 0xD394, 0xAF4A, 0x8E4A, 0x8E4A,
  0x8E4A, 0x8E4A, 0x8E4A, 0x8E4A, 0x4108, 0x1FF8, 0x1FF8, 0x1FF8,
  0x1FF8, 0x1FF8, 0x1FF8, 0x1FF8, 0x1FF8, 0x1FF8, 0x1FF8, 0x1FF8,
  0x1FF8, 0x1FF8, 0x1FF8, 0x1FF8, 0x1FF8, 0x1FF8, 0x1FF8, 0x1FF8,
  0x1FF8, 0x1FF8, 0x1FF8, 0x1FF8, 0x1FF8, 0x1FF8, 0x1FF8, 0x1FF8,
  0x1FF8, 0x1FF8, 0x1FF8, 0x1FF8, 0x1FF8, 0x1FF8, 0x1FF8, 0x1FF8,
  0x1FF8, 0x1FF8, 0x1FF8, 0x1FF8, 0x1FF8, 0x1FF8, 0x1FF8, 0x1FF8,
  0x1FF8, 0x1FF8, 0x1FF8, 0x1FF8, 0x1FF8, 0x1FF8, 0x1FF8, 0x1FF8,
  0x1FF8, 0x1FF8, 0x1FF8, 0x1FF8, 0x1FF8, 0x1FF8, 0x1FF8, 0x1FF8,
  0x1FF8, 0x1FF8, 0x1FF8, 0x1FF8, 0x1FF8, 0x1FF8, 0x1FF8, 0x1FF8,
  0x1FF8, 0x1FF8, 0x1FF8, 0x1FF8, 0x1FF8, 0x1FF8, 0x1FF8, 0x1FF8,
  0x1FF8, 0x1FF8, 0x1FF8, 0x1FF8, 0x1FF8, 0x1FF8, 0x1FF8, 0x1FF8,
  0x1FF8, 0x1FF8, 0x1FF8, 0x1FF8, 0x1FF8, 0x1FF8, 0x1FF8, 0x1FF8,
  0x1FF8, 0x1FF8, 0x1FF8, 0x1FF8, 0x1FF8, 0x1FF8, 0x1FF8, 0x1FF8,
  0x1FF8, 0x1FF8, 0x1FF8, 0x1FF8, 0x1FF8, 0x1FF8, 0x4D42, 0x6D42,
  0x4208, 0xF884, 0xB67C, 0xB67C, 0xB67C, 0xB67C, 0xB67C, 0xB67C,
  0xB67C, 0xB67C, 0xB67C, 0xB67C, 0xB67C, 0xB67C, 0xB67C, 0xB67C,
  0xB67C, 0xB67C, 0xB67C, 0xB67C, 0xB67C, 0xB67C, 0x967C, 0xB67C,
  0x967C, 0x3053, 0xA310, 0x4A42, 0x5BB6, 0x5BAE, 0x2721, 0x6D42,
  0x8E4A, 0x8E4A, 0x8E4A, 0x8E4A, 0x8E4A, 0x4D42, 0x1FF8, 0x1FF8,
  0x1FF8, 0x1FF8, 0x1FF8, 0x1FF8, 0x1FF8, 0x1FF8, 0x1FF8, 0x1FF8,
  0x1FF8, 0x1FF8, 0x1FF8, 0x1FF8, 0x1FF8, 0x1FF8, 0x1FF8, 0x1FF8,
  0x1FF8, 0x1FF8, 0x1FF8, 0x1FF8, 0x1FF8, 0x1FF8, 0x1FF8, 0x1FF8,
  0x1FF8, 0x1FF8, 0x1FF8, 0x1FF8, 0x1FF8, 0x1FF8, 0x1FF8, 0x1FF8,
  0x1FF8, 0x1FF8, 0x1FF8, 0x1FF8, 0x1FF8, 0x1FF8, 0x1FF8, 0x1FF8,
  0x1FF8, 0x1FF8, 0x1FF8, 0x1FF8, 0x1FF8, 0x1FF8, 0x1FF8, 0x1FF8,
  0x1FF8, 0x1FF8, 0x1FF8, 0x1FF8, 0x1FF8, 0x1FF8, 0x1FF8, 0x1FF8,
  0x1FF8, 0x1FF8, 0x1FF8, 0x1FF8, 0x1FF8, 0x1FF8, 0x1FF8, 0x1FF8,
  0x1FF8, 0x1FF8, 0x1FF8, 0x1FF8, 0x1FF8, 0x1FF8, 0x1FF8, 0x1FF8,
  0x1FF8, 0x1FF8, 0x1FF8, 0x1FF8, 0x1FF8, 0x1FF8, 0x1FF8, 0x1FF8,
  0x1FF8, 0x1FF8, 0x1FF8, 0x1FF8, 0x1FF8, 0x1FF8, 0x1FF8, 0x1FF8,
  0x1FF8, 0x1FF8, 0x1FF8, 0x1FF8, 0x1FF8, 0x1FF8, 0x1FF8, 0x1FF8,
  0x1FF8, 0x1FF8, 0x1FF8, 0x1FF8, 0x1FF8, 0x1FF8, 0x1FF8, 0x2100,
  0x8E4A, 0x2C3A, 0xAD42, 0x5574, 0xB77C, 0xB67C, 0xB67C, 0xB67C,
  0xB67C, 0xB67C, 0xB67C, 0xB67C, 0xB67C, 0xB67C, 0xB67C, 0xB67C,
  0x967C, 0x967C, 0xB67C, 0xD77C, 0x1885, 0x346C, 0x4B42, 0xA310,
  0x6629, 0x168D, 0x9CB6, 0x7CB6, 0x5BAE, 0x5BAE, 0x5BAE, 0x8629,
  0x8E4A, 0x8E4A, 0x8E4A, 0x8E4A, 0x8E4A, 0x8E4A, 0xCF4A, 0x1FF8,
  0x1FF8, 0x1FF8, 0x1FF8, 0x1FF8, 0x1FF8, 0x1FF8, 0x1FF8, 0x1FF8,
  0x1FF8, 0x1FF8, 0x1FF8, 0x1FF8, 0x1FF8, 0x1FF8, 0x1FF8, 0x1FF8,
  0x1FF8, 0x1FF8, 0x1FF8, 0x1FF8, 0x1FF8, 0x1FF8, 0x1FF8, 0x1FF8,
  0x1FF8, 0x1FF8, 0x1FF8, 0x1FF8, 0x1FF8, 0x1FF8, 0x1FF8, 0x1FF8,
  0x1FF8, 0x1FF8, 0x1FF8, 0x1FF8, 0x1FF8, 0x1FF8, 0x1FF8, 0x1FF8,
  0x1FF8, 0x1FF8, 0x1FF8, 0x1FF8, 0x1FF8, 0x1FF8, 0x1FF8, 0x1FF8,
  0x1FF8, 0x1FF8, 0x1FF8, 0x1FF8, 0x1FF8, 0x1FF8, 0x1FF8, 0x1FF8,
  0x1FF8, 0x1FF8, 0x1FF8, 0x1FF8, 0x1FF8, 0x1FF8, 0x1FF8, 0x1FF8,
  0x1FF8, 0x1FF8, 0x1FF8, 0x1FF8, 0x1FF8, 0x1FF8, 0x1FF8, 0x1FF8,
  0x1FF8, 0x1FF8, 0x1FF8, 0x1FF8, 0x1FF8, 0x1FF8, 0x1FF8, 0x1FF8,
  0x1FF8, 0x1FF8, 0x1FF8, 0x1FF8, 0x1FF8, 0x1FF8, 0x1FF8, 0x1FF8,
  0x1FF8, 0x1FF8, 0x1FF8, 0x1FF8, 0x1FF8, 0x1FF8, 0x1FF8, 0x1FF8,
  0x1FF8, 0x1FF8, 0x1FF8, 0x1FF8, 0x1FF8, 0x1FF8, 0x1FF8, 0x1FF8,
  0x1FF8, 0xEB31, 0x8E4A, 0xAF4A, 0x8829, 0xC418, 0x136C, 0xB77C,
  0xB67C, 0xB67C, 0x967C, 0xB67C, 0xB77C, 0xD77C, 0xF884, 0x1885,
  0x5574, 0xEA31, 0xA308, 0x4108, 0x0842, 0x54A5, 0x8631, 0xFEC6,
  0x9CB6, 0x5BAE, 0x5BAE, 0x5BAE, 0x5BAE, 0x5BAE, 0x5BAE, 0x5BAE,
  0x9CB6, 0x4721, 0x6D42, 0x8E4A, 0x8E4A, 0x8E4A, 0xAE4A, 0x4208,
  0x1FF8, 0x1FF8, 0x1FF8, 0x1FF8, 0x1FF8, 0x1FF8, 0x1FF8, 0x1FF8,
  0x1FF8, 0x1FF8, 0x1FF8, 0x1FF8, 0x1FF8, 0x1FF8, 0x1FF8, 0x1FF8,
  0x1FF8, 0x1FF8, 0x1FF8, 0x1FF8, 0x1FF8, 0x1FF8, 0x1FF8, 0x1FF8,
  0x1FF8, 0x1FF8, 0x1FF8, 0x1FF8, 0x1FF8, 0x1FF8, 0x1FF8, 0x1FF8,
  0x1FF8, 0x1FF8, 0x1FF8, 0x1FF8, 0x1FF8, 0x1FF8, 0x1FF8, 0x1FF8,
  0x1FF8, 0x1FF8, 0x1FF8, 0x1FF8, 0x1FF8, 0x1FF8, 0x1FF8, 0x1FF8,
  0x1FF8, 0x1FF8, 0x1FF8, 0x1FF8, 0x1FF8, 0x1FF8, 0x1FF8, 0x1FF8,
  0x1FF8, 0x1FF8, 0x1FF8, 0x1FF8, 0x1FF8, 0x1FF8, 0x1FF8, 0x1FF8,
  0x1FF8, 0x1FF8, 0x1FF8, 0x1FF8, 0x1FF8, 0x1FF8, 0x1FF8, 0x1FF8,
  0x1FF8, 0x1FF8, 0x1FF8, 0x1FF8, 0x1FF8, 0x1FF8, 0x1FF8, 0x1FF8,
  0x1FF8, 0x1FF8, 0x1FF8, 0x1FF8, 0x1FF8, 0x1FF8, 0x1FF8, 0x1FF8,
  0x1FF8, 0x1FF8, 0x1FF8, 0x1FF8, 0x1FF8, 0x1FF8, 0x1FF8, 0x1FF8,
  0x1FF8, 0x1FF8, 0x1FF8, 0x1FF8, 0x1FF8, 0x1FF8, 0x1FF8, 0x1FF8,
  0x1FF8, 0x1FF8, 0x0000, 0xAF4A, 0x8E4A, 0x8E4A, 0x8E4A, 0x2C3A,
  0x4108, 0x505B, 0xEE4A, 0xC929, 0xE518, 0x2100, 0xC318, 0x2C63,
  0xF7BD, 0xDEF7, 0xFFFF, 0xFFFF, 0xFFFF, 0xFFFF, 0xFFFF, 0x6952,
  0x7BB6, 0x5BAE, 0x5BAE, 0x5BAE, 0x5BAE, 0x5BAE, 0x5BAE, 0x5BAE,
  0x5BAE, 0x5BB6, 0xE418, 0x8E4A, 0x8E4A, 0x8E4A, 0x8E4A, 0xC418,
  0x1FF8, 0x1FF8, 0x1FF8, 0x1FF8, 0x1FF8, 0x1FF8, 0x1FF8, 0x1FF8,
  0x1FF8, 0x1FF8, 0x1FF8, 0x1FF8, 0x1FF8, 0x1FF8, 0x1FF8, 0x1FF8,
  0x1FF8, 0x1FF8, 0x1FF8, 0x1FF8, 0x1FF8, 0x1FF8, 0x1FF8, 0x1FF8,
  0x1FF8, 0x1FF8, 0x1FF8, 0x1FF8, 0x1FF8, 0x1FF8, 0x1FF8, 0x1FF8,
  0x1FF8, 0x1FF8, 0x1FF8, 0x1FF8, 0x1FF8, 0x1FF8, 0x1FF8, 0x1FF8,
  0x1FF8, 0x1FF8, 0x1FF8, 0x1FF8, 0x1FF8, 0x1FF8, 0x1FF8, 0x1FF8,
  0x1FF8, 0x1FF8, 0x1FF8, 0x1FF8, 0x1FF8, 0x1FF8, 0x1FF8, 0x1FF8,
  0x1FF8, 0x1FF8, 0x1FF8, 0x1FF8, 0x1FF8, 0x1FF8, 0x1FF8, 0x1FF8,
  0x1FF8, 0x1FF8, 0x1FF8, 0x1FF8, 0x1FF8, 0x1FF8, 0x1FF8, 0x1FF8,
  0x1FF8, 0x1FF8, 0x1FF8, 0x1FF8, 0x1FF8, 0x1FF8, 0x1FF8, 0x1FF8,
  0x1FF8, 0x1FF8, 0x1FF8, 0x1FF8, 0x1FF8, 0x1FF8, 0x1FF8, 0x1FF8,
  0x1FF8, 0x1FF8, 0x1FF8, 0x1FF8, 0x1FF8, 0x1FF8, 0x1FF8, 0x1FF8,
  0x1FF8, 0x1FF8, 0x1FF8, 0x1FF8, 0x1FF8, 0x1FF8, 0x1FF8, 0x1FF8,
  0x1FF8, 0x1FF8, 0x1FF8, 0x1FF8, 0x0000, 0x6721, 0x6D42, 0x8E4A,
  0x8E4A, 0x8E4A, 0x0B3A, 0x6631, 0xFFFF, 0xFFFF, 0xFFFF, 0xFFFF,
  0xFFFF, 0xFFFF, 0xFFFF, 0xFFFF, 0xFFFF, 0xFFFF, 0xFFFF, 0xFFFF,
  0x0C63, 0x5BB6, 0x5BAE, 0x5BAE, 0x5BAE, 0x5BAE, 0x5BAE, 0x5BAE,
  0x5BAE, 0x5BAE, 0x5BAE, 0x3BAE, 0xA929, 0x6D42, 0x8E4A, 0x0621,
  0x1FF8, 0x1FF8, 0x1FF8, 0x1FF8, 0x1FF8, 0x1FF8, 0x1FF8, 0x1FF8,
  0x1FF8, 0x1FF8, 0x1FF8, 0x1FF8, 0x1FF8, 0x1FF8, 0x1FF8, 0x1FF8,
  0x1FF8, 0x1FF8, 0x1FF8, 0x1FF8, 0x1FF8, 0x1FF8, 0x1FF8, 0x1FF8,
  0x1FF8, 0x1FF8, 0x1FF8, 0x1FF8, 0x1FF8, 0x1FF8, 0x1FF8, 0x1FF8,
  0x1FF8, 0x1FF8, 0x1FF8, 0x1FF8, 0x1FF8, 0x1FF8, 0x1FF8, 0x1FF8,
  0x1FF8, 0x1FF8, 0x1FF8, 0x1FF8, 0x1FF8, 0x1FF8, 0x1FF8, 0x1FF8,
  0x1FF8, 0x1FF8, 0x1FF8, 0x1FF8, 0x1FF8, 0x1FF8, 0x1FF8, 0x1FF8,
  0x1FF8, 0x1FF8, 0x1FF8, 0x1FF8, 0x1FF8, 0x1FF8, 0x1FF8, 0x1FF8,
  0x1FF8, 0x1FF8, 0x1FF8, 0x1FF8, 0x1FF8, 0x1FF8, 0x1FF8, 0x1FF8,
  0x1FF8, 0x1FF8, 0x1FF8, 0x1FF8, 0x1FF8, 0x1FF8, 0x1FF8, 0x1FF8,
  0x1FF8, 0x1FF8, 0x1FF8, 0x1FF8, 0x1FF8, 0x1FF8, 0x1FF8, 0x1FF8,
  0x1FF8, 0x1FF8, 0x1FF8, 0x1FF8, 0x1FF8, 0x1FF8, 0x1FF8, 0x1FF8,
  0x1FF8, 0x1FF8, 0x1FF8, 0x1FF8, 0x1FF8, 0x1FF8, 0x1FF8, 0x1FF8,
  0x1FF8, 0x1FF8, 0x1FF8, 0x1FF8, 0x1FF8, 0x1FF8, 0x1FF8, 0x0000,
  0x4721, 0x6D42, 0x8E4A, 0x8E4A, 0x8E4A, 0xCA31, 0x6529, 0x5DEF,
  0xFFFF, 0xFFFF, 0xFFFF, 0xFFFF, 0xFFFF, 0xFFFF, 0xFFFF, 0xFFFF,
  0xFFFF, 0xCB5A, 0x7BB6, 0x5BAE, 0x5BAE, 0x5BAE, 0x5BAE, 0x5BAE,
  0x5BAE, 0x5BAE, 0x5BAE, 0x5BAE, 0x5BAE, 0xE831, 0x8E4A, 0xA410,
  0x1FF8, 0x1FF8, 0x1FF8, 0x1FF8, 0x1FF8, 0x1FF8, 0x1FF8, 0x1FF8,
  0x1FF8, 0x1FF8, 0x1FF8, 0x1FF8, 0x1FF8, 0x1FF8, 0x1FF8, 0x1FF8,
  0x1FF8, 0x1FF8, 0x1FF8, 0x1FF8, 0x1FF8, 0x1FF8, 0x1FF8, 0x1FF8,
  0x1FF8, 0x1FF8, 0x1FF8, 0x1FF8, 0x1FF8, 0x1FF8, 0x1FF8, 0x1FF8,
  0x1FF8, 0x1FF8, 0x1FF8, 0x1FF8, 0x1FF8, 0x1FF8, 0x1FF8, 0x1FF8,
  0x1FF8, 0x1FF8, 0x1FF8, 0x1FF8, 0x1FF8, 0x1FF8, 0x1FF8, 0x1FF8,
  0x1FF8, 0x1FF8, 0x1FF8, 0x1FF8, 0x1FF8, 0x1FF8, 0x1FF8, 0x1FF8,
  0x1FF8, 0x1FF8, 0x1FF8, 0x1FF8, 0x1FF8, 0x1FF8, 0x1FF8, 0x1FF8,
  0x1FF8, 0x1FF8, 0x1FF8, 0x1FF8, 0x1FF8, 0x1FF8, 0x1FF8, 0x1FF8,
  0x1FF8, 0x1FF8, 0x1FF8, 0x1FF8, 0x1FF8, 0x1FF8, 0x1FF8, 0x1FF8,
  0x1FF8, 0x1FF8, 0x1FF8, 0x1FF8, 0x1FF8, 0x1FF8, 0x1FF8, 0x1FF8,
  0x1FF8, 0x1FF8, 0x1FF8, 0x1FF8, 0x1FF8, 0x1FF8, 0x1FF8, 0x1FF8,
  0x1FF8, 0x1FF8, 0x1FF8, 0x1FF8, 0x1FF8, 0x1FF8, 0x1FF8, 0x1FF8,
  0x1FF8, 0x1FF8, 0x1FF8, 0x1FF8, 0x1FF8, 0x1FF8, 0x1FF8, 0x1FF8,
  0x1FF8, 0xA929, 0x8E4A, 0x8E4A, 0x8E4A, 0x8E4A, 0x8E4A, 0xAF4A,
  0xC510, 0xEB62, 0xFFFF, 0xFFFF, 0xFFFF, 0xFFFF, 0xFFFF, 0xFFFF,
  0xFFFF, 0xFFFF, 0xC739, 0x8C42, 0x0D53, 0x7BB6, 0x5BAE, 0x5BAE,
  0x5BAE, 0x5BAE, 0x5BAE, 0x5BAE, 0x5BAE, 0x7CB6, 0x0D53, 0x0000,
  0x1FF8, 0x1FF8, 0x1FF8, 0x1FF8, 0x1FF8, 0x1FF8, 0x1FF8, 0x1FF8,
  0x1FF8, 0x1FF8, 0x1FF8, 0x1FF8, 0x1FF8, 0x1FF8, 0x1FF8, 0x1FF8,
  0x1FF8, 0x1FF8, 0x1FF8, 0x1FF8, 0x1FF8, 0x1FF8, 0x1FF8, 0x1FF8,
  0x1FF8, 0x1FF8, 0x1FF8, 0x1FF8, 0x1FF8, 0x1FF8, 0x1FF8, 0x1FF8,
  0x1FF8, 0x1FF8, 0x1FF8, 0x1FF8, 0x1FF8, 0x1FF8, 0x1FF8, 0x1FF8,
  0x1FF8, 0x1FF8, 0x1FF8, 0x1FF8, 0x1FF8, 0x1FF8, 0x1FF8, 0x1FF8,
  0x1FF8, 0x1FF8, 0x1FF8, 0x1FF8, 0x1FF8, 0x1FF8, 0x1FF8, 0x1FF8,
  0x1FF8, 0x1FF8, 0x1FF8, 0x1FF8, 0x1FF8, 0x1FF8, 0x1FF8, 0x1FF8,
  0x1FF8, 0x1FF8, 0x1FF8, 0x1FF8, 0x1FF8, 0x1FF8, 0x1FF8, 0x1FF8,
  0x1FF8, 0x1FF8, 0x1FF8, 0x1FF8, 0x1FF8, 0x1FF8, 0x1FF8, 0x1FF8,
  0x1FF8, 0x1FF8, 0x1FF8, 0x1FF8, 0x1FF8, 0x1FF8, 0x1FF8, 0x1FF8,
  0x1FF8, 0x1FF8, 0x1FF8, 0x1FF8, 0x1FF8, 0x1FF8, 0x1FF8, 0x1FF8,
  0x1FF8, 0x1FF8, 0x1FF8, 0x1FF8, 0x1FF8, 0x1FF8, 0x1FF8, 0x1FF8,
  0x1FF8, 0x1FF8, 0x1FF8, 0x1FF8, 0x1FF8, 0x1FF8, 0x1FF8, 0x1FF8,
  0x1FF8, 0x6208, 0xAE4A, 0x8E4A, 0x8E4A, 0x8E4A, 0x8E4A, 0x8E4A,
  0x8E4A, 0x8E4A, 0x6D42, 0x4208, 0xB6B5, 0xFFFF, 0xFFFF, 0xFFFF,
  0xFFFF, 0xFFFF, 0xFFFF, 0xC410, 0xB77C, 0xF884, 0x6721, 0x4A42,
  0xB89D, 0x9CB6, 0x5BAE, 0x7CB6, 0xB484, 0x8210, 0x1FF8, 0x1FF8,
  0x1FF8, 0x1FF8, 0x1FF8, 0x1FF8, 0x1FF8, 0x1FF8, 0x1FF8, 0x1FF8,
  0x1FF8, 0x1FF8, 0x1FF8, 0x1FF8, 0x1FF8, 0x1FF8, 0x1FF8, 0x1FF8,
  0x1FF8, 0x1FF8, 0x1FF8, 0x1FF8, 0x1FF8, 0x1FF8, 0x1FF8, 0x1FF8,
  0x1FF8, 0x1FF8, 0x1FF8, 0x1FF8, 0x1FF8, 0x1FF8, 0x1FF8, 0x1FF8,
  0x1FF8, 0x1FF8, 0x1FF8, 0x1FF8, 0x1FF8, 0x1FF8, 0x1FF8, 0x1FF8,
  0x1FF8, 0x1FF8, 0x1FF8, 0x1FF8, 0x1FF8, 0x1FF8, 0x1FF8, 0x1FF8,
  0x1FF8, 0x1FF8, 0x1FF8, 0x1FF8, 0x1FF8, 0x1FF8, 0x1FF8, 0x1FF8,
  0x1FF8, 0x1FF8, 0x1FF8, 0x1FF8, 0x1FF8, 0x1FF8, 0x1FF8, 0x1FF8,
  0x1FF8, 0x1FF8, 0x1FF8, 0x1FF8, 0x1FF8, 0x1FF8, 0x1FF8, 0x1FF8,
  0x1FF8, 0x1FF8, 0x1FF8, 0x1FF8, 0x1FF8, 0x1FF8, 0x1FF8, 0x1FF8,
  0x1FF8, 0x1FF8, 0x1FF8, 0x1FF8, 0x1FF8, 0x1FF8, 0x1FF8, 0x1FF8,
  0x1FF8, 0x1FF8, 0x1FF8, 0x1FF8, 0x1FF8, 0x1FF8, 0x1FF8, 0x1FF8,
  0x1FF8, 0x1FF8, 0x1FF8, 0x1FF8, 0x1FF8, 0x1FF8, 0x1FF8, 0x1FF8,
  0x1FF8, 0x1FF8, 0x1FF8, 0x1FF8, 0x1FF8, 0x1FF8, 0x1FF8, 0x1FF8,
  0x1FF8, 0x1FF8, 0x0B3A, 0x6D42, 0x8E4A, 0x8E4A, 0x8E4A, 0x8E4A,
  0x8E4A, 0x8E4A, 0x8E4A, 0x8E4A, 0x8E4A, 0xEB31, 0xC639, 0xFFFF,
  0xFFFF, 0xFFFF, 0xFFFF, 0xFFFF, 0x4721, 0x967C, 0xB67C, 0xB67C,
  0xD884, 0xD263, 0xA729, 0x5274, 0x0000, 0x1FF8, 0x1FF8, 0x1FF8,
  0x1FF8, 0x1FF8, 0x1FF8, 0x1FF8, 0x1FF8, 0x1FF8, 0x1FF8, 0x1FF8,
  0x1FF8, 0x1FF8, 0x1FF8, 0x1FF8, 0x1FF8, 0x1FF8, 0x1FF8, 0x1FF8,
  0x1FF8, 0x1FF8, 0x1FF8, 0x1FF8, 0x1FF8, 0x1FF8, 0x1FF8, 0x1FF8,
  0x1FF8, 0x1FF8, 0x1FF8, 0x1FF8, 0x1FF8, 0x1FF8, 0x1FF8, 0x1FF8,
  0x1FF8, 0x1FF8, 0x1FF8, 0x1FF8, 0x1FF8, 0x1FF8, 0x1FF8, 0x1FF8,
  0x1FF8, 0x1FF8, 0x1FF8, 0x1FF8, 0x1FF8, 0x1FF8, 0x1FF8, 0x1FF8,
  0x1FF8, 0x1FF8, 0x1FF8, 0x1FF8, 0x1FF8, 0x1FF8, 0x1FF8, 0x1FF8,
  0x1FF8, 0x1FF8, 0x1FF8, 0x1FF8, 0x1FF8, 0x1FF8, 0x1FF8, 0x1FF8,
  0x1FF8, 0x1FF8, 0x1FF8, 0x1FF8, 0x1FF8, 0x1FF8, 0x1FF8, 0x1FF8,
  0x1FF8, 0x1FF8, 0x1FF8, 0x1FF8, 0x1FF8, 0x1FF8, 0x1FF8, 0x1FF8,
  0x1FF8, 0x1FF8, 0x1FF8, 0x1FF8, 0x1FF8, 0x1FF8, 0x1FF8, 0x1FF8,
  0x1FF8, 0x1FF8, 0x1FF8, 0x1FF8, 0x1FF8, 0x1FF8, 0x1FF8, 0x1FF8,
  0x1FF8, 0x1FF8, 0x1FF8, 0x1FF8, 0x1FF8, 0x1FF8, 0x1FF8, 0x1FF8,
  0x1FF8, 0x1FF8, 0x1FF8, 0x1FF8, 0x1FF8, 0x1FF8, 0x1FF8, 0x1FF8,
  0x1FF8, 0x1FF8, 0x1FF8, 0x2000, 0x8E4A, 0x8E4A, 0x8E4A, 0x8E4A,
  0x8E4A, 0x8E4A, 0x8E4A, 0x8E4A, 0x8E4A, 0x8E4A, 0x6D42, 0x6D42,
  0xC518, 0xD294, 0xFFFF, 0xFFFF, 0xFFFF, 0xD263, 0xB67C, 0xB67C,
  0xB67C, 0x967C, 0xB77C, 0x8310, 0x1FF8, 0x1FF8, 0x1FF8, 0x1FF8,
  0x1FF8, 0x1FF8, 0x1FF8, 0x1FF8, 0x1FF8, 0x1FF8, 0x1FF8, 0x1FF8,
  0x1FF8, 0x1FF8, 0x1FF8, 0x1FF8, 0x1FF8, 0x1FF8, 0x1FF8, 0x1FF8,
  0x1FF8, 0x1FF8, 0x1FF8, 0x1FF8, 0x1FF8, 0x1FF8, 0x1FF8, 0x1FF8,
  0x1FF8, 0x1FF8, 0x1FF8, 0x1FF8, 0x1FF8, 0x1FF8, 0x1FF8, 0x1FF8,
  0x1FF8, 0x1FF8, 0x1FF8, 0x1FF8, 0x1FF8, 0x1FF8, 0x1FF8, 0x1FF8,
  0x1FF8, 0x1FF8, 0x1FF8, 0x1FF8, 0x1FF8, 0x1FF8, 0x1FF8, 0x1FF8,
  0x1FF8, 0x1FF8, 0x1FF8, 0x1FF8, 0x1FF8, 0x1FF8, 0x1FF8, 0x1FF8,
  0x1FF8, 0x1FF8, 0x1FF8, 0x1FF8, 0x1FF8, 0x1FF8, 0x1FF8, 0x1FF8,
  0x1FF8, 0x1FF8, 0x1FF8, 0x1FF8, 0x1FF8, 0x1FF8, 0x1FF8, 0x1FF8,
  0x1FF8, 0x1FF8, 0x1FF8, 0x1FF8, 0x1FF8, 0x1FF8, 0x1FF8, 0x1FF8,
  0x1FF8, 0x1FF8, 0x1FF8, 0x1FF8, 0x1FF8, 0x1FF8, 0x1FF8, 0x1FF8,
  0x1FF8, 0x1FF8, 0x1FF8, 0x1FF8, 0x1FF8, 0x1FF8, 0x1FF8, 0x1FF8,
  0x1FF8, 0x1FF8, 0x1FF8, 0x1FF8, 0x1FF8, 0x1FF8, 0x1FF8, 0x1FF8,
  0x1FF8, 0x1FF8, 0x1FF8, 0x1FF8, 0x1FF8, 0x1FF8, 0x1FF8, 0x1FF8,
  0x1FF8, 0x1FF8, 0x1FF8, 0x1FF8, 0x1FF8, 0x8929, 0x8E4A, 0x8E4A,
  0x8E4A, 0x8E4A, 0x8E4A, 0x8E4A, 0x8E4A, 0x8E4A, 0x8E4A, 0x8E4A,
  0x8E4A, 0x8E4A, 0x4D42, 0x0421, 0x5DEF, 0xEB62, 0xD77C, 0xB67C,
  0xB67C, 0xB77C, 0x5574, 0x2100, 0x1FF8, 0x1FF8, 0x1FF8, 0x1FF8,
  0x1FF8, 0x1FF8, 0x1FF8, 0x1FF8, 0x1FF8, 0x1FF8, 0x1FF8, 0x1FF8,
  0x1FF8, 0x1FF8, 0x1FF8, 0x1FF8, 0x1FF8, 0x1FF8, 0x1FF8, 0x1FF8,
  0x1FF8, 0x1FF8, 0x1FF8, 0x1FF8, 0x1FF8, 0x1FF8, 0x1FF8, 0x1FF8,
  0x1FF8, 0x1FF8, 0x1FF8, 0x1FF8, 0x1FF8, 0x1FF8, 0x1FF8, 0x1FF8,
  0x1FF8, 0x1FF8, 0x1FF8, 0x1FF8, 0x1FF8, 0x1FF8, 0x1FF8, 0x1FF8,
  0x1FF8, 0x1FF8, 0x1FF8, 0x1FF8, 0x1FF8, 0x1FF8, 0x1FF8, 0x1FF8,
  0x1FF8, 0x1FF8, 0x1FF8, 0x1FF8, 0x1FF8, 0x1FF8, 0x1FF8, 0x1FF8,
  0x1FF8, 0x1FF8, 0x1FF8, 0x1FF8, 0x1FF8, 0x1FF8, 0x1FF8, 0x1FF8,
  0x1FF8, 0x1FF8, 0x1FF8, 0x1FF8, 0x1FF8, 0x1FF8, 0x1FF8, 0x1FF8,
  0x1FF8, 0x1FF8, 0x1FF8, 0x1FF8, 0x1FF8, 0x1FF8, 0x1FF8, 0x1FF8,
  0x1FF8, 0x1FF8, 0x1FF8, 0x1FF8, 0x1FF8, 0x1FF8, 0x1FF8, 0x1FF8,
  0x1FF8, 0x1FF8, 0x1FF8, 0x1FF8, 0x1FF8, 0x1FF8, 0x1FF8, 0x1FF8,
  0x1FF8, 0x1FF8, 0x1FF8, 0x1FF8, 0x1FF8, 0x1FF8, 0x1FF8, 0x1FF8,
  0x1FF8, 0x1FF8, 0x1FF8, 0x1FF8, 0x1FF8, 0x1FF8, 0x1FF8, 0x1FF8,
  0x1FF8, 0x1FF8, 0x1FF8, 0x1FF8, 0x1FF8, 0x1FF8, 0x1FF8, 0x6D42,
  0x6D42, 0x8E4A, 0x8E4A, 0x8E4A, 0x8E4A, 0x8E4A, 0x8E4A, 0x8E4A,
  0x8E4A, 0x8E4A, 0x8E4A, 0x8E4A, 0x8E4A, 0x0B3A, 0x8310, 0xD263,
  0xD77C, 0x5A8D, 0x4108, 0x1FF8, 0x1FF8, 0x1FF8, 0x1FF8, 0x1FF8,
  0x1FF8, 0x1FF8, 0x1FF8, 0x1FF8, 0x1FF8, 0x1FF8, 0x1FF8, 0x1FF8,
  0x1FF8, 0x1FF8, 0x1FF8, 0x1FF8, 0x1FF8, 0x1FF8, 0x1FF8, 0x1FF8,
  0x1FF8, 0x1FF8, 0x1FF8, 0x1FF8, 0x1FF8, 0x1FF8, 0x1FF8, 0x1FF8,
  0x1FF8, 0x1FF8, 0x1FF8, 0x1FF8, 0x1FF8, 0x1FF8, 0x1FF8, 0x1FF8,
  0x1FF8, 0x1FF8, 0x1FF8, 0x1FF8, 0x1FF8, 0x1FF8, 0x1FF8, 0x1FF8,
  0x1FF8, 0x1FF8, 0x1FF8, 0x1FF8, 0x1FF8, 0x1FF8, 0x1FF8, 0x1FF8,
  0x1FF8, 0x1FF8, 0x1FF8, 0x1FF8, 0x1FF8, 0x1FF8, 0x1FF8, 0x1FF8,
  0x1FF8, 0x1FF8, 0x1FF8, 0x1FF8, 0x1FF8, 0x1FF8, 0x1FF8, 0x1FF8,
  0x1FF8, 0x1FF8, 0x1FF8, 0x1FF8, 0x1FF8, 0x1FF8, 0x1FF8, 0x1FF8,
  0x1FF8, 0x1FF8, 0x1FF8, 0x1FF8, 0x1FF8, 0x1FF8, 0x1FF8, 0x1FF8,
  0x1FF8, 0x1FF8, 0x1FF8, 0x1FF8, 0x1FF8, 0x1FF8, 0x1FF8, 0x1FF8,
  0x1FF8, 0x1FF8, 0x1FF8, 0x1FF8, 0x1FF8, 0x1FF8, 0x1FF8, 0x1FF8,
  0x1FF8, 0x1FF8, 0x1FF8, 0x1FF8, 0x1FF8, 0x1FF8, 0x1FF8, 0x1FF8,
  0x1FF8, 0x1FF8, 0x1FF8, 0x1FF8, 0x1FF8, 0x1FF8, 0x1FF8, 0x1FF8,
  0x1FF8, 0x1FF8, 0x1FF8, 0x1FF8, 0x1FF8, 0x1FF8, 0x1FF8, 0x1FF8,
  0x0000, 0x8E4A, 0x8E4A, 0x8E4A, 0x8E4A, 0x8E4A, 0x8E4A, 0x8E4A,
  0x8E4A, 0x8E4A, 0x8E4A, 0x8E4A, 0x8E4A, 0x8E4A, 0x8E4A, 0xAE4A,
  0xCA31, 0x6621, 0x0000, 0x1FF8, 0x1FF8, 0x1FF8, 0x1FF8, 0x1FF8,
  0x1FF8, 0x1FF8, 0x1FF8, 0x1FF8, 0x1FF8, 0x1FF8, 0x1FF8, 0x1FF8,
  0x1FF8, 0x1FF8, 0x1FF8, 0x1FF8, 0x1FF8, 0x1FF8, 0x1FF8, 0x1FF8,
  0x1FF8, 0x1FF8, 0x1FF8, 0x1FF8, 0x1FF8, 0x1FF8, 0x1FF8, 0x1FF8,
  0x1FF8, 0x1FF8, 0x1FF8, 0x1FF8, 0x1FF8, 0x1FF8, 0x1FF8, 0x1FF8,
  0x1FF8, 0x1FF8, 0x1FF8, 0x1FF8, 0x1FF8, 0x1FF8, 0x1FF8, 0x1FF8,
  0x1FF8, 0x1FF8, 0x1FF8, 0x1FF8, 0x1FF8, 0x1FF8, 0x1FF8, 0x1FF8,
  0x1FF8, 0x1FF8, 0x1FF8, 0x1FF8, 0x1FF8, 0x1FF8, 0x1FF8, 0x1FF8,
  0x1FF8, 0x1FF8, 0x1FF8, 0x1FF8, 0x1FF8, 0x1FF8, 0x1FF8, 0x1FF8,
  0x1FF8, 0x1FF8, 0x1FF8, 0x1FF8, 0x1FF8, 0x1FF8, 0x1FF8, 0x1FF8,
  0x1FF8, 0x1FF8, 0x1FF8, 0x1FF8, 0x1FF8, 0x1FF8, 0x1FF8, 0x1FF8,
  0x1FF8, 0x1FF8, 0x1FF8, 0x1FF8, 0x1FF8, 0x1FF8, 0x1FF8, 0x1FF8,
  0x1FF8, 0x1FF8, 0x1FF8, 0x1FF8, 0x1FF8, 0x1FF8, 0x1FF8, 0x1FF8,
  0x1FF8, 0x1FF8, 0x1FF8, 0x1FF8, 0x1FF8, 0x1FF8, 0x1FF8, 0x1FF8,
  0x1FF8, 0x1FF8, 0x1FF8, 0x1FF8, 0x1FF8, 0x1FF8, 0x1FF8, 0x1FF8,
  0x1FF8, 0x1FF8, 0x1FF8, 0x1FF8, 0x1FF8, 0x1FF8, 0x1FF8, 0x1FF8,
  0x1FF8, 0x1FF8, 0x2108, 0x8E4A, 0x8E4A, 0x8E4A, 0x8E4A, 0x8E4A,
  0x8E4A, 0x8E4A, 0x8E4A, 0x8E4A, 0x8E4A, 0x8E4A, 0x8E4A, 0x8E4A,
  0x8E4A, 0x6D42, 0xC418, 0x1FF8, 0x1FF8, 0x1FF8, 0x1FF8, 0x1FF8,
  0x1FF8, 0x1FF8, 0x1FF8, 0x1FF8, 0x1FF8, 0x1FF8, 0x1FF8, 0x1FF8,
  0x1FF8, 0x1FF8, 0x1FF8, 0x1FF8, 0x1FF8, 0x1FF8, 0x1FF8, 0x1FF8,
  0x1FF8, 0x1FF8, 0x1FF8, 0x1FF8, 0x1FF8, 0x1FF8, 0x1FF8, 0x1FF8,
  0x1FF8, 0x1FF8, 0x1FF8, 0x1FF8, 0x1FF8, 0x1FF8, 0x1FF8, 0x1FF8,
  0x1FF8, 0x1FF8, 0x1FF8, 0x1FF8, 0x1FF8, 0x1FF8, 0x1FF8, 0x1FF8,
  0x1FF8, 0x1FF8, 0x1FF8, 0x1FF8, 0x1FF8, 0x1FF8, 0x1FF8, 0x1FF8,
  0x1FF8, 0x1FF8, 0x1FF8, 0x1FF8, 0x1FF8, 0x1FF8, 0x1FF8, 0x1FF8,
  0x1FF8, 0x1FF8, 0x1FF8, 0x1FF8, 0x1FF8, 0x1FF8, 0x1FF8, 0x1FF8,
  0x1FF8, 0x1FF8, 0x1FF8, 0x1FF8, 0x1FF8, 0x1FF8, 0x1FF8, 0x1FF8,
  0x1FF8, 0x1FF8, 0x1FF8, 0x1FF8, 0x1FF8, 0x1FF8, 0x1FF8, 0x1FF8,
  0x1FF8, 0x1FF8, 0x1FF8, 0x1FF8, 0x1FF8, 0x1FF8, 0x1FF8, 0x1FF8,
  0x1FF8, 0x1FF8, 0x1FF8, 0x1FF8, 0x1FF8, 0x1FF8, 0x1FF8, 0x1FF8,
  0x1FF8, 0x1FF8, 0x1FF8, 0x1FF8, 0x1FF8, 0x1FF8, 0x1FF8, 0x1FF8,
  0x1FF8, 0x1FF8, 0x1FF8, 0x1FF8, 0x1FF8, 0x1FF8, 0x1FF8, 0x1FF8,
  0x1FF8, 0x1FF8, 0x1FF8, 0x1FF8, 0x1FF8, 0x1FF8, 0x1FF8, 0x1FF8,
  0x1FF8, 0x1FF8, 0x1FF8, 0x1FF8, 0xE518, 0x6D42, 0x8E4A, 0x8E4A,
  0x8E4A, 0x8E4A, 0x8E4A, 0x8E4A, 0x8E4A, 0x8E4A, 0x8E4A, 0x8E4A,
  0x8E4A, 0x6D42, 0x8E4A, 0x1FF8, 0x1FF8, 0x1FF8, 0x1FF8, 0x1FF8,
  0x1FF8, 0x1FF8, 0x1FF8, 0x1FF8, 0x1FF8, 0x1FF8, 0x1FF8, 0x1FF8,
  0x1FF8, 0x1FF8, 0x1FF8, 0x1FF8, 0x1FF8, 0x1FF8, 0x1FF8, 0x1FF8,
  0x1FF8, 0x1FF8, 0x1FF8, 0x1FF8, 0x1FF8, 0x1FF8, 0x1FF8, 0x1FF8,
  0x1FF8, 0x1FF8, 0x1FF8, 0x1FF8, 0x1FF8, 0x1FF8, 0x1FF8, 0x1FF8,
  0x1FF8, 0x1FF8, 0x1FF8, 0x1FF8, 0x1FF8, 0x1FF8, 0x1FF8, 0x1FF8,
  0x1FF8, 0x1FF8, 0x1FF8, 0x1FF8, 0x1FF8, 0x1FF8, 0x1FF8, 0x1FF8,
  0x1FF8, 0x1FF8, 0x1FF8, 0x1FF8, 0x1FF8, 0x1FF8, 0x1FF8, 0x1FF8,
  0x1FF8, 0x1FF8, 0x1FF8, 0x1FF8, 0x1FF8, 0x1FF8, 0x1FF8, 0x1FF8,
  0x1FF8, 0x1FF8, 0x1FF8, 0x1FF8, 0x1FF8, 0x1FF8, 0x1FF8, 0x1FF8,
  0x1FF8, 0x1FF8, 0x1FF8, 0x1FF8, 0x1FF8, 0x1FF8, 0x1FF8, 0x1FF8,
  0x1FF8, 0x1FF8, 0x1FF8, 0x1FF8, 0x1FF8, 0x1FF8, 0x1FF8, 0x1FF8,
  0x1FF8, 0x1FF8, 0x1FF8, 0x1FF8, 0x1FF8, 0x1FF8, 0x1FF8, 0x1FF8,
  0x1FF8, 0x1FF8, 0x1FF8, 0x1FF8, 0x1FF8, 0x1FF8, 0x1FF8, 0x1FF8,
  0x1FF8, 0x1FF8, 0x1FF8, 0x1FF8, 0x1FF8, 0x1FF8, 0x1FF8, 0x1FF8,
  0x1FF8, 0x1FF8, 0x1FF8, 0x1FF8, 0x1FF8, 0x1FF8, 0x1FF8, 0x1FF8,
  0x1FF8, 0x1FF8, 0x1FF8, 0x1FF8, 0x1FF8, 0x1FF8, 0x6829, 0x8E4A,
  0x8E4A, 0x8E4A, 0x8E4A, 0x8E4A, 0x8E4A, 0x8E4A, 0x8E4A, 0x8E4A,
  0x8E4A, 0x8E4A, 0x8E4A, 0x0000, 0x1FF8, 0x1FF8, 0x1FF8, 0x1FF8,
  0x1FF8, 0x1FF8, 0x1FF8, 0x1FF8, 0x1FF8, 0x1FF8, 0x1FF8, 0x1FF8,
  0x1FF8, 0x1FF8, 0x1FF8, 0x1FF8, 0x1FF8, 0x1FF8, 0x1FF8, 0x1FF8,
  0x1FF8, 0x1FF8, 0x1FF8, 0x1FF8, 0x1FF8, 0x1FF8, 0x1FF8, 0x1FF8,
  0x1FF8, 0x1FF8, 0x1FF8, 0x1FF8, 0x1FF8, 0x1FF8, 0x1FF8, 0x1FF8,
  0x1FF8, 0x1FF8, 0x1FF8, 0x1FF8, 0x1FF8, 0x1FF8, 0x1FF8, 0x1FF8,
  0x1FF8, 0x1FF8, 0x1FF8, 0x1FF8, 0x1FF8, 0x1FF8, 0x1FF8, 0x1FF8,
  0x1FF8, 0x1FF8, 0x1FF8, 0x1FF8, 0x1FF8, 0x1FF8, 0x1FF8, 0x1FF8,
  0x1FF8, 0x1FF8, 0x1FF8, 0x1FF8, 0x1FF8, 0x1FF8, 0x1FF8, 0x1FF8,
  0x1FF8, 0x1FF8, 0x1FF8, 0x1FF8, 0x1FF8, 0x1FF8, 0x1FF8, 0x1FF8,
  0x1FF8, 0x1FF8, 0x1FF8, 0x1FF8, 0x1FF8, 0x1FF8, 0x1FF8, 0x1FF8,
  0x1FF8, 0x1FF8, 0x1FF8, 0x1FF8, 0x1FF8, 0x1FF8, 0x1FF8, 0x1FF8,
  0x1FF8, 0x1FF8, 0x1FF8, 0x1FF8, 0x1FF8, 0x1FF8, 0x1FF8, 0x1FF8,
  0x1FF8, 0x1FF8, 0x1FF8, 0x1FF8, 0x1FF8, 0x1FF8, 0x1FF8, 0x1FF8,
  0x1FF8, 0x1FF8, 0x1FF8, 0x1FF8, 0x1FF8, 0x1FF8, 0x1FF8, 0x1FF8,
  0x1FF8, 0x1FF8, 0x1FF8, 0x1FF8, 0x1FF8, 0x1FF8, 0x1FF8, 0x1FF8,
  0x1FF8, 0x1FF8, 0x1FF8, 0x1FF8, 0x1FF8, 0x1FF8, 0x1FF8, 0x1FF8,
  0xA929, 0x8E4A, 0x8E4A, 0x8E4A, 0x8E4A, 0x8E4A, 0x8E4A, 0x8E4A,
  0x8E4A, 0x8E4A, 0xAE4A, 0x0000, 0x1FF8, 0x1FF8, 0x1FF8, 0x1FF8,
  0x1FF8, 0x1FF8, 0x1FF8, 0x1FF8, 0x1FF8, 0x1FF8, 0x1FF8, 0x1FF8,
  0x1FF8, 0x1FF8, 0x1FF8, 0x1FF8, 0x1FF8, 0x1FF8, 0x1FF8, 0x1FF8,
  0x1FF8, 0x1FF8, 0x1FF8, 0x1FF8, 0x1FF8, 0x1FF8, 0x1FF8, 0x1FF8,
  0x1FF8, 0x1FF8, 0x1FF8, 0x1FF8, 0x1FF8, 0x1FF8, 0x1FF8, 0x1FF8,
  0x1FF8, 0x1FF8, 0x1FF8, 0x1FF8, 0x1FF8, 0x1FF8, 0x1FF8, 0x1FF8,
  0x1FF8, 0x1FF8, 0x1FF8, 0x1FF8, 0x1FF8, 0x1FF8, 0x1FF8, 0x1FF8,
  0x1FF8, 0x1FF8, 0x1FF8, 0x1FF8, 0x1FF8, 0x1FF8, 0x1FF8, 0x1FF8,
  0x1FF8, 0x1FF8, 0x1FF8, 0x1FF8, 0x1FF8, 0x1FF8, 0x1FF8, 0x1FF8,
  0x1FF8, 0x1FF8, 0x1FF8, 0x1FF8, 0x1FF8, 0x1FF8, 0x1FF8, 0x1FF8,
  0x1FF8, 0x1FF8, 0x1FF8, 0x1FF8, 0x1FF8, 0x1FF8, 0x1FF8, 0x1FF8,
  0x1FF8, 0x1FF8, 0x1FF8, 0x1FF8, 0x1FF8, 0x1FF8, 0x1FF8, 0x1FF8,
  0x1FF8, 0x1FF8, 0x1FF8, 0x1FF8, 0x1FF8, 0x1FF8, 0x1FF8, 0x1FF8,
  0x1FF8, 0x1FF8, 0x1FF8, 0x1FF8, 0x1FF8, 0x1FF8, 0x1FF8, 0x1FF8,
  0x1FF8, 0x1FF8, 0x1FF8, 0x1FF8, 0x1FF8, 0x1FF8, 0x1FF8, 0x1FF8,
  0x1FF8, 0x1FF8, 0x1FF8, 0x1FF8, 0x1FF8, 0x1FF8, 0x1FF8, 0x1FF8,
  0x1FF8, 0x1FF8, 0x1FF8, 0x1FF8, 0x1FF8, 0x1FF8, 0x1FF8, 0x1FF8,
  0x1FF8, 0x1FF8, 0xA931, 0x8E4A, 0x8E4A, 0x8E4A, 0x8E4A, 0x8E4A,
  0x8E4A, 0x6D42, 0xAE4A, 0x4208, 0x1FF8, 0x1FF8, 0x1FF8, 0x1FF8,
  0x1FF8, 0x1FF8, 0x1FF8, 0x1FF8, 0x1FF8, 0x1FF8, 0x1FF8, 0x1FF8,
  0x1FF8, 0x1FF8, 0x1FF8, 0x1FF8, 0x1FF8, 0x1FF8, 0x1FF8, 0x1FF8,
  0x1FF8, 0x1FF8, 0x1FF8, 0x1FF8, 0x1FF8, 0x1FF8, 0x1FF8, 0x1FF8,
  0x1FF8, 0x1FF8, 0x1FF8, 0x1FF8, 0x1FF8, 0x1FF8, 0x1FF8, 0x1FF8,
  0x1FF8, 0x1FF8, 0x1FF8, 0x1FF8, 0x1FF8, 0x1FF8, 0x1FF8, 0x1FF8,
  0x1FF8, 0x1FF8, 0x1FF8, 0x1FF8, 0x1FF8, 0x1FF8, 0x1FF8, 0x1FF8,
  0x1FF8, 0x1FF8, 0x1FF8, 0x1FF8, 0x1FF8, 0x1FF8, 0x1FF8, 0x1FF8,
  0x1FF8, 0x1FF8, 0x1FF8, 0x1FF8, 0x1FF8, 0x1FF8, 0x1FF8, 0x1FF8,
  0x1FF8, 0x1FF8, 0x1FF8, 0x1FF8, 0x1FF8, 0x1FF8, 0x1FF8, 0x1FF8,
  0x1FF8, 0x1FF8, 0x1FF8, 0x1FF8, 0x1FF8, 0x1FF8, 0x1FF8, 0x1FF8,
  0x1FF8, 0x1FF8, 0x1FF8, 0x1FF8, 0x1FF8, 0x1FF8, 0x1FF8, 0x1FF8,
  0x1FF8, 0x1FF8, 0x1FF8, 0x1FF8, 0x1FF8, 0x1FF8, 0x1FF8, 0x1FF8,
  0x1FF8, 0x1FF8, 0x1FF8, 0x1FF8, 0x1FF8, 0x1FF8, 0x1FF8, 0x1FF8,
  0x1FF8, 0x1FF8, 0x1FF8, 0x1FF8, 0x1FF8, 0x1FF8, 0x1FF8, 0x1FF8,
  0x1FF8, 0x1FF8, 0x1FF8, 0x1FF8, 0x1FF8, 0x1FF8, 0x1FF8, 0x1FF8,
  0x1FF8, 0x1FF8, 0x1FF8, 0x1FF8, 0x1FF8, 0x1FF8, 0x1FF8, 0x1FF8,
  0x1FF8, 0x1FF8, 0x1FF8, 0x1FF8, 0x2721, 0x8E4A, 0x8E4A, 0x8E4A,
  0x8E4A, 0x8E4A, 0x8E4A, 0x0000, 0x1FF8, 0x1FF8, 0x1FF8, 0x1FF8,
  0x1FF8, 0x1FF8, 0x1FF8, 0x1FF8, 0x1FF8, 0x1FF8, 0x1FF8, 0x1FF8,
  0x1FF8, 0x1FF8, 0x1FF8, 0x1FF8, 0x1FF8, 0x1FF8, 0x1FF8, 0x1FF8,
  0x1FF8, 0x1FF8, 0x1FF8, 0x1FF8, 0x1FF8, 0x1FF8, 0x1FF8, 0x1FF8,
  0x1FF8, 0x1FF8, 0x1FF8, 0x1FF8, 0x1FF8, 0x1FF8, 0x1FF8, 0x1FF8,
  0x1FF8, 0x1FF8, 0x1FF8, 0x1FF8, 0x1FF8, 0x1FF8, 0x1FF8, 0x1FF8,
  0x1FF8, 0x1FF8, 0x1FF8, 0x1FF8, 0x1FF8, 0x1FF8, 0x1FF8, 0x1FF8,
  0x1FF8, 0x1FF8, 0x1FF8, 0x1FF8, 0x1FF8, 0x1FF8, 0x1FF8, 0x1FF8,
  0x1FF8, 0x1FF8, 0x1FF8, 0x1FF8, 0x1FF8, 0x1FF8, 0x1FF8, 0x1FF8,
  0x1FF8, 0x1FF8, 0x1FF8, 0x1FF8, 0x1FF8, 0x1FF8, 0x1FF8, 0x1FF8,
  0x1FF8, 0x1FF8, 0x1FF8, 0x1FF8, 0x1FF8, 0x1FF8, 0x1FF8, 0x1FF8,
  0x1FF8, 0x1FF8, 0x1FF8, 0x1FF8, 0x1FF8, 0x1FF8, 0x1FF8, 0x1FF8,
  0x1FF8, 0x1FF8, 0x1FF8, 0x1FF8, 0x1FF8, 0x1FF8, 0x1FF8, 0x1FF8,
  0x1FF8, 0x1FF8, 0x1FF8, 0x1FF8, 0x1FF8, 0x1FF8, 0x1FF8, 0x1FF8,
  0x1FF8, 0x1FF8, 0x1FF8, 0x1FF8, 0x1FF8, 0x1FF8, 0x1FF8, 0x1FF8,
  0x1FF8, 0x1FF8, 0x1FF8, 0x1FF8, 0x1FF8, 0x1FF8, 0x1FF8, 0x1FF8,
  0x1FF8, 0x1FF8, 0x1FF8, 0x1FF8, 0x1FF8, 0x1FF8, 0x1FF8, 0x1FF8,
  0x1FF8, 0x1FF8, 0x1FF8, 0x1FF8, 0x1FF8, 0x1FF8, 0x8310, 0x8E4A,
  0x6D42, 0x8E4A, 0x2C42, 0x0000, 0x1FF8, 0x1FF8, 0x1FF8, 0x1FF8,
  0x1FF8, 0x1FF8, 0x1FF8, 0x1FF8, 0x1FF8, 0x1FF8, 0x1FF8, 0x1FF8,
  0x1FF8, 0x1FF8, 0x1FF8, 0x1FF8, 0x1FF8, 0x1FF8, 0x1FF8, 0x1FF8,
  0x1FF8, 0x1FF8, 0x1FF8, 0x1FF8, 0x1FF8, 0x1FF8, 0x1FF8, 0x1FF8,
  0x1FF8, 0x1FF8, 0x1FF8, 0x1FF8, 0x1FF8, 0x1FF8, 0x1FF8, 0x1FF8,
  0x1FF8, 0x1FF8, 0x1FF8, 0x1FF8, 0x1FF8, 0x1FF8, 0x1FF8, 0x1FF8,
  0x1FF8, 0x1FF8, 0x1FF8, 0x1FF8, 0x1FF8, 0x1FF8, 0x1FF8, 0x1FF8,
  0x1FF8, 0x1FF8, 0x1FF8, 0x1FF8, 0x1FF8, 0x1FF8, 0x1FF8, 0x1FF8,
  0x1FF8, 0x1FF8, 0x1FF8, 0x1FF8, 0x1FF8, 0x1FF8, 0x1FF8, 0x1FF8,
  0x1FF8, 0x1FF8, 0x1FF8, 0x1FF8, 0x1FF8, 0x1FF8, 0x1FF8, 0x1FF8,
  0x1FF8, 0x1FF8, 0x1FF8, 0x1FF8, 0x1FF8, 0x1FF8, 0x1FF8, 0x1FF8,
  0x1FF8, 0x1FF8, 0x1FF8, 0x1FF8, 0x1FF8, 0x1FF8, 0x1FF8, 0x1FF8,
  0x1FF8, 0x1FF8, 0x1FF8, 0x1FF8, 0x1FF8, 0x1FF8, 0x1FF8, 0x1FF8,
  0x1FF8, 0x1FF8, 0x1FF8, 0x1FF8, 0x1FF8, 0x1FF8, 0x1FF8, 0x1FF8,
  0x1FF8, 0x1FF8, 0x1FF8, 0x1FF8, 0x1FF8, 0x1FF8, 0x1FF8, 0x1FF8,
  0x1FF8, 0x1FF8, 0x1FF8, 0x1FF8, 0x1FF8, 0x1FF8, 0x1FF8, 0x1FF8,
  0x1FF8, 0x1FF8, 0x1FF8, 0x1FF8, 0x1FF8, 0x1FF8, 0x1FF8, 0x1FF8,
  0x1FF8, 0x1FF8, 0x1FF8, 0x1FF8, 0x1FF8, 0x1FF8, 0x1FF8, 0x1FF8,
  0x0000, 0x4C42, 0x4721, 0x1FF8, 0x1FF8, 0x1FF8, 0x1FF8, 0x1FF8,
  0x1FF8, 0x1FF8, 0x1FF8, 0x1FF8, 0x1FF8, 0x1FF8, 0x1FF8, 0x1FF8,
  0x1FF8, 0x1FF8, 0x1FF8, 0x1FF8, 0x1FF8, 0x1FF8, 0x1FF8, 0x1FF8,
  0x1FF8, 0x1FF8, 0x1FF8, 0x1FF8, 0x1FF8, 0x1FF8, 0x1FF8, 0x1FF8,
  0x1FF8, 0x1FF8, 0x1FF8, 0x1FF8, 0x1FF8, 0x1FF8, 0x1FF8, 0x1FF8,
  0x1FF8, 0x1FF8, 0x1FF8, 0x1FF8, 0x1FF8, 0x1FF8, 0x1FF8, 0x1FF8,
  0x1FF8, 0x1FF8, 0x1FF8, 0x1FF8, 0x1FF8, 0x1FF8, 0x1FF8, 0x1FF8,
  0x1FF8, 0x1FF8, 0x1FF8, 0x1FF8, 0x1FF8, 0x1FF8, 0x1FF8, 0x1FF8,
  0x1FF8, 0x1FF8, 0x1FF8, 0x1FF8, 0x1FF8, 0x1FF8, 0x1FF8, 0x1FF8,
  0x1FF8, 0x1FF8, 0x1FF8, 0x1FF8, 0x1FF8, 0x1FF8, 0x1FF8, 0x1FF8,
  0x1FF8, 0x1FF8, 0x1FF8, 0x1FF8, 0x1FF8, 0x1FF8, 0x1FF8, 0x1FF8,
  0x1FF8, 0x1FF8, 0x1FF8, 0x1FF8, 0x1FF8, 0x1FF8, 0x1FF8, 0x1FF8,
  0x1FF8, 0x1FF8, 0x1FF8, 0x1FF8, 0x1FF8, 0x1FF8, 0x1FF8, 0x1FF8,
  0x1FF8, 0x1FF8, 0x1FF8, 0x1FF8, 0x1FF8, 0x1FF8, 0x1FF8, 0x1FF8,
  0x1FF8, 0x1FF8, 0x1FF8, 0x1FF8, 0x1FF8, 0x1FF8, 0x1FF8, 0x1FF8,
  0x1FF8, 0x1FF8, 0x1FF8, 0x1FF8, 0x1FF8, 0x1FF8, 0x1FF8, 0x1FF8,
  0x1FF8, 0x1FF8, 0x1FF8, 0x1FF8, 0x1FF8, 0x1FF8, 0x1FF8, 0x1FF8,
  0x1FF8, 0x1FF8, 0x1FF8, 0x1FF8, 0x1FF8, 0x1FF8, 0x1FF8, 0x1FF8,
  0x1FF8, 0x1FF8, 0x1FF8, 0x1FF8, 0x1FF8, 0x1FF8, 0x1FF8, 0x1FF8,
  0x1FF8, 0x1FF8, 0x1FF8, 0x1FF8, 0x1FF8, 0x1FF8, 0x1FF8, 0x1FF8,
  0x1FF8, 0x1FF8, 0x1FF8, 0x1FF8, 0x1FF8, 0x1FF8, 0x1FF8, 0x1FF8,
  0x1FF8, 0x1FF8, 0x1FF8, 0x1FF8, 0x1FF8, 0x1FF8, 0x1FF8, 0x1FF8,
  0x1FF8, 0x1FF8, 0x1FF8, 0x1FF8, 0x1FF8, 0x1FF8, 0x1FF8, 0x1FF8,
  0x1FF8, 0x1FF8, 0x1FF8, 0x1FF8, 0x1FF8, 0x1FF8, 0x1FF8, 0x1FF8,
  0x1FF8, 0x1FF8, 0x1FF8, 0x1FF8, 0x1FF8, 0x1FF8, 0x1FF8, 0x1FF8,
  0x1FF8, 0x1FF8, 0x1FF8, 0x1FF8, 0x1FF8, 0x1FF8, 0x1FF8, 0x1FF8,
  0x1FF8, 0x1FF8, 0x1FF8, 0x1FF8, 0x1FF8, 0x1FF8, 0x1FF8, 0x1FF8,
  0x1FF8, 0x1FF8, 0x1FF8, 0x1FF8, 0x1FF8, 0x1FF8, 0x1FF8, 0x1FF8,
  0x1FF8, 0x1FF8, 0x1FF8, 0x1FF8, 0x1FF8, 0x1FF8, 0x1FF8, 0x1FF8,
  0x1FF8, 0x1FF8, 0x1FF8, 0x1FF8, 0x1FF8, 0x1FF8, 0x1FF8, 0x1FF8,
  0x1FF8, 0x1FF8, 0x1FF8, 0x1FF8, 0x1FF8, 0x1FF8, 0x1FF8, 0x1FF8,
  0x1FF8, 0x1FF8, 0x1FF8, 0x1FF8, 0x1FF8, 0x1FF8, 0x1FF8, 0x1FF8,
  0x1FF8, 0x1FF8, 0x1FF8, 0x1FF8, 0x1FF8, 0x1FF8, 0x1FF8, 0x1FF8,
  0x1FF8,
};
static const shapoco::gfx2d::Texture tex_r_leg = {
  shapoco::gfx2d::PixelFormat::RGB565_SWAPPED, 145, 65, 290, tex_r_legData,
};

alignas(4) static const uint16_t tex_rpants_fData[] = {
  0x1FF8, 0x1FF8, 0x1FF8, 0x1FF8, 0x1FF8, 0x1FF8, 0x1FF8, 0x1FF8,
  0x1FF8, 0x1FF8, 0x1FF8, 0x1FF8, 0x1FF8, 0x1FF8, 0x1FF8, 0x1FF8,
  0x1FF8, 0x1FF8, 0x1FF8, 0x1FF8, 0x1FF8, 0x1FF8, 0x1FF8, 0x1FF8,
  0x1FF8, 0x1FF8, 0x1FF8, 0x1FF8, 0x1FF8, 0x1FF8, 0x1FF8, 0x0000,
  0x6729, 0x0000, 0x1FF8, 0x1FF8, 0x1FF8, 0x1FF8, 0x1FF8, 0x1FF8,
  0x1FF8, 0x1FF8, 0x1FF8, 0x1FF8, 0x1FF8, 0x1FF8, 0x1FF8, 0x1FF8,
  0x1FF8, 0x1FF8, 0x1FF8, 0x1FF8, 0x1FF8, 0x1FF8, 0x1FF8, 0x1FF8,
  0x1FF8, 0x1FF8, 0x1FF8, 0x1FF8, 0x1FF8, 0x1FF8, 0x1FF8, 0x6208,
  0x0E5B, 0xC831, 0x0000, 0x1FF8, 0x1FF8, 0x1FF8, 0x1FF8, 0x1FF8,
  0x1FF8, 0x1FF8, 0x1FF8, 0x1FF8, 0x1FF8, 0x1FF8, 0x1FF8, 0x1FF8,
  0x1FF8, 0x1FF8, 0x1FF8, 0x1FF8, 0x1FF8, 0x1FF8, 0x1FF8, 0x1FF8,
  0x1FF8, 0x1FF8, 0x1FF8, 0x1FF8, 0x1FF8, 0x1FF8, 0x1FF8, 0x0000,
  0xCD4A, 0xAD4A, 0x6208, 0x1FF8, 0x1FF8, 0x1FF8, 0x1FF8, 0x1FF8,
  0x1FF8, 0x1FF8, 0x1FF8, 0x1FF8, 0x1FF8, 0x1FF8, 0x1FF8, 0x1FF8,
  0x1FF8, 0x1FF8, 0x1FF8, 0x1FF8, 0x1FF8, 0x1FF8, 0x1FF8, 0x1FF8,
  0x1FF8, 0x1FF8, 0x1FF8, 0x1FF8, 0x1FF8, 0x1FF8, 0x1FF8, 0xED52,
  0xCD52, 0xCD52, 0xA831, 0x1FF8, 0x1FF8, 0x1FF8, 0x1FF8, 0x1FF8,
  0x1FF8, 0x1FF8, 0x1FF8, 0x1FF8, 0x1FF8, 0x1FF8, 0x1FF8, 0x1FF8,
  0x1FF8, 0x1FF8, 0x1FF8, 0x1FF8, 0x1FF8, 0x1FF8, 0x1FF8, 0x1FF8,
  0x1FF8, 0x1FF8, 0x1FF8, 0x1FF8, 0x1FF8, 0x1FF8, 0xE939, 0xCD4A,
  0xCD52, 0xCD52, 0x2A3A, 0x2100, 0x1FF8, 0x1FF8, 0x1FF8, 0x1FF8,
  0x1FF8, 0x1FF8, 0x1FF8, 0x1FF8, 0x1FF8, 0x1FF8, 0x1FF8, 0x1FF8,
  0x1FF8, 0x1FF8, 0x1FF8, 0x1FF8, 0x1FF8, 0x1FF8, 0x1FF8, 0x1FF8,
  0x1FF8, 0x1FF8, 0x1FF8, 0x1FF8, 0x1FF8, 0x0419, 0xCD4A, 0xCD52,
  0xCD52, 0xCD52, 0xEE52, 0xE931, 0x0000, 0x1FF8, 0x1FF8, 0x1FF8,
  0x1FF8, 0x1FF8, 0x1FF8, 0x1FF8, 0x1FF8, 0x1FF8, 0x1FF8, 0x1FF8,
  0x1FF8, 0x1FF8, 0x1FF8, 0x1FF8, 0x1FF8, 0x1FF8, 0x1FF8, 0x1FF8,
  0x1FF8, 0x1FF8, 0x1FF8, 0x1FF8, 0x8210, 0xCD52, 0xCD52, 0xCD52,
  0x8310, 0xCD52, 0xCD52, 0xCD4A, 0xC418, 0x1FF8, 0x1FF8, 0x1FF8,
  0x1FF8, 0x1FF8, 0x1FF8, 0x1FF8, 0x1FF8, 0x1FF8, 0x1FF8, 0x1FF8,
  0x1FF8, 0x1FF8, 0x1FF8, 0x1FF8, 0x1FF8, 0x1FF8, 0x1FF8, 0x1FF8,
  0x1FF8, 0x1FF8, 0x1FF8, 0x4108, 0xCD52, 0xCD52, 0xCD4A, 0xC831,
  0xCD4A, 0xCD52, 0xCD52, 0xCD4A, 0xAC4A, 0x2108, 0x1FF8, 0x1FF8,
  0x1FF8, 0x1FF8, 0x1FF8, 0x1FF8, 0x1FF8, 0x1FF8, 0x1FF8, 0x1FF8,
  0x1FF8, 0x1FF8, 0x1FF8, 0x1FF8, 0x1FF8, 0x1FF8, 0x1FF8, 0x1FF8,
  0x1FF8, 0x1FF8, 0x4108, 0xCD52, 0xCD52, 0xCD52, 0x8C4A, 0xAC4A,
  0xCD52, 0xCD52, 0xCD52, 0xCD52, 0x0E5B, 0x0519, 0x1FF8, 0x1FF8,
  0x1FF8, 0x1FF8, 0x1FF8, 0x1FF8, 0x1FF8, 0x1FF8, 0x1FF8, 0x1FF8,
  0x1FF8, 0x1FF8, 0x1FF8, 0x1FF8, 0x1FF8, 0x1FF8, 0x1FF8, 0x1FF8,
  0x1FF8, 0x4108, 0xCD52, 0xCD52, 0xCD52, 0xEE52, 0x6B42, 0xCD52,
  0xCD52, 0xCD52, 0xCD52, 0xCD52, 0xCD52, 0x2A3A, 0x0000, 0x1FF8,
  0x1FF8, 0x1FF8, 0x1FF8, 0x1FF8, 0x1FF8, 0x1FF8, 0x1FF8, 0x1FF8,
  0x1FF8, 0x1FF8, 0x1FF8, 0x1FF8, 0x1FF8, 0x1FF8, 0x1FF8, 0x1FF8,
  0x4108, 0xCD52, 0xCD52, 0xCD52, 0x2E5B, 0x2A3A, 0xCD52, 0xCD52,
  0xCD52, 0xCD52, 0xCD52, 0xCD52, 0xCD52, 0xCD4A, 0x2100, 0x1FF8,
  0x1FF8, 0x1FF8, 0x1FF8, 0x1FF8, 0x1FF8, 0x1FF8, 0x1FF8, 0x1FF8,
  0x1FF8, 0x1FF8, 0x1FF8, 0x1FF8, 0x1FF8, 0x1FF8, 0x1FF8, 0x4108,
  0xCD52, 0xCD52, 0xCD52, 0x2E5B, 0x4A42, 0xCD52, 0xCD52, 0xCD52,
  0xCD52, 0xCD52, 0xCD52, 0xCD52, 0xCD52, 0xED52, 0x0519, 0x1FF8,
  0x1FF8, 0x1FF8, 0x1FF8, 0x1FF8, 0x1FF8, 0x1FF8, 0x1FF8, 0x1FF8,
  0x1FF8, 0x1FF8, 0x1FF8, 0x1FF8, 0x1FF8, 0x1FF8, 0x8210, 0xCD52,
  0xCD52, 0xCD52, 0xAD4A, 0xAD4A, 0xCD52, 0xCD52, 0xCD52, 0xCD52,
  0xCD52, 0xCD52, 0xCD52, 0xCD52, 0xCD52, 0xCD52, 0xE931, 0x0000,
  0x1FF8, 0x1FF8, 0x1FF8, 0x1FF8, 0x1FF8, 0x1FF8, 0x1FF8, 0x1FF8,
  0x1FF8, 0x1FF8, 0x1FF8, 0x1FF8, 0x1FF8, 0xC310, 0xCD52, 0xCD52,
  0xCD52, 0x4A42, 0xCD4A, 0xCD52, 0xCD52, 0xCD52, 0xCD52, 0xCD52,
  0xCD52, 0xCD52, 0xCD52, 0xCD52, 0xCD52, 0xCD52, 0x8B42, 0x0000,
  0x1FF8, 0x1FF8, 0x1FF8, 0x1FF8, 0x1FF8, 0x1FF8, 0x1FF8, 0x1FF8,
  0x1FF8, 0x1FF8, 0x1FF8, 0x1FF8, 0x0521, 0xCD52, 0xCD52, 0xCD52,
  0xC831, 0xCD4A, 0xCD52, 0xCD52, 0xCD52, 0xCD52, 0xCD52, 0xCD52,
  0xCD52, 0xCD52, 0xCD52, 0xCD52, 0xCD52, 0xCD52, 0xCD52, 0x4108,
  0x1FF8, 0x1FF8, 0x1FF8, 0x1FF8, 0x1FF8, 0x1FF8, 0x1FF8, 0x1FF8,
  0x1FF8, 0x1FF8, 0x1FF8, 0x8729, 0xCD4A, 0xCD52, 0xCD4A, 0xE418,
  0xCD52, 0xCD52, 0xCD52, 0xCD52, 0xCD52, 0xCD52, 0xCD52, 0xCD52,
  0xCD52, 0xCD52, 0xCD52, 0xCD52, 0xCD52, 0xCD52, 0xEE52, 0xC418,
  0x1FF8, 0x1FF8, 0x1FF8, 0x1FF8, 0x1FF8, 0x1FF8, 0x1FF8, 0x1FF8,
  0x1FF8, 0x1FF8, 0x0A3A, 0xCD52, 0xCD52, 0xCD52, 0x6208, 0xCD4A,
  0xCD52, 0xCD52, 0xCD52, 0xCD52, 0xCD52, 0xCD52, 0xCD52, 0xCD52,
  0xCD52, 0xCD52, 0xCD52, 0xCD52, 0xCD52, 0xCD52, 0xEE52, 0x2521,
  0x1FF8, 0x1FF8, 0x1FF8, 0x1FF8, 0x1FF8, 0x1FF8, 0x1FF8, 0x1FF8,
  0x1FF8, 0x8C4A, 0xCD52, 0xCD52, 0xED52, 0x6208, 0xCD4A, 0xCD52,
  0xCD52, 0xCD52, 0xCD52, 0xCD52, 0xCD52, 0xCD52, 0xCD52, 0xCD52,
  0xCD52, 0xCD52, 0xCD52, 0xCD52, 0xCD52, 0xCD52, 0xCD52, 0x2521,
  0x1FF8, 0x1FF8, 0x1FF8, 0x1FF8, 0x1FF8, 0x1FF8, 0x1FF8, 0x1FF8,
  0xED52, 0xCD52, 0xCD52, 0xEE52, 0x0519, 0xCD52, 0xCD52, 0xCD52,
  0xCD52, 0xCD52, 0xCD52, 0xCD52, 0xCD52, 0xCD52, 0xCD52, 0xCD52,
  0xCD52, 0xCD52, 0xCD52, 0xCD52, 0xCD52, 0xCD52, 0xCD52, 0x4621,
  0x1FF8, 0x1FF8, 0x1FF8, 0x1FF8, 0x1FF8, 0x1FF8, 0x0000, 0x0E53,
  0xCD52, 0xCD52, 0x0E53, 0xE931, 0xCD52, 0xCD52, 0xCD52, 0xCD52,
  0xCD52, 0xCD52, 0xCD52, 0xCD52, 0xCD52, 0xCD52, 0xCD52, 0xCD52,
  0xCD52, 0xCD52, 0xCD52, 0xCD52, 0xCD52, 0xCD52, 0xCD52, 0x0519,
  0x1FF8, 0x1FF8, 0x1FF8, 0x1FF8, 0x1FF8, 0x0000, 0xED52, 0xCD52,
  0xCD52, 0xCD4A, 0x6B42, 0xCD52, 0xCD52, 0xCD52, 0xCD52, 0xCD52,
  0xCD52, 0xCD52, 0xCD52, 0xCD52, 0xCD52, 0xCD52, 0xCD52, 0xCD52,
  0xCD52, 0xCD52, 0xCD52, 0xCD52, 0xCD52, 0xCD52, 0xEE52, 0x0000,
  0x1FF8, 0x1FF8, 0x1FF8, 0x1FF8, 0x6208, 0xCD52, 0xCD52, 0xCD52,
  0x6B42, 0xAC4A, 0xCD52, 0xCD52, 0xCD52, 0xCD52, 0xCD52, 0xCD52,
  0xCD52, 0xCD52, 0xCD52, 0xCD52, 0xCD52, 0xCD52, 0xCD52, 0xCD52,
  0xCD52, 0xCD52, 0xCD52, 0xCD52, 0xCD52, 0xCD52, 0xAD4A, 0x0000,
  0x1FF8, 0x1FF8, 0x1FF8, 0xE418, 0xCD52, 0xCD52, 0xCD4A, 0xA831,
  0xAD4A, 0xCD52, 0xCD52, 0xCD52, 0xCD52, 0xCD52, 0xCD52, 0xCD52,
  0xCD52, 0xCD52, 0xCD52, 0xCD52, 0xCD52, 0xCD52, 0xCD52, 0xCD52,
  0xCD52, 0xCD52, 0xCD52, 0xCD52, 0xCD52, 0xCD52, 0xC418, 0x1FF8,
  0x1FF8, 0x1FF8, 0xC831, 0xCD52, 0xCD52, 0xCD4A, 0xE418, 0xCD4A,
  0xCD52, 0xCD52, 0xCD52, 0xCD52, 0xCD52, 0xCD52, 0xCD52, 0xCD52,
  0xCD52, 0xCD52, 0xCD52, 0xCD52, 0xCD52, 0xCD52, 0xCD52, 0xCD52,
  0xCD52, 0xCD52, 0xCD52, 0xCD52, 0xAC4A, 0x1FF8, 0x1FF8, 0x1FF8,
  0x1FF8, 0x4B42, 0xCD52, 0xCD52, 0xCD52, 0xA310, 0xCD52, 0xCD52,
  0xCD52, 0xCD52, 0xCD52, 0xCD52, 0xCD52, 0xCD52, 0xCD52, 0xCD52,
  0xCD52, 0xCD52, 0xCD52, 0xCD52, 0xCD52, 0xCD52, 0xCD52, 0xCD52,
  0xCD52, 0xCD52, 0xCD52, 0xE418, 0x1FF8, 0x1FF8, 0x1FF8, 0x1FF8,
  0xAC4A, 0xCD52, 0xCD52, 0xCD52, 0x6208, 0xCD52, 0xCD52, 0xCD52,
  0xCD52, 0xCD52, 0xCD52, 0xCD52, 0xCD52, 0xCD52, 0xCD52, 0xCD52,
  0xCD52, 0xCD52, 0xCD52, 0xCD52, 0xCD52, 0xCD52, 0xCD52, 0xCD52,
  0xCD52, 0xAC4A, 0x1FF8, 0x1FF8, 0x1FF8, 0x1FF8, 0x1FF8, 0xEE52,
  0xCD52, 0xCD52, 0xED52, 0xA310, 0xCD52, 0xCD52, 0xCD52, 0xCD52,
  0xCD52, 0xCD52, 0xCD52, 0xCD52, 0xCD52, 0xCD52, 0xCD52, 0xCD52,
  0xCD52, 0xCD52, 0xCD52, 0xCD52, 0xCD52, 0xCD52, 0xCD52, 0xCD4A,
  0x4108, 0x1FF8, 0x1FF8, 0x1FF8, 0x1FF8, 0x1FF8, 0x0E5B, 0xCD52,
  0xCD52, 0xEE52, 0x2621, 0xCD52, 0xCD52, 0xCD52, 0xCD52, 0xCD52,
  0xCD52, 0xCD52, 0xCD52, 0xCD52, 0xCD52, 0xCD52, 0xCD52, 0xCD52,
  0xCD52, 0xCD52, 0xCD52, 0xCD52, 0xCD52, 0xCD52, 0xCD4A, 0x1FF8,
  0x1FF8, 0x1FF8, 0x1FF8, 0x1FF8, 0x0000, 0x0E53, 0xCD52, 0xCD52,
  0x0E53, 0xC831, 0xCD52, 0xCD52, 0xCD52, 0xCD52, 0xCD52, 0xCD52,
  0xCD52, 0xCD52, 0xCD52, 0xCD52, 0xCD52, 0xCD52, 0xCD52, 0xCD52,
  0xCD52, 0xCD52, 0xCD52, 0xCD52, 0xED52, 0x6208, 0x1FF8, 0x1FF8,
  0x1FF8, 0x1FF8, 0x1FF8, 0x4108, 0xED52, 0xCD52, 0xCD52, 0xCD52,
  0x4A42, 0xCD52, 0xCD52, 0xCD52, 0xCD52, 0xCD52, 0xCD52, 0xCD52,
  0xCD52, 0xCD52, 0xCD52, 0xCD52, 0xCD52, 0xCD52, 0xCD52, 0xCD52,
  0xCD52, 0xCD52, 0xCD52, 0x6B42, 0x1FF8, 0x1FF8, 0x1FF8, 0x1FF8,
  0x1FF8, 0x1FF8, 0xA310, 0xCD52, 0xCD52, 0xCD52, 0x6B42, 0x8C4A,
  0xCD52, 0xCD52, 0xCD52, 0xCD52, 0xCD52, 0xCD52, 0xCD52, 0xCD52,
  0xCD52, 0xCD52, 0xCD52, 0xCD52, 0xCD52, 0xCD52, 0xCD52, 0xCD52,
  0xCD52, 0xED52, 0x6208, 0x1FF8, 0x1FF8, 0x1FF8, 0x1FF8, 0x1FF8,
  0x1FF8, 0x2521, 0xCD4A, 0xCD52, 0xCD4A, 0xE939, 0xAD4A, 0xCD52,
  0xCD52, 0xCD52, 0xCD52, 0xCD52, 0xCD52, 0xCD52, 0xCD52, 0xCD52,
  0xCD52, 0xCD52, 0xCD52, 0xCD52, 0xCD52, 0xCD52, 0xCD52, 0xCD52,
  0x6B42, 0x1FF8, 0x1FF8, 0x1FF8, 0x1FF8, 0x1FF8, 0x1FF8, 0x1FF8,
  0xC831, 0xCD4A, 0xCD52, 0xCD4A, 0x8729, 0xCD4A, 0xCD52, 0xCD52,
  0xCD52, 0xCD52, 0xCD52, 0xCD52, 0xCD52, 0xCD52, 0xCD52, 0xCD52,
  0xCD52, 0xCD52, 0xCD52, 0xCD52, 0xCD52, 0xCD52, 0xCD52, 0x4108,
  0x1FF8, 0x1FF8, 0x1FF8, 0x1FF8, 0x1FF8, 0x1FF8, 0x1FF8, 0x6B42,
  0xCD52, 0xCD52, 0xCD4A, 0xE418, 0xCD52, 0xCD52, 0xCD52, 0xCD52,
  0xCD52, 0xCD52, 0xCD52, 0xCD52, 0xCD52, 0xCD52, 0xCD52, 0xCD52,
  0xCD52, 0xCD52, 0xCD52, 0xCD52, 0xCD52, 0xAC4A, 0x1FF8, 0x1FF8,
  0x1FF8, 0x1FF8, 0x1FF8, 0x1FF8, 0x1FF8, 0x1FF8, 0xAC4A, 0xCD52,
  0xCD52, 0xCD52, 0xA310, 0xCD52, 0xCD52, 0xCD52, 0xCD52, 0xCD52,
  0xCD52, 0xCD52, 0xCD52, 0xCD52, 0xCD52, 0xCD52, 0xCD52, 0xCD52,
  0xCD52, 0xCD52, 0xCD52, 0xCD52, 0x8210, 0x1FF8, 0x1FF8, 0x1FF8,
  0x1FF8, 0x1FF8, 0x1FF8, 0x1FF8, 0x1FF8, 0xAC4A, 0xCD52, 0xCD52,
  0xCD52, 0xA310, 0xCD52, 0xCD52, 0xCD52, 0xCD52, 0xCD52, 0xCD52,
  0xCD52, 0xCD52, 0xCD52, 0xCD52, 0xCD52, 0xCD52, 0xCD52, 0xCD52,
  0xCD52, 0xCD52, 0x0E53, 0x0000, 0x1FF8, 0x1FF8, 0x1FF8, 0x1FF8,
  0x1FF8, 0x1FF8, 0x1FF8, 0x1FF8, 0xAC4A, 0xCD52, 0xCD52, 0xCD52,
  0x8210, 0xCD52, 0xCD52, 0xCD52, 0xCD52, 0xCD52, 0xCD52, 0xCD52,
  0xCD52, 0xCD52, 0xCD52, 0xCD52, 0xCD52, 0xCD52, 0xCD52, 0xCD52,
  0xCD52, 0xC831, 0x1FF8, 0x1FF8, 0x1FF8, 0x1FF8, 0x1FF8, 0x1FF8,
  0x1FF8, 0x1FF8, 0x1FF8, 0xCD4A, 0xCD52, 0xCD52, 0xCD52, 0x8208,
  0xCD52, 0xCD52, 0xCD52, 0xCD52, 0xCD52, 0xCD52, 0xCD52, 0xCD52,
  0xCD52, 0xCD52, 0xCD52, 0xCD52, 0xCD52, 0xCD52, 0xCD52, 0xEE52,
  0x2108, 0x1FF8, 0x1FF8, 0x1FF8, 0x1FF8, 0x1FF8, 0x1FF8, 0x1FF8,
  0x1FF8, 0x1FF8, 0xCD4A, 0xCD52, 0xCD52, 0xCD52, 0x8210, 0xCD52,
  0xCD52, 0xCD52, 0xCD52, 0xCD52, 0xCD52, 0xCD52, 0xCD52, 0xCD52,
  0xCD52, 0xCD52, 0xCD52, 0xCD52, 0xCD52, 0xCD52, 0x4B42, 0x1FF8,
  0x1FF8, 0x1FF8, 0x1FF8, 0x1FF8, 0x1FF8, 0x1FF8, 0x1FF8, 0x1FF8,
  0x1FF8, 0xAD4A, 0xCD52, 0xCD52, 0xCD4A, 0x8310, 0xCD52, 0xCD52,
  0xCD52, 0xCD52, 0xCD52, 0xCD52, 0xCD52, 0xCD52, 0xCD52, 0xCD52,
  0xCD52, 0xCD52, 0xCD52, 0xCD52, 0xCD52, 0xA310, 0x1FF8, 0x1FF8,
  0x1FF8, 0x1FF8, 0x1FF8, 0x1FF8, 0x1FF8, 0x1FF8, 0x1FF8, 0x1FF8,
  0xCD4A, 0xCD52, 0xCD52, 0xCD4A, 0xA310, 0xCD4A, 0xCD52, 0xCD52,
  0xCD52, 0xCD52, 0xCD52, 0xCD52, 0xCD52, 0xCD52, 0xCD52, 0xCD52,
  0xCD52, 0xCD52, 0xCD52, 0xCD52, 0x0000, 0x1FF8, 0x1FF8, 0x1FF8,
  0x1FF8, 0x1FF8, 0x1FF8, 0x1FF8, 0x1FF8, 0x1FF8, 0x1FF8, 0xAC4A,
  0xCD52, 0xCD52, 0xCD4A, 0x8210, 0xCD4A, 0xCD52, 0xCD52, 0xCD52,
  0xCD52, 0xCD52, 0xCD52, 0xCD52, 0xCD52, 0xCD52, 0xCD52, 0xCD52,
  0xCD52, 0xCD4A, 0x093A, 0x1FF8, 0x1FF8, 0x1FF8, 0x1FF8, 0x1FF8,
  0x1FF8, 0x1FF8, 0x1FF8, 0x1FF8, 0x1FF8, 0x1FF8, 0x6B42, 0xCD52,
  0xCD52, 0xCD52, 0xA310, 0xCD4A, 0xCD52, 0xCD52, 0xCD52, 0xCD52,
  0xCD52, 0xCD52, 0xCD52, 0xCD52, 0xCD52, 0xCD52, 0xCD52, 0xCD52,
  0xCD52, 0x4108, 0x1FF8, 0x1FF8, 0x1FF8, 0x1FF8, 0x1FF8, 0x1FF8,
  0x1FF8, 0x1FF8, 0x1FF8, 0x1FF8, 0x1FF8, 0x0A3A, 0xCD4A, 0xCD52,
  0xCD4A, 0xA310, 0xCD52, 0xCD52, 0xCD52, 0xCD52, 0xCD52, 0xCD52,
  0xCD52, 0xCD52, 0xCD52, 0xCD52, 0xCD52, 0xCD52, 0xCD52, 0xAD4A,
  0x0000, 0x1FF8, 0x1FF8, 0x1FF8, 0x1FF8, 0x1FF8, 0x1FF8, 0x1FF8,
  0x1FF8, 0x1FF8, 0x1FF8, 0x1FF8, 0xE939, 0xCD4A, 0xCD52, 0xCD4A,
  0x0519, 0xCD52, 0xCD52, 0xCD52, 0xCD52, 0xCD52, 0xCD52, 0xCD52,
  0xCD52, 0xCD52, 0xCD52, 0xCD52, 0xCD52, 0xCD52, 0x4B42, 0x1FF8,
  0x1FF8, 0x1FF8, 0x1FF8, 0x1FF8, 0x1FF8, 0x1FF8, 0x1FF8, 0x1FF8,
  0x1FF8, 0x1FF8, 0x1FF8, 0x8729, 0xCD4A, 0xCD52, 0xCD4A, 0x2A3A,
  0xCD52, 0xCD52, 0xCD52, 0xCD52, 0xCD52, 0xCD52, 0xCD52, 0xCD52,
  0xCD52, 0xCD52, 0xCD52, 0xCD52, 0xCD52, 0x8210, 0x1FF8, 0x1FF8,
  0x1FF8, 0x1FF8, 0x1FF8, 0x1FF8, 0x1FF8, 0x1FF8, 0x1FF8, 0x1FF8,
  0x1FF8, 0x1FF8, 0xA310, 0xCD52, 0xCD52, 0xCD52, 0xEE52, 0xEE52,
  0xCD52, 0xCD52, 0xCD52, 0xCD52, 0xCD52, 0xCD52, 0xCD52, 0xCD52,
  0xCD52, 0xCD52, 0xCD52, 0xCD52, 0x0000, 0x1FF8, 0x1FF8, 0x1FF8,
  0x1FF8, 0x1FF8, 0x1FF8, 0x1FF8, 0x1FF8, 0x1FF8, 0x1FF8, 0x1FF8,
  0x1FF8, 0x0000, 0xCD52, 0xCD52, 0xCD52, 0xED52, 0xAD4A, 0xCD52,
  0xCD52, 0xCD52, 0xCD52, 0xCD52, 0xCD52, 0xCD52, 0xCD52, 0xCD52,
  0xCD52, 0xCD52, 0xEE52, 0x1FF8, 0x1FF8, 0x1FF8, 0x1FF8, 0x1FF8,
  0x1FF8, 0x1FF8, 0x1FF8, 0x1FF8, 0x1FF8, 0x1FF8, 0x1FF8, 0x1FF8,
  0x0000, 0xCD52, 0xCD52, 0xCD52, 0xCD4A, 0x093A, 0xCD4A, 0xCD52,
  0xCD52, 0xCD52, 0xCD52, 0xCD52, 0xCD52, 0xCD52, 0xCD52, 0xCD52,
  0xCD52, 0x8C4A, 0x1FF8, 0x1FF8, 0x1FF8, 0x1FF8, 0x1FF8, 0x1FF8,
  0x1FF8, 0x1FF8, 0x1FF8, 0x1FF8, 0x1FF8, 0x1FF8, 0x1FF8, 0x1FF8,
  0xCD4A, 0xCD52, 0xCD52, 0xCD4A, 0xCD4A, 0xCD52, 0xCD52, 0xCD52,
  0xCD52, 0xCD52, 0xCD52, 0xCD52, 0xCD52, 0xCD52, 0xCD52, 0xCD52,
  0x8729, 0x1FF8, 0x1FF8, 0x1FF8, 0x1FF8, 0x1FF8, 0x1FF8, 0x1FF8,
  0x1FF8, 0x1FF8, 0x1FF8, 0x1FF8, 0x1FF8, 0x1FF8, 0x1FF8, 0xE418,
  0xCD4A, 0xCD52, 0xCD52, 0xCD52, 0xCD52, 0xCD52, 0xCD52, 0xCD52,
  0xCD52, 0xCD52, 0xCD52, 0xCD52, 0xCD52, 0xCD52, 0xCD52, 0xC310,
  0x1FF8, 0x1FF8, 0x1FF8, 0x1FF8, 0x1FF8, 0x1FF8, 0x1FF8, 0x1FF8,
  0x1FF8, 0x1FF8, 0x1FF8, 0x1FF8, 0x1FF8, 0x1FF8, 0x0000, 0xEE52,
  0xCD52, 0xCD52, 0xCD52, 0xCD52, 0xCD52, 0xCD52, 0xCD52, 0xCD52,
  0xCD52, 0xCD52, 0xCD52, 0xCD52, 0xCD52, 0xCD4A, 0x6208, 0x1FF8,
  0x1FF8, 0x1FF8, 0x1FF8, 0x1FF8, 0x1FF8, 0x1FF8, 0x1FF8, 0x1FF8,
  0x1FF8, 0x1FF8, 0x1FF8, 0x1FF8, 0x1FF8, 0x1FF8, 0xCD52, 0xCD52,
  0xCD52, 0xCD52, 0xCD52, 0xCD52, 0xCD52, 0xCD52, 0xCD52, 0xCD52,
  0xCD52, 0xCD52, 0xCD52, 0xCD52, 0xCD4A, 0x0000, 0x1FF8, 0x1FF8,
  0x1FF8, 0x1FF8, 0x1FF8, 0x1FF8, 0x1FF8, 0x1FF8, 0x1FF8, 0x1FF8,
  0x1FF8, 0x1FF8, 0x1FF8, 0x1FF8, 0x1FF8, 0x2521, 0xCD52, 0xCD52,
  0xCD52, 0xCD52, 0xCD52, 0xCD52, 0xCD52, 0xCD52, 0xCD52, 0xCD52,
  0xCD52, 0xCD52, 0xCD52, 0xCD52, 0x0000, 0x1FF8, 0x1FF8, 0x1FF8,
  0x1FF8, 0x1FF8, 0x1FF8, 0x1FF8, 0x1FF8, 0x1FF8, 0x1FF8, 0x1FF8,
  0x1FF8, 0x1FF8, 0x1FF8, 0x1FF8, 0x0000, 0xCD52, 0xCD52, 0xCD52,
  0xED52, 0xC831, 0xCD4A, 0xCD52, 0xCD52, 0xCD52, 0xCD52, 0xCD52,
  0xCD52, 0xCD52, 0xCD4A, 0x0000, 0x1FF8, 0x1FF8, 0x1FF8, 0x1FF8,
  0x1FF8, 0x1FF8, 0x1FF8, 0x1FF8, 0x1FF8, 0x1FF8, 0x1FF8, 0x1FF8,
  0x1FF8, 0x1FF8, 0x1FF8, 0x1FF8, 0xED52, 0xCD52, 0xCD52, 0xCD4A,
  0x8210, 0xCD52, 0xCD52, 0xCD52, 0xCD52, 0xCD52, 0xCD52, 0xCD52,
  0xCD52, 0xCD4A, 0x2000, 0x1FF8, 0x1FF8, 0x1FF8, 0x1FF8, 0x1FF8,
  0x1FF8, 0x1FF8, 0x1FF8, 0x1FF8, 0x1FF8, 0x1FF8, 0x1FF8, 0x1FF8,
  0x1FF8, 0x1FF8, 0x1FF8, 0x8729, 0xCD52, 0xCD52, 0xCD52, 0x8C4A,
  0xCD52, 0xCD52, 0xCD52, 0xCD52, 0xCD52, 0xCD52, 0xCD52, 0xCD52,
  0xCD4A, 0x4108, 0x1FF8, 0x1FF8, 0x1FF8, 0x1FF8, 0x1FF8, 0x1FF8,
  0x1FF8, 0x1FF8, 0x1FF8, 0x1FF8, 0x1FF8, 0x1FF8, 0x1FF8, 0x1FF8,
  0x1FF8, 0x1FF8, 0x0000, 0xCD52, 0xCD52, 0xCD52, 0xCD52, 0xA310,
  0xCD52, 0xCD52, 0xCD52, 0xCD52, 0xCD52, 0xCD52, 0xCD52, 0xCD4A,
  0xC418, 0x1FF8, 0x1FF8, 0x1FF8, 0x1FF8, 0x1FF8, 0x1FF8, 0x1FF8,
  0x1FF8, 0x1FF8, 0x1FF8, 0x1FF8, 0x1FF8, 0x1FF8, 0x1FF8, 0x1FF8,
  0x1FF8, 0x1FF8, 0xCD4A, 0xCD52, 0xCD52, 0xCD52, 0x0E53, 0x2A3A,
  0xCD4A, 0xCD52, 0xCD52, 0xCD52, 0xCD52, 0xCD52, 0xCD4A, 0xA729,
  0x1FF8, 0x1FF8, 0x1FF8, 0x1FF8, 0x1FF8, 0x1FF8, 0x1FF8, 0x1FF8,
  0x1FF8, 0x1FF8, 0x1FF8, 0x1FF8, 0x1FF8, 0x1FF8, 0x1FF8, 0x1FF8,
  0x1FF8, 0x6208, 0xCD52, 0xCD52, 0xCD52, 0xCD4A, 0x4B42, 0xCD4A,
  0xCD4A, 0xCD4A, 0xED52, 0xEE52, 0x8C4A, 0xE931, 0xA310, 0x1FF8,
  0x1FF8, 0x1FF8, 0x1FF8, 0x1FF8, 0x1FF8, 0x1FF8, 0x1FF8, 0x1FF8,
  0x1FF8, 0x1FF8, 0x1FF8, 0x1FF8, 0x1FF8, 0x1FF8, 0x1FF8, 0x1FF8,
  0x1FF8, 0xCD52, 0xCD4A, 0xCD52, 0xEE52, 0x0E53, 0x6B42, 0x2521,
  0x6208, 0x0000, 0x1FF8, 0x1FF8, 0x1FF8, 0x1FF8, 0x1FF8, 0x1FF8,
  0x1FF8, 0x1FF8, 0x1FF8, 0x1FF8, 0x1FF8, 0x1FF8, 0x1FF8, 0x1FF8,
  0x1FF8, 0x1FF8, 0x1FF8, 0x1FF8, 0x1FF8, 0x1FF8, 0x1FF8, 0x1FF8,
  0x0000, 0x2000, 0x0000, 0x0000, 0x1FF8, 0x1FF8, 0x1FF8, 0x1FF8,
  0x1FF8, 0x1FF8, 0x1FF8, 0x1FF8, 0x1FF8, 0x1FF8, 0x1FF8, 0x1FF8,
  0x1FF8, 0x1FF8, 0x1FF8, 0x1FF8, 0x1FF8, 0x1FF8, 0x1FF8, 0x1FF8,
  0x1FF8, 0x1FF8, 0x1FF8, 0x1FF8, 0x1FF8, 0x1FF8, 0x1FF8, 0x1FF8,
  0x1FF8, 0x1FF8, 0x1FF8, 0x1FF8, 0x1FF8, 0x1FF8, 0x1FF8, 0x1FF8,
  0x1FF8, 0x1FF8, 0x1FF8, 0x1FF8, 0x1FF8, 0x1FF8, 0x1FF8, 0x1FF8,
  0x1FF8, 0x1FF8, 0x1FF8, 0x1FF8, 0x1FF8, 0x1FF8, 0x1FF8, 0x1FF8,
};
static const shapoco::gfx2d::Texture tex_rpants_f = {
  shapoco::gfx2d::PixelFormat::RGB565_SWAPPED, 31, 64, 62, tex_rpants_fData,
};

alignas(4) static const uint16_t tex_l_pants_bData[] = {
  0x1FF8, 0x1FF8, 0x1FF8, 0x1FF8, 0x1FF8, 0x1FF8, 0x1FF8, 0x1FF8,
  0x1FF8, 0x1FF8, 0x1FF8, 0x1FF8, 0x1FF8, 0x1FF8, 0x1FF8, 0x1FF8,
  0x1FF8, 0x1FF8, 0x1FF8, 0x1FF8, 0x1FF8, 0x1FF8, 0x1FF8, 0x1FF8,
  0x1FF8, 0x1FF8, 0x1FF8, 0x1FF8, 0x1FF8, 0x1FF8, 0x1FF8, 0x1FF8,
  0x1FF8, 0x1FF8, 0x1FF8, 0x1FF8, 0x1FF8, 0x1FF8, 0x1FF8, 0x1FF8,
  0x1FF8, 0x1FF8, 0x1FF8, 0x1FF8, 0x1FF8, 0x1FF8, 0x1FF8, 0x1FF8,
  0x1FF8, 0x1FF8, 0x1FF8, 0x1FF8, 0x1FF8, 0x1FF8, 0x1FF8, 0x1FF8,
  0x1FF8, 0x1FF8, 0x1FF8, 0x1FF8, 0x0000, 0x4108, 0x1FF8, 0x1FF8,
  0x1FF8, 0x1FF8, 0x1FF8, 0x1FF8, 0x1FF8, 0x1FF8, 0x1FF8, 0x1FF8,
  0x1FF8, 0x1FF8, 0x1FF8, 0x1FF8, 0x1FF8, 0x1FF8, 0x1FF8, 0x1FF8,
  0x1FF8, 0x1FF8, 0x1FF8, 0x1FF8, 0x1FF8, 0x1FF8, 0x1FF8, 0x1FF8,
  0x1FF8, 0x1FF8, 0x1FF8, 0x0000, 0x6B42, 0xCD52, 0xCD4A, 0x0519,
  0x1FF8, 0x1FF8, 0x1FF8, 0x1FF8, 0x1FF8, 0x1FF8, 0x1FF8, 0x1FF8,
  0x1FF8, 0x1FF8, 0x1FF8, 0x1FF8, 0x1FF8, 0x1FF8, 0x1FF8, 0x1FF8,
  0x1FF8, 0x1FF8, 0x1FF8, 0x1FF8, 0x1FF8, 0x1FF8, 0x1FF8, 0x1FF8,
  0x1FF8, 0x1FF8, 0x0000, 0x2A3A, 0xCD52, 0x8839, 0x8839, 0xED52,
  0xED52, 0x0000, 0x1FF8, 0x1FF8, 0x1FF8, 0x1FF8, 0x1FF8, 0x1FF8,
  0x1FF8, 0x1FF8, 0x1FF8, 0x1FF8, 0x1FF8, 0x1FF8, 0x1FF8, 0x1FF8,
  0x1FF8, 0x1FF8, 0x1FF8, 0x1FF8, 0x1FF8, 0x1FF8, 0x1FF8, 0x1FF8,
  0x1FF8, 0x0000, 0x6729, 0xEE52, 0xA839, 0xA839, 0xA839, 0xA839,
  0xED52, 0xCD52, 0xC831, 0x1FF8, 0x1FF8, 0x1FF8, 0x1FF8, 0x1FF8,
  0x1FF8, 0x1FF8, 0x1FF8, 0x1FF8, 0x1FF8, 0x1FF8, 0x1FF8, 0x1FF8,
  0x1FF8, 0x1FF8, 0x1FF8, 0x1FF8, 0x1FF8, 0x1FF8, 0x1FF8, 0x1FF8,
  0x1FF8, 0x4108, 0xCD4A, 0xC939, 0xA839, 0xA839, 0xA839, 0xA839,
  0x8839, 0xED52, 0xCD52, 0xED52, 0x1FF8, 0x1FF8, 0x1FF8, 0x1FF8,
  0x1FF8, 0x1FF8, 0x1FF8, 0x1FF8, 0x1FF8, 0x1FF8, 0x1FF8, 0x1FF8,
  0x1FF8, 0x1FF8, 0x1FF8, 0x1FF8, 0x1FF8, 0x1FF8, 0x1FF8, 0x1FF8,
  0x1FF8, 0xC831, 0x8C4A, 0x8831, 0xA839, 0xA839, 0xA839, 0xA839,
  0xA839, 0x6831, 0xCD4A, 0xCD52, 0xCD52, 0x0000, 0x1FF8, 0x1FF8,
  0x1FF8, 0x1FF8, 0x1FF8, 0x1FF8, 0x1FF8, 0x1FF8, 0x1FF8, 0x1FF8,
  0x1FF8, 0x1FF8, 0x1FF8, 0x1FF8, 0x1FF8, 0x1FF8, 0x1FF8, 0x1FF8,
  0x0000, 0xEE52, 0x0A42, 0xA839, 0xA839, 0xA839, 0xA839, 0xA839,
  0xA839, 0xA839, 0x0A42, 0xCD52, 0xCD52, 0xCD4A, 0xC310, 0x1FF8,
  0x1FF8, 0x1FF8, 0x1FF8, 0x1FF8, 0x1FF8, 0x1FF8, 0x1FF8, 0x1FF8,
  0x1FF8, 0x1FF8, 0x1FF8, 0x1FF8, 0x1FF8, 0x1FF8, 0x1FF8, 0x1FF8,
  0x6208, 0xED52, 0x8839, 0xA839, 0xA839, 0xA839, 0xA839, 0xA839,
  0xA839, 0xA839, 0xA839, 0xCD4A, 0xCD52, 0xCD52, 0xCD4A, 0x4B42,
  0x1FF8, 0x1FF8, 0x1FF8, 0x1FF8, 0x1FF8, 0x1FF8, 0x1FF8, 0x1FF8,
  0x1FF8, 0x1FF8, 0x1FF8, 0x1FF8, 0x1FF8, 0x1FF8, 0x1FF8, 0x1FF8,
  0xA310, 0xCD52, 0x8839, 0xA839, 0xA839, 0xA839, 0xA839, 0xA839,
  0xA839, 0xA839, 0xA839, 0x8831, 0xCD52, 0xCD52, 0xCD52, 0xCD52,
  0x0E53, 0x1FF8, 0x1FF8, 0x1FF8, 0x1FF8, 0x1FF8, 0x1FF8, 0x1FF8,
  0x1FF8, 0x1FF8, 0x1FF8, 0x1FF8, 0x1FF8, 0x1FF8, 0x1FF8, 0x1FF8,
  0x2521, 0x0E53, 0xA839, 0xA839, 0xA839, 0xA839, 0xA839, 0xA839,
  0xA839, 0xA839, 0xA839, 0xA839, 0x2A42, 0xCD52, 0xCD52, 0xCD52,
  0xCD52, 0xEE52, 0x0000, 0x1FF8, 0x1FF8, 0x1FF8, 0x1FF8, 0x1FF8,
  0x1FF8, 0x1FF8, 0x1FF8, 0x1FF8, 0x1FF8, 0x1FF8, 0x1FF8, 0x1FF8,
  0x0519, 0xCD4A, 0x8831, 0xA839, 0xA839, 0xA839, 0xA839, 0xA839,
  0xA839, 0xA839, 0xA839, 0xA839, 0xA839, 0xED52, 0xCD52, 0xCD52,
  0xCD52, 0xCD52, 0xAC4A, 0x1FF8, 0x1FF8, 0x1FF8, 0x1FF8, 0x1FF8,
  0x1FF8, 0x1FF8, 0x1FF8, 0x1FF8, 0x1FF8, 0x1FF8, 0x1FF8, 0x1FF8,
  0x8310, 0x0E53, 0xA939, 0xA839, 0xA839, 0xA839, 0xA839, 0xA839,
  0xA839, 0xA839, 0xA839, 0xA839, 0xA839, 0xC939, 0xCD52, 0xCD52,
  0xCD52, 0xCD52, 0xCD52, 0x4A42, 0x1FF8, 0x1FF8, 0x1FF8, 0x1FF8,
  0x1FF8, 0x1FF8, 0x1FF8, 0x1FF8, 0x1FF8, 0x1FF8, 0x1FF8, 0x1FF8,
  0x0000, 0xCD4A, 0xA839, 0xA839, 0xA839, 0xA839, 0xA839, 0xA839,
  0xA839, 0xA839, 0xA839, 0xA839, 0xA839, 0xA839, 0x8C4A, 0xCD52,
  0xCD52, 0xCD52, 0xCD52, 0xCD52, 0xE418, 0x1FF8, 0x1FF8, 0x1FF8,
  0x1FF8, 0x1FF8, 0x1FF8, 0x1FF8, 0x1FF8, 0x1FF8, 0x1FF8, 0x1FF8,
  0x0000, 0x0E53, 0xC939, 0xA839, 0xA839, 0xA839, 0xA839, 0xA839,
  0xA839, 0xA839, 0xA839, 0xA839, 0xA839, 0xA839, 0xA839, 0xED52,
  0xCD52, 0xCD52, 0xCD52, 0xCD52, 0xED52, 0x0000, 0x1FF8, 0x1FF8,
  0x1FF8, 0x1FF8, 0x1FF8, 0x1FF8, 0x1FF8, 0x1FF8, 0x1FF8, 0x1FF8,
  0x1FF8, 0x6B42, 0xCD4A, 0x8839, 0xA839, 0xA839, 0xA839, 0xA839,
  0xA839, 0xA839, 0xA839, 0xA839, 0xA839, 0xA839, 0xA839, 0x8C4A,
  0xCD52, 0xCD52, 0xCD52, 0xCD52, 0xCD52, 0xAC4A, 0x1FF8, 0x1FF8,
  0x1FF8, 0x1FF8, 0x1FF8, 0x1FF8, 0x1FF8, 0x1FF8, 0x1FF8, 0x1FF8,
  0x1FF8, 0x0521, 0xCD52, 0xCD52, 0x8831, 0xA839, 0xA839, 0xA839,
  0xA839, 0xA839, 0xA839, 0xA839, 0xA839, 0xA839, 0xA839, 0x8839,
  0xED52, 0xCD52, 0xCD52, 0xCD52, 0xCD52, 0xED52, 0x8208, 0x1FF8,
  0x1FF8, 0x1FF8, 0x1FF8, 0x1FF8, 0x1FF8, 0x1FF8, 0x1FF8, 0x1FF8,
  0x1FF8, 0x0000, 0xED52, 0xCD52, 0xCD4A, 0xC939, 0xA839, 0xA839,
  0xA839, 0xA839, 0xA839, 0xA839, 0xA839, 0xA839, 0xA839, 0xA839,
  0x2A42, 0xCD52, 0xCD52, 0xCD52, 0xCD52, 0xCD52, 0x6B42, 0x1FF8,
  0x1FF8, 0x1FF8, 0x1FF8, 0x1FF8, 0x1FF8, 0x1FF8, 0x1FF8, 0x1FF8,
  0x1FF8, 0x1FF8, 0x6B42, 0xCD4A, 0xCD52, 0xCD52, 0x8C4A, 0xA839,
  0xA839, 0xA839, 0xA839, 0xA839, 0xA839, 0xA839, 0xA839, 0xA839,
  0xA839, 0xA939, 0xCD4A, 0xCD52, 0xCD52, 0xCD52, 0xEE52, 0x0000,
  0x1FF8, 0x1FF8, 0x1FF8, 0x1FF8, 0x1FF8, 0x1FF8, 0x1FF8, 0x1FF8,
  0x1FF8, 0x1FF8, 0xA310, 0xCD52, 0xCD52, 0xCD52, 0xCD52, 0xED52,
  0xA839, 0xA839, 0xA839, 0xA839, 0xA839, 0xA839, 0xA839, 0xA839,
  0xA839, 0xA839, 0xA839, 0xE939, 0xCD4A, 0xCD52, 0xCD52, 0x2A3A,
  0x1FF8, 0x1FF8, 0x1FF8, 0x1FF8, 0x1FF8, 0x1FF8, 0x1FF8, 0x1FF8,
  0x1FF8, 0x1FF8, 0x0000, 0xAC4A, 0xCD52, 0xCD52, 0xCD52, 0xCD52,
  0xCD52, 0xA839, 0xA839, 0xA839, 0xA839, 0xA839, 0xA839, 0xA839,
  0xA839, 0xA839, 0xA839, 0xA839, 0x8839, 0xCD52, 0xCD52, 0xCD52,
  0x6208, 0x1FF8, 0x1FF8, 0x1FF8, 0x1FF8, 0x1FF8, 0x1FF8, 0x1FF8,
  0x1FF8, 0x1FF8, 0x1FF8, 0x0521, 0xCD52, 0xCD52, 0xCD52, 0xCD52,
  0xCD52, 0xCD52, 0x2A42, 0x8839, 0xA839, 0xA839, 0xA839, 0xA839,
  0xA839, 0xA839, 0xA839, 0xA839, 0xA839, 0x8831, 0xCD4A, 0xCD52,
  0x0E53, 0x0000, 0x1FF8, 0x1FF8, 0x1FF8, 0x1FF8, 0x1FF8, 0x1FF8,
  0x1FF8, 0x1FF8, 0x1FF8, 0x0000, 0xED52, 0xCD52, 0xCD52, 0xCD52,
  0xCD52, 0xCD52, 0xCD52, 0xCD52, 0x2A42, 0xA839, 0xA839, 0xA839,
  0xA839, 0xA839, 0xA839, 0xA839, 0xA839, 0xA839, 0xC939, 0xCD52,
  0xCD52, 0xE939, 0x1FF8, 0x1FF8, 0x1FF8, 0x1FF8, 0x1FF8, 0x1FF8,
  0x1FF8, 0x1FF8, 0x1FF8, 0x1FF8, 0x0419, 0xCD52, 0xCD52, 0xCD52,
  0xCD52, 0xCD52, 0xCD52, 0xCD4A, 0x8C4A, 0x8839, 0xA839, 0xA839,
  0xA839, 0xA839, 0xA839, 0xA839, 0xA839, 0xA839, 0xA839, 0xEA39,
  0xCD52, 0xCD52, 0x8210, 0x1FF8, 0x1FF8, 0x1FF8, 0x1FF8, 0x1FF8,
  0x1FF8, 0x1FF8, 0x1FF8, 0x1FF8, 0x0000, 0xCD52, 0xCD52, 0xCD52,
  0xCD52, 0xCD52, 0xCD52, 0xCD52, 0xED52, 0x8839, 0xA839, 0xA839,
  0xA839, 0xA839, 0xA839, 0xA839, 0xA839, 0xA839, 0xA839, 0xA839,
  0x4B42, 0xCD52, 0xEE52, 0x0000, 0x1FF8, 0x1FF8, 0x1FF8, 0x1FF8,
  0x1FF8, 0x1FF8, 0x1FF8, 0x1FF8, 0x1FF8, 0x0000, 0xCD52, 0xCD52,
  0xCD52, 0xCD52, 0xCD52, 0xCD52, 0xCD52, 0xE939, 0xA839, 0xA839,
  0xA839, 0xA839, 0xA839, 0xA839, 0xA839, 0xA839, 0xA839, 0xA839,
  0xA839, 0x8C4A, 0xCD52, 0xCD52, 0x1FF8, 0x1FF8, 0x1FF8, 0x1FF8,
  0x1FF8, 0x1FF8, 0x1FF8, 0x1FF8, 0x1FF8, 0x1FF8, 0xC831, 0xCD52,
  0xCD52, 0xCD52, 0xCD52, 0xCD52, 0xCD4A, 0x4B42, 0xA839, 0xA839,
  0xA839, 0xA839, 0xA839, 0xA839, 0xA839, 0xA839, 0xA839, 0xA839,
  0xA839, 0xA839, 0x6B4A, 0xCD52, 0xC931, 0x1FF8, 0x1FF8, 0x1FF8,
  0x1FF8, 0x1FF8, 0x1FF8, 0x1FF8, 0x1FF8, 0x1FF8, 0x0000, 0x2F5B,
  0xCD52, 0xCD52, 0xCD52, 0xCD52, 0xCD52, 0xAD4A, 0xA839, 0xA839,
  0xA839, 0xA839, 0xA839, 0xA839, 0xA839, 0xA839, 0xA839, 0xA839,
  0xA839, 0xA839, 0xA839, 0x4B42, 0xCD4A, 0x8210, 0x1FF8, 0x1FF8,
  0x1FF8, 0x1FF8, 0x1FF8, 0x1FF8, 0x1FF8, 0x1FF8, 0x1FF8, 0x0000,
  0xCD52, 0xCD52, 0xCD52, 0xCD4A, 0xCD52, 0xCD52, 0x8839, 0xA839,
  0xA839, 0xA839, 0xA839, 0xA839, 0xA839, 0xA839, 0xA839, 0xA839,
  0xA839, 0xA839, 0xA839, 0xA839, 0x0A42, 0xED52, 0x0000, 0x1FF8,
  0x1FF8, 0x1FF8, 0x1FF8, 0x1FF8, 0x1FF8, 0x1FF8, 0x1FF8, 0x1FF8,
  0x8729, 0xCD52, 0xCD52, 0xED52, 0x4B42, 0x2A42, 0x2A42, 0xA839,
  0xA839, 0xA839, 0xA839, 0xA839, 0xA839, 0xA839, 0xA839, 0xA839,
  0xA839, 0xA839, 0xA839, 0xA839, 0xA839, 0xC939, 0x0E53, 0x0000,
  0x1FF8, 0x1FF8, 0x1FF8, 0x1FF8, 0x1FF8, 0x1FF8, 0x1FF8, 0x1FF8,
  0x1FF8, 0xAC4A, 0xCD52, 0xE941, 0xA839, 0xA839, 0xA839, 0xA839,
  0xA839, 0xA839, 0xA839, 0xA839, 0xA839, 0xA839, 0xA839, 0xA839,
  0xA839, 0xA839, 0xA839, 0xA839, 0xA839, 0xA839, 0x8839, 0xCD4A,
  0x1FF8, 0x1FF8, 0x1FF8, 0x1FF8, 0x1FF8, 0x1FF8, 0x1FF8, 0x1FF8,
  0x1FF8, 0x0000, 0xEE52, 0x0A42, 0xA839, 0xA839, 0xA839, 0xA839,
  0xA839, 0xA839, 0xA839, 0xA839, 0xA839, 0xA839, 0xA839, 0xA839,
  0xA839, 0xA839, 0xA839, 0xA839, 0xA839, 0xA839, 0xA839, 0x8831,
  0xCD4A, 0x0000, 0x1FF8, 0x1FF8, 0x1FF8, 0x1FF8, 0x1FF8, 0x1FF8,
  0x1FF8, 0x1FF8, 0x4108, 0xCD4A, 0x8839, 0xA839, 0xA839, 0xA839,
  0xA839, 0xA839, 0xA839, 0xA839, 0xA839, 0xA839, 0xA839, 0xA839,
  0xA839, 0xA839, 0xA839, 0xA839, 0xA839, 0xA839, 0xA839, 0xA839,
  0x8831, 0xED52, 0x0000, 0x1FF8, 0x1FF8, 0x1FF8, 0x1FF8, 0x1FF8,
  0x1FF8, 0x1FF8, 0x1FF8, 0x6729, 0xC939, 0xA839, 0xA839, 0xA839,
  0xA839, 0xA839, 0xA839, 0xA839, 0xA839, 0xA839, 0xA839, 0xA839,
  0xA839, 0xA839, 0xA839, 0xA839, 0xA839, 0xA839, 0xA839, 0xA839,
  0xA839, 0x8839, 0x0E53, 0x0000, 0x1FF8, 0x1FF8, 0x1FF8, 0x1FF8,
  0x1FF8, 0x1FF8, 0x1FF8, 0x1FF8, 0x4B42, 0x8839, 0xA839, 0xA839,
  0xA839, 0xA839, 0xA839, 0xA839, 0xA839, 0xA839, 0xA839, 0xA839,
  0xA839, 0xA839, 0xA839, 0xA839, 0xA839, 0xA839, 0xA839, 0xA839,
  0xA839, 0xA839, 0xA839, 0xED52, 0x6208, 0x1FF8, 0x1FF8, 0x1FF8,
  0x1FF8, 0x1FF8, 0x1FF8, 0x1FF8, 0x1FF8, 0x2B42, 0xA839, 0xA839,
  0xA839, 0xA839, 0xA839, 0xA839, 0xA839, 0xA839, 0xA839, 0xA839,
  0xA839, 0xA839, 0xA839, 0xA839, 0xA839, 0xA839, 0xA839, 0xA839,
  0xA839, 0xA839, 0xA839, 0xA839, 0xED52, 0x8729, 0x1FF8, 0x1FF8,
  0x1FF8, 0x1FF8, 0x1FF8, 0x1FF8, 0x1FF8, 0x0000, 0xC939, 0xA839,
  0xA839, 0xA839, 0xA839, 0xA839, 0xA839, 0xA839, 0xA839, 0xA839,
  0xA839, 0xA839, 0xA839, 0xA839, 0xA839, 0xA839, 0xA839, 0xA839,
  0xA839, 0xA839, 0xA839, 0xA839, 0xA839, 0xED52, 0xAD4A, 0x1FF8,
  0x1FF8, 0x1FF8, 0x1FF8, 0x1FF8, 0x1FF8, 0x1FF8, 0x8310, 0xA839,
  0xA839, 0xA839, 0xA839, 0xA839, 0xA839, 0xA839, 0xA839, 0xA839,
  0xA839, 0xA839, 0xA839, 0xA839, 0xA839, 0xA839, 0xA839, 0xA839,
  0xA839, 0xA839, 0xA839, 0xA839, 0xA839, 0xA839, 0x4B42, 0xCD52,
  0x2100, 0x1FF8, 0x1FF8, 0x1FF8, 0x1FF8, 0x1FF8, 0x1FF8, 0xA310,
  0x8839, 0xA839, 0xA839, 0xA839, 0xA839, 0xA839, 0xA839, 0xA839,
  0xA839, 0xA839, 0xA839, 0xA839, 0xA839, 0xA839, 0xA839, 0xA839,
  0xA839, 0xA839, 0xA839, 0xA839, 0xA839, 0xA839, 0xA839, 0xA939,
  0xCD52, 0x6629, 0x1FF8, 0x1FF8, 0x1FF8, 0x1FF8, 0x1FF8, 0x1FF8,
  0x4621, 0xA839, 0xA839, 0xA839, 0xA839, 0xA839, 0xA839, 0xA839,
  0xA839, 0xA839, 0xA839, 0xA839, 0xA839, 0xA839, 0xA839, 0xA839,
  0xA839, 0xA839, 0xA839, 0xA839, 0xA839, 0xA839, 0xA839, 0xA839,
  0x8839, 0xCD52, 0x8C4A, 0x1FF8, 0x1FF8, 0x1FF8, 0x1FF8, 0x1FF8,
  0x1FF8, 0xA831, 0xA839, 0xA839, 0xA839, 0xA839, 0xA839, 0xA839,
  0xA839, 0xA839, 0xA839, 0xA839, 0xA839, 0xA839, 0xA839, 0xA839,
  0xA839, 0xA839, 0xA839, 0xA839, 0xA839, 0xA839, 0xA839, 0xA839,
  0xA839, 0x8839, 0xED52, 0xED52, 0x1FF8, 0x1FF8, 0x1FF8, 0x1FF8,
  0x1FF8, 0x1FF8, 0xA831, 0xA839, 0xA839, 0xA839, 0xA839, 0xA839,
  0xA839, 0xA839, 0xA839, 0xA839, 0xA839, 0xA839, 0xA839, 0xA839,
  0xA839, 0xA839, 0xA839, 0xA839, 0xA839, 0xA839, 0xA839, 0xA839,
  0xA839, 0xA839, 0xA839, 0xED52, 0xCD4A, 0x0000, 0x1FF8, 0x1FF8,
  0x1FF8, 0x1FF8, 0x1FF8, 0x2A3A, 0xA839, 0xA839, 0xA839, 0xA839,
  0xA839, 0xA839, 0xA839, 0xA839, 0xA839, 0xA839, 0xA839, 0xA839,
  0xA839, 0xA839, 0xA839, 0xA839, 0xA839, 0xA839, 0xA839, 0xA839,
  0xA839, 0xA839, 0xA839, 0xA839, 0x4B42, 0xCD4A, 0xC831, 0x1FF8,
  0x1FF8, 0x1FF8, 0x1FF8, 0x1FF8, 0x0E53, 0xA839, 0xA839, 0xA839,
  0xA839, 0xA839, 0xA839, 0xA839, 0xA839, 0xA839, 0xA839, 0xA839,
  0xA839, 0xA839, 0xA839, 0xA839, 0xA839, 0xA839, 0xA839, 0xA839,
  0xA839, 0xA839, 0xA839, 0xA839, 0xA839, 0xA939, 0xCD4A, 0x0E53,
  0x1FF8, 0x1FF8, 0x1FF8, 0x1FF8, 0x1FF8, 0xCD4A, 0xA839, 0xA839,
  0xA839, 0xA839, 0xA839, 0xA839, 0xA839, 0xA839, 0xA839, 0xA839,
  0xA839, 0xA839, 0xA839, 0xA839, 0xA839, 0xA839, 0xA839, 0xA839,
  0xA839, 0xA839, 0xA839, 0xA839, 0xA839, 0xA839, 0x8839, 0xCD52,
  0xEE52, 0x0000, 0x1FF8, 0x1FF8, 0x1FF8, 0x1FF8, 0x0E53, 0xA839,
  0xA839, 0xA839, 0xA839, 0xA839, 0xA839, 0xA839, 0xA839, 0xA839,
  0xA839, 0xA839, 0xA839, 0xA839, 0xA839, 0xA839, 0xA839, 0xA839,
  0xA839, 0xA839, 0xA839, 0xA839, 0xA839, 0xA839, 0xA839, 0x8839,
  0xCD52, 0xCD52, 0x6208, 0x1FF8, 0x1FF8, 0x1FF8, 0x1FF8, 0x0E53,
  0xA839, 0xA839, 0xA839, 0xA839, 0xA839, 0xA839, 0xA839, 0xA839,
  0xA839, 0xA839, 0xA839, 0xA839, 0xA839, 0xA839, 0xA839, 0xA839,
  0xA839, 0xA839, 0xA839, 0xA839, 0xA839, 0xA839, 0xA839, 0xA839,
  0xA839, 0xAD4A, 0xCD4A, 0xA831, 0x1FF8, 0x1FF8, 0x1FF8, 0x1FF8,
  0x0E53, 0x4B42, 0xA839, 0xA839, 0xA839, 0xA839, 0xA839, 0xA839,
  0xA839, 0xA839, 0xA839, 0xA839, 0xA839, 0xA839, 0xA839, 0xA839,
  0xA839, 0xA839, 0xA839, 0xA839, 0xA839, 0xA839, 0xA839, 0xA839,
  0xA839, 0xA839, 0x6B4A, 0xCD4A, 0xAC4A, 0x1FF8, 0x1FF8, 0x1FF8,
  0x1FF8, 0xCD52, 0x6C4A, 0xA839, 0xA839, 0xA839, 0xA839, 0xA839,
  0xA839, 0xA839, 0xA839, 0xA839, 0xA839, 0xA839, 0xA839, 0xA839,
  0xA839, 0xA839, 0xA839, 0xA839, 0xA839, 0xA839, 0xA839, 0xA839,
  0xA839, 0xA839, 0xA839, 0xE941, 0xCD4A, 0xCD4A, 0x0000, 0x1FF8,
  0x1FF8, 0x1FF8, 0xE931, 0x4B42, 0xA839, 0xA839, 0xA839, 0xA839,
  0xA839, 0xA839, 0xA839, 0xA839, 0xA839, 0xA839, 0xA839, 0xA839,
  0xA839, 0xA839, 0xA839, 0xA839, 0xA839, 0xA839, 0xA839, 0xA839,
  0xA839, 0xA839, 0xA839, 0xA839, 0xC939, 0xCD52, 0xCD4A, 0x0000,
  0x1FF8, 0x1FF8, 0x1FF8, 0x4108, 0xAD4A, 0xA839, 0xA839, 0xA839,
  0xA839, 0xA839, 0xA839, 0xA839, 0xA839, 0xA839, 0xA839, 0xA839,
  0xA839, 0xA839, 0xA839, 0xA839, 0xA839, 0xA839, 0xA839, 0xA839,
  0xA839, 0xA839, 0xA839, 0xA839, 0xA839, 0xA839, 0xCD52, 0xCD4A,
  0xC418, 0x1FF8, 0x1FF8, 0x1FF8, 0x0000, 0xED52, 0xA839, 0xA839,
  0xA839, 0xA839, 0xA839, 0xA839, 0xA839, 0xA839, 0xA839, 0xA839,
  0xA839, 0xA839, 0xA839, 0xA839, 0xA839, 0xA839, 0xA839, 0xA839,
  0xA839, 0xA839, 0xA839, 0xA839, 0xA839, 0xA839, 0xA839, 0xED52,
  0xCD52, 0x6B42, 0x1FF8, 0x1FF8, 0x1FF8, 0x1FF8, 0xED52, 0xA839,
  0xA839, 0xA839, 0xA839, 0xA839, 0xA839, 0xA839, 0xA839, 0xA839,
  0xA839, 0xA839, 0xA839, 0xA839, 0xA839, 0xA839, 0xA839, 0xA839,
  0xA839, 0xA839, 0xA839, 0xA839, 0xA839, 0xA839, 0xA839, 0xA839,
  0xAD4A, 0xCD52, 0x0E53, 0x1FF8, 0x1FF8, 0x1FF8, 0x1FF8, 0x8C4A,
  0xA839, 0xA839, 0xA839, 0xA839, 0xA839, 0xA839, 0xA839, 0xA839,
  0xA839, 0xA839, 0xA839, 0xA839, 0xA839, 0xA839, 0xA839, 0xA839,
  0xA839, 0xA839, 0xA839, 0xA839, 0xA839, 0xA839, 0xA839, 0xA839,
  0xA839, 0x6B4A, 0xCD52, 0xEE52, 0x0000, 0x1FF8, 0x1FF8, 0x1FF8,
  0x4621, 0xE939, 0xA839, 0xA839, 0xA839, 0xA839, 0xA839, 0xA839,
  0xA839, 0xA839, 0xA839, 0xA839, 0xA839, 0xA839, 0xA839, 0xA839,
  0xA839, 0xA839, 0xA839, 0xA839, 0xA839, 0xA839, 0xA839, 0xA839,
  0xA839, 0xA839, 0x2A42, 0xCD52, 0xCD52, 0x0000, 0x1FF8, 0x1FF8,
  0x1FF8, 0x0000, 0x8C4A, 0xA839, 0xA839, 0xA839, 0xA839, 0xA839,
  0xA839, 0xA839, 0xA839, 0xA839, 0xA839, 0xA839, 0xA839, 0xA839,
  0xA839, 0xA839, 0xA839, 0xA839, 0xA839, 0xA839, 0xA839, 0xA839,
  0xA839, 0xA839, 0xA839, 0xE939, 0xCD4A, 0xCD52, 0x6208, 0x1FF8,
  0x1FF8, 0x1FF8, 0x1FF8, 0x0E53, 0xA839, 0xA839, 0xA839, 0xA839,
  0xA839, 0xA839, 0xA839, 0xA839, 0xA839, 0xA839, 0xA839, 0xA839,
  0xA839, 0xA839, 0xA839, 0xA839, 0xA839, 0xA839, 0xA839, 0xA839,
  0xA839, 0xA839, 0xA839, 0xA839, 0xC939, 0xCD4A, 0xCD52, 0x2621,
  0x1FF8, 0x1FF8, 0x1FF8, 0x1FF8, 0x8C4A, 0x8839, 0xA839, 0xA839,
  0xA839, 0xA839, 0xA839, 0xA839, 0xA839, 0xA839, 0xA839, 0xA839,
  0xA839, 0xA839, 0xA839, 0xA839, 0xA839, 0xA839, 0xA839, 0xA839,
  0xA839, 0xA839, 0xA839, 0xA839, 0xA839, 0x8839, 0xCD52, 0xCD52,
  0x4A42, 0x1FF8, 0x1FF8, 0x1FF8, 0x1FF8, 0x6208, 0x2A42, 0xA839,
  0xA839, 0xA839, 0xA839, 0xA839, 0xA839, 0xA839, 0xA839, 0xA839,
  0xA839, 0xA839, 0xA839, 0xA839, 0xA839, 0xA839, 0xA839, 0xA839,
  0xA839, 0xA839, 0xA839, 0xA839, 0xA839, 0xA839, 0x8839, 0xCD52,
  0xCD52, 0xCD4A, 0x1FF8, 0x1FF8, 0x1FF8, 0x1FF8, 0x0000, 0xCD52,
  0x8839, 0xA839, 0xA839, 0xA839, 0xA839, 0xA839, 0xA839, 0xA839,
  0xA839, 0xA839, 0xA839, 0xA839, 0xA839, 0xA839, 0xA839, 0xA839,
  0xA839, 0xA839, 0xA839, 0xA839, 0xA839, 0xA839, 0xA839, 0x8839,
  0xCD4A, 0xCD52, 0xCD52, 0x1FF8, 0x1FF8, 0x1FF8, 0x1FF8, 0x1FF8,
  0xC831, 0xA839, 0xA839, 0xA839, 0xA839, 0xA839, 0xA839, 0xA839,
  0xA839, 0xA839, 0xA839, 0xA839, 0xA839, 0xA839, 0xA839, 0xA839,
  0xA839, 0xA839, 0xA839, 0xA839, 0xA839, 0xA839, 0xA839, 0xA839,
  0x8839, 0xCD52, 0xCD52, 0x8C4A, 0x1FF8, 0x1FF8, 0x1FF8, 0x1FF8,
  0x1FF8, 0x0000, 0xCD4A, 0xA839, 0xA839, 0xA839, 0xA839, 0xA839,
  0xA839, 0xA839, 0xA839, 0xA839, 0xA839, 0xA839, 0xA839, 0xA839,
  0xA839, 0xA839, 0xA839, 0xA839, 0xA839, 0xA839, 0xA839, 0xA839,
  0xA839, 0xA839, 0xED52, 0xCD52, 0x6B42, 0x1FF8, 0x1FF8, 0x1FF8,
  0x1FF8, 0x1FF8, 0x1FF8, 0xCD52, 0x8839, 0xA839, 0xA839, 0xA839,
  0xA839, 0xA839, 0xA839, 0xA839, 0xA839, 0xA839, 0xA839, 0xA839,
  0xA839, 0xA839, 0xA839, 0xA839, 0xA839, 0xA839, 0xA839, 0xA839,
  0xA839, 0xA839, 0x8839, 0xCD52, 0xCD52, 0x2A3A, 0x1FF8, 0x1FF8,
  0x1FF8, 0x1FF8, 0x1FF8, 0x1FF8, 0xE939, 0x6B4A, 0xA839, 0xA839,
  0xA839, 0xA839, 0xA839, 0xA839, 0xA839, 0xA839, 0xA839, 0xA839,
  0xA839, 0xA839, 0xA839, 0xA839, 0xA839, 0xA839, 0xA839, 0xA839,
  0xA839, 0xA839, 0xA839, 0xC939, 0xCD52, 0xCD4A, 0xE418, 0x1FF8,
  0x1FF8, 0x1FF8, 0x1FF8, 0x1FF8, 0x1FF8, 0x0000, 0xEE52, 0x8839,
  0xA839, 0xA839, 0xA839, 0xA839, 0xA839, 0xA839, 0xA839, 0xA839,
  0xA839, 0xA839, 0xA839, 0xA839, 0xA839, 0xA839, 0xA839, 0xA839,
  0xA839, 0xA839, 0xA839, 0xA839, 0x6B4A, 0xCD52, 0xCD52, 0x6208,
  0x1FF8, 0x1FF8, 0x1FF8, 0x1FF8, 0x1FF8, 0x1FF8, 0x1FF8, 0xAC4A,
  0x0A42, 0xA839, 0xA839, 0xA839, 0xA839, 0xA839, 0xA839, 0xA839,
  0xA839, 0xA839, 0xA839, 0xA839, 0xA839, 0xA839, 0xA839, 0xA839,
  0xA839, 0xA839, 0xA839, 0xA839, 0xA839, 0xED52, 0xCD52, 0xCD4A,
  0x0000, 0x1FF8, 0x1FF8, 0x1FF8, 0x1FF8, 0x1FF8, 0x1FF8, 0x1FF8,
  0xA310, 0xED52, 0x8839, 0xA839, 0xA839, 0xA839, 0xA839, 0xA839,
  0xA839, 0xA839, 0xA839, 0xA839, 0xA839, 0xA839, 0xA839, 0xA839,
  0xA839, 0xA839, 0xA839, 0xA839, 0xA839, 0x8839, 0xCD52, 0xCD52,
  0x4B42, 0x1FF8, 0x1FF8, 0x1FF8, 0x1FF8, 0x1FF8, 0x1FF8, 0x1FF8,
  0x1FF8, 0x1FF8, 0xCD52, 0xE939, 0xA839, 0xA839, 0xA839, 0xA839,
  0xA839, 0xA839, 0xA839, 0xA839, 0xA839, 0xA839, 0xA839, 0xA839,
  0xA839, 0xA839, 0xA839, 0xA839, 0xA839, 0xA839, 0xE939, 0xCD52,
  0xED52, 0x8210, 0x1FF8, 0x1FF8, 0x1FF8, 0x1FF8, 0x1FF8, 0x1FF8,
  0x1FF8, 0x1FF8, 0x1FF8, 0x6208, 0xED52, 0x8839, 0xA839, 0xA839,
  0xA839, 0xA839, 0xA839, 0xA839, 0xA839, 0xA839, 0xA839, 0xA839,
  0xA839, 0xA839, 0xA839, 0xA839, 0xA839, 0xA839, 0xA839, 0x8C4A,
  0xCD52, 0xAC4A, 0x0000, 0x1FF8, 0x1FF8, 0x1FF8, 0x1FF8, 0x1FF8,
  0x1FF8, 0x1FF8, 0x1FF8, 0x1FF8, 0x1FF8, 0x4A42, 0x2A42, 0xA839,
  0xA839, 0xA839, 0xA839, 0xA839, 0xA839, 0xA839, 0xA839, 0xA839,
  0xA839, 0xA839, 0xA839, 0xA839, 0xA839, 0xA839, 0xA839, 0x8839,
  0xED52, 0xED52, 0x6208, 0x1FF8, 0x1FF8, 0x1FF8, 0x1FF8, 0x1FF8,
  0x1FF8, 0x1FF8, 0x1FF8, 0x1FF8, 0x1FF8, 0x1FF8, 0x0000, 0xEE52,
  0xA839, 0xA839, 0xA839, 0xA839, 0xA839, 0xA839, 0xA839, 0xA839,
  0xA839, 0xA839, 0xA839, 0xA839, 0xA839, 0xA839, 0xA839, 0xA839,
  0x2A42, 0xCD52, 0x093A, 0x1FF8, 0x1FF8, 0x1FF8, 0x1FF8, 0x1FF8,
  0x1FF8, 0x1FF8, 0x1FF8, 0x1FF8, 0x1FF8, 0x1FF8, 0x1FF8, 0x1FF8,
  0xA310, 0xAD4A, 0xA839, 0xA839, 0xA839, 0xA839, 0xA839, 0xA839,
  0xA839, 0xA839, 0xA839, 0xA839, 0xA839, 0xA839, 0xA839, 0xA839,
  0xA839, 0xED52, 0x0E5B, 0x0000, 0x1FF8, 0x1FF8, 0x1FF8, 0x1FF8,
  0x1FF8, 0x1FF8, 0x1FF8, 0x1FF8, 0x1FF8, 0x1FF8, 0x1FF8, 0x1FF8,
  0x1FF8, 0x1FF8, 0x4A42, 0x0A42, 0xA839, 0xA839, 0xA839, 0xA839,
  0xA839, 0xA839, 0xA839, 0xA839, 0xA839, 0xA839, 0xA839, 0xA839,
  0x8839, 0xAC4A, 0xED52, 0x6208, 0x1FF8, 0x1FF8, 0x1FF8, 0x1FF8,
  0x1FF8, 0x1FF8, 0x1FF8, 0x1FF8, 0x1FF8, 0x1FF8, 0x1FF8, 0x1FF8,
  0x1FF8, 0x1FF8, 0x1FF8, 0x0000, 0xEE52, 0x0A42, 0xA839, 0xA839,
  0xA839, 0xA839, 0xA839, 0xA839, 0xA839, 0xA839, 0xA839, 0xA839,
  0xA839, 0x4B42, 0xEE52, 0x4108, 0x1FF8, 0x1FF8, 0x1FF8, 0x1FF8,
  0x1FF8, 0x1FF8, 0x1FF8, 0x1FF8, 0x1FF8, 0x1FF8, 0x1FF8, 0x1FF8,
  0x1FF8, 0x1FF8, 0x1FF8, 0x1FF8, 0x1FF8, 0x8310, 0xCD52, 0xC939,
  0xA839, 0xA839, 0xA839, 0xA839, 0xA839, 0xA839, 0xA839, 0xA839,
  0x8839, 0x8C4A, 0x4B42, 0x0000, 0x1FF8, 0x1FF8, 0x1FF8, 0x1FF8,
  0x1FF8, 0x1FF8, 0x1FF8, 0x1FF8, 0x1FF8, 0x1FF8, 0x1FF8, 0x1FF8,
  0x1FF8, 0x1FF8, 0x1FF8, 0x1FF8, 0x1FF8, 0x1FF8, 0x1FF8, 0x6729,
  0xED52, 0x0A42, 0xA839, 0xA839, 0x8839, 0x8839, 0x8839, 0xA839,
  0x6C4A, 0x6B42, 0x2100, 0x1FF8, 0x1FF8, 0x1FF8, 0x1FF8, 0x1FF8,
  0x1FF8, 0x1FF8, 0x1FF8, 0x1FF8, 0x1FF8, 0x1FF8, 0x1FF8, 0x1FF8,
  0x1FF8, 0x1FF8, 0x1FF8, 0x1FF8, 0x1FF8, 0x1FF8, 0x1FF8, 0x1FF8,
  0x1FF8, 0x4621, 0x8C4A, 0xCD4A, 0x0E53, 0x0E53, 0xEE52, 0x8B42,
  0xC418, 0x0000, 0x1FF8, 0x1FF8, 0x1FF8, 0x1FF8, 0x1FF8, 0x1FF8,
  0x1FF8, 0x1FF8, 0x1FF8, 0x1FF8, 0x1FF8, 0x1FF8, 0x1FF8, 0x1FF8,
  0x1FF8, 0x1FF8, 0x1FF8, 0x1FF8, 0x1FF8, 0x1FF8, 0x1FF8, 0x1FF8,
  0x1FF8, 0x1FF8, 0x1FF8, 0x1FF8, 0x1FF8, 0x1FF8, 0x1FF8, 0x1FF8,
  0x1FF8, 0x1FF8, 0x1FF8, 0x1FF8, 0x1FF8, 0x1FF8, 0x1FF8, 0x1FF8,
  0x1FF8, 0x1FF8, 0x1FF8, 0x1FF8, 0x1FF8, 0x1FF8,
};
static const shapoco::gfx2d::Texture tex_l_pants_b = {
  shapoco::gfx2d::PixelFormat::RGB565_SWAPPED, 33, 78, 66, tex_l_pants_bData,
};

alignas(4) static const uint16_t tex_l_legData[] = {
  0x1FF8, 0x1FF8, 0x1FF8, 0x1FF8, 0x1FF8, 0x1FF8, 0x1FF8, 0x1FF8,
  0x1FF8, 0x1FF8, 0x1FF8, 0x1FF8, 0x1FF8, 0x1FF8, 0x1FF8, 0x1FF8,
  0x1FF8, 0x1FF8, 0x1FF8, 0x1FF8, 0x1FF8, 0x1FF8, 0x1FF8, 0x1FF8,
  0x1FF8, 0x1FF8, 0x1FF8, 0x1FF8, 0x1FF8, 0x1FF8, 0x1FF8, 0x1FF8,
  0x1FF8, 0x1FF8, 0x1FF8, 0x1FF8, 0x1FF8, 0x1FF8, 0x1FF8, 0x1FF8,
  0x1FF8, 0x1FF8, 0x1FF8, 0x1FF8, 0x1FF8, 0x1FF8, 0x1FF8, 0x1FF8,
  0x1FF8, 0x1FF8, 0x1FF8, 0x1FF8, 0x1FF8, 0x1FF8, 0x1FF8, 0x1FF8,
  0x1FF8, 0x1FF8, 0x1FF8, 0x1FF8, 0x1FF8, 0x1FF8, 0x1FF8, 0x1FF8,
  0x1FF8, 0x1FF8, 0x1FF8, 0x1FF8, 0x1FF8, 0x1FF8, 0x1FF8, 0x1FF8,
  0x1FF8, 0x1FF8, 0x1FF8, 0x1FF8, 0x1FF8, 0x1FF8, 0x1FF8, 0x1FF8,
  0x1FF8, 0x1FF8, 0x1FF8, 0x1FF8, 0x1FF8, 0x1FF8, 0x1FF8, 0x1FF8,
  0x1FF8, 0x1FF8, 0x1FF8, 0x1FF8, 0x1FF8, 0x1FF8, 0x1FF8, 0x1FF8,
  0x1FF8, 0x1FF8, 0x1FF8, 0x1FF8, 0x1FF8, 0x1FF8, 0x1FF8, 0x1FF8,
  0x1FF8, 0x1FF8, 0x1FF8, 0x1FF8, 0x1FF8, 0x1FF8, 0x1FF8, 0x1FF8,
  0x1FF8, 0x1FF8, 0x1FF8, 0x1FF8, 0x1FF8, 0x1FF8, 0x1FF8, 0x1FF8,
  0x1FF8, 0x1FF8, 0x1FF8, 0x1FF8, 0x1FF8, 0x1FF8, 0x1FF8, 0x1FF8,
  0x1FF8, 0x1FF8, 0x1FF8, 0x1FF8, 0x6110, 0x6531, 0x1FF8, 0x1FF8,
  0x1FF8, 0x1FF8, 0x1FF8, 0x1FF8, 0x1FF8, 0x1FF8, 0x1FF8, 0x1FF8,
  0x1FF8, 0x1FF8, 0x1FF8, 0x1FF8, 0x1FF8, 0x1FF8, 0x1FF8, 0x1FF8,
  0x1FF8, 0x1FF8, 0x1FF8, 0x1FF8, 0x1FF8, 0x1FF8, 0x1FF8, 0x1FF8,
  0x1FF8, 0x1FF8, 0x1FF8, 0x1FF8, 0x1FF8, 0x1FF8, 0x1FF8, 0x1FF8,
  0x1FF8, 0x1FF8, 0x1FF8, 0x1FF8, 0x1FF8, 0x1FF8, 0x1FF8, 0x1FF8,
  0x1FF8, 0x1FF8, 0x1FF8, 0x1FF8, 0x1FF8, 0x1FF8, 0x1FF8, 0x1FF8,
  0x1FF8, 0x1FF8, 0x1FF8, 0x1FF8, 0x1FF8, 0x1FF8, 0x1FF8, 0x1FF8,
  0x1FF8, 0x1FF8, 0x1FF8, 0x1FF8, 0x1FF8, 0x1FF8, 0x1FF8, 0x1FF8,
  0x0000, 0xC639, 0xDDFF, 0xDDFF, 0xFDFF, 0x6531, 0x1FF8, 0x1FF8,
  0x1FF8, 0x1FF8, 0x1FF8, 0x1FF8, 0x1FF8, 0x1FF8, 0x1FF8, 0x1FF8,
  0x1FF8, 0x1FF8, 0x1FF8, 0x1FF8, 0x1FF8, 0x1FF8, 0x1FF8, 0x1FF8,
  0x1FF8, 0x1FF8, 0x1FF8, 0x1FF8, 0x1FF8, 0x1FF8, 0x1FF8, 0x1FF8,
  0x1FF8, 0x1FF8, 0x1FF8, 0x1FF8, 0x1FF8, 0x1FF8, 0x1FF8, 0x1FF8,
  0x1FF8, 0x1FF8, 0x1FF8, 0x1FF8, 0x1FF8, 0x1FF8, 0x1FF8, 0x1FF8,
  0x1FF8, 0x1FF8, 0x1FF8, 0x1FF8, 0x1FF8, 0x1FF8, 0x1FF8, 0x1FF8,
  0x1FF8, 0x1FF8, 0x1FF8, 0x1FF8, 0x1FF8, 0x1FF8, 0x1FF8, 0x1FF8,
  0x1FF8, 0x1FF8, 0x1FF8, 0x1FF8, 0x1FF8, 0x4952, 0x58DE, 0x7BFF,
  0x5BFF, 0x5BFF, 0x5BFF, 0x7BFF, 0x5094, 0x1FF8, 0x1FF8, 0x1FF8,
  0x1FF8, 0x1FF8, 0x1FF8, 0x1FF8, 0x1FF8, 0x1FF8, 0x1FF8, 0x1FF8,
  0x1FF8, 0x1FF8, 0x1FF8, 0x1FF8, 0x1FF8, 0x1FF8, 0x1FF8, 0x1FF8,
  0x1FF8, 0x1FF8, 0x1FF8, 0x1FF8, 0x1FF8, 0x1FF8, 0x1FF8, 0x1FF8,
  0x1FF8, 0x1FF8, 0x1FF8, 0x1FF8, 0x1FF8, 0x1FF8, 0x1FF8, 0x1FF8,
  0x1FF8, 0x1FF8, 0x1FF8, 0x1FF8, 0x1FF8, 0x1FF8, 0x1FF8, 0x1FF8,
  0x1FF8, 0x1FF8, 0x1FF8, 0x1FF8, 0x1FF8, 0x1FF8, 0x1FF8, 0x1FF8,
  0x1FF8, 0x1FF8, 0x1FF8, 0x1FF8, 0x1FF8, 0x1FF8, 0x1FF8, 0x1FF8,
  0x1FF8, 0x0000, 0x085A, 0x58EE, 0x5BFF, 0x3BFF, 0x5BFF, 0x5BFF,
  0x5BFF, 0x5BFF, 0x7BFF, 0xFDFF, 0x0000, 0x1FF8, 0x1FF8, 0x1FF8,
  0x1FF8, 0x1FF8, 0x1FF8, 0x1FF8, 0x1FF8, 0x1FF8, 0x1FF8, 0x1FF8,
  0x1FF8, 0x1FF8, 0x1FF8, 0x1FF8, 0x1FF8, 0x1FF8, 0x1FF8, 0x1FF8,
  0x1FF8, 0x1FF8, 0x1FF8, 0x1FF8, 0x1FF8, 0x1FF8, 0x1FF8, 0x1FF8,
  0x1FF8, 0x1FF8, 0x1FF8, 0x1FF8, 0x1FF8, 0x1FF8, 0x1FF8, 0x1FF8,
  0x1FF8, 0x1FF8, 0x1FF8, 0x1FF8, 0x1FF8, 0x1FF8, 0x1FF8, 0x1FF8,
  0x1FF8, 0x1FF8, 0x1FF8, 0x1FF8, 0x1FF8, 0x1FF8, 0x1FF8, 0x1FF8,
  0x1FF8, 0x1FF8, 0x1FF8, 0x1FF8, 0x1FF8, 0x1FF8, 0x0000, 0xCB7A,
  0x11B4, 0x11B4, 0x31B4, 0x72BC, 0x5BFF, 0x5BFF, 0x5BFF, 0x5BFF,
  0x5BFF, 0x7BFF, 0x7CFF, 0x0F8C, 0x1FF8, 0x1FF8, 0x1FF8, 0x1FF8,
  0x1FF8, 0x1FF8, 0x1FF8, 0x1FF8, 0x1FF8, 0x1FF8, 0x1FF8, 0x1FF8,
  0x1FF8, 0x1FF8, 0x1FF8, 0x1FF8, 0x1FF8, 0x1FF8, 0x1FF8, 0x1FF8,
  0x1FF8, 0x1FF8, 0x1FF8, 0x1FF8, 0x1FF8, 0x1FF8, 0x1FF8, 0x1FF8,
  0x1FF8, 0x1FF8, 0x1FF8, 0x1FF8, 0x1FF8, 0x1FF8, 0x1FF8, 0x1FF8,
  0x1FF8, 0x1FF8, 0x1FF8, 0x1FF8, 0x1FF8, 0x1FF8, 0x1FF8, 0x1FF8,
  0x1FF8, 0x1FF8, 0x1FF8, 0x1FF8, 0x1FF8, 0x1FF8, 0x1FF8, 0x1FF8,
  0x1FF8, 0x1FF8, 0x0000, 0xC320, 0xEC82, 0x31BC, 0x11B4, 0x11B4,
  0x11B4, 0x11B4, 0x31B4, 0x34CD, 0x5BFF, 0x5BFF, 0x5BFF, 0x7BFF,
  0x7BFF, 0x7CFF, 0x5BF7, 0x0000, 0x1FF8, 0x1FF8, 0x1FF8, 0x1FF8,
  0x1FF8, 0x1FF8, 0x1FF8, 0x1FF8, 0x1FF8, 0x1FF8, 0x1FF8, 0x1FF8,
  0x1FF8, 0x1FF8, 0x1FF8, 0x1FF8, 0x1FF8, 0x1FF8, 0x1FF8, 0x1FF8,
  0x1FF8, 0x1FF8, 0x1FF8, 0x1FF8, 0x1FF8, 0x1FF8, 0x1FF8, 0x1FF8,
  0x1FF8, 0x1FF8, 0x1FF8, 0x1FF8, 0x1FF8, 0x1FF8, 0x1FF8, 0x1FF8,
  0x1FF8, 0x1FF8, 0x1FF8, 0x1FF8, 0x1FF8, 0x1FF8, 0x1FF8, 0x1FF8,
  0x1FF8, 0x1FF8, 0x1FF8, 0x1FF8, 0x1FF8, 0x1FF8, 0x1FF8, 0x1FF8,
  0xA218, 0x52C4, 0x11B4, 0x11B4, 0x11B4, 0x11B4, 0x11B4, 0x11B4,
  0x31B4, 0x31B4, 0x11B4, 0x99EE, 0x5BFF, 0x7BFF, 0x7BFF, 0x7BFF,
  0x7BFF, 0x7CFF, 0x8210, 0x1FF8, 0x1FF8, 0x1FF8, 0x1FF8, 0x1FF8,
  0x1FF8, 0x1FF8, 0x1FF8, 0x1FF8, 0x1FF8, 0x1FF8, 0x1FF8, 0x1FF8,
  0x1FF8, 0x1FF8, 0x1FF8, 0x1FF8, 0x1FF8, 0x1FF8, 0x1FF8, 0x1FF8,
  0x1FF8, 0x1FF8, 0x1FF8, 0x1FF8, 0x1FF8, 0x1FF8, 0x1FF8, 0x1FF8,
  0x1FF8, 0x1FF8, 0x1FF8, 0x1FF8, 0x1FF8, 0x1FF8, 0x1FF8, 0x1FF8,
  0x1FF8, 0x1FF8, 0x1FF8, 0x1FF8, 0x1FF8, 0x1FF8, 0x1FF8, 0x1FF8,
  0x1FF8, 0x1FF8, 0x1FF8, 0x1FF8, 0x1FF8, 0x1FF8, 0x2C73, 0x1AFF,
  0xFAFE, 0xF4CC, 0x11B4, 0x11B4, 0x11B4, 0x11B4, 0x11B4, 0x31B4,
  0x31B4, 0x31B4, 0xF0AB, 0x1BF7, 0x7BFF, 0x7BFF, 0x7BFF, 0x7CFF,
  0x7CFF, 0x37CE, 0x1FF8, 0x1FF8, 0x1FF8, 0x1FF8, 0x1FF8, 0x1FF8,
  0x1FF8, 0x1FF8, 0x1FF8, 0x1FF8, 0x1FF8, 0x1FF8, 0x1FF8, 0x1FF8,
  0x1FF8, 0x1FF8, 0x1FF8, 0x1FF8, 0x1FF8, 0x1FF8, 0x1FF8, 0x1FF8,
  0x1FF8, 0x1FF8, 0x1FF8, 0x1FF8, 0x1FF8, 0x1FF8, 0x1FF8, 0x1FF8,
  0x1FF8, 0x1FF8, 0x1FF8, 0x1FF8, 0x1FF8, 0x1FF8, 0x1FF8, 0x1FF8,
  0x1FF8, 0x1FF8, 0x1FF8, 0x1FF8, 0x1FF8, 0x1FF8, 0x1FF8, 0x1FF8,
  0x1FF8, 0x1FF8, 0x1FF8, 0x1FF8, 0x509C, 0xFAFE, 0xFAFE, 0xFAFE,
  0x1AFF, 0x31B4, 0x11B4, 0x11B4, 0x11B4, 0x11B4, 0x31B4, 0x31B4,
  0x31B4, 0x31B4, 0xD3C4, 0x7CFF, 0x7BFF, 0x7BFF, 0x7BFF, 0x7CFF,
  0xFFFF, 0x0000, 0x1FF8, 0x1FF8, 0x1FF8, 0x1FF8, 0x1FF8, 0x1FF8,
  0x1FF8, 0x1FF8, 0x1FF8, 0x1FF8, 0x1FF8, 0x1FF8, 0x1FF8, 0x1FF8,
  0x1FF8, 0x1FF8, 0x1FF8, 0x1FF8, 0x1FF8, 0x1FF8, 0x1FF8, 0x1FF8,
  0x1FF8, 0x1FF8, 0x1FF8, 0x1FF8, 0x1FF8, 0x1FF8, 0x1FF8, 0x1FF8,
  0x1FF8, 0x1FF8, 0x1FF8, 0x1FF8, 0x1FF8, 0x1FF8, 0x1FF8, 0x1FF8,
  0x1FF8, 0x1FF8, 0x1FF8, 0x1FF8, 0x1FF8, 0x1FF8, 0x1FF8, 0x1FF8,
  0x1FF8, 0x1FF8, 0x4C73, 0xFAFE, 0xFAFE, 0xFAFE, 0xFAFE, 0xFAFE,
  0x5BFF, 0x11B4, 0x11B4, 0x11B4, 0x11B4, 0x31B4, 0x31B4, 0x31B4,
  0x31B4, 0x31B4, 0x38E6, 0x7BFF, 0x7CFF, 0x7CFF, 0x7CFF, 0x9CFF,
  0x6952, 0x1FF8, 0x1FF8, 0x1FF8, 0x1FF8, 0x1FF8, 0x1FF8, 0x1FF8,
  0x1FF8, 0x1FF8, 0x1FF8, 0x1FF8, 0x1FF8, 0x1FF8, 0x1FF8, 0x1FF8,
  0x1FF8, 0x1FF8, 0x1FF8, 0x1FF8, 0x1FF8, 0x1FF8, 0x1FF8, 0x1FF8,
  0x1FF8, 0x1FF8, 0x1FF8, 0x1FF8, 0x1FF8, 0x1FF8, 0x1FF8, 0x1FF8,
  0x1FF8, 0x1FF8, 0x1FF8, 0x1FF8, 0x1FF8, 0x1FF8, 0x1FF8, 0x1FF8,
  0x1FF8, 0x1FF8, 0x1FF8, 0x1FF8, 0x1FF8, 0x1FF8, 0x1FF8, 0x1FF8,
  0x4108, 0xFAFE, 0xFAFE, 0xFAFE, 0xFAFE, 0xFAFE, 0x1AFF, 0x1AFF,
  0xF7E5, 0x11B4, 0x11B4, 0x31B4, 0x31B4, 0x31B4, 0x31B4, 0x31B4,
  0x31B4, 0x11B4, 0xBCFF, 0x7BFF, 0x7CFF, 0x7CFF, 0x7CFF, 0x37CE,
  0x1FF8, 0x1FF8, 0x1FF8, 0x1FF8, 0x1FF8, 0x1FF8, 0x1FF8, 0x1FF8,
  0x1FF8, 0x1FF8, 0x1FF8, 0x1FF8, 0x1FF8, 0x1FF8, 0x1FF8, 0x1FF8,
  0x1FF8, 0x1FF8, 0x1FF8, 0x1FF8, 0x1FF8, 0x1FF8, 0x1FF8, 0x1FF8,
  0x1FF8, 0x1FF8, 0x1FF8, 0x1FF8, 0x1FF8, 0x1FF8, 0x1FF8, 0x1FF8,
  0x1FF8, 0x1FF8, 0x1FF8, 0x1FF8, 0x1FF8, 0x1FF8, 0x1FF8, 0x1FF8,
  0x1FF8, 0x1FF8, 0x1FF8, 0x1FF8, 0x1FF8, 0x1FF8, 0x1FF8, 0x1AFF,
  0x1AFF, 0xFAFE, 0xFAFE, 0xFAFE, 0x1AFF, 0x1AFF, 0x1AFF, 0x5BFF,
  0x72BC, 0x11B4, 0x11B4, 0x31B4, 0x31B4, 0x31B4, 0x31B4, 0x31B4,
  0x31B4, 0xB3BC, 0xBCFF, 0x7CFF, 0x7CFF, 0x7CFF, 0x7CFF, 0x0000,
  0x1FF8, 0x1FF8, 0x1FF8, 0x1FF8, 0x1FF8, 0x1FF8, 0x1FF8, 0x1FF8,
  0x1FF8, 0x1FF8, 0x1FF8, 0x1FF8, 0x1FF8, 0x1FF8, 0x1FF8, 0x1FF8,
  0x1FF8, 0x1FF8, 0x1FF8, 0x1FF8, 0x1FF8, 0x1FF8, 0x1FF8, 0x1FF8,
  0x1FF8, 0x1FF8, 0x1FF8, 0x1FF8, 0x1FF8, 0x1FF8, 0x1FF8, 0x1FF8,
  0x1FF8, 0x1FF8, 0x1FF8, 0x1FF8, 0x1FF8, 0x1FF8, 0x1FF8, 0x1FF8,
  0x1FF8, 0x1FF8, 0x1FF8, 0x1FF8, 0x1FF8, 0x4108, 0x1AFF, 0x1AFF,
  0x1AFF, 0x1AFF, 0x1AFF, 0x1AFF, 0x1AFF, 0x1AFF, 0x1AFF, 0x78EE,
  0x11B4, 0x31B4, 0x31B4, 0x31B4, 0x31B4, 0x31B4, 0x31B4, 0x31B4,
  0x52B4, 0xF7DD, 0x7CFF, 0x7CFF, 0x7CFF, 0x9CFF, 0xD29C, 0x1FF8,
  0x1FF8, 0x1FF8, 0x1FF8, 0x1FF8, 0x1FF8, 0x1FF8, 0x1FF8, 0x1FF8,
  0x1FF8, 0x1FF8, 0x1FF8, 0x1FF8, 0x1FF8, 0x1FF8, 0x1FF8, 0x1FF8,
  0x1FF8, 0x1FF8, 0x1FF8, 0x1FF8, 0x1FF8, 0x1FF8, 0x1FF8, 0x1FF8,
  0x1FF8, 0x1FF8, 0x1FF8, 0x1FF8, 0x1FF8, 0x1FF8, 0x1FF8, 0x1FF8,
  0x1FF8, 0x1FF8, 0x1FF8, 0x1FF8, 0x1FF8, 0x1FF8, 0x1FF8, 0x1FF8,
  0x1FF8, 0x1FF8, 0x1FF8, 0x1FF8, 0x33BD, 0x1AFF, 0x1AFF, 0x1AFF,
  0x1AFF, 0x1AFF, 0x1AFF, 0x1AFF, 0x1AFF, 0x3BFF, 0x5BFF, 0x92BC,
  0x31B4, 0x31B4, 0x31B4, 0x31B4, 0x31B4, 0x31B4, 0x52B4, 0x52B4,
  0x31B4, 0x9CFF, 0x7CFF, 0x9CFF, 0x9CFF, 0xFFFF, 0x1FF8, 0x1FF8,
  0x1FF8, 0x1FF8, 0x1FF8, 0x1FF8, 0x1FF8, 0x1FF8, 0x1FF8, 0x1FF8,
  0x1FF8, 0x1FF8, 0x1FF8, 0x1FF8, 0x1FF8, 0x1FF8, 0x1FF8, 0x1FF8,
  0x1FF8, 0x1FF8, 0x1FF8, 0x1FF8, 0x1FF8, 0x1FF8, 0x1FF8, 0x1FF8,
  0x1FF8, 0x1FF8, 0x1FF8, 0x1FF8, 0x1FF8, 0x1FF8, 0x1FF8, 0x1FF8,
  0x1FF8, 0x1FF8, 0x1FF8, 0x1FF8, 0x1FF8, 0x1FF8, 0x1FF8, 0x1FF8,
  0x1FF8, 0x1FF8, 0x1FF8, 0x7BFF, 0x1AFF, 0x1AFF, 0x1AFF, 0x1AFF,
  0x1AFF, 0x1AFF, 0x1AFF, 0x3BFF, 0x3BFF, 0x3BFF, 0xFAF6, 0xF1AB,
  0x31B4, 0x31B4, 0x31B4, 0x31B4, 0x52B4, 0x52B4, 0x31B4, 0x52B4,
  0xB3BC, 0x7CFF, 0x7CFF, 0x9CFF, 0xBCFF, 0x4529, 0x1FF8, 0x1FF8,
  0x1FF8, 0x1FF8, 0x1FF8, 0x1FF8, 0x1FF8, 0x1FF8, 0x1FF8, 0x1FF8,
  0x1FF8, 0x1FF8, 0x1FF8, 0x1FF8, 0x1FF8, 0x1FF8, 0x1FF8, 0x1FF8,
  0x1FF8, 0x1FF8, 0x1FF8, 0x1FF8, 0x1FF8, 0x1FF8, 0x1FF8, 0x1FF8,
  0x1FF8, 0x1FF8, 0x1FF8, 0x1FF8, 0x1FF8, 0x1FF8, 0x1FF8, 0x1FF8,
  0x1FF8, 0x1FF8, 0x1FF8, 0x1FF8, 0x1FF8, 0x1FF8, 0x1FF8, 0x1FF8,
  0x1FF8, 0x1FF8, 0x9CFF, 0x1AFF, 0x1AFF, 0x1AFF, 0x1AFF, 0x1AFF,
  0x3BFF, 0x3BFF, 0x3BFF, 0x3BFF, 0x3BFF, 0x3BFF, 0x92BC, 0x31B4,
  0x31B4, 0x31B4, 0x31B4, 0x52B4, 0x52B4, 0x52B4, 0x52B4, 0x31B4,
  0x1AF7, 0x7CFF, 0x9CFF, 0x9CFF, 0x95BD, 0x1FF8, 0x1FF8, 0x1FF8,
  0x1FF8, 0x1FF8, 0x1FF8, 0x1FF8, 0x1FF8, 0x1FF8, 0x1FF8, 0x1FF8,
  0x1FF8, 0x1FF8, 0x1FF8, 0x1FF8, 0x1FF8, 0x1FF8, 0x1FF8, 0x1FF8,
  0x1FF8, 0x1FF8, 0x1FF8, 0x1FF8, 0x1FF8, 0x1FF8, 0x1FF8, 0x1FF8,
  0x1FF8, 0x1FF8, 0x1FF8, 0x1FF8, 0x1FF8, 0x1FF8, 0x1FF8, 0x1FF8,
  0x1FF8, 0x1FF8, 0x1FF8, 0x1FF8, 0x1FF8, 0x1FF8, 0x1FF8, 0x1FF8,
  0x1FF8, 0x78E6, 0x3BFF, 0x3BFF, 0x3BFF, 0x3BFF, 0x3BFF, 0x3BFF,
  0x3BFF, 0x3BFF, 0x3BFF, 0x3BFF, 0x5BFF, 0x9CFF, 0x31B4, 0x31B4,
  0x31B4, 0x52B4, 0x52B4, 0x52B4, 0x52B4, 0x52B4, 0x52B4, 0xB3BC,
  0x9CFF, 0x9CFF, 0x9CFF, 0xDDFF, 0x0000, 0x1FF8, 0x1FF8, 0x1FF8,
  0x1FF8, 0x1FF8, 0x1FF8, 0x1FF8, 0x1FF8, 0x1FF8, 0x1FF8, 0x1FF8,
  0x1FF8, 0x1FF8, 0x1FF8, 0x1FF8, 0x1FF8, 0x1FF8, 0x1FF8, 0x1FF8,
  0x1FF8, 0x1FF8, 0x1FF8, 0x1FF8, 0x1FF8, 0x1FF8, 0x1FF8, 0x1FF8,
  0x1FF8, 0x1FF8, 0x1FF8, 0x1FF8, 0x1FF8, 0x1FF8, 0x1FF8, 0x1FF8,
  0x1FF8, 0x1FF8, 0x1FF8, 0x1FF8, 0x1FF8, 0x1FF8, 0x1FF8, 0x1FF8,
  0x13B5, 0x3BFF, 0x3BFF, 0x3BFF, 0x3BFF, 0x3BFF, 0x3BFF, 0x3BFF,
  0x3BFF, 0x3BFF, 0x5BFF, 0x5BFF, 0x7BFF, 0x93BC, 0x31B4, 0x52B4,
  0x52B4, 0x52B4, 0x52B4, 0x52B4, 0x52B4, 0x52B4, 0x31B4, 0x5BF7,
  0x9CFF, 0x9CFF, 0x9CFF, 0x0F8C, 0x1FF8, 0x1FF8, 0x1FF8, 0x1FF8,
  0x1FF8, 0x1FF8, 0x1FF8, 0x1FF8, 0x1FF8, 0x1FF8, 0x1FF8, 0x1FF8,
  0x1FF8, 0x1FF8, 0x1FF8, 0x1FF8, 0x1FF8, 0x1FF8, 0x1FF8, 0x1FF8,
  0x1FF8, 0x1FF8, 0x1FF8, 0x1FF8, 0x1FF8, 0x1FF8, 0x1FF8, 0x1FF8,
  0x1FF8, 0x1FF8, 0x1FF8, 0x1FF8, 0x1FF8, 0x1FF8, 0x1FF8, 0x1FF8,
  0x1FF8, 0x1FF8, 0x1FF8, 0x1FF8, 0x1FF8, 0x1FF8, 0x1FF8, 0xAE83,
  0x3BFF, 0x3BFF, 0x3BFF, 0x3BFF, 0x3BFF, 0x3BFF, 0x5BFF, 0x5BFF,
  0x5BFF, 0x5BFF, 0x5BFF, 0x5BFF, 0xDAEE, 0x31B4, 0x52B4, 0x52B4,
  0x31B4, 0x52B4, 0x52B4, 0x52B4, 0x52B4, 0x52B4, 0x34C5, 0x7CFF,
  0x9CFF, 0x9CFF, 0xDDFF, 0x0000, 0x1FF8, 0x1FF8, 0x1FF8, 0x1FF8,
  0x1FF8, 0x1FF8, 0x1FF8, 0x1FF8, 0x1FF8, 0x1FF8, 0x1FF8, 0x1FF8,
  0x1FF8, 0x1FF8, 0x1FF8, 0x1FF8, 0x1FF8, 0x1FF8, 0x1FF8, 0x1FF8,
  0x1FF8, 0x1FF8, 0x1FF8, 0x1FF8, 0x1FF8, 0x1FF8, 0x1FF8, 0x1FF8,
  0x1FF8, 0x1FF8, 0x1FF8, 0x1FF8, 0x1FF8, 0x1FF8, 0x1FF8, 0x1FF8,
  0x1FF8, 0x1FF8, 0x1FF8, 0x1FF8, 0x1FF8, 0x1FF8, 0x6952, 0x3BFF,
  0x3BFF, 0x3BFF, 0x3BFF, 0x5BFF, 0x5BFF, 0x5BFF, 0x5BFF, 0x5BFF,
  0x5BFF, 0x5BFF, 0x7BFF, 0x9CFF, 0x72B4, 0x52B4, 0x52B4, 0x52B4,
  0x52B4, 0x52B4, 0x52B4, 0x52B4, 0x52B4, 0x52B4, 0xBDFF, 0xDDFF,
  0x3AEF, 0xAA5A, 0x0000, 0x1FF8, 0x1FF8, 0x1FF8, 0x1FF8, 0x1FF8,
  0x1FF8, 0x1FF8, 0x1FF8, 0x1FF8, 0x1FF8, 0x1FF8, 0x1FF8, 0x1FF8,
  0x1FF8, 0x1FF8, 0x1FF8, 0x1FF8, 0x1FF8, 0x1FF8, 0x1FF8, 0x1FF8,
  0x1FF8, 0x1FF8, 0x1FF8, 0x1FF8, 0x1FF8, 0x1FF8, 0x1FF8, 0x1FF8,
  0x1FF8, 0x1FF8, 0x1FF8, 0x1FF8, 0x1FF8, 0x1FF8, 0x1FF8, 0x1FF8,
  0x1FF8, 0x1FF8, 0x1FF8, 0x1FF8, 0x1FF8, 0x0000, 0x5BFF, 0x5BFF,
  0x5BFF, 0x5BFF, 0x5BFF, 0x5BFF, 0x5BFF, 0x5BFF, 0x5BFF, 0x5BFF,
  0x5BFF, 0x7BFF, 0x7BFF, 0x99E6, 0x31B4, 0x52B4, 0x52B4, 0x52B4,
  0x52B4, 0x52B4, 0x52B4, 0x93BC, 0xF0A3, 0x084A, 0x0000, 0x1FF8,
  0x1FF8, 0x1FF8, 0x1FF8, 0x1FF8, 0x1FF8, 0x1FF8, 0x1FF8, 0x1FF8,
  0x1FF8, 0x1FF8, 0x1FF8, 0x1FF8, 0x1FF8, 0x1FF8, 0x1FF8, 0x1FF8,
  0x1FF8, 0x1FF8, 0x1FF8, 0x1FF8, 0x1FF8, 0x1FF8, 0x1FF8, 0x1FF8,
  0x1FF8, 0x1FF8, 0x1FF8, 0x1FF8, 0x1FF8, 0x1FF8, 0x1FF8, 0x1FF8,
  0x1FF8, 0x1FF8, 0x1FF8, 0x1FF8, 0x1FF8, 0x1FF8, 0x1FF8, 0x1FF8,
  0x1FF8, 0x1FF8, 0x1FF8, 0x1FF8, 0x0000, 0x5BFF, 0x5BFF, 0x5BFF,
  0x5BFF, 0x5BFF, 0x5BFF, 0x5BFF, 0x5BFF, 0x7BFF, 0x5BFF, 0x7BFF,
  0x7BFF, 0x7CFF, 0x7BFF, 0xF1AB, 0x52B4, 0x52B4, 0x52B4, 0x52B4,
  0x52B4, 0xA741, 0x0000, 0x1FF8, 0x1FF8, 0x1FF8, 0x1FF8, 0x1FF8,
  0x1FF8, 0x1FF8, 0x1FF8, 0x1FF8, 0x1FF8, 0x1FF8, 0x1FF8, 0x1FF8,
  0x1FF8, 0x1FF8, 0x1FF8, 0x1FF8, 0x1FF8, 0x1FF8, 0x1FF8, 0x1FF8,
  0x1FF8, 0x1FF8, 0x1FF8, 0x1FF8, 0x1FF8, 0x1FF8, 0x1FF8, 0x1FF8,
  0x1FF8, 0x1FF8, 0x1FF8, 0x1FF8, 0x1FF8, 0x1FF8, 0x1FF8, 0x1FF8,
  0x1FF8, 0x1FF8, 0x1FF8, 0x1FF8, 0x1FF8, 0x1FF8, 0x1FF8, 0x1FF8,
  0x1FF8, 0x1FF8, 0x1FF8, 0x4531, 0x5BFF, 0x5BFF, 0x5BFF, 0x5BFF,
  0x5BFF, 0x7BFF, 0x7BFF, 0x5BFF, 0x7BFF, 0x7BFF, 0x7BFF, 0x7CFF,
  0x7BFF, 0x7CFF, 0x99E6, 0x52B4, 0x52B4, 0x52B4, 0x11A4, 0x0000,
  0x1FF8, 0x1FF8, 0x1FF8, 0x1FF8, 0x1FF8, 0x1FF8, 0x1FF8, 0x1FF8,
  0x1FF8, 0x1FF8, 0x1FF8, 0x1FF8, 0x1FF8, 0x1FF8, 0x1FF8, 0x1FF8,
  0x1FF8, 0x1FF8, 0x1FF8, 0x1FF8, 0x1FF8, 0x1FF8, 0x1FF8, 0x1FF8,
  0x1FF8, 0x1FF8, 0x1FF8, 0x1FF8, 0x1FF8, 0x1FF8, 0x1FF8, 0x1FF8,
  0x1FF8, 0x1FF8, 0x1FF8, 0x1FF8, 0x1FF8, 0x1FF8, 0x1FF8, 0x1FF8,
  0x1FF8, 0x1FF8, 0x1FF8, 0x1FF8, 0x1FF8, 0x1FF8, 0x1FF8, 0x1FF8,
  0x1FF8, 0x1FF8, 0xA95A, 0x7BFF, 0x7BFF, 0x7BFF, 0x7BFF, 0x7BFF,
  0x7BFF, 0x7BFF, 0x7BFF, 0x7BFF, 0x7CFF, 0x7CFF, 0x7BFF, 0x7CFF,
  0x7CFF, 0x9CFF, 0x72B4, 0x52B4, 0x52B4, 0x6A62, 0x1FF8, 0x1FF8,
  0x1FF8, 0x1FF8, 0x1FF8, 0x1FF8, 0x1FF8, 0x1FF8, 0x1FF8, 0x1FF8,
  0x1FF8, 0x1FF8, 0x1FF8, 0x1FF8, 0x1FF8, 0x1FF8, 0x1FF8, 0x1FF8,
  0x1FF8, 0x1FF8, 0x1FF8, 0x1FF8, 0x1FF8, 0x1FF8, 0x1FF8, 0x1FF8,
  0x1FF8, 0x1FF8, 0x1FF8, 0x1FF8, 0x1FF8, 0x1FF8, 0x1FF8, 0x1FF8,
  0x1FF8, 0x1FF8, 0x1FF8, 0x1FF8, 0x1FF8, 0x1FF8, 0x1FF8, 0x1FF8,
  0x1FF8, 0x1FF8, 0x1FF8, 0x1FF8, 0x1FF8, 0x1FF8, 0x1FF8, 0x1FF8,
  0x1FF8, 0x0B6B, 0x7BFF, 0x7BFF, 0x7BFF, 0x7BFF, 0x7BFF, 0x7BFF,
  0x7BFF, 0x7BFF, 0x7CFF, 0x7BFF, 0x7CFF, 0x7CFF, 0x7CFF, 0x7CFF,
  0x7CFF, 0xFDFF, 0x52B4, 0x52B4, 0x11AC, 0x1FF8, 0x1FF8, 0x1FF8,
  0x1FF8, 0x1FF8, 0x1FF8, 0x1FF8, 0x1FF8, 0x1FF8, 0x1FF8, 0x1FF8,
  0x1FF8, 0x1FF8, 0x1FF8, 0x1FF8, 0x1FF8, 0x1FF8, 0x1FF8, 0x1FF8,
  0x1FF8, 0x1FF8, 0x1FF8, 0x1FF8, 0x1FF8, 0x1FF8, 0x1FF8, 0x1FF8,
  0x1FF8, 0x1FF8, 0x1FF8, 0x1FF8, 0x1FF8, 0x1FF8, 0x1FF8, 0x1FF8,
  0x1FF8, 0x1FF8, 0x1FF8, 0x1FF8, 0x1FF8, 0x1FF8, 0x1FF8, 0x1FF8,
  0x1FF8, 0x1FF8, 0x1FF8, 0x1FF8, 0x1FF8, 0x1FF8, 0x1FF8, 0x1FF8,
  0x8D7B, 0x7BFF, 0x7BFF, 0x7BFF, 0x7BFF, 0x7BFF, 0x7CFF, 0x7CFF,
  0x7CFF, 0x7BFF, 0x7CFF, 0x7CFF, 0x7CFF, 0x7CFF, 0x7CFF, 0x7CFF,
  0x9CFF, 0xD6D5, 0x52B4, 0x52B4, 0x2008, 0x1FF8, 0x1FF8, 0x1FF8,
  0x1FF8, 0x1FF8, 0x1FF8, 0x1FF8, 0x1FF8, 0x1FF8, 0x1FF8, 0x1FF8,
  0x1FF8, 0x1FF8, 0x1FF8, 0x1FF8, 0x1FF8, 0x1FF8, 0x1FF8, 0x1FF8,
  0x1FF8, 0x1FF8, 0x1FF8, 0x1FF8, 0x1FF8, 0x1FF8, 0x1FF8, 0x1FF8,
  0x1FF8, 0x1FF8, 0x1FF8, 0x1FF8, 0x1FF8, 0x1FF8, 0x1FF8, 0x1FF8,
  0x1FF8, 0x1FF8, 0x1FF8, 0x1FF8, 0x1FF8, 0x1FF8, 0x1FF8, 0x1FF8,
  0x1FF8, 0x1FF8, 0x1FF8, 0x1FF8, 0x1FF8, 0x1FF8, 0x1FF8, 0x7194,
  0x7BFF, 0x7BFF, 0x7CFF, 0x7CFF, 0x7CFF, 0x7CFF, 0x7BFF, 0x7CFF,
  0x7CFF, 0x7CFF, 0x7CFF, 0x7CFF, 0x7CFF, 0x7CFF, 0x7CFF, 0x9CFF,
  0xBCFF, 0x14C5, 0x52B4, 0x6E8B, 0x1FF8, 0x1FF8, 0x1FF8, 0x1FF8,
  0x1FF8, 0x1FF8, 0x1FF8, 0x1FF8, 0x1FF8, 0x1FF8, 0x1FF8, 0x1FF8,
  0x1FF8, 0x1FF8, 0x1FF8, 0x1FF8, 0x1FF8, 0x1FF8, 0x1FF8, 0x1FF8,
  0x1FF8, 0x1FF8, 0x1FF8, 0x1FF8, 0x1FF8, 0x1FF8, 0x1FF8, 0x1FF8,
  0x1FF8, 0x1FF8, 0x1FF8, 0x1FF8, 0x1FF8, 0x1FF8, 0x1FF8, 0x1FF8,
  0x1FF8, 0x1FF8, 0x1FF8, 0x1FF8, 0x1FF8, 0x1FF8, 0x1FF8, 0x1FF8,
  0x1FF8, 0x1FF8, 0x1FF8, 0x1FF8, 0x1FF8, 0x1FF8, 0xF2AC, 0x7BFF,
  0x7BFF, 0x7CFF, 0x7CFF, 0x7CFF, 0x7CFF, 0x7CFF, 0x7CFF, 0x7CFF,
  0x7CFF, 0x7CFF, 0x7CFF, 0x9CFF, 0x9CFF, 0x9CFF, 0x9CFF, 0x9CFF,
  0xDDFF, 0x92B4, 0xB3C4, 0x1FF8, 0x1FF8, 0x1FF8, 0x1FF8, 0x1FF8,
  0x1FF8, 0x1FF8, 0x1FF8, 0x1FF8, 0x1FF8, 0x1FF8, 0x1FF8, 0x1FF8,
  0x1FF8, 0x1FF8, 0x1FF8, 0x1FF8, 0x1FF8, 0x1FF8, 0x1FF8, 0x1FF8,
  0x1FF8, 0x1FF8, 0x1FF8, 0x1FF8, 0x1FF8, 0x1FF8, 0x1FF8, 0x1FF8,
  0x1FF8, 0x1FF8, 0x1FF8, 0x1FF8, 0x1FF8, 0x1FF8, 0x1FF8, 0x1FF8,
  0x1FF8, 0x1FF8, 0x1FF8, 0x1FF8, 0x1FF8, 0x1FF8, 0x1FF8, 0x1FF8,
  0x1FF8, 0x1FF8, 0x1FF8, 0x1FF8, 0x1FF8, 0x16CE, 0x7CFF, 0x7CFF,
  0x7CFF, 0x7CFF, 0x7CFF, 0x7CFF, 0x7CFF, 0x7CFF, 0x7CFF, 0x7CFF,
  0x9CFF, 0x9CFF, 0x9CFF, 0x9CFF, 0x9CFF, 0x9CFF, 0x9CFF, 0x9CFF,
  0x9CFF, 0x72B4, 0xC320, 0x1FF8, 0x1FF8, 0x1FF8, 0x1FF8, 0x1FF8,
  0x1FF8, 0x1FF8, 0x1FF8, 0x1FF8, 0x1FF8, 0x1FF8, 0x1FF8, 0x1FF8,
  0x1FF8, 0x1FF8, 0x1FF8, 0x1FF8, 0x1FF8, 0x1FF8, 0x1FF8, 0x1FF8,
  0x1FF8, 0x1FF8, 0x1FF8, 0x1FF8, 0x1FF8, 0x1FF8, 0x1FF8, 0x1FF8,
  0x1FF8, 0x1FF8, 0x1FF8, 0x1FF8, 0x1FF8, 0x1FF8, 0x1FF8, 0x1FF8,
  0x1FF8, 0x1FF8, 0x1FF8, 0x1FF8, 0x1FF8, 0x1FF8, 0x1FF8, 0x1FF8,
  0x1FF8, 0x1FF8, 0x1FF8, 0x1FF8, 0x16CE, 0x7CFF, 0x7CFF, 0x7CFF,
  0x7CFF, 0x7CFF, 0x7CFF, 0x7CFF, 0x7CFF, 0x7CFF, 0x9CFF, 0x9CFF,
  0x9CFF, 0x9CFF, 0x9CFF, 0x9CFF, 0x9CFF, 0x9CFF, 0x9CFF, 0x9CFF,
  0x9CFF, 0xEC72, 0x1FF8, 0x1FF8, 0x1FF8, 0x1FF8, 0x1FF8, 0x1FF8,
  0x1FF8, 0x1FF8, 0x1FF8, 0x1FF8, 0x1FF8, 0x1FF8, 0x1FF8, 0x1FF8,
  0x1FF8, 0x1FF8, 0x1FF8, 0x1FF8, 0x1FF8, 0x1FF8, 0x1FF8, 0x1FF8,
  0x1FF8, 0x1FF8, 0x1FF8, 0x1FF8, 0x1FF8, 0x1FF8, 0x1FF8, 0x1FF8,
  0x1FF8, 0x1FF8, 0x1FF8, 0x1FF8, 0x1FF8, 0x1FF8, 0x1FF8, 0x1FF8,
  0x1FF8, 0x1FF8, 0x1FF8, 0x1FF8, 0x1FF8, 0x1FF8, 0x1FF8, 0x1FF8,
  0x1FF8, 0x1FF8, 0x1FF8, 0xD5C5, 0x7CFF, 0x7CFF, 0x7CFF, 0x7CFF,
  0x7CFF, 0x7CFF, 0x9CFF, 0x9CFF, 0x9CFF, 0x9CFF, 0x9CFF, 0x9CFF,
  0x9CFF, 0x9CFF, 0x9CFF, 0x9CFF, 0x9CFF, 0x9CFF, 0x9CFF, 0x7CFF,
  0x1AEF, 0x1FF8, 0x1FF8, 0x1FF8, 0x1FF8, 0x1FF8, 0x1FF8, 0x1FF8,
  0x1FF8, 0x1FF8, 0x1FF8, 0x1FF8, 0x1FF8, 0x1FF8, 0x1FF8, 0x1FF8,
  0x1FF8, 0x1FF8, 0x1FF8, 0x1FF8, 0x1FF8, 0x1FF8, 0x1FF8, 0x1FF8,
  0x1FF8, 0x1FF8, 0x1FF8, 0x1FF8, 0x1FF8, 0x1FF8, 0x1FF8, 0x1FF8,
  0x1FF8, 0x1FF8, 0x1FF8, 0x1FF8, 0x1FF8, 0x1FF8, 0x1FF8, 0x1FF8,
  0x1FF8, 0x1FF8, 0x1FF8, 0x1FF8, 0x1FF8, 0x1FF8, 0x1FF8, 0x1FF8,
  0x1FF8, 0x1FF8, 0xB5C5, 0x7CFF, 0x7CFF, 0x9CFF, 0x9CFF, 0x9CFF,
  0x9CFF, 0x9CFF, 0x9CFF, 0x9CFF, 0x9CFF, 0x9CFF, 0x9CFF, 0x9CFF,
  0x9CFF, 0x9CFF, 0x9CFF, 0x9CFF, 0x9CFF, 0x9CFF, 0x9CFF, 0x9CFF,
  0x0000, 0x1FF8, 0x1FF8, 0x1FF8, 0x1FF8, 0x1FF8, 0x1FF8, 0x1FF8,
  0x1FF8, 0x1FF8, 0x1FF8, 0x1FF8, 0x1FF8, 0x1FF8, 0x1FF8, 0x1FF8,
  0x1FF8, 0x1FF8, 0x1FF8, 0x1FF8, 0x1FF8, 0x1FF8, 0x1FF8, 0x1FF8,
  0x1FF8, 0x1FF8, 0x1FF8, 0x1FF8, 0x1FF8, 0x1FF8, 0x1FF8, 0x1FF8,
  0x1FF8, 0x1FF8, 0x1FF8, 0x1FF8, 0x1FF8, 0x1FF8, 0x1FF8, 0x1FF8,
  0x1FF8, 0x1FF8, 0x1FF8, 0x1FF8, 0x1FF8, 0x1FF8, 0x1FF8, 0x1FF8,
  0x1FF8, 0x94BD, 0x9CFF, 0x9CFF, 0x9CFF, 0x9CFF, 0x9CFF, 0x9CFF,
  0x9CFF, 0x9CFF, 0x9CFF, 0x9CFF, 0x9CFF, 0x9CFF, 0x9CFF, 0x9CFF,
  0x9CFF, 0x9CFF, 0x9CFF, 0x9CFF, 0x9CFF, 0x9CFF, 0x9CFF, 0xE318,
  0x1FF8, 0x1FF8, 0x1FF8, 0x1FF8, 0x1FF8, 0x1FF8, 0x1FF8, 0x1FF8,
  0x1FF8, 0x1FF8, 0x1FF8, 0x1FF8, 0x1FF8, 0x1FF8, 0x1FF8, 0x1FF8,
  0x1FF8, 0x1FF8, 0x1FF8, 0x1FF8, 0x1FF8, 0x1FF8, 0x1FF8, 0x1FF8,
  0x1FF8, 0x1FF8, 0x1FF8, 0x1FF8, 0x1FF8, 0x1FF8, 0x1FF8, 0x1FF8,
  0x1FF8, 0x1FF8, 0x1FF8, 0x1FF8, 0x1FF8, 0x1FF8, 0x1FF8, 0x1FF8,
  0x1FF8, 0x1FF8, 0x1FF8, 0x1FF8, 0x1FF8, 0x1FF8, 0x1FF8, 0x1FF8,
  0x9194, 0x9CFF, 0x9CFF, 0x9CFF, 0x9CFF, 0x9CFF, 0x9CFF, 0x9CFF,
  0x9CFF, 0x9CFF, 0x9CFF, 0x9CFF, 0x9CFF, 0x9CFF, 0x9CFF, 0x9CFF,
  0x9CFF, 0x9CFF, 0x9CFF, 0x9CFF, 0x9CFF, 0x7CFF, 0xCA5A, 0x1FF8,
  0x1FF8, 0x1FF8, 0x1FF8, 0x1FF8, 0x1FF8, 0x1FF8, 0x1FF8, 0x1FF8,
  0x1FF8, 0x1FF8, 0x1FF8, 0x1FF8, 0x1FF8, 0x1FF8, 0x1FF8, 0x1FF8,
  0x1FF8, 0x1FF8, 0x1FF8, 0x1FF8, 0x1FF8, 0x1FF8, 0x1FF8, 0x1FF8,
  0x1FF8, 0x1FF8, 0x1FF8, 0x1FF8, 0x1FF8, 0x1FF8, 0x1FF8, 0x1FF8,
  0x1FF8, 0x1FF8, 0x1FF8, 0x1FF8, 0x1FF8, 0x1FF8, 0x1FF8, 0x1FF8,
  0x1FF8, 0x1FF8, 0x1FF8, 0x1FF8, 0x1FF8, 0x1FF8, 0x1FF8, 0x0B63,
  0x9CFF, 0x9CFF, 0x9CFF, 0x9CFF, 0x9CFF, 0x9CFF, 0x9CFF, 0x9CFF,
  0x9CFF, 0x9CFF, 0x9CFF, 0x9CFF, 0x9CFF, 0x9CFF, 0x9CFF, 0x9CFF,
  0x9CFF, 0x9CFF, 0x9CFF, 0x9CFF, 0x7CFF, 0x9194, 0x1FF8, 0x1FF8,
  0x1FF8, 0x1FF8, 0x1FF8, 0x1FF8, 0x1FF8, 0x1FF8, 0x1FF8, 0x1FF8,
  0x1FF8, 0x1FF8, 0x1FF8, 0x1FF8, 0x1FF8, 0x1FF8, 0x1FF8, 0x1FF8,
  0x1FF8, 0x1FF8, 0x1FF8, 0x1FF8, 0x1FF8, 0x1FF8, 0x1FF8, 0x1FF8,
  0x1FF8, 0x1FF8, 0x1FF8, 0x1FF8, 0x1FF8, 0x1FF8, 0x1FF8, 0x1FF8,
  0x1FF8, 0x1FF8, 0x1FF8, 0x1FF8, 0x1FF8, 0x1FF8, 0x1FF8, 0x1FF8,
  0x1FF8, 0x1FF8, 0x1FF8, 0x1FF8, 0x1FF8, 0x1FF8, 0x0842, 0x9CFF,
  0x9CFF, 0x9CFF, 0x9CFF, 0x9CFF, 0x9CFF, 0x9CFF, 0x9CFF, 0x9CFF,
  0x9CFF, 0x9CFF, 0x9CFF, 0x9CFF, 0x9CFF, 0x9CFF, 0x9CFF, 0x9CFF,
  0x9CFF, 0x9CFF, 0x9CFF, 0x7CFF, 0xD6C5, 0x1FF8, 0x1FF8, 0x1FF8,
  0x1FF8, 0x1FF8, 0x1FF8, 0x1FF8, 0x1FF8, 0x1FF8, 0x1FF8, 0x1FF8,
  0x1FF8, 0x1FF8, 0x1FF8, 0x1FF8, 0x1FF8, 0x1FF8, 0x1FF8, 0x1FF8,
  0x1FF8, 0x1FF8, 0x1FF8, 0x1FF8, 0x1FF8, 0x1FF8, 0x1FF8, 0x1FF8,
  0x1FF8, 0x1FF8, 0x1FF8, 0x1FF8, 0x1FF8, 0x1FF8, 0x1FF8, 0x1FF8,
  0x1FF8, 0x1FF8, 0x1FF8, 0x1FF8, 0x1FF8, 0x1FF8, 0x1FF8, 0x1FF8,
  0x1FF8, 0x1FF8, 0x1FF8, 0x1FF8, 0x1FF8, 0x6531, 0x7CFF, 0x9CFF,
  0x9CFF, 0x9CFF, 0x9CFF, 0x9CFF, 0x9CFF, 0x9CFF, 0x9CFF, 0x9CFF,
  0x9CFF, 0x9CFF, 0x9CFF, 0x9CFF, 0x9CFF, 0x9CFF, 0x9CFF, 0x9CFF,
  0x9CFF, 0x9CFF, 0x9CFF, 0xFAEE, 0x1FF8, 0x1FF8, 0x1FF8, 0x1FF8,
  0x1FF8, 0x1FF8, 0x1FF8, 0x1FF8, 0x1FF8, 0x1FF8, 0x1FF8, 0x1FF8,
  0x1FF8, 0x1FF8, 0x1FF8, 0x1FF8, 0x1FF8, 0x1FF8, 0x1FF8, 0x1FF8,
  0x1FF8, 0x1FF8, 0x1FF8, 0x1FF8, 0x1FF8, 0x1FF8, 0x1FF8, 0x1FF8,
  0x1FF8, 0x1FF8, 0x1FF8, 0x1FF8, 0x1FF8, 0x1FF8, 0x1FF8, 0x1FF8,
  0x1FF8, 0x1FF8, 0x1FF8, 0x1FF8, 0x1FF8, 0x1FF8, 0x1FF8, 0x1FF8,
  0x1FF8, 0x1FF8, 0x1FF8, 0x1FF8, 0x8210, 0x7CFF, 0x9CFF, 0x9CFF,
  0x9CFF, 0x9CFF, 0x9CFF, 0x9CFF, 0x9CFF, 0x9CFF, 0x9CFF, 0x9CFF,
  0x9CFF, 0x9CFF, 0x9CFF, 0x9CFF, 0x9CFF, 0x9CFF, 0x9CFF, 0x9CFF,
  0x9CFF, 0x9CFF, 0x9CFF, 0x1FF8, 0x1FF8, 0x1FF8, 0x1FF8, 0x1FF8,
  0x1FF8, 0x1FF8, 0x1FF8, 0x1FF8, 0x1FF8, 0x1FF8, 0x1FF8, 0x1FF8,
  0x1FF8, 0x1FF8, 0x1FF8, 0x1FF8, 0x1FF8, 0x1FF8, 0x1FF8, 0x1FF8,
  0x1FF8, 0x1FF8, 0x1FF8, 0x1FF8, 0x1FF8, 0x1FF8, 0x1FF8, 0x1FF8,
  0x1FF8, 0x1FF8, 0x1FF8, 0x1FF8, 0x1FF8, 0x1FF8, 0x1FF8, 0x1FF8,
  0x1FF8, 0x1FF8, 0x1FF8, 0x1FF8, 0x1FF8, 0x1FF8, 0x1FF8, 0x1FF8,
  0x1FF8, 0x1FF8, 0x1FF8, 0x0000, 0x9CFF, 0x9CFF, 0x9CFF, 0x9CFF,
  0x9CFF, 0x9CFF, 0x9CFF, 0x9CFF, 0x9CFF, 0x9CFF, 0x9CFF, 0x9CFF,
  0x9CFF, 0x9CFF, 0x9CFF, 0x9CFF, 0x9CFF, 0x9CFF, 0x9CFF, 0x9CFF,
  0x9CFF, 0x5BF7, 0x1FF8, 0x1FF8, 0x1FF8, 0x1FF8, 0x1FF8, 0x1FF8,
  0x1FF8, 0x1FF8, 0x1FF8, 0x1FF8, 0x1FF8, 0x1FF8, 0x1FF8, 0x1FF8,
  0x1FF8, 0x1FF8, 0x1FF8, 0x1FF8, 0x1FF8, 0x1FF8, 0x1FF8, 0x1FF8,
  0x1FF8, 0x1FF8, 0x1FF8, 0x1FF8, 0x1FF8, 0x1FF8, 0x1FF8, 0x1FF8,
  0x1FF8, 0x1FF8, 0x1FF8, 0x1FF8, 0x1FF8, 0x1FF8, 0x1FF8, 0x1FF8,
  0x1FF8, 0x1FF8, 0x1FF8, 0x1FF8, 0x1FF8, 0x1FF8, 0x1FF8, 0x1FF8,
  0x1FF8, 0x1FF8, 0x0000, 0xBCFF, 0x9CFF, 0x9CFF, 0x9CFF, 0x9CFF,
  0x9CFF, 0x9CFF, 0x9CFF, 0x9CFF, 0x9CFF, 0x9CFF, 0x9CFF, 0x9CFF,
  0x9CFF, 0x9CFF, 0x9CFF, 0x9CFF, 0x9CFF, 0x9CFF, 0x9CFF, 0x7CFF,
  0x98DE, 0x1FF8, 0x1FF8, 0x1FF8, 0x1FF8, 0x1FF8, 0x1FF8, 0x1FF8,
  0x1FF8, 0x1FF8, 0x1FF8, 0x1FF8, 0x1FF8, 0x1FF8, 0x1FF8, 0x1FF8,
  0x1FF8, 0x1FF8, 0x1FF8, 0x1FF8, 0x1FF8, 0x1FF8, 0x1FF8, 0x1FF8,
  0x1FF8, 0x1FF8, 0x1FF8, 0x1FF8, 0x1FF8, 0x1FF8, 0x1FF8, 0x1FF8,
  0x1FF8, 0x1FF8, 0x1FF8, 0x1FF8, 0x1FF8, 0x1FF8, 0x1FF8, 0x1FF8,
  0x1FF8, 0x1FF8, 0x1FF8, 0x1FF8, 0x1FF8, 0x1FF8, 0x1FF8, 0x1FF8,
  0x1FF8, 0x1FF8, 0xDDFF, 0x9CFF, 0x9CFF, 0x9CFF, 0x9CFF, 0x9CFF,
  0x9CFF, 0x9CFF, 0x9CFF, 0x9CFF, 0x9CFF, 0x9CFF, 0x9CFF, 0x9CFF,
  0x9CFF, 0x9CFF, 0x9CFF, 0x9CFF, 0x9CFF, 0x9CFF, 0x9CFF, 0x37D6,
  0x1FF8, 0x1FF8, 0x1FF8, 0x1FF8, 0x1FF8, 0x1FF8, 0x1FF8, 0x1FF8,
  0x1FF8, 0x1FF8, 0x1FF8, 0x1FF8, 0x1FF8, 0x1FF8, 0x1FF8, 0x1FF8,
  0x1FF8, 0x1FF8, 0x1FF8, 0x1FF8, 0x1FF8, 0x1FF8, 0x1FF8, 0x1FF8,
  0x1FF8, 0x1FF8, 0x1FF8, 0x1FF8, 0x1FF8, 0x1FF8, 0x1FF8, 0x1FF8,
  0x1FF8, 0x1FF8, 0x1FF8, 0x1FF8, 0x1FF8, 0x1FF8, 0x1FF8, 0x1FF8,
  0x1FF8, 0x1FF8, 0x1FF8, 0x1FF8, 0x1FF8, 0x1FF8, 0x1FF8, 0x1FF8,
  0x1FF8, 0xBCFF, 0x9CFF, 0x9CFF, 0x9CFF, 0x9CFF, 0x9CFF, 0x9CFF,
  0x9CFF, 0x9CFF, 0x9CFF, 0x9CFF, 0x9CFF, 0x9CFF, 0x9CFF, 0x9CFF,
  0x9CFF, 0x9CFF, 0x9CFF, 0x9CFF, 0x9CFF, 0x9CFF, 0x7094, 0x1FF8,
  0x1FF8, 0x1FF8, 0x1FF8, 0x1FF8, 0x1FF8, 0x1FF8, 0x1FF8, 0x1FF8,
  0x1FF8, 0x1FF8, 0x1FF8, 0x1FF8, 0x1FF8, 0x1FF8, 0x1FF8, 0x1FF8,
  0x1FF8, 0x1FF8, 0x1FF8, 0x1FF8, 0x1FF8, 0x1FF8, 0x1FF8, 0x1FF8,
  0x1FF8, 0x1FF8, 0x1FF8, 0x1FF8, 0x1FF8, 0x1FF8, 0x1FF8, 0x1FF8,
  0x1FF8, 0x1FF8, 0x1FF8, 0x1FF8, 0x1FF8, 0x1FF8, 0x1FF8, 0x1FF8,
  0x1FF8, 0x1FF8, 0x1FF8, 0x1FF8, 0x1FF8, 0x1FF8, 0x1FF8, 0x1FF8,
  0xFAEE, 0x9CFF, 0x9CFF, 0x9CFF, 0x9CFF, 0x9CFF, 0x9CFF, 0x9CFF,
  0x9CFF, 0x9CFF, 0x9CFF, 0x9CFF, 0x9CFF, 0x9CFF, 0x9CFF, 0x9CFF,
  0x9CFF, 0x9CFF, 0x9CFF, 0x9CFF, 0x7CFF, 0x284A, 0x1FF8, 0x1FF8,
  0x1FF8, 0x1FF8, 0x1FF8, 0x1FF8, 0x1FF8, 0x1FF8, 0x1FF8, 0x1FF8,
  0x1FF8, 0x1FF8, 0x1FF8, 0x1FF8, 0x1FF8, 0x1FF8, 0x1FF8, 0x1FF8,
  0x1FF8, 0x1FF8, 0x1FF8, 0x1FF8, 0x1FF8, 0x1FF8, 0x1FF8, 0x1FF8,
  0x1FF8, 0x1FF8, 0x1FF8, 0x1FF8, 0x1FF8, 0x1FF8, 0x1FF8, 0x1FF8,
  0x1FF8, 0x1FF8, 0x1FF8, 0x1FF8, 0x1FF8, 0x1FF8, 0x1FF8, 0x1FF8,
  0x1FF8, 0x1FF8, 0x1FF8, 0x1FF8, 0x1FF8, 0x1FF8, 0x1FF8, 0xF2A4,
  0x9CFF, 0x9CFF, 0x9CFF, 0x9CFF, 0x9CFF, 0x9CFF, 0x9CFF, 0x9CFF,
  0x9CFF, 0x9CFF, 0x9CFF, 0x9CFF, 0x9CFF, 0x9CFF, 0x9CFF, 0x9CFF,
  0x9CFF, 0x9CFF, 0x9CFF, 0x9CFF, 0x0000, 0x1FF8, 0x1FF8, 0x1FF8,
  0x1FF8, 0x1FF8, 0x1FF8, 0x1FF8, 0x1FF8, 0x1FF8, 0x1FF8, 0x1FF8,
  0x1FF8, 0x1FF8, 0x1FF8, 0x1FF8, 0x1FF8, 0x1FF8, 0x1FF8, 0x1FF8,
  0x1FF8, 0x1FF8, 0x1FF8, 0x1FF8, 0x1FF8, 0x1FF8, 0x1FF8, 0x1FF8,
  0x1FF8, 0x1FF8, 0x1FF8, 0x1FF8, 0x1FF8, 0x1FF8, 0x1FF8, 0x1FF8,
  0x1FF8, 0x1FF8, 0x1FF8, 0x1FF8, 0x1FF8, 0x1FF8, 0x1FF8, 0x1FF8,
  0x1FF8, 0x1FF8, 0x1FF8, 0x1FF8, 0x1FF8, 0x1FF8, 0x0B6B, 0x9CFF,
  0x9CFF, 0x9CFF, 0x9CFF, 0x9CFF, 0x9CFF, 0x9CFF, 0x9CFF, 0x9CFF,
  0x9CFF, 0x9CFF, 0x9CFF, 0x9CFF, 0x9CFF, 0x9CFF, 0x9CFF, 0x9CFF,
  0x9CFF, 0x9CFF, 0x9CFF, 0x0000, 0x1FF8, 0x1FF8, 0x1FF8, 0x1FF8,
  0x1FF8, 0x1FF8, 0x1FF8, 0x1FF8, 0x1FF8, 0x1FF8, 0x1FF8, 0x1FF8,
  0x1FF8, 0x1FF8, 0x1FF8, 0x1FF8, 0x1FF8, 0x1FF8, 0x1FF8, 0x1FF8,
  0x1FF8, 0x1FF8, 0x1FF8, 0x1FF8, 0x1FF8, 0x1FF8, 0x1FF8, 0x1FF8,
  0x1FF8, 0x1FF8, 0x1FF8, 0x1FF8, 0x1FF8, 0x1FF8, 0x1FF8, 0x1FF8,
  0x1FF8, 0x1FF8, 0x1FF8, 0x1FF8, 0x1FF8, 0x1FF8, 0x1FF8, 0x1FF8,
  0x1FF8, 0x1FF8, 0x1FF8, 0x1FF8, 0x1FF8, 0x284A, 0x9CFF, 0x9CFF,
  0x9CFF, 0x9CFF, 0x9CFF, 0x9CFF, 0x9CFF, 0x9CFF, 0x9CFF, 0x9CFF,
  0x9CFF, 0x9CFF, 0x9CFF, 0x9CFF, 0x9CFF, 0x9CFF, 0x9CFF, 0x9CFF,
  0x9CFF, 0xFDFF, 0x1FF8, 0x1FF8, 0x1FF8, 0x1FF8, 0x1FF8, 0x1FF8,
  0x1FF8, 0x1FF8, 0x1FF8, 0x1FF8, 0x1FF8, 0x1FF8, 0x1FF8, 0x1FF8,
  0x1FF8, 0x1FF8, 0x1FF8, 0x1FF8, 0x1FF8, 0x1FF8, 0x1FF8, 0x1FF8,
  0x1FF8, 0x1FF8, 0x1FF8, 0x1FF8, 0x1FF8, 0x1FF8, 0x1FF8, 0x1FF8,
  0x1FF8, 0x1FF8, 0x1FF8, 0x1FF8, 0x1FF8, 0x1FF8, 0x1FF8, 0x1FF8,
  0x1FF8, 0x1FF8, 0x1FF8, 0x1FF8, 0x1FF8, 0x1FF8, 0x1FF8, 0x1FF8,
  0x1FF8, 0x1FF8, 0x1FF8, 0x1FF8, 0x4529, 0x7CFF, 0x9CFF, 0x9CFF,
  0x9CFF, 0x9CFF, 0x9CFF, 0x9CFF, 0x9CFF, 0x9CFF, 0x9CFF, 0x9CFF,
  0x9CFF, 0x9CFF, 0x9CFF, 0x9CFF, 0x9CFF, 0x9CFF, 0x9CFF, 0x9CFF,
  0xFFFF, 0x1FF8, 0x1FF8, 0x1FF8, 0x1FF8, 0x1FF8, 0x1FF8, 0x1FF8,
  0x1FF8, 0x1FF8, 0x1FF8, 0x1FF8, 0x1FF8, 0x1FF8, 0x1FF8, 0x1FF8,
  0x1FF8, 0x1FF8, 0x1FF8, 0x1FF8, 0x1FF8, 0x1FF8, 0x1FF8, 0x1FF8,
  0x1FF8, 0x1FF8, 0x1FF8, 0x1FF8, 0x1FF8, 0x1FF8, 0x1FF8, 0x1FF8,
  0x1FF8, 0x1FF8, 0x1FF8, 0x1FF8, 0x1FF8, 0x1FF8, 0x1FF8, 0x1FF8,
  0x1FF8, 0x1FF8, 0x1FF8, 0x1FF8, 0x1FF8, 0x1FF8, 0x1FF8, 0x1FF8,
  0x1FF8, 0x1FF8, 0x1FF8, 0x2000, 0x7CFF, 0x9CFF, 0x9CFF, 0x9CFF,
  0x9CFF, 0x9CFF, 0x9CFF, 0x9CFF, 0x9CFF, 0x9CFF, 0x9CFF, 0x9CFF,
  0x9CFF, 0x9CFF, 0x9CFF, 0x9CFF, 0x9CFF, 0x9CFF, 0x9CFF, 0xBCFF,
  0x1FF8, 0x1FF8, 0x1FF8, 0x1FF8, 0x1FF8, 0x1FF8, 0x1FF8, 0x1FF8,
  0x1FF8, 0x1FF8, 0x1FF8, 0x1FF8, 0x1FF8, 0x1FF8, 0x1FF8, 0x1FF8,
  0x1FF8, 0x1FF8, 0x1FF8, 0x1FF8, 0x1FF8, 0x1FF8, 0x1FF8, 0x1FF8,
  0x1FF8, 0x1FF8, 0x1FF8, 0x1FF8, 0x1FF8, 0x1FF8, 0x1FF8, 0x1FF8,
  0x1FF8, 0x1FF8, 0x1FF8, 0x1FF8, 0x1FF8, 0x1FF8, 0x1FF8, 0x1FF8,
  0x1FF8, 0x1FF8, 0x1FF8, 0x1FF8, 0x1FF8, 0x1FF8, 0x1FF8, 0x1FF8,
  0x1FF8, 0x1FF8, 0x0000, 0x9CFF, 0x9CFF, 0x9CFF, 0x9CFF, 0x9CFF,
  0x9CFF, 0x9CFF, 0x9CFF, 0x9CFF, 0x9CFF, 0x9CFF, 0x9CFF, 0x9CFF,
  0x9CFF, 0x9CFF, 0x9CFF, 0x9CFF, 0x9CFF, 0x9CFF, 0x3BF7, 0x1FF8,
  0x1FF8, 0x1FF8, 0x1FF8, 0x1FF8, 0x1FF8, 0x1FF8, 0x1FF8, 0x1FF8,
  0x1FF8, 0x1FF8, 0x1FF8, 0x1FF8, 0x1FF8, 0x1FF8, 0x1FF8, 0x1FF8,
  0x1FF8, 0x1FF8, 0x1FF8, 0x1FF8, 0x1FF8, 0x1FF8, 0x1FF8, 0x1FF8,
  0x1FF8, 0x1FF8, 0x1FF8, 0x1FF8, 0x1FF8, 0x1FF8, 0x1FF8, 0x1FF8,
  0x1FF8, 0x1FF8, 0x1FF8, 0x1FF8, 0x1FF8, 0x1FF8, 0x1FF8, 0x1FF8,
  0x1FF8, 0x1FF8, 0x1FF8, 0x1FF8, 0x1FF8, 0x1FF8, 0x1FF8, 0x1FF8,
  0x1FF8, 0x0000, 0xDDFF, 0x9CFF, 0x9CFF, 0x9CFF, 0x9CFF, 0x9CFF,
  0x9CFF, 0x9CFF, 0x9CFF, 0x9CFF, 0x9CFF, 0x9CFF, 0x9CFF, 0x9CFF,
  0x9CFF, 0x9CFF, 0x9CFF, 0x9CFF, 0x9CFF, 0x33AD, 0x1FF8, 0x1FF8,
  0x1FF8, 0x1FF8, 0x1FF8, 0x1FF8, 0x1FF8, 0x1FF8, 0x1FF8, 0x1FF8,
  0x1FF8, 0x1FF8, 0x1FF8, 0x1FF8, 0x1FF8, 0x1FF8, 0x1FF8, 0x1FF8,
  0x1FF8, 0x1FF8, 0x1FF8, 0x1FF8, 0x1FF8, 0x1FF8, 0x1FF8, 0x1FF8,
  0x1FF8, 0x1FF8, 0x1FF8, 0x1FF8, 0x1FF8, 0x1FF8, 0x1FF8, 0x1FF8,
  0x1FF8, 0x1FF8, 0x1FF8, 0x1FF8, 0x1FF8, 0x1FF8, 0x1FF8, 0x1FF8,
  0x1FF8, 0x1FF8, 0x1FF8, 0x1FF8, 0x1FF8, 0x1FF8, 0x1FF8, 0x1FF8,
  0x1FF8, 0xFEFF, 0x9CFF, 0x9CFF, 0x9CFF, 0x9CFF, 0x9CFF, 0x9CFF,
  0x9CFF, 0x9CFF, 0x9CFF, 0x9CFF, 0x9CFF, 0x9CFF, 0x9CFF, 0x9CFF,
  0x9CFF, 0x9CFF, 0x9CFF, 0x9CFF, 0xB19C, 0x1FF8, 0x1FF8, 0x1FF8,
  0x1FF8, 0x1FF8, 0x1FF8, 0x1FF8, 0x1FF8, 0x1FF8, 0x1FF8, 0x1FF8,
  0x1FF8, 0x1FF8, 0x1FF8, 0x1FF8, 0x1FF8, 0x1FF8, 0x1FF8, 0x1FF8,
  0x1FF8, 0x1FF8, 0x1FF8, 0x1FF8, 0x1FF8, 0x1FF8, 0x1FF8, 0x1FF8,
  0x1FF8, 0x1FF8, 0x1FF8, 0x1FF8, 0x1FF8, 0x1FF8, 0x1FF8, 0x1FF8,
  0x1FF8, 0x1FF8, 0x1FF8, 0x1FF8, 0x1FF8, 0x1FF8, 0x1FF8, 0x1FF8,
  0x1FF8, 0x1FF8, 0x1FF8, 0x1FF8, 0x1FF8, 0x1FF8, 0x1FF8, 0x1FF8,
  0xFFFF, 0x9CFF, 0x9CFF, 0x9CFF, 0x9CFF, 0x9CFF, 0x9CFF, 0x9CFF,
  0x9CFF, 0x9CFF, 0x9CFF, 0x9CFF, 0x9CFF, 0x9CFF, 0x9CFF, 0x9CFF,
  0x9CFF, 0x9CFF, 0x9CFF, 0x8631, 0x1FF8, 0x1FF8, 0x1FF8, 0x1FF8,
  0x1FF8, 0x1FF8, 0x1FF8, 0x1FF8, 0x1FF8, 0x1FF8, 0x1FF8, 0x1FF8,
  0x1FF8, 0x1FF8, 0x1FF8, 0x1FF8, 0x1FF8, 0x1FF8, 0x1FF8, 0x1FF8,
  0x1FF8, 0x1FF8, 0x1FF8, 0x1FF8, 0x1FF8, 0x1FF8, 0x1FF8, 0x1FF8,
  0x1FF8, 0x1FF8, 0x1FF8, 0x1FF8, 0x1FF8, 0x1FF8, 0x1FF8, 0x1FF8,
  0x1FF8, 0x1FF8, 0x1FF8, 0x1FF8, 0x1FF8, 0x1FF8, 0x1FF8, 0x1FF8,
  0x1FF8, 0x1FF8, 0x1FF8, 0x1FF8, 0x1FF8, 0x1FF8, 0x1FF8, 0xDDFF,
  0x9CFF, 0x9CFF, 0x9CFF, 0x9CFF, 0x9CFF, 0x9CFF, 0x9CFF, 0x9CFF,
  0x9CFF, 0x9CFF, 0x9CFF, 0x9CFF, 0x9CFF, 0x9CFF, 0x9CFF, 0x9CFF,
  0x9CFF, 0x9CFF, 0x0000, 0x1FF8, 0x1FF8, 0x1FF8, 0x1FF8, 0x1FF8,
  0x1FF8, 0x1FF8, 0x1FF8, 0x1FF8, 0x1FF8, 0x1FF8, 0x1FF8, 0x1FF8,
  0x1FF8, 0x1FF8, 0x1FF8, 0x1FF8, 0x1FF8, 0x1FF8, 0x1FF8, 0x1FF8,
  0x1FF8, 0x1FF8, 0x1FF8, 0x1FF8, 0x1FF8, 0x1FF8, 0x1FF8, 0x1FF8,
  0x1FF8, 0x1FF8, 0x1FF8, 0x1FF8, 0x1FF8, 0x1FF8, 0x1FF8, 0x1FF8,
  0x1FF8, 0x1FF8, 0x1FF8, 0x1FF8, 0x1FF8, 0x1FF8, 0x1FF8, 0x1FF8,
  0x1FF8, 0x1FF8, 0x1FF8, 0x1FF8, 0x1FF8, 0x1FF8, 0x1AEF, 0x9CFF,
  0x9CFF, 0x9CFF, 0x9CFF, 0x9CFF, 0x9CFF, 0x9CFF, 0x9CFF, 0x9CFF,
  0x9CFF, 0x9CFF, 0x9CFF, 0x9CFF, 0x9CFF, 0x9CFF, 0x9CFF, 0x9CFF,
  0xFEFF, 0x1FF8, 0x1FF8, 0x1FF8, 0x1FF8, 0x1FF8, 0x1FF8, 0x1FF8,
  0x1FF8, 0x1FF8, 0x1FF8, 0x1FF8, 0x1FF8, 0x1FF8, 0x1FF8, 0x1FF8,
  0x1FF8, 0x1FF8, 0x1FF8, 0x1FF8, 0x1FF8, 0x1FF8, 0x1FF8, 0x1FF8,
  0x1FF8, 0x1FF8, 0x1FF8, 0x1FF8, 0x1FF8, 0x1FF8, 0x1FF8, 0x1FF8,
  0x1FF8, 0x1FF8, 0x1FF8, 0x1FF8, 0x1FF8, 0x1FF8, 0x1FF8, 0x1FF8,
  0x1FF8, 0x1FF8, 0x1FF8, 0x1FF8, 0x1FF8, 0x1FF8, 0x1FF8, 0x1FF8,
  0x1FF8, 0x1FF8, 0x1FF8, 0x1FF8, 0x1FF8, 0x1AEF, 0x9CFF, 0x9CFF,
  0x9CFF, 0x9CFF, 0x9CFF, 0x9CFF, 0x9CFF, 0x9CFF, 0x9CFF, 0x9CFF,
  0x9CFF, 0x9CFF, 0x9CFF, 0x9CFF, 0x9CFF, 0x9CFF, 0x9CFF, 0x3BF7,
  0x1FF8, 0x1FF8, 0x1FF8, 0x1FF8, 0x1FF8, 0x1FF8, 0x1FF8, 0x1FF8,
  0x1FF8, 0x1FF8, 0x1FF8, 0x1FF8, 0x1FF8, 0x1FF8, 0x1FF8, 0x1FF8,
  0x1FF8, 0x1FF8, 0x1FF8, 0x1FF8, 0x1FF8, 0x1FF8, 0x1FF8, 0x1FF8,
  0x1FF8, 0x1FF8, 0x1FF8, 0x1FF8, 0x1FF8, 0x1FF8, 0x1FF8, 0x1FF8,
  0x1FF8, 0x1FF8, 0x1FF8, 0x1FF8, 0x1FF8, 0x1FF8, 0x1FF8, 0x1FF8,
  0x1FF8, 0x1FF8, 0x1FF8, 0x1FF8, 0x1FF8, 0x1FF8, 0x1FF8, 0x1FF8,
  0x1FF8, 0x1FF8, 0x1FF8, 0x1FF8, 0x5BF7, 0x9CFF, 0x9CFF, 0x9CFF,
  0x9CFF, 0x9CFF, 0x9CFF, 0x9CFF, 0x9CFF, 0x9CFF, 0x9CFF, 0x9CFF,
  0x9CFF, 0x9CFF, 0x9CFF, 0x9CFF, 0x9CFF, 0x7CFF, 0x308C, 0x1FF8,
  0x1FF8, 0x1FF8, 0x1FF8, 0x1FF8, 0x1FF8, 0x1FF8, 0x1FF8, 0x1FF8,
  0x1FF8, 0x1FF8, 0x1FF8, 0x1FF8, 0x1FF8, 0x1FF8, 0x1FF8, 0x1FF8,
  0x1FF8, 0x1FF8, 0x1FF8, 0x1FF8, 0x1FF8, 0x1FF8, 0x1FF8, 0x1FF8,
  0x1FF8, 0x1FF8, 0x1FF8, 0x1FF8, 0x1FF8, 0x1FF8, 0x1FF8, 0x1FF8,
  0x1FF8, 0x1FF8, 0x1FF8, 0x1FF8, 0x1FF8, 0x1FF8, 0x1FF8, 0x1FF8,
  0x1FF8, 0x1FF8, 0x1FF8, 0x1FF8, 0x1FF8, 0x1FF8, 0x1FF8, 0x1FF8,
  0x1FF8, 0x1FF8, 0x1FF8, 0x3AEF, 0x9CFF, 0x9CFF, 0x9CFF, 0x9CFF,
  0x9CFF, 0x9CFF, 0x9CFF, 0x9CFF, 0x9CFF, 0x9CFF, 0x9CFF, 0x9CFF,
  0x9CFF, 0x9CFF, 0x9CFF, 0x9CFF, 0x7CFF, 0x8210, 0x1FF8, 0x1FF8,
  0x1FF8, 0x1FF8, 0x1FF8, 0x1FF8, 0x1FF8, 0x1FF8, 0x1FF8, 0x1FF8,
  0x1FF8, 0x1FF8, 0x1FF8, 0x1FF8, 0x1FF8, 0x1FF8, 0x1FF8, 0x1FF8,
  0x1FF8, 0x1FF8, 0x1FF8, 0x1FF8, 0x1FF8, 0x1FF8, 0x1FF8, 0x1FF8,
  0x1FF8, 0x1FF8, 0x1FF8, 0x1FF8, 0x1FF8, 0x1FF8, 0x1FF8, 0x1FF8,
  0x1FF8, 0x1FF8, 0x1FF8, 0x1FF8, 0x1FF8, 0x1FF8, 0x1FF8, 0x1FF8,
  0x1FF8, 0x1FF8, 0x1FF8, 0x1FF8, 0x1FF8, 0x1FF8, 0x1FF8, 0x1FF8,
  0x1FF8, 0x1FF8, 0x78D6, 0x9CFF, 0x9CFF, 0x9CFF, 0x9CFF, 0x9CFF,
  0x9CFF, 0x9CFF, 0x9CFF, 0x9CFF, 0x9CFF, 0x9CFF, 0x9CFF, 0x9CFF,
  0x9CFF, 0x9CFF, 0x9CFF, 0x9CFF, 0x0000, 0x1FF8, 0x1FF8, 0x1FF8,
  0x1FF8, 0x1FF8, 0x1FF8, 0x1FF8, 0x1FF8, 0x1FF8, 0x1FF8, 0x1FF8,
  0x1FF8, 0x1FF8, 0x1FF8, 0x1FF8, 0x1FF8, 0x1FF8, 0x1FF8, 0x1FF8,
  0x1FF8, 0x1FF8, 0x1FF8, 0x1FF8, 0x1FF8, 0x1FF8, 0x1FF8, 0x1FF8,
  0x1FF8, 0x1FF8, 0x1FF8, 0x1FF8, 0x1FF8, 0x1FF8, 0x1FF8, 0x1FF8,
  0x1FF8, 0x1FF8, 0x1FF8, 0x1FF8, 0x1FF8, 0x1FF8, 0x1FF8, 0x1FF8,
  0x1FF8, 0x1FF8, 0x1FF8, 0x1FF8, 0x1FF8, 0x1FF8, 0x1FF8, 0x1FF8,
  0x1FF8, 0xB5C5, 0x7CFF, 0x9CFF, 0x9CFF, 0x9CFF, 0x9CFF, 0x9CFF,
  0x9CFF, 0x9CFF, 0x9CFF, 0x9CFF, 0x9CFF, 0x9CFF, 0x9CFF, 0x9CFF,
  0x9CFF, 0x9CFF, 0xDDFF, 0x1FF8, 0x1FF8, 0x1FF8, 0x1FF8, 0x1FF8,
  0x1FF8, 0x1FF8, 0x1FF8, 0x1FF8, 0x1FF8, 0x1FF8, 0x1FF8, 0x1FF8,
  0x1FF8, 0x1FF8, 0x1FF8, 0x1FF8, 0x1FF8, 0x1FF8, 0x1FF8, 0x1FF8,
  0x1FF8, 0x1FF8, 0x1FF8, 0x1FF8, 0x1FF8, 0x1FF8, 0x1FF8, 0x1FF8,
  0x1FF8, 0x1FF8, 0x1FF8, 0x1FF8, 0x1FF8, 0x1FF8, 0x1FF8, 0x1FF8,
  0x1FF8, 0x1FF8, 0x1FF8, 0x1FF8, 0x1FF8, 0x1FF8, 0x1FF8, 0x1FF8,
  0x1FF8, 0x1FF8, 0x1FF8, 0x1FF8, 0x1FF8, 0x1FF8, 0x1FF8, 0x1FF8,
  0xD2A4, 0x7CFF, 0x9CFF, 0x9CFF, 0x9CFF, 0x9CFF, 0x9CFF, 0x9CFF,
  0x9CFF, 0x9CFF, 0x9CFF, 0x9CFF, 0x9CFF, 0x9CFF, 0x9CFF, 0x9CFF,
  0x7CFF, 0x16CE, 0x1FF8, 0x1FF8, 0x1FF8, 0x1FF8, 0x1FF8, 0x1FF8,
  0x1FF8, 0x1FF8, 0x1FF8, 0x1FF8, 0x1FF8, 0x1FF8, 0x1FF8, 0x1FF8,
  0x1FF8, 0x1FF8, 0x1FF8, 0x1FF8, 0x1FF8, 0x1FF8, 0x1FF8, 0x1FF8,
  0x1FF8, 0x1FF8, 0x1FF8, 0x1FF8, 0x1FF8, 0x1FF8, 0x1FF8, 0x1FF8,
  0x1FF8, 0x1FF8, 0x1FF8, 0x1FF8, 0x1FF8, 0x1FF8, 0x1FF8, 0x1FF8,
  0x1FF8, 0x1FF8, 0x1FF8, 0x1FF8, 0x1FF8, 0x1FF8, 0x1FF8, 0x1FF8,
  0x1FF8, 0x1FF8, 0x1FF8, 0x1FF8, 0x1FF8, 0x1FF8, 0x1FF8, 0xAE7B,
  0x7CFF, 0x9CFF, 0x9CFF, 0x9CFF, 0x9CFF, 0x9CFF, 0x9CFF, 0x9CFF,
  0x9CFF, 0x9CFF, 0x9CFF, 0x9CFF, 0x9CFF, 0x9CFF, 0x9CFF, 0x7CFF,
  0xCE83, 0x1FF8, 0x1FF8, 0x1FF8, 0x1FF8, 0x1FF8, 0x1FF8, 0x1FF8,
  0x1FF8, 0x1FF8, 0x1FF8, 0x1FF8, 0x1FF8, 0x1FF8, 0x1FF8, 0x1FF8,
  0x1FF8, 0x1FF8, 0x1FF8, 0x1FF8, 0x1FF8, 0x1FF8, 0x1FF8, 0x1FF8,
  0x1FF8, 0x1FF8, 0x1FF8, 0x1FF8, 0x1FF8, 0x1FF8, 0x1FF8, 0x1FF8,
  0x1FF8, 0x1FF8, 0x1FF8, 0x1FF8, 0x1FF8, 0x1FF8, 0x1FF8, 0x1FF8,
  0x1FF8, 0x1FF8, 0x1FF8, 0x1FF8, 0x1FF8, 0x1FF8, 0x1FF8, 0x1FF8,
  0x1FF8, 0x1FF8, 0x1FF8, 0x1FF8, 0x1FF8, 0x1FF8, 0xAA5A, 0x7CFF,
  0x9CFF, 0x9CFF, 0x9CFF, 0x9CFF, 0x9CFF, 0x9CFF, 0x9CFF, 0x9CFF,
  0x9CFF, 0x9CFF, 0x9CFF, 0x9CFF, 0x9CFF, 0x9CFF, 0x7CFF, 0x4529,
  0x1FF8, 0x1FF8, 0x1FF8, 0x1FF8, 0x1FF8, 0x1FF8, 0x1FF8, 0x1FF8,
  0x1FF8, 0x1FF8, 0x1FF8, 0x1FF8, 0x1FF8, 0x1FF8, 0x1FF8, 0x1FF8,
  0x1FF8, 0x1FF8, 0x1FF8, 0x1FF8, 0x1FF8, 0x1FF8, 0x1FF8, 0x1FF8,
  0x1FF8, 0x1FF8, 0x1FF8, 0x1FF8, 0x1FF8, 0x1FF8, 0x1FF8, 0x1FF8,
  0x1FF8, 0x1FF8, 0x1FF8, 0x1FF8, 0x1FF8, 0x1FF8, 0x1FF8, 0x1FF8,
  0x1FF8, 0x1FF8, 0x1FF8, 0x1FF8, 0x1FF8, 0x1FF8, 0x1FF8, 0x1FF8,
  0x1FF8, 0x1FF8, 0x1FF8, 0x1FF8, 0x1FF8, 0x284A, 0x9CFF, 0x9CFF,
  0x9CFF, 0x9CFF, 0x9CFF, 0x9CFF, 0x7CFF, 0x9CFF, 0x9CFF, 0x9CFF,
  0x9CFF, 0x9CFF, 0x9CFF, 0x9CFF, 0x9CFF, 0xDDFF, 0x0000, 0x1FF8,
  0x1FF8, 0x1FF8, 0x1FF8, 0x1FF8, 0x1FF8, 0x1FF8, 0x1FF8, 0x1FF8,
  0x1FF8, 0x1FF8, 0x1FF8, 0x1FF8, 0x1FF8, 0x1FF8, 0x1FF8, 0x1FF8,
  0x1FF8, 0x1FF8, 0x1FF8, 0x1FF8, 0x1FF8, 0x1FF8, 0x1FF8, 0x1FF8,
  0x1FF8, 0x1FF8, 0x1FF8, 0x1FF8, 0x1FF8, 0x1FF8, 0x1FF8, 0x1FF8,
  0x1FF8, 0x1FF8, 0x1FF8, 0x1FF8, 0x1FF8, 0x1FF8, 0x1FF8, 0x1FF8,
  0x1FF8, 0x1FF8, 0x1FF8, 0x1FF8, 0x1FF8, 0x1FF8, 0x1FF8, 0x1FF8,
  0x1FF8, 0x1FF8, 0x1FF8, 0x1FF8, 0x0842, 0x7CFF, 0xFEFF, 0x484A,
  0x8210, 0xE418, 0x4108, 0xAA5A, 0x5BF7, 0x9CFF, 0x9CFF, 0x9CFF,
  0x9CFF, 0x9CFF, 0x9CFF, 0x9CFF, 0xBCFF, 0x0000, 0x1FF8, 0x1FF8,
  0x1FF8, 0x1FF8, 0x1FF8, 0x1FF8, 0x1FF8, 0x1FF8, 0x1FF8, 0x1FF8,
  0x1FF8, 0x1FF8, 0x1FF8, 0x1FF8, 0x1FF8, 0x1FF8, 0x1FF8, 0x1FF8,
  0x1FF8, 0x1FF8, 0x1FF8, 0x1FF8, 0x1FF8, 0x1FF8, 0x1FF8, 0x1FF8,
  0x1FF8, 0x1FF8, 0x1FF8, 0x1FF8, 0x1FF8, 0x1FF8, 0x1FF8, 0x1FF8,
  0x1FF8, 0x1FF8, 0x1FF8, 0x1FF8, 0x1FF8, 0x1FF8, 0x1FF8, 0x1FF8,
  0x1FF8, 0x1FF8, 0x1FF8, 0x1FF8, 0x1FF8, 0x1FF8, 0x1FF8, 0x1FF8,
  0x1FF8, 0x1FF8, 0x1FF8, 0x4529, 0x3BF7, 0x494A, 0xDEF7, 0xFFFF,
  0xFFFF, 0xFFFF, 0xFFFF, 0x59CE, 0x4108, 0xFAEE, 0x7CFF, 0x9CFF,
  0x9CFF, 0x9CFF, 0x9CFF, 0xDDFF, 0x1FF8, 0x1FF8, 0x1FF8, 0x1FF8,
  0x1FF8, 0x1FF8, 0x1FF8, 0x1FF8, 0x1FF8, 0x1FF8, 0x1FF8, 0x1FF8,
  0x1FF8, 0x1FF8, 0x1FF8, 0x1FF8, 0x1FF8, 0x1FF8, 0x1FF8, 0x1FF8,
  0x1FF8, 0x1FF8, 0x1FF8, 0x1FF8, 0x1FF8, 0x1FF8, 0x1FF8, 0x1FF8,
  0x1FF8, 0x1FF8, 0x1FF8, 0x1FF8, 0x1FF8, 0x1FF8, 0x1FF8, 0x1FF8,
  0x1FF8, 0x1FF8, 0x1FF8, 0x1FF8, 0x1FF8, 0x1FF8, 0x1FF8, 0x1FF8,
  0x1FF8, 0x1FF8, 0x1FF8, 0x1FF8, 0x1FF8, 0x1FF8, 0x1FF8, 0x1FF8,
  0x1FF8, 0x1FF8, 0x4108, 0x0421, 0xFFFF, 0xFFFF, 0xFFFF, 0xFFFF,
  0xFFFF, 0xFFFF, 0xFFFF, 0xFFFF, 0xD6B5, 0xE741, 0x9CFF, 0x9CFF,
  0x9CFF, 0x9CFF, 0x5BF7, 0x1FF8, 0x1FF8, 0x1FF8, 0x1FF8, 0x1FF8,
  0x1FF8, 0x1FF8, 0x1FF8, 0x1FF8, 0x1FF8, 0x1FF8, 0x1FF8, 0x1FF8,
  0x1FF8, 0x1FF8, 0x1FF8, 0x1FF8, 0x1FF8, 0x1FF8, 0x1FF8, 0x1FF8,
  0x1FF8, 0x1FF8, 0x1FF8, 0x1FF8, 0x1FF8, 0x1FF8, 0x1FF8, 0x1FF8,
  0x1FF8, 0x1FF8, 0x1FF8, 0x1FF8, 0x1FF8, 0x1FF8, 0x1FF8, 0x1FF8,
  0x1FF8, 0x1FF8, 0x1FF8, 0x1FF8, 0x1FF8, 0x1FF8, 0x1FF8, 0x1FF8,
  0x1FF8, 0x1FF8, 0x1FF8, 0x1FF8, 0x1FF8, 0x1FF8, 0x1FF8, 0x1FF8,
  0x1FF8, 0x0000, 0x3CE7, 0xFFFF, 0xFFFF, 0xFFFF, 0xFFFF, 0xFFFF,
  0xFFFF, 0xFFFF, 0xFFFF, 0xFFFF, 0xFFFF, 0xA210, 0x9CFF, 0x9CFF,
  0x7CFF, 0x54B5, 0x1FF8, 0x1FF8, 0x1FF8, 0x1FF8, 0x1FF8, 0x1FF8,
  0x1FF8, 0x1FF8, 0x1FF8, 0x1FF8, 0x1FF8, 0x1FF8, 0x1FF8, 0x1FF8,
  0x1FF8, 0x1FF8, 0x1FF8, 0x1FF8, 0x1FF8, 0x1FF8, 0x1FF8, 0x1FF8,
  0x1FF8, 0x1FF8, 0x1FF8, 0x1FF8, 0x1FF8, 0x1FF8, 0x1FF8, 0x1FF8,
  0x1FF8, 0x1FF8, 0x1FF8, 0x1FF8, 0x1FF8, 0x1FF8, 0x1FF8, 0x1FF8,
  0x1FF8, 0x1FF8, 0x1FF8, 0x1FF8, 0x1FF8, 0x1FF8, 0x1FF8, 0x1FF8,
  0x1FF8, 0x1FF8, 0x1FF8, 0x1FF8, 0x1FF8, 0x1FF8, 0x1FF8, 0x1FF8,
  0x0000, 0xFFFF, 0xFFFF, 0xFFFF, 0xFFFF, 0xFFFF, 0xFFFF, 0xFFFF,
  0xFFFF, 0xFFFF, 0xFFFF, 0xFFFF, 0xFFFF, 0x2842, 0x1AEF, 0x9CFF,
  0x6D73, 0x1FF8, 0x1FF8, 0x1FF8, 0x1FF8, 0x1FF8, 0x1FF8, 0x1FF8,
  0x1FF8, 0x1FF8, 0x1FF8, 0x1FF8, 0x1FF8, 0x1FF8, 0x1FF8, 0x1FF8,
  0x1FF8, 0x1FF8, 0x1FF8, 0x1FF8, 0x1FF8, 0x1FF8, 0x1FF8, 0x1FF8,
  0x1FF8, 0x1FF8, 0x1FF8, 0x1FF8, 0x1FF8, 0x1FF8, 0x1FF8, 0x1FF8,
  0x1FF8, 0x1FF8, 0x1FF8, 0x1FF8, 0x1FF8, 0x1FF8, 0x1FF8, 0x1FF8,
  0x1FF8, 0x1FF8, 0x1FF8, 0x1FF8, 0x1FF8, 0x1FF8, 0x1FF8, 0x1FF8,
  0x1FF8, 0x1FF8, 0x1FF8, 0x1FF8, 0x1FF8, 0x1FF8, 0x1FF8, 0x1FF8,
  0xFFFF, 0xFFFF, 0xFFFF, 0xFFFF, 0xFFFF, 0xFFFF, 0xFFFF, 0xFFFF,
  0xFFFF, 0xFFFF, 0xFFFF, 0xFFFF, 0xFFFF, 0x494A, 0xFAE6, 0xA639,
  0x1FF8, 0x1FF8, 0x1FF8, 0x1FF8, 0x1FF8, 0x1FF8, 0x1FF8, 0x1FF8,
  0x1FF8, 0x1FF8, 0x1FF8, 0x1FF8, 0x1FF8, 0x1FF8, 0x1FF8, 0x1FF8,
  0x1FF8, 0x1FF8, 0x1FF8, 0x1FF8, 0x1FF8, 0x1FF8, 0x1FF8, 0x1FF8,
  0x1FF8, 0x1FF8, 0x1FF8, 0x1FF8, 0x1FF8, 0x1FF8, 0x1FF8, 0x1FF8,
  0x1FF8, 0x1FF8, 0x1FF8, 0x1FF8, 0x1FF8, 0x1FF8, 0x1FF8, 0x1FF8,
  0x1FF8, 0x1FF8, 0x1FF8, 0x1FF8, 0x1FF8, 0x1FF8, 0x1FF8, 0x1FF8,
  0x1FF8, 0x1FF8, 0x1FF8, 0x1FF8, 0x1FF8, 0x1FF8, 0x0000, 0xFFFF,
  0xDFF7, 0xDFFF, 0xDFF7, 0xFFFF, 0xFFFF, 0xFFFF, 0xFFFF, 0xFFFF,
  0xFFFF, 0xFFFF, 0xFFFF, 0xFFFF, 0xFFFF, 0xA731, 0x8210, 0x1FF8,
  0x1FF8, 0x1FF8, 0x1FF8, 0x1FF8, 0x1FF8, 0x1FF8, 0x1FF8, 0x1FF8,
  0x1FF8, 0x1FF8, 0x1FF8, 0x1FF8, 0x1FF8, 0x1FF8, 0x1FF8, 0x1FF8,
  0x1FF8, 0x1FF8, 0x1FF8, 0x1FF8, 0x1FF8, 0x1FF8, 0x1FF8, 0x1FF8,
  0x1FF8, 0x1FF8, 0x1FF8, 0x1FF8, 0x1FF8, 0x1FF8, 0x1FF8, 0x1FF8,
  0x1FF8, 0x1FF8, 0x1FF8, 0x1FF8, 0x1FF8, 0x1FF8, 0x1FF8, 0x1FF8,
  0x1FF8, 0x1FF8, 0x1FF8, 0x1FF8, 0x1FF8, 0x1FF8, 0x1FF8, 0x1FF8,
  0x1FF8, 0x1FF8, 0x1FF8, 0x1FF8, 0x1FF8, 0x1FF8, 0xFFFF, 0xFFF7,
  0xFFF7, 0xFFF7, 0xDFF7, 0xFFF7, 0xDFF7, 0xDFFF, 0xFFFF, 0xFFFF,
  0xFFFF, 0xFFFF, 0xFFFF, 0xFFFF, 0xFFFF, 0x0000, 0x1FF8, 0x1FF8,
  0x1FF8, 0x1FF8, 0x1FF8, 0x1FF8, 0x1FF8, 0x1FF8, 0x1FF8, 0x1FF8,
  0x1FF8, 0x1FF8, 0x1FF8, 0x1FF8, 0x1FF8, 0x1FF8, 0x1FF8, 0x1FF8,
  0x1FF8, 0x1FF8, 0x1FF8, 0x1FF8, 0x1FF8, 0x1FF8, 0x1FF8, 0x1FF8,
  0x1FF8, 0x1FF8, 0x1FF8, 0x1FF8, 0x1FF8, 0x1FF8, 0x1FF8, 0x1FF8,
  0x1FF8, 0x1FF8, 0x1FF8, 0x1FF8, 0x1FF8, 0x1FF8, 0x1FF8, 0x1FF8,
  0x1FF8, 0x1FF8, 0x1FF8, 0x1FF8, 0x1FF8, 0x1FF8, 0x1FF8, 0x1FF8,
  0x1FF8, 0x1FF8, 0x1FF8, 0x1FF8, 0x1FF8, 0x5DE7, 0xDFF7, 0xDFF7,
  0xDFF7, 0xDFF7, 0xDFF7, 0xDFF7, 0xDFF7, 0xFFF7, 0xDFF7, 0xDFF7,
  0xFFFF, 0xFFFF, 0xFFFF, 0xFFFF, 0x0000, 0x1FF8, 0x1FF8, 0x1FF8,
  0x1FF8, 0x1FF8, 0x1FF8, 0x1FF8, 0x1FF8, 0x1FF8, 0x1FF8, 0x1FF8,
  0x1FF8, 0x1FF8, 0x1FF8, 0x1FF8, 0x1FF8, 0x1FF8, 0x1FF8, 0x1FF8,
  0x1FF8, 0x1FF8, 0x1FF8, 0x1FF8, 0x1FF8, 0x1FF8, 0x1FF8, 0x1FF8,
  0x1FF8, 0x1FF8, 0x1FF8, 0x1FF8, 0x1FF8, 0x1FF8, 0x1FF8, 0x1FF8,
  0x1FF8, 0x1FF8, 0x1FF8, 0x1FF8, 0x1FF8, 0x1FF8, 0x1FF8, 0x1FF8,
  0x1FF8, 0x1FF8, 0x1FF8, 0x1FF8, 0x1FF8, 0x1FF8, 0x1FF8, 0x1FF8,
  0x1FF8, 0x1FF8, 0x1FF8, 0x1FF8, 0xFBD6, 0xDFEF, 0xDFEF, 0xDFEF,
  0xDFEF, 0xDFF7, 0xDFF7, 0xDFF7, 0xDFF7, 0xDFF7, 0xDFF7, 0xFFF7,
  0xDFF7, 0xFFFF, 0xFFFF, 0x1FF8, 0x1FF8, 0x1FF8, 0x1FF8, 0x1FF8,
  0x1FF8, 0x1FF8, 0x1FF8, 0x1FF8, 0x1FF8, 0x1FF8, 0x1FF8, 0x1FF8,
  0x1FF8, 0x1FF8, 0x1FF8, 0x1FF8, 0x1FF8, 0x1FF8, 0x1FF8, 0x1FF8,
  0x1FF8, 0x1FF8, 0x1FF8, 0x1FF8, 0x1FF8, 0x1FF8, 0x1FF8, 0x1FF8,
  0x1FF8, 0x1FF8, 0x1FF8, 0x1FF8, 0x1FF8, 0x1FF8, 0x1FF8, 0x1FF8,
  0x1FF8, 0x1FF8, 0x1FF8, 0x1FF8, 0x1FF8, 0x1FF8, 0x1FF8, 0x1FF8,
  0x1FF8, 0x1FF8, 0x1FF8, 0x1FF8, 0x1FF8, 0x1FF8, 0x1FF8, 0x1FF8,
  0x1FF8, 0x1FF8, 0x1FF8, 0x9EE7, 0xBFEF, 0xBFEF, 0xBFEF, 0xBFEF,
  0xBFEF, 0xBFEF, 0xDFEF, 0xDFEF, 0xDFEF, 0xDFF7, 0xDFF7, 0xDFF7,
  0xFFF7, 0xFFFF, 0x1FF8, 0x1FF8, 0x1FF8, 0x1FF8, 0x1FF8, 0x1FF8,
  0x1FF8, 0x1FF8, 0x1FF8, 0x1FF8, 0x1FF8, 0x1FF8, 0x1FF8, 0x1FF8,
  0x1FF8, 0x1FF8, 0x1FF8, 0x1FF8, 0x1FF8, 0x1FF8, 0x1FF8, 0x1FF8,
  0x1FF8, 0x1FF8, 0x1FF8, 0x1FF8, 0x1FF8, 0x1FF8, 0x1FF8, 0x1FF8,
  0x1FF8, 0x1FF8, 0x1FF8, 0x1FF8, 0x1FF8, 0x1FF8, 0x1FF8, 0x1FF8,
  0x1FF8, 0x1FF8, 0x1FF8, 0x1FF8, 0x1FF8, 0x1FF8, 0x1FF8, 0x1FF8,
  0x1FF8, 0x1FF8, 0x1FF8, 0x1FF8, 0x1FF8, 0x1FF8, 0x1FF8, 0x1FF8,
  0x1FF8, 0x1FF8, 0xFFF7, 0xBEE7, 0xBEE7, 0xBEE7, 0xBEE7, 0xBFE7,
  0xBEE7, 0xBEEF, 0xBFEF, 0xBFEF, 0xDFEF, 0xDFEF, 0xDFF7, 0xDFF7,
  0x3CDF, 0x1FF8, 0x1FF8, 0x1FF8, 0x1FF8, 0x1FF8, 0x1FF8, 0x1FF8,
  0x1FF8, 0x1FF8, 0x1FF8, 0x1FF8, 0x1FF8, 0x1FF8, 0x1FF8, 0x1FF8,
  0x1FF8, 0x1FF8, 0x1FF8, 0x1FF8, 0x1FF8, 0x1FF8, 0x1FF8, 0x1FF8,
  0x1FF8, 0x1FF8, 0x1FF8, 0x1FF8, 0x1FF8, 0x1FF8, 0x1FF8, 0x1FF8,
  0x1FF8, 0x1FF8, 0x1FF8, 0x1FF8, 0x1FF8, 0x1FF8, 0x1FF8, 0x1FF8,
  0x1FF8, 0x1FF8, 0x1FF8, 0x1FF8, 0x1FF8, 0x1FF8, 0x1FF8, 0x1FF8,
  0x1FF8, 0x1FF8, 0x1FF8, 0x1FF8, 0x1FF8, 0x1FF8, 0x1FF8, 0x1FF8,
  0x1FF8, 0xDFE7, 0x9EDF, 0x9EDF, 0x9EDF, 0x9EE7, 0x9EE7, 0xBEE7,
  0xBEE7, 0xBFE7, 0xBEE7, 0xBFEF, 0xBFEF, 0xDFEF, 0xDFEF, 0x96AD,
  0x1FF8, 0x1FF8, 0x1FF8, 0x1FF8, 0x1FF8, 0x1FF8, 0x1FF8, 0x1FF8,
  0x1FF8, 0x1FF8, 0x1FF8, 0x1FF8, 0x1FF8, 0x1FF8, 0x1FF8, 0x1FF8,
  0x1FF8, 0x1FF8, 0x1FF8, 0x1FF8, 0x1FF8, 0x1FF8, 0x1FF8, 0x1FF8,
  0x1FF8, 0x1FF8, 0x1FF8, 0x1FF8, 0x1FF8, 0x1FF8, 0x1FF8, 0x1FF8,
  0x1FF8, 0x1FF8, 0x1FF8, 0x1FF8, 0x1FF8, 0x1FF8, 0x1FF8, 0x1FF8,
  0x1FF8, 0x1FF8, 0x1FF8, 0x1FF8, 0x1FF8, 0x1FF8, 0x1FF8, 0x1FF8,
  0x1FF8, 0x1FF8, 0x1FF8, 0x1FF8, 0x1FF8, 0x1FF8, 0x1FF8, 0x0000,
  0xDBCE, 0xDFE7, 0x9EDF, 0x9EDF, 0x9EDF, 0x9EDF, 0x9EDF, 0x9EDF,
  0x9EDF, 0x9EE7, 0xBEE7, 0xBFE7, 0xBFEF, 0xBFEF, 0x4D6B, 0x1FF8,
  0x1FF8, 0x1FF8, 0x1FF8, 0x1FF8, 0x1FF8, 0x1FF8, 0x1FF8, 0x1FF8,
  0x1FF8, 0x1FF8, 0x1FF8, 0x1FF8, 0x1FF8, 0x1FF8, 0x1FF8, 0x1FF8,
  0x1FF8, 0x1FF8, 0x1FF8, 0x1FF8, 0x1FF8, 0x1FF8, 0x1FF8, 0x1FF8,
  0x1FF8, 0x1FF8, 0x1FF8, 0x1FF8, 0x1FF8, 0x1FF8, 0x1FF8, 0x1FF8,
  0x1FF8, 0x1FF8, 0x1FF8, 0x1FF8, 0x1FF8, 0x1FF8, 0x1FF8, 0x1FF8,
  0x1FF8, 0x1FF8, 0x1FF8, 0x1FF8, 0x1FF8, 0x1FF8, 0x1FF8, 0x1FF8,
  0x1FF8, 0x1FF8, 0x1FF8, 0x0000, 0x6829, 0xEB39, 0x0B3A, 0x4D42,
  0xA931, 0x2100, 0x7ED7, 0x7ED7, 0x7ED7, 0x7ED7, 0x9EDF, 0x9EDF,
  0x9EDF, 0x9EDF, 0x9EE7, 0xBEE7, 0xBEE7, 0x6A4A, 0x1FF8, 0x1FF8,
  0x1FF8, 0x1FF8, 0x1FF8, 0x1FF8, 0x1FF8, 0x1FF8, 0x1FF8, 0x1FF8,
  0x1FF8, 0x1FF8, 0x1FF8, 0x1FF8, 0x1FF8, 0x1FF8, 0x1FF8, 0x1FF8,
  0x1FF8, 0x1FF8, 0x1FF8, 0x1FF8, 0x1FF8, 0x1FF8, 0x1FF8, 0x1FF8,
  0x1FF8, 0x1FF8, 0x1FF8, 0x1FF8, 0x1FF8, 0x1FF8, 0x1FF8, 0x1FF8,
  0x1FF8, 0x1FF8, 0x1FF8, 0x1FF8, 0x1FF8, 0x1FF8, 0x1FF8, 0x1FF8,
  0x1FF8, 0x1FF8, 0x1FF8, 0x1FF8, 0x1FF8, 0x1FF8, 0x1FF8, 0x1FF8,
  0x0000, 0x0B3A, 0x8E4A, 0x8E4A, 0x8E4A, 0x6D42, 0x6D42, 0x6D42,
  0xAF4A, 0x0000, 0x1CC7, 0x7ED7, 0x7ED7, 0x7ED7, 0x7ED7, 0x7ED7,
  0x9EDF, 0x9EDF, 0x9EDF, 0x9EE7, 0x2842, 0x1FF8, 0x1FF8, 0x1FF8,
  0x1FF8, 0x1FF8, 0x1FF8, 0x1FF8, 0x1FF8, 0x1FF8, 0x1FF8, 0x1FF8,
  0x1FF8, 0x1FF8, 0x1FF8, 0x1FF8, 0x1FF8, 0x1FF8, 0x1FF8, 0x1FF8,
  0x1FF8, 0x1FF8, 0x1FF8, 0x1FF8, 0x1FF8, 0x1FF8, 0x1FF8, 0x1FF8,
  0x1FF8, 0x1FF8, 0x1FF8, 0x1FF8, 0x1FF8, 0x1FF8, 0x1FF8, 0x1FF8,
  0x1FF8, 0x1FF8, 0x1FF8, 0x1FF8, 0x1FF8, 0x1FF8, 0x1FF8, 0x1FF8,
  0x1FF8, 0x1FF8, 0x1FF8, 0x1FF8, 0x1FF8, 0x1FF8, 0x8310, 0xAE4A,
  0x8E4A, 0x8E4A, 0x8E4A, 0x8E4A, 0x8E4A, 0x8E4A, 0x8E4A, 0x8E4A,
  0x8E4A, 0x4208, 0xBBBE, 0x5ECF, 0x7ED7, 0x7ED7, 0x7ED7, 0x7ED7,
  0x7EDF, 0x9EDF, 0x9EDF, 0x6529, 0x1FF8, 0x1FF8, 0x1FF8, 0x1FF8,
  0x1FF8, 0x1FF8, 0x1FF8, 0x1FF8, 0x1FF8, 0x1FF8, 0x1FF8, 0x1FF8,
  0x1FF8, 0x1FF8, 0x1FF8, 0x1FF8, 0x1FF8, 0x1FF8, 0x1FF8, 0x1FF8,
  0x1FF8, 0x1FF8, 0x1FF8, 0x1FF8, 0x1FF8, 0x1FF8, 0x1FF8, 0x1FF8,
  0x1FF8, 0x1FF8, 0x1FF8, 0x1FF8, 0x1FF8, 0x1FF8, 0x1FF8, 0x1FF8,
  0x1FF8, 0x1FF8, 0x1FF8, 0x1FF8, 0x1FF8, 0x1FF8, 0x1FF8, 0x1FF8,
  0x1FF8, 0x1FF8, 0x1FF8, 0x1FF8, 0x2100, 0xAE4A, 0x8E4A, 0x8E4A,
  0x8E4A, 0x8E4A, 0x8E4A, 0x8E4A, 0x8E4A, 0x8E4A, 0x8E4A, 0x8E4A,
  0xAE4A, 0x6208, 0x9FD7, 0x5ECF, 0x5ECF, 0x7ECF, 0x7ED7, 0x7ED7,
  0x7ED7, 0x9EDF, 0x4521, 0x1FF8, 0x1FF8, 0x1FF8, 0x1FF8, 0x1FF8,
  0x1FF8, 0x1FF8, 0x1FF8, 0x1FF8, 0x1FF8, 0x1FF8, 0x1FF8, 0x1FF8,
  0x1FF8, 0x1FF8, 0x1FF8, 0x1FF8, 0x1FF8, 0x1FF8, 0x1FF8, 0x1FF8,
  0x1FF8, 0x1FF8, 0x1FF8, 0x1FF8, 0x1FF8, 0x1FF8, 0x1FF8, 0x1FF8,
  0x1FF8, 0x1FF8, 0x1FF8, 0x1FF8, 0x1FF8, 0x1FF8, 0x1FF8, 0x1FF8,
  0x1FF8, 0x1FF8, 0x1FF8, 0x1FF8, 0x1FF8, 0x1FF8, 0x1FF8, 0x1FF8,
  0x1FF8, 0x1FF8, 0x1FF8, 0x6D42, 0x6D42, 0x8E4A, 0x8E4A, 0x8E4A,
  0x8E4A, 0x8E4A, 0x8E4A, 0x8E4A, 0x8E4A, 0x8E4A, 0x8E4A, 0x8E4A,
  0xCA31, 0xF8A5, 0x5ECF, 0x5ECF, 0x5ECF, 0x7ECF, 0x7ED7, 0x7ED7,
  0x7ED7, 0x2842, 0x1FF8, 0x1FF8, 0x1FF8, 0x1FF8, 0x1FF8, 0x1FF8,
  0x1FF8, 0x1FF8, 0x1FF8, 0x1FF8, 0x1FF8, 0x1FF8, 0x1FF8, 0x1FF8,
  0x1FF8, 0x1FF8, 0x1FF8, 0x1FF8, 0x1FF8, 0x1FF8, 0x1FF8, 0x1FF8,
  0x1FF8, 0x1FF8, 0x1FF8, 0x1FF8, 0x1FF8, 0x1FF8, 0x1FF8, 0x1FF8,
  0x1FF8, 0x1FF8, 0x1FF8, 0x1FF8, 0x1FF8, 0x1FF8, 0x1FF8, 0x1FF8,
  0x1FF8, 0x1FF8, 0x1FF8, 0x1FF8, 0x1FF8, 0x1FF8, 0x1FF8, 0x1FF8,
  0x1FF8, 0xC418, 0x8E4A, 0x8E4A, 0x8E4A, 0x8E4A, 0x8E4A, 0x8E4A,
  0x8E4A, 0x8E4A, 0x8E4A, 0x8E4A, 0x8E4A, 0x8E4A, 0x8E4A, 0x8E4A,
  0x6942, 0x5ECF, 0x5ECF, 0x5ECF, 0x5ECF, 0x5ECF, 0x7ED7, 0x7ED7,
  0x0C5B, 0x1FF8, 0x1FF8, 0x1FF8, 0x1FF8, 0x1FF8, 0x1FF8, 0x1FF8,
  0x1FF8, 0x1FF8, 0x1FF8, 0x1FF8, 0x1FF8, 0x1FF8, 0x1FF8, 0x1FF8,
  0x1FF8, 0x1FF8, 0x1FF8, 0x1FF8, 0x1FF8, 0x1FF8, 0x1FF8, 0x1FF8,
  0x1FF8, 0x1FF8, 0x1FF8, 0x1FF8, 0x1FF8, 0x1FF8, 0x1FF8, 0x1FF8,
  0x1FF8, 0x1FF8, 0x1FF8, 0x1FF8, 0x1FF8, 0x1FF8, 0x1FF8, 0x1FF8,
  0x1FF8, 0x1FF8, 0x1FF8, 0x1FF8, 0x1FF8, 0x1FF8, 0x1FF8, 0x1FF8,
  0x8E4A, 0x6D42, 0x8E4A, 0x8E4A, 0x8E4A, 0x8E4A, 0x8E4A, 0x8E4A,
  0x8E4A, 0x8E4A, 0x8E4A, 0x8E4A, 0x8E4A, 0x6D42, 0x6D42, 0x8210,
  0x7ECF, 0x5ECF, 0x5ECF, 0x5ECF, 0x5ECF, 0x7ECF, 0x7ED7, 0xEC52,
  0x1FF8, 0x1FF8, 0x1FF8, 0x1FF8, 0x1FF8, 0x1FF8, 0x1FF8, 0x1FF8,
  0x1FF8, 0x1FF8, 0x1FF8, 0x1FF8, 0x1FF8, 0x1FF8, 0x1FF8, 0x1FF8,
  0x1FF8, 0x1FF8, 0x1FF8, 0x1FF8, 0x1FF8, 0x1FF8, 0x1FF8, 0x1FF8,
  0x1FF8, 0x1FF8, 0x1FF8, 0x1FF8, 0x1FF8, 0x1FF8, 0x1FF8, 0x1FF8,
  0x1FF8, 0x1FF8, 0x1FF8, 0x1FF8, 0x1FF8, 0x1FF8, 0x1FF8, 0x1FF8,
  0x1FF8, 0x1FF8, 0x1FF8, 0x1FF8, 0x1FF8, 0x1FF8, 0x0000, 0x8E4A,
  0x8E4A, 0x8E4A, 0xAE4A, 0x6D42, 0xE518, 0xA210, 0x0742, 0x0000,
  0x8310, 0xA410, 0x6208, 0x0000, 0x6208, 0xC931, 0x6208, 0x7ECF,
  0x5ECF, 0x5ECF, 0x5ECF, 0x5ECF, 0x7ECF, 0x7ECF, 0x0000, 0x1FF8,
  0x1FF8, 0x1FF8, 0x1FF8, 0x1FF8, 0x1FF8, 0x1FF8, 0x1FF8, 0x1FF8,
  0x1FF8, 0x1FF8, 0x1FF8, 0x1FF8, 0x1FF8, 0x1FF8, 0x1FF8, 0x1FF8,
  0x1FF8, 0x1FF8, 0x1FF8, 0x1FF8, 0x1FF8, 0x1FF8, 0x1FF8, 0x1FF8,
  0x1FF8, 0x1FF8, 0x1FF8, 0x1FF8, 0x1FF8, 0x1FF8, 0x1FF8, 0x1FF8,
  0x1FF8, 0x1FF8, 0x1FF8, 0x1FF8, 0x1FF8, 0x1FF8, 0x1FF8, 0x1FF8,
  0x1FF8, 0x1FF8, 0x1FF8, 0x1FF8, 0x1FF8, 0xC418, 0x6D42, 0x8E4A,
  0x4821, 0xE418, 0x1BDF, 0xFFFF, 0xFFFF, 0x0842, 0x2C42, 0x6D42,
  0x6D42, 0x6D42, 0x8E4A, 0x8E4A, 0xAE4A, 0x0519, 0x0421, 0x9ED7,
  0x7ECF, 0x5ECF, 0x5ECF, 0x5ECF, 0x7ECF, 0x2108, 0x1FF8, 0x1FF8,
  0x1FF8, 0x1FF8, 0x1FF8, 0x1FF8, 0x1FF8, 0x1FF8, 0x1FF8, 0x1FF8,
  0x1FF8, 0x1FF8, 0x1FF8, 0x1FF8, 0x1FF8, 0x1FF8, 0x1FF8, 0x1FF8,
  0x1FF8, 0x1FF8, 0x1FF8, 0x1FF8, 0x1FF8, 0x1FF8, 0x1FF8, 0x1FF8,
  0x1FF8, 0x1FF8, 0x1FF8, 0x1FF8, 0x1FF8, 0x1FF8, 0x1FF8, 0x1FF8,
  0x1FF8, 0x1FF8, 0x1FF8, 0x1FF8, 0x1FF8, 0x1FF8, 0x1FF8, 0x1FF8,
  0x1FF8, 0x1FF8, 0x1FF8, 0x1FF8, 0xEA39, 0x8E4A, 0xC510, 0x38C6,
  0xFFFF, 0xFFFF, 0xFFFF, 0xFFFF, 0xEA31, 0x8E4A, 0x8E4A, 0x8E4A,
  0x8E4A, 0x8E4A, 0x6D42, 0x8E4A, 0x6D42, 0xAE4A, 0xCA31, 0x0000,
  0x3DCF, 0x5ECF, 0x5ECF, 0x9FD7, 0x8629, 0x0000, 0x2100, 0x1FF8,
  0x1FF8, 0x1FF8, 0x1FF8, 0x1FF8, 0x1FF8, 0x1FF8, 0x1FF8, 0x1FF8,
  0x1FF8, 0x1FF8, 0x1FF8, 0x1FF8, 0x1FF8, 0x1FF8, 0x1FF8, 0x1FF8,
  0x1FF8, 0x1FF8, 0x1FF8, 0x1FF8, 0x1FF8, 0x1FF8, 0x1FF8, 0x1FF8,
  0x1FF8, 0x1FF8, 0x1FF8, 0x1FF8, 0x1FF8, 0x1FF8, 0x1FF8, 0x1FF8,
  0x1FF8, 0x1FF8, 0x1FF8, 0x1FF8, 0x1FF8, 0x1FF8, 0x1FF8, 0x1FF8,
  0x1FF8, 0x1FF8, 0x1FF8, 0xAE4A, 0xEA31, 0x34A5, 0xFFFF, 0xFFFF,
  0xFFFF, 0xFFFF, 0x308C, 0x8E4A, 0x8E4A, 0x8E4A, 0x8D42, 0x6829,
  0x305B, 0x8929, 0xAE4A, 0x8E4A, 0x8E4A, 0x6D42, 0x8E4A, 0x2C3A,
  0x8210, 0xDCC6, 0x6629, 0x6829, 0x6D42, 0x8E4A, 0x2100, 0x1FF8,
  0x1FF8, 0x1FF8, 0x1FF8, 0x1FF8, 0x1FF8, 0x1FF8, 0x1FF8, 0x1FF8,
  0x1FF8, 0x1FF8, 0x1FF8, 0x1FF8, 0x1FF8, 0x1FF8, 0x1FF8, 0x1FF8,
  0x1FF8, 0x1FF8, 0x1FF8, 0x1FF8, 0x1FF8, 0x1FF8, 0x1FF8, 0x1FF8,
  0x1FF8, 0x1FF8, 0x1FF8, 0x1FF8, 0x1FF8, 0x1FF8, 0x1FF8, 0x1FF8,
  0x1FF8, 0x1FF8, 0x1FF8, 0x1FF8, 0x1FF8, 0x1FF8, 0x1FF8, 0x1FF8,
  0x0000, 0xE518, 0x6D42, 0xAA52, 0xFFFF, 0xFFD6, 0xDFF7, 0xFFFF,
  0xFFFF, 0x2429, 0x8E4A, 0x8E4A, 0x8E4A, 0x8E4A, 0x3084, 0xFFFF,
  0xFFFF, 0xB6B5, 0x305B, 0x8E4A, 0x6D42, 0x8E4A, 0x6D42, 0x8E4A,
  0x0B3A, 0xAF4A, 0x6D42, 0x8E4A, 0x8E4A, 0x4D42, 0x1FF8, 0x1FF8,
  0x1FF8, 0x1FF8, 0x1FF8, 0x1FF8, 0x1FF8, 0x1FF8, 0x1FF8, 0x1FF8,
  0x1FF8, 0x1FF8, 0x1FF8, 0x1FF8, 0x1FF8, 0x1FF8, 0x1FF8, 0x1FF8,
  0x1FF8, 0x1FF8, 0x1FF8, 0x1FF8, 0x1FF8, 0x1FF8, 0x1FF8, 0x1FF8,
  0x1FF8, 0x1FF8, 0x1FF8, 0x1FF8, 0x1FF8, 0x1FF8, 0x1FF8, 0x1FF8,
  0x1FF8, 0x1FF8, 0x1FF8, 0x1FF8, 0x1FF8, 0x0000, 0xEB39, 0x8E4A,
  0x6208, 0x8210, 0xD4FC, 0xD6FD, 0xDF4B, 0x9FEF, 0xFFFF, 0xFFFF,
  0x0000, 0x6D42, 0x8E4A, 0x8E4A, 0x8E4A, 0xBEF7, 0xFFFF, 0xFFFF,
  0xFFFF, 0xFFFF, 0xB294, 0x0100, 0xAF4A, 0x8E4A, 0x6D42, 0x8E4A,
  0x8E4A, 0x8E4A, 0x8E4A, 0x8E4A, 0xAF4A, 0x0000, 0x1FF8, 0x1FF8,
  0x1FF8, 0x1FF8, 0x1FF8, 0x1FF8, 0x1FF8, 0x1FF8, 0x1FF8, 0x1FF8,
  0x1FF8, 0x1FF8, 0x1FF8, 0x1FF8, 0x1FF8, 0x1FF8, 0x1FF8, 0x1FF8,
  0x1FF8, 0x1FF8, 0x1FF8, 0x1FF8, 0x1FF8, 0x1FF8, 0x1FF8, 0x1FF8,
  0x1FF8, 0x1FF8, 0x1FF8, 0x1FF8, 0x1FF8, 0x1FF8, 0x1FF8, 0x1FF8,
  0x1FF8, 0x1FF8, 0x1FF8, 0x1FF8, 0x6D42, 0x8E4A, 0x8E4A, 0x4208,
  0xDBDE, 0x6CFA, 0xBFF7, 0x5F5C, 0xFFFF, 0xFFFF, 0xFFFF, 0x2100,
  0x6D42, 0x8E4A, 0x8E4A, 0x0B3A, 0xDFFF, 0xFFFF, 0xFFFF, 0xFFFF,
  0xFFFF, 0xFFFF, 0xFFFF, 0xF7BD, 0x0000, 0x0C3A, 0x6E42, 0x6D42,
  0x6D42, 0x8E4A, 0x6D42, 0x8E4A, 0xA310, 0x1FF8, 0x1FF8, 0x1FF8,
  0x1FF8, 0x1FF8, 0x1FF8, 0x1FF8, 0x1FF8, 0x1FF8, 0x1FF8, 0x1FF8,
  0x1FF8, 0x1FF8, 0x1FF8, 0x1FF8, 0x1FF8, 0x1FF8, 0x1FF8, 0x1FF8,
  0x1FF8, 0x1FF8, 0x1FF8, 0x1FF8, 0x1FF8, 0x1FF8, 0x1FF8, 0x1FF8,
  0x1FF8, 0x1FF8, 0x1FF8, 0x1FF8, 0x1FF8, 0x1FF8, 0x1FF8, 0x1FF8,
  0x1FF8, 0x1FF8, 0x1FF8, 0x6D42, 0x8E4A, 0x8E4A, 0x0421, 0xFFFF,
  0xFFFF, 0xCF8E, 0xFFFF, 0xFFFF, 0xFFFF, 0xFFFF, 0x8310, 0x8E4A,
  0x8E4A, 0x6D42, 0xA929, 0xFFFF, 0xFFFF, 0xFFFF, 0xFFFF, 0xFFFF,
  0xFFFF, 0xFFFF, 0xFFFF, 0xFFFF, 0x1CE7, 0xD99D, 0xF9A5, 0xF16B,
  0x0421, 0x8310, 0x8E4A, 0x8929, 0x1FF8, 0x1FF8, 0x1FF8, 0x1FF8,
  0x1FF8, 0x1FF8, 0x1FF8, 0x1FF8, 0x1FF8, 0x1FF8, 0x1FF8, 0x1FF8,
  0x1FF8, 0x1FF8, 0x1FF8, 0x1FF8, 0x1FF8, 0x1FF8, 0x1FF8, 0x1FF8,
  0x1FF8, 0x1FF8, 0x1FF8, 0x1FF8, 0x1FF8, 0x1FF8, 0x1FF8, 0x1FF8,
  0x1FF8, 0x1FF8, 0x1FF8, 0x1FF8, 0x1FF8, 0x1FF8, 0x1FF8, 0x1FF8,
  0x1FF8, 0x1FF8, 0x0B3A, 0x6D42, 0x6829, 0x9EEF, 0xFFFF, 0x78CF,
  0x0446, 0xFFFF, 0xFFFF, 0xFFFF, 0xFFFF, 0x6308, 0x6D42, 0x8E4A,
  0x6D42, 0xEB39, 0xFFFF, 0xFFFF, 0xFFFF, 0xFFFF, 0xFFFF, 0xFFFF,
  0xFFFF, 0xFFFF, 0xFFFF, 0x284A, 0x5BAE, 0x5BAE, 0x5BAE, 0x5BAE,
  0x9CB6, 0x937C, 0x4A42, 0x1FF8, 0x1FF8, 0x1FF8, 0x1FF8, 0x1FF8,
  0x1FF8, 0x1FF8, 0x1FF8, 0x1FF8, 0x1FF8, 0x1FF8, 0x1FF8, 0x1FF8,
  0x1FF8, 0x1FF8, 0x1FF8, 0x1FF8, 0x1FF8, 0x1FF8, 0x1FF8, 0x1FF8,
  0x1FF8, 0x1FF8, 0x1FF8, 0x1FF8, 0x1FF8, 0x1FF8, 0x1FF8, 0x1FF8,
  0x1FF8, 0x1FF8, 0x1FF8, 0x1FF8, 0x1FF8, 0x1FF8, 0x1FF8, 0x1FF8,
  0x1FF8, 0x8929, 0xAF4A, 0x2521, 0xFFFF, 0xFFFF, 0xFFFF, 0xDDEF,
  0xFFFF, 0xFFFF, 0xFFFF, 0xFFFF, 0xA410, 0x6D42, 0x8E4A, 0x8E4A,
  0x6D42, 0xFFFF, 0xFFFF, 0xFFFF, 0xFFFF, 0xFFFF, 0xFFFF, 0xFFFF,
  0xFFFF, 0xFFFF, 0xC318, 0x5BAE, 0x5BAE, 0x5BAE, 0x5BAE, 0x5BAE,
  0x5BAE, 0x7BB6, 0x1FF8, 0x1FF8, 0x1FF8, 0x1FF8, 0x1FF8, 0x1FF8,
  0x1FF8, 0x1FF8, 0x1FF8, 0x1FF8, 0x1FF8, 0x1FF8, 0x1FF8, 0x1FF8,
  0x1FF8, 0x1FF8, 0x1FF8, 0x1FF8, 0x1FF8, 0x1FF8, 0x1FF8, 0x1FF8,
  0x1FF8, 0x1FF8, 0x1FF8, 0x1FF8, 0x1FF8, 0x1FF8, 0x1FF8, 0x1FF8,
  0x1FF8, 0x1FF8, 0x1FF8, 0x1FF8, 0x1FF8, 0x1FF8, 0x1FF8, 0x1FF8,
  0xC410, 0x2721, 0xBEF7, 0xFFFF, 0xFFFF, 0xFFFF, 0xFFFF, 0xFFFF,
  0xFFFF, 0xFFFF, 0xFFFF, 0x0621, 0x8E4A, 0x8E4A, 0x8E4A, 0xAE4A,
  0x5CE7, 0xFFFF, 0xFFFF, 0xFFFF, 0xFFFF, 0xFFFF, 0xFFFF, 0xFFFF,
  0x99CE, 0x2D5B, 0x5BAE, 0x5BAE, 0x5BAE, 0x5BAE, 0x5BAE, 0x5BAE,
  0xFEC6, 0x1FF8, 0x1FF8, 0x1FF8, 0x1FF8, 0x1FF8, 0x1FF8, 0x1FF8,
  0x1FF8, 0x1FF8, 0x1FF8, 0x1FF8, 0x1FF8, 0x1FF8, 0x1FF8, 0x1FF8,
  0x1FF8, 0x1FF8, 0x1FF8, 0x1FF8, 0x1FF8, 0x1FF8, 0x1FF8, 0x1FF8,
  0x1FF8, 0x1FF8, 0x1FF8, 0x1FF8, 0x1FF8, 0x1FF8, 0x1FF8, 0x1FF8,
  0x1FF8, 0x1FF8, 0x1FF8, 0x1FF8, 0x1FF8, 0x1FF8, 0x1FF8, 0x0000,
  0x2521, 0xFFFF, 0xFFFF, 0xFFFF, 0xFFFF, 0xFFFF, 0xFFFF, 0xFFFF,
  0xFFFF, 0xFFFF, 0x0619, 0x8E4A, 0x8E4A, 0x8E4A, 0xAE4A, 0x96B5,
  0xFFFF, 0xFFFF, 0xFFFF, 0xFFFF, 0xFFFF, 0xEF7B, 0x2521, 0x3053,
  0x1EC7, 0x5BAE, 0x5BAE, 0x5BAE, 0x5BAE, 0x5BAE, 0x5BAE, 0xBDBE,
  0x0000, 0x1FF8, 0x1FF8, 0x1FF8, 0x1FF8, 0x1FF8, 0x1FF8, 0x1FF8,
  0x1FF8, 0x1FF8, 0x1FF8, 0x1FF8, 0x1FF8, 0x1FF8, 0x1FF8, 0x1FF8,
  0x1FF8, 0x1FF8, 0x1FF8, 0x1FF8, 0x1FF8, 0x1FF8, 0x1FF8, 0x1FF8,
  0x1FF8, 0x1FF8, 0x1FF8, 0x1FF8, 0x1FF8, 0x1FF8, 0x1FF8, 0x1FF8,
  0x1FF8, 0x1FF8, 0x1FF8, 0x1FF8, 0x1FF8, 0x1FF8, 0x1FF8, 0x9EEF,
  0xFFFF, 0xFFFF, 0xFFFF, 0xFFFF, 0xFFFF, 0xFFFF, 0xFFFF, 0xFFFF,
  0xFFFF, 0x6208, 0x8E4A, 0x8E4A, 0x8E4A, 0x8E4A, 0xEB62, 0xFFFF,
  0xFFFF, 0xBEF7, 0xEF83, 0x0619, 0x5574, 0xB67C, 0x6208, 0x7BB6,
  0x5BAE, 0x5BAE, 0x5BAE, 0x5BAE, 0x5BAE, 0x5BAE, 0x7BB6, 0x0000,
  0x1FF8, 0x1FF8, 0x1FF8, 0x1FF8, 0x1FF8, 0x1FF8, 0x1FF8, 0x1FF8,
  0x1FF8, 0x1FF8, 0x1FF8, 0x1FF8, 0x1FF8, 0x1FF8, 0x1FF8, 0x1FF8,
  0x1FF8, 0x1FF8, 0x1FF8, 0x1FF8, 0x1FF8, 0x1FF8, 0x1FF8, 0x1FF8,
  0x1FF8, 0x1FF8, 0x1FF8, 0x1FF8, 0x1FF8, 0x1FF8, 0x1FF8, 0x1FF8,
  0x1FF8, 0x1FF8, 0x1FF8, 0x1FF8, 0x1FF8, 0x2421, 0x3084, 0x494A,
  0x8952, 0x8952, 0xEB5A, 0x718C, 0x7DEF, 0xFFFF, 0xFFFF, 0xFFFF,
  0x2100, 0x8E4A, 0x8E4A, 0x8E4A, 0x8E4A, 0xC318, 0xFFFF, 0x9294,
  0xE510, 0xB77C, 0xB77C, 0xB67C, 0xD77C, 0xE831, 0x5BAE, 0x5BAE,
  0x5BAE, 0x5BAE, 0x5BAE, 0x5BAE, 0x5BAE, 0x5BAE, 0x2108, 0x1FF8,
  0x1FF8, 0x1FF8, 0x1FF8, 0x1FF8, 0x1FF8, 0x1FF8, 0x1FF8, 0x1FF8,
  0x1FF8, 0x1FF8, 0x1FF8, 0x1FF8, 0x1FF8, 0x1FF8, 0x1FF8, 0x1FF8,
  0x1FF8, 0x1FF8, 0x1FF8, 0x1FF8, 0x1FF8, 0x1FF8, 0x1FF8, 0x1FF8,
  0x1FF8, 0x1FF8, 0x1FF8, 0x1FF8, 0x1FF8, 0x1FF8, 0x1FF8, 0x1FF8,
  0x1FF8, 0x1FF8, 0x0000, 0x4208, 0x0B3A, 0xF052, 0xD052, 0xAE4A,
  0x6D42, 0x8E4A, 0xAF4A, 0x2C3A, 0xA410, 0x6210, 0xDEF7, 0x2842,
  0xAE4A, 0x8E4A, 0x8E4A, 0xAF4A, 0x0621, 0xE418, 0x398D, 0xB67C,
  0xB67C, 0xB67C, 0x967C, 0xD263, 0x1AA6, 0x5BAE, 0x5BAE, 0x5BAE,
  0x5BAE, 0x5BAE, 0x5BAE, 0x5BAE, 0x5BAE, 0xA729, 0x1FF8, 0x1FF8,
  0x1FF8, 0x1FF8, 0x1FF8, 0x1FF8, 0x1FF8, 0x1FF8, 0x1FF8, 0x1FF8,
  0x1FF8, 0x1FF8, 0x1FF8, 0x1FF8, 0x1FF8, 0x1FF8, 0x1FF8, 0x1FF8,
  0x1FF8, 0x1FF8, 0x0000, 0x0000, 0x0000, 0x0000, 0x0000, 0x0000,
  0x0000, 0x0000, 0x0000, 0x0000, 0x0000, 0x1FF8, 0x1FF8, 0x1FF8,
  0x0000, 0x4108, 0xA318, 0x0742, 0xCB5A, 0x0C63, 0x2842, 0x8210,
  0x4208, 0xA510, 0x2B3A, 0xAE4A, 0xAE4A, 0x6829, 0xCB5A, 0xAE4A,
  0x8E4A, 0x0621, 0xC831, 0x7574, 0xB67C, 0xB67C, 0xB67C, 0xB67C,
  0xB67C, 0x967C, 0x0519, 0x9CB6, 0x5BAE, 0x5BAE, 0x5BAE, 0x5BAE,
  0x5BAE, 0x5BAE, 0x5BAE, 0x5BAE, 0xCC4A, 0x1FF8, 0x1FF8, 0x1FF8,
  0x1FF8, 0x1FF8, 0x1FF8, 0x1FF8, 0x1FF8, 0x1FF8, 0x1FF8, 0x1FF8,
  0x1FF8, 0x1FF8, 0x1FF8, 0x1FF8, 0x1FF8, 0x1FF8, 0x1FF8, 0xC318,
  0x2842, 0x4208, 0xCF52, 0x8E4A, 0xAF4A, 0xCA31, 0x4208, 0x6829,
  0xAE4A, 0x2C3A, 0x0000, 0x4108, 0x0B3A, 0x6D42, 0x6208, 0x0000,
  0xEB39, 0xCF4A, 0x6829, 0x4108, 0x694A, 0xBEF7, 0xFFFF, 0xFFFF,
  0xFFFF, 0xDFFF, 0x518C, 0x0000, 0x6D42, 0x6D42, 0x4721, 0xA310,
  0x346C, 0xB77C, 0xB67C, 0xB67C, 0xB67C, 0xB67C, 0xB67C, 0xB67C,
  0xF884, 0xE418, 0x5BAE, 0x5BAE, 0x5BAE, 0x5BAE, 0x5BAE, 0x5BAE,
  0x5BAE, 0x5BAE, 0x5BAE, 0x8F63, 0x1FF8, 0x1FF8, 0x1FF8, 0x1FF8,
  0x1FF8, 0x1FF8, 0x1FF8, 0x1FF8, 0x1FF8, 0x1FF8, 0x1FF8, 0x1FF8,
  0x1FF8, 0x4108, 0x116C, 0x1AA6, 0x5BAE, 0x737C, 0xCE7B, 0xFFFF,
  0xFFFF, 0x6529, 0x2C3A, 0x8E4A, 0x6D42, 0x8E4A, 0xAF4A, 0x6208,
  0x8E4A, 0x6E42, 0x0000, 0x0B3A, 0x4208, 0xEA31, 0x8E4A, 0x4721,
  0x0000, 0x6829, 0x8E4A, 0x8E4A, 0x0B3A, 0x2108, 0x18C6, 0xFFFF,
  0xFFFF, 0xB6B5, 0xA510, 0x4721, 0x8310, 0xEE4A, 0xF884, 0xB67C,
  0xB67C, 0xB67C, 0xB67C, 0xB67C, 0xB67C, 0xB67C, 0x967C, 0x7574,
  0x5795, 0x5BAE, 0x5BAE, 0x5BAE, 0x5BAE, 0x5BAE, 0x5BAE, 0x5BAE,
  0x5BAE, 0x5BAE, 0x8F63, 0x1FF8, 0x1FF8, 0x1FF8, 0x1FF8, 0x1FF8,
  0x1FF8, 0x1FF8, 0x1FF8, 0x1FF8, 0x1FF8, 0x1FF8, 0x1FF8, 0x6621,
  0xBCB6, 0x5BAE, 0x5BAE, 0x5BAE, 0x5BAE, 0x5795, 0x494A, 0xFFFF,
  0xFFFF, 0x59CE, 0x8308, 0xAF4A, 0x6D42, 0x8E4A, 0x8E4A, 0xA410,
  0xAE4A, 0x4D42, 0x0000, 0xC931, 0x8E4A, 0x0000, 0xAE4A, 0x4D42,
  0x2421, 0xAA52, 0x0621, 0x8E4A, 0x8E4A, 0x0B3A, 0xA318, 0x0842,
  0x8929, 0x6829, 0xC931, 0xF884, 0xB67C, 0xB67C, 0xB67C, 0xB67C,
  0xB67C, 0xB67C, 0xB67C, 0xB67C, 0xB67C, 0x967C, 0x2621, 0xDDBE,
  0x5BAE, 0x5BAE, 0x5BAE, 0x5BAE, 0x5BAE, 0x5BAE, 0x5BAE, 0x5BAE,
  0x5BAE, 0xEC52, 0x1FF8, 0x1FF8, 0x1FF8, 0x1FF8, 0x1FF8, 0x1FF8,
  0x1FF8, 0x1FF8, 0x1FF8, 0x1FF8, 0x6208, 0x6D42, 0xA931, 0xC318,
  0xFEBE, 0x5BAE, 0x5BAE, 0x5BAE, 0x5BAE, 0xF9A5, 0xC318, 0x9DEF,
  0xFFFF, 0xFFFF, 0x6631, 0x6829, 0xAF4A, 0x6D42, 0xAF4A, 0x6208,
  0x8E4A, 0x0000, 0x0000, 0x2C3A, 0x6D42, 0x0000, 0x8E4A, 0x6D42,
  0x6529, 0xFFFF, 0x8952, 0xCA31, 0x8E4A, 0x8E4A, 0x8310, 0x2100,
  0x967C, 0xB67C, 0xB67C, 0xB67C, 0xB67C, 0xB67C, 0xB67C, 0xB67C,
  0xB67C, 0xB67C, 0xB67C, 0xB67C, 0xD784, 0x6629, 0x8A52, 0x7CB6,
  0x5BAE, 0x5BAE, 0x5BAE, 0x5BAE, 0x5BAE, 0x5BAE, 0x5BAE, 0x7795,
  0x6F63, 0x1FF8, 0x1FF8, 0x1FF8, 0x1FF8, 0x1FF8, 0x1FF8, 0x1FF8,
  0x1FF8, 0x0000, 0x2C42, 0xAE4A, 0x8E4A, 0x6D42, 0x8E4A, 0xC418,
  0x1AAE, 0x5BAE, 0x5BAE, 0x5BAE, 0x5BAE, 0x7BB6, 0x6F5B, 0xCB5A,
  0xFFFF, 0xFFFF, 0xFFFF, 0xE420, 0x8829, 0xAE4A, 0xEB39, 0x2C3A,
  0x4721, 0x2C3A, 0xE518, 0x8E4A, 0x4721, 0x0000, 0x6D42, 0xEB31,
  0x8310, 0x0619, 0xCA31, 0x0621, 0x0000, 0xC831, 0x967C, 0xB67C,
  0xB67C, 0xB67C, 0xB67C, 0xB67C, 0xB67C, 0xB67C, 0xB67C, 0xB67C,
  0xB67C, 0xB67C, 0xB67C, 0x5574, 0x7DEF, 0xFFFF, 0xC739, 0xFEBE,
  0x5BAE, 0x5BAE, 0x5BAE, 0x5BAE, 0x5BAE, 0x4E5B, 0x4B3A, 0xF884,
  0x0000, 0x1FF8, 0x1FF8, 0x1FF8, 0x1FF8, 0x1FF8, 0x1FF8, 0x0000,
  0x0621, 0x0729, 0x6310, 0xC418, 0xAF4A, 0x8E4A, 0x8E4A, 0xE418,
  0xFEC6, 0x5BAE, 0x5BAE, 0x5BAE, 0x5BAE, 0x5BAE, 0x5BAE, 0x093A,
  0x8E73, 0xFFFF, 0xFFFF, 0x9EF7, 0x694A, 0x4308, 0xEA31, 0x4D42,
  0x8E4A, 0x6D42, 0x8310, 0xAF4A, 0xA310, 0x6208, 0xAE4A, 0x4108,
  0x8E4A, 0x8E4A, 0x2108, 0x705B, 0xB77C, 0xB67C, 0xB67C, 0xB67C,
  0xB67C, 0xB67C, 0xB67C, 0xB67C, 0xB67C, 0xB67C, 0xB67C, 0xB67C,
  0xB67C, 0xB67C, 0x8210, 0xFFFF, 0xFFFF, 0xFFFF, 0xE318, 0x9CB6,
  0x5BAE, 0x5BAE, 0x7CB6, 0xA310, 0x5574, 0xB67C, 0xB77C, 0x6721,
  0x1FF8, 0x1FF8, 0x1FF8, 0x1FF8, 0x1FF8, 0x1FF8, 0x6310, 0x6931,
  0x6931, 0x6931, 0x6831, 0x8208, 0xAE4A, 0x8E4A, 0x8E4A, 0x6208,
  0x9CB6, 0x5BAE, 0x5BAE, 0x5BAE, 0x5BAE, 0x5BAE, 0x5BAE, 0x5BAE,
  0xC410, 0x75B5, 0xFFFF, 0xFFFF, 0xFFFF, 0xF39C, 0x8210, 0xC518,
  0x6D42, 0xCA31, 0x2100, 0x0000, 0x4D42, 0x4108, 0x6829, 0x4D42,
  0xA310, 0x7674, 0x967C, 0xB67C, 0xB67C, 0xB67C, 0xB67C, 0xB67C,
  0xB67C, 0xB67C, 0xB67C, 0xB67C, 0xB67C, 0xB67C, 0xB67C, 0xB67C,
  0xB77C, 0x8E73, 0xFFFF, 0xFFFF, 0xFFFF, 0xFFFF, 0xC318, 0x5BAE,
  0x9CB6, 0x8310, 0x198D, 0xB67C, 0xB67C, 0xB67C, 0xF36B, 0x1FF8,
  0x1FF8, 0x1FF8, 0x1FF8, 0x1FF8, 0x1FF8, 0x8410, 0x6931, 0x6931,
  0x6931, 0x6931, 0x4829, 0x4721, 0x8E4A, 0x8E4A, 0xAF4A, 0x6A42,
  0x5BAE, 0x5BAE, 0x5BAE, 0x5BAE, 0x5BAE, 0x5BAE, 0x5BAE, 0x7BB6,
  0x3BAE, 0xE410, 0xEF7B, 0xFFFF, 0xFFFF, 0xFFFF, 0xFFFF, 0xFBDE,
  0x4D6B, 0x2429, 0x4108, 0x0000, 0x0000, 0x0000, 0xE418, 0x967C,
  0xB67C, 0xB67C, 0xB67C, 0xB67C, 0xB67C, 0xB67C, 0xB67C, 0xB67C,
  0xB67C, 0xB67C, 0xB67C, 0xB67C, 0xB67C, 0xB67C, 0xB67C, 0xCE4A,
  0xFFFF, 0xFFFF, 0xFFFF, 0xFFFF, 0xFFFF, 0xFFFF, 0x9CB6, 0xA829,
  0xD784, 0xB67C, 0xB67C, 0xB67C, 0xB67C, 0xB67C, 0x0000, 0x1FF8,
  0x1FF8, 0x1FF8, 0x1FF8, 0x1FF8, 0x8310, 0x6931, 0x6931, 0x6931,
  0x6931, 0x6931, 0x8310, 0xAF4A, 0x8E4A, 0x8E4A, 0x6829, 0xB99D,
  0x5BAE, 0x5BAE, 0x5BAE, 0x5BAE, 0x5BAE, 0x5BAE, 0x5BAE, 0x5BAE,
  0x5BAE, 0xDDBE, 0x8729, 0xEB5A, 0xFFFF, 0xFFFF, 0xFFFF, 0xFFFF,
  0xFFFF, 0xFFFF, 0xFFFF, 0x8210, 0x3574, 0xB67C, 0xB67C, 0xB67C,
  0xB67C, 0xB67C, 0xB67C, 0xB67C, 0xB67C, 0xB67C, 0xB67C, 0xB67C,
  0xB67C, 0xB67C, 0xB67C, 0xB67C, 0xB67C, 0xB77C, 0x6108, 0xFFFF,
  0xFFFF, 0xFFFF, 0xFFFF, 0xFFFF, 0xFFFF, 0xFFFF, 0xF36B, 0xB67C,
  0xB67C, 0xB67C, 0xB67C, 0xB67C, 0xB67C, 0x2A3A, 0x1FF8, 0x1FF8,
  0x1FF8, 0x1FF8, 0x1FF8, 0x4208, 0x6931, 0x6931, 0x6931, 0x6931,
  0x6931, 0x8931, 0xC418, 0x8E4A, 0x8E4A, 0xAE4A, 0x2108, 0x7CB6,
  0x5BAE, 0x5BAE, 0x5BAE, 0x5BAE, 0x5BAE, 0x5BAE, 0x5BAE, 0x5BAE,
  0x5BAE, 0x5BAE, 0x1EC7, 0x3274, 0x6210, 0x718C, 0x9EF7, 0xFFFF,
  0x8952, 0xAD4A, 0xD784, 0xB67C, 0xB67C, 0xB67C, 0xB67C, 0xB67C,
  0xB67C, 0xB67C, 0xB67C, 0xB67C, 0xB67C, 0xB67C, 0xB67C, 0xB67C,
  0xB67C, 0xB67C, 0xB67C, 0xB67C, 0x346C, 0x38C6, 0xFFFF, 0xFFFF,
  0xFFFF, 0xFFFF, 0xFFFF, 0xFFFF, 0xFFFF, 0x8631, 0xF884, 0xB67C,
  0xB67C, 0xB67C, 0xB67C, 0xB67C, 0xD77C, 0x1FF8, 0x1FF8, 0x1FF8,
  0x1FF8, 0x1FF8, 0x2108, 0x6931, 0x6931, 0x6931, 0x6931, 0x6931,
  0x6931, 0xA418, 0x4D42, 0x8E4A, 0x8E4A, 0x2C42, 0x4E5B, 0x5BB6,
  0x5BAE, 0x5BAE, 0x5BAE, 0x5BAE, 0x5BAE, 0x5BAE, 0x5BAE, 0x5BAE,
  0x5BAE, 0x5BAE, 0x5BAE, 0x5BAE, 0xDDBE, 0x6F63, 0x4621, 0x7674,
  0xB67C, 0xB67C, 0xB67C, 0xB67C, 0xB67C, 0xB67C, 0xB67C, 0xB67C,
  0xB67C, 0xB67C, 0xB67C, 0xB67C, 0xB67C, 0xB67C, 0xB67C, 0xB67C,
  0xB67C, 0xB67C, 0xB67C, 0x8308, 0xFFFF, 0xFFFF, 0xFFFF, 0xFFFF,
  0xFFFF, 0xFFFF, 0xFFFF, 0xFFFF, 0x7DEF, 0x4721, 0xB77C, 0xB67C,
  0xB67C, 0xB67C, 0xB67C, 0xF884, 0x0000, 0x1FF8, 0x1FF8, 0x1FF8,
  0x1FF8, 0x0000, 0x6931, 0x6931, 0x6931, 0x6931, 0x6931, 0x6931,
  0x8931, 0x0000, 0x8E4A, 0x8E4A, 0x8E4A, 0x2621, 0xB89D, 0xFEC6,
  0x0D53, 0xFAA5, 0x7CB6, 0x5BAE, 0x5BAE, 0x5BAE, 0x5BAE, 0x5BAE,
  0x5BAE, 0x5BAE, 0xB89D, 0xC310, 0xB263, 0xB77C, 0xB67C, 0xB67C,
  0xB67C, 0xB67C, 0xB67C, 0xB67C, 0xB67C, 0xB67C, 0xB67C, 0xB67C,
  0xB67C, 0xB67C, 0xB67C, 0xB67C, 0xB67C, 0xB67C, 0xB67C, 0xB67C,
  0xB67C, 0xF884, 0x8A52, 0xFFFF, 0xFFFF, 0xFFFF, 0xFFFF, 0xFFFF,
  0xFFFF, 0xFFFF, 0xFFFF, 0xFFFF, 0xB294, 0x7574, 0xB67C, 0xB67C,
  0xB67C, 0xB67C, 0xB77C, 0xA310, 0x1FF8, 0x1FF8, 0x1FF8, 0x1FF8,
  0x0000, 0x8A31, 0x6931, 0x6931, 0x6931, 0x6931, 0x6931, 0x6931,
  0x4829, 0x6829, 0x8E4A, 0x8E4A, 0x8E4A, 0x8310, 0xC418, 0x8E4A,
  0x6D42, 0x2100, 0x6E5B, 0xDDBE, 0x7CB6, 0x7BB6, 0xBCB6, 0xD9A5,
  0xC310, 0xEE4A, 0xF884, 0xB67C, 0xB67C, 0xB67C, 0xB67C, 0xB67C,
  0xB67C, 0xB67C, 0xB67C, 0xB67C, 0xB67C, 0xB67C, 0xB67C, 0xB67C,
  0xB67C, 0xB67C, 0xB67C, 0xB67C, 0xB67C, 0xB67C, 0xB67C, 0xB67C,
  0x2F53, 0xFFFF, 0xFFFF, 0xFFFF, 0xFFFF, 0xFFFF, 0xFFFF, 0xFFFF,
  0xFFFF, 0xFFFF, 0xFFFF, 0xFFFF, 0x2100, 0x398D, 0xF884, 0x767C,
  0xD263, 0x915B, 0xC931, 0x1FF8, 0x1FF8, 0x1FF8, 0x1FF8, 0x1FF8,
  0x4829, 0x6931, 0x6931, 0x6931, 0x6931, 0x6931, 0x6931, 0x6931,
  0x6310, 0x6D42, 0x6D42, 0x8E4A, 0x8E4A, 0x8E4A, 0x8E4A, 0x8E4A,
  0x6D42, 0x8E4A, 0xCA31, 0x2108, 0x4A42, 0xC318, 0x3574, 0xD784,
  0xB67C, 0xB67C, 0xB67C, 0xB67C, 0xB67C, 0xB67C, 0xB67C, 0xB67C,
  0xB67C, 0xB67C, 0xB67C, 0xB67C, 0xB67C, 0xB67C, 0xB67C, 0xB67C,
  0xB67C, 0xB67C, 0xB67C, 0xB67C, 0xB67C, 0xB67C, 0x967C, 0x2100,
  0xFFFF, 0xFFFF, 0xFFFF, 0xFFFF, 0xFFFF, 0xFFFF, 0xFFFF, 0xFFFF,
  0xFFFF, 0x9EF7, 0xB294, 0x0842, 0x6208, 0x4721, 0x0B3A, 0x6D42,
  0x6D42, 0x6D42, 0x0000, 0x1FF8, 0x1FF8, 0x1FF8, 0x1FF8, 0x8310,
  0x6931, 0x6931, 0x6931, 0x6931, 0x6931, 0x6931, 0x6931, 0x6931,
  0x2108, 0xA929, 0xAE4A, 0x6D42, 0x8E4A, 0x8E4A, 0x6D42, 0x8E4A,
  0x6D42, 0x8E4A, 0x8E4A, 0x6D42, 0x8310, 0xF884, 0xB67C, 0xB67C,
  0xB67C, 0xB67C, 0xB67C, 0xB67C, 0xB67C, 0xB67C, 0xB67C, 0xB67C,
  0xB67C, 0xB67C, 0xB67C, 0xB67C, 0xB67C, 0xB67C, 0xB67C, 0xB67C,
  0xB67C, 0xB67C, 0xB67C, 0xB67C, 0xB67C, 0x198D, 0x4D6B, 0xFFFF,
  0xFFFF, 0xFFFF, 0xFFFF, 0xFFFF, 0x7DEF, 0x9194, 0x0421, 0xA410,
  0xCA31, 0xAF4A, 0x8E4A, 0x8E4A, 0x8E4A, 0x8E4A, 0x8E4A, 0x8E4A,
  0x6D42, 0x0619, 0x1FF8, 0x1FF8, 0x1FF8, 0x1FF8, 0x0000, 0x6931,
  0x6931, 0x6931, 0x6931, 0x6931, 0x6931, 0x6210, 0x2729, 0x6931,
  0x4829, 0x4108, 0x6310, 0xEB39, 0xC931, 0xA310, 0x2100, 0x0000,
  0xAE4A, 0x8E4A, 0x8E4A, 0xE518, 0xF884, 0x967C, 0x0A32, 0x4B3A,
  0x967C, 0xB67C, 0x967C, 0xB67C, 0xB67C, 0xB67C, 0xB67C, 0xB67C,
  0xB67C, 0xB67C, 0xB67C, 0xB67C, 0xB67C, 0xB67C, 0xB67C, 0xB67C,
  0xB67C, 0xB67C, 0xB67C, 0x967C, 0x505B, 0xFFFF, 0xFFFF, 0xFFFF,
  0xFFFF, 0x38C6, 0x2100, 0x2721, 0x6D42, 0x8E4A, 0x8E4A, 0x8E4A,
  0x8E4A, 0x8E4A, 0x8E4A, 0x8E4A, 0x8E4A, 0x8E4A, 0x8E4A, 0x8E4A,
  0x2C42, 0x1FF8, 0x1FF8, 0x1FF8, 0x1FF8, 0x1FF8, 0xE620, 0x6931,
  0x6931, 0x6931, 0x8A31, 0x6931, 0x6931, 0x6931, 0x0000, 0x4829,
  0x6931, 0x2729, 0x2108, 0x4829, 0x6931, 0x6931, 0x8410, 0xAF4A,
  0x8E4A, 0x6D42, 0xA410, 0xF884, 0xD36B, 0xCA31, 0xAF4A, 0xCA31,
  0x2000, 0xCE4A, 0xD784, 0xB77C, 0xB67C, 0xB67C, 0xB67C, 0x967C,
  0x967C, 0xB67C, 0xB67C, 0x967C, 0xB67C, 0xB67C, 0xB67C, 0xB67C,
  0xB67C, 0xB67C, 0x967C, 0x8210, 0xFFFF, 0xFFFF, 0xCF7B, 0x8310,
  0x8E4A, 0x8E4A, 0x6D42, 0x8E4A, 0x8E4A, 0x8E4A, 0x8E4A, 0x8E4A,
  0x8E4A, 0x8E4A, 0x8E4A, 0x8E4A, 0x8E4A, 0x8E4A, 0x8E4A, 0x8E4A,
  0x1FF8, 0x1FF8, 0x1FF8, 0x1FF8, 0x1FF8, 0x0000, 0x8A39, 0x6931,
  0x8931, 0x4208, 0xE520, 0x8931, 0x6931, 0x6931, 0x6831, 0x4208,
  0x0621, 0x8931, 0x6931, 0x6931, 0x6931, 0xE620, 0x4721, 0xAF4A,
  0x6D42, 0x8E4A, 0xEB39, 0xCA31, 0x6D42, 0x8E4A, 0x6D42, 0x8E4A,
  0xAF4A, 0x8929, 0x915B, 0xB67C, 0x967C, 0x146C, 0xA310, 0xE931,
  0x505B, 0xF36B, 0x5574, 0xB67C, 0xB67C, 0xB67C, 0xB67C, 0xB67C,
  0xB67C, 0xB77C, 0xD7BD, 0xB294, 0xA410, 0x6D42, 0x8E4A, 0x8E4A,
  0x8E4A, 0x8E4A, 0x8E4A, 0x8E4A, 0x8E4A, 0x8E4A, 0x8E4A, 0x8E4A,
  0x8E4A, 0x8E4A, 0x8E4A, 0x8E4A, 0x8E4A, 0x8E4A, 0x8E4A, 0x0000,
  0x1FF8, 0x1FF8, 0x1FF8, 0x1FF8, 0x1FF8, 0x2108, 0x4829, 0x6931,
  0x6931, 0x8931, 0x2108, 0xA418, 0x6310, 0x6310, 0x6931, 0x6931,
  0x6931, 0x6931, 0x6931, 0x6931, 0x6931, 0x6931, 0x8310, 0x0519,
  0xAF4A, 0x6D42, 0x8E4A, 0x8E4A, 0xAE4A, 0x2B3A, 0x8E4A, 0x8E4A,
  0xAF4A, 0x6C42, 0xB67C, 0xB67C, 0x2100, 0xAE4A, 0x8E4A, 0x8E4A,
  0x8E4A, 0x0621, 0x198D, 0xB67C, 0xB67C, 0xB67C, 0xB67C, 0x967C,
  0x2100, 0xC418, 0x2C3A, 0x8E4A, 0x8E4A, 0x8E4A, 0x8E4A, 0x8E4A,
  0x8E4A, 0x8E4A, 0x8E4A, 0x8E4A, 0x8E4A, 0x8E4A, 0x8E4A, 0x8E4A,
  0x8E4A, 0x8E4A, 0x8E4A, 0x8E4A, 0x8E4A, 0x8E4A, 0x0000, 0x1FF8,
  0x1FF8, 0x1FF8, 0x1FF8, 0x1FF8, 0x1FF8, 0x1FF8, 0x2100, 0x0621,
  0x6931, 0xA418, 0xE620, 0x6931, 0x6931, 0x6931, 0x6931, 0x6931,
  0x6931, 0x2729, 0x4829, 0x6931, 0x6931, 0x6931, 0x6931, 0x8310,
  0x2621, 0xAE4A, 0x4C42, 0x4108, 0xE520, 0xAF4A, 0x8E4A, 0xAE4A,
  0x0000, 0xA829, 0xA829, 0xAF4A, 0x8E4A, 0x8E4A, 0x6D42, 0x8E4A,
  0x4D42, 0x967C, 0xB77C, 0xF884, 0xD784, 0xD784, 0x4B3A, 0x0621,
  0xAE4A, 0x8E4A, 0x8E4A, 0x8E4A, 0x8E4A, 0x8E4A, 0x8E4A, 0x8E4A,
  0x8E4A, 0x8E4A, 0x8E4A, 0x8E4A, 0x8E4A, 0x8E4A, 0x8E4A, 0x8E4A,
  0x8E4A, 0x8E4A, 0x8E4A, 0x8E4A, 0x6D42, 0x6208, 0x1FF8, 0x1FF8,
  0x1FF8, 0x1FF8, 0x1FF8, 0x1FF8, 0x1FF8, 0x1FF8, 0x1FF8, 0x1FF8,
  0x1FF8, 0x0000, 0x6931, 0x6931, 0x6931, 0x6931, 0x6931, 0x8931,
  0x2108, 0x4829, 0x2108, 0x6931, 0x6931, 0x6931, 0x6931, 0x6931,
  0x4208, 0xA418, 0x6931, 0x8931, 0xCA31, 0x6D42, 0x8E4A, 0x6D42,
  0x8E4A, 0x8E4A, 0x8E4A, 0x8E4A, 0xC418, 0xAE4A, 0x8E4A, 0xAE4A,
  0x0621, 0xC418, 0x0000, 0x8310, 0x4108, 0xCF4A, 0x8E4A, 0x8E4A,
  0x8E4A, 0x8E4A, 0x6829, 0x6D42, 0x8E4A, 0x8E4A, 0x8E4A, 0x8E4A,
  0x8E4A, 0x8E4A, 0x8E4A, 0x8E4A, 0x8E4A, 0x8E4A, 0x8E4A, 0x8E4A,
  0x8E4A, 0x8E4A, 0x8E4A, 0x6D42, 0x4721, 0x1FF8, 0x1FF8, 0x1FF8,
  0x1FF8, 0x1FF8, 0x1FF8, 0x1FF8, 0x1FF8, 0x1FF8, 0x1FF8, 0x1FF8,
  0x1FF8, 0x2108, 0x6931, 0x6931, 0xA418, 0xA418, 0x8310, 0x6931,
  0x4829, 0x8310, 0xC518, 0x8410, 0x4829, 0x2108, 0x8310, 0x6931,
  0x6931, 0x6931, 0x6931, 0xE620, 0x2100, 0x8829, 0x8E4A, 0xAF4A,
  0x8E4A, 0x8E4A, 0x0000, 0x8931, 0x8310, 0x8E4A, 0x6D42, 0x6D42,
  0x6D42, 0x8E4A, 0x8E4A, 0x8E4A, 0x8E4A, 0x8E4A, 0x6D42, 0x6D42,
  0x2621, 0xE620, 0xE518, 0x8E4A, 0x8E4A, 0x8E4A, 0x8E4A, 0x8E4A,
  0x8E4A, 0x8E4A, 0x8E4A, 0x8E4A, 0x8E4A, 0x8E4A, 0x8E4A, 0x8E4A,
  0x8E4A, 0x8E4A, 0x6D42, 0xEB39, 0x1FF8, 0x1FF8, 0x1FF8, 0x1FF8,
  0x1FF8, 0x1FF8, 0x1FF8, 0x1FF8, 0x1FF8, 0x1FF8, 0x1FF8, 0x1FF8,
  0x1FF8, 0x8410, 0x6931, 0x6931, 0xA418, 0xA418, 0x6310, 0xC520,
  0x8310, 0xE620, 0x4831, 0x4829, 0x8931, 0x6931, 0x6931, 0x6931,
  0x0100, 0x2729, 0x6931, 0x6931, 0x8931, 0x2729, 0x0000, 0x2100,
  0x2108, 0x8931, 0x6931, 0x0621, 0xE518, 0xCA31, 0x6D42, 0xAF4A,
  0x8E4A, 0x8E4A, 0xAF4A, 0xAF4A, 0xEB39, 0x6208, 0x6310, 0x6931,
  0x6931, 0x4208, 0x8E4A, 0x6D42, 0x6D42, 0x8E4A, 0x8E4A, 0x8E4A,
  0x6D42, 0x6829, 0x6208, 0x8E4A, 0x8E4A, 0x8E4A, 0x8E4A, 0x8E4A,
  0x8E4A, 0x6D42, 0xEA39, 0x1FF8, 0x1FF8, 0x1FF8, 0x1FF8, 0x1FF8,
  0x1FF8, 0x1FF8, 0x1FF8, 0x1FF8, 0x1FF8, 0x1FF8, 0x1FF8, 0x1FF8,
  0x1FF8, 0x0000, 0xE620, 0x6931, 0x6931, 0x6931, 0xE620, 0x4831,
  0x6931, 0x6931, 0x4208, 0x0621, 0xC418, 0x6931, 0x4829, 0x6310,
  0x0000, 0x8310, 0x0621, 0x0721, 0x4108, 0x4829, 0x6931, 0x6931,
  0x8931, 0x4208, 0x4829, 0x6931, 0x8931, 0x2729, 0xC518, 0x6310,
  0x2108, 0x6208, 0x0621, 0x6931, 0x0729, 0x4829, 0x6931, 0x6931,
  0xA418, 0xC410, 0x6829, 0x0B3A, 0x2C3A, 0x6D42, 0xAF4A, 0xAF4A,
  0xA418, 0x0100, 0x8E4A, 0x8E4A, 0x8E4A, 0x8E4A, 0x8E4A, 0x8E4A,
  0x8E4A, 0x4721, 0x1FF8, 0x1FF8, 0x1FF8, 0x1FF8, 0x1FF8, 0x1FF8,
  0x1FF8, 0x1FF8, 0x1FF8, 0x1FF8, 0x1FF8, 0x1FF8, 0x1FF8, 0x1FF8,
  0x1FF8, 0x1FF8, 0x0000, 0x6310, 0x0000, 0x1FF8, 0x4831, 0x6931,
  0x6931, 0x4108, 0x6931, 0x8931, 0x6931, 0x6931, 0x6931, 0x8931,
  0x4829, 0x4829, 0x4829, 0x8A39, 0x6931, 0x6931, 0x6931, 0x0721,
  0x6931, 0x4831, 0x6831, 0x8931, 0x8931, 0x4829, 0x4208, 0xC518,
  0x6931, 0x6931, 0x6931, 0x6931, 0x4108, 0x6931, 0xA418, 0x2729,
  0x6931, 0x6931, 0x6931, 0x6931, 0x2729, 0x2729, 0xA418, 0x6931,
  0xA418, 0x2C3A, 0xEB39, 0x0B3A, 0x8E4A, 0x8E4A, 0x6D42, 0x8E4A,
  0x6208, 0x1FF8, 0x1FF8, 0x1FF8, 0x1FF8, 0x1FF8, 0x1FF8, 0x1FF8,
  0x1FF8, 0x1FF8, 0x1FF8, 0x1FF8, 0x1FF8, 0x1FF8, 0x1FF8, 0x1FF8,
  0x1FF8, 0x1FF8, 0x1FF8, 0x1FF8, 0x1FF8, 0x6931, 0x0000, 0xC518,
  0xA418, 0x4831, 0xC520, 0x4108, 0x0000, 0x2108, 0x8310, 0x6931,
  0x8931, 0x2729, 0x6931, 0x6931, 0x6310, 0x6931, 0x6931, 0x6931,
  0x4829, 0x2729, 0xC520, 0xE620, 0x4829, 0x8931, 0x6931, 0x6931,
  0x6931, 0x6931, 0x6931, 0x2729, 0xA410, 0x6831, 0x8931, 0x6931,
  0x6931, 0x6931, 0x8931, 0xC518, 0xA410, 0x6931, 0x6931, 0x0621,
  0x4208, 0x8931, 0x8A39, 0x2729, 0x4108, 0x6829, 0xAE4A, 0x0000,
  0x1FF8, 0x1FF8, 0x1FF8, 0x1FF8, 0x1FF8, 0x1FF8, 0x1FF8, 0x1FF8,
  0x1FF8, 0x1FF8, 0x1FF8, 0x1FF8, 0x1FF8, 0x1FF8, 0x1FF8, 0x1FF8,
  0x1FF8, 0x1FF8, 0x1FF8, 0x1FF8, 0x1FF8, 0x0000, 0x2729, 0x8A39,
  0x8931, 0xC520, 0x2108, 0xC518, 0x6931, 0x6931, 0x6931, 0x8A31,
  0x6931, 0xE520, 0x4108, 0x2100, 0x6210, 0xE620, 0x2729, 0x2729,
  0x4208, 0x2721, 0x6931, 0x6931, 0x6931, 0x6931, 0xE620, 0x6931,
  0x6931, 0x4829, 0x6931, 0x6931, 0x6931, 0xC520, 0x6310, 0x2100,
  0x2100, 0x4208, 0x4829, 0x6931, 0x6931, 0x6210, 0x0729, 0x6931,
  0x6931, 0x6931, 0x6931, 0x6931, 0x6931, 0xC518, 0x1FF8, 0x1FF8,
  0x1FF8, 0x1FF8, 0x1FF8, 0x1FF8, 0x1FF8, 0x1FF8, 0x1FF8, 0x1FF8,
  0x1FF8, 0x1FF8, 0x1FF8, 0x1FF8, 0x1FF8, 0x1FF8, 0x1FF8, 0x1FF8,
  0x1FF8, 0x1FF8, 0x1FF8, 0x1FF8, 0x1FF8, 0x1FF8, 0x0000, 0x0000,
  0x1FF8, 0x1FF8, 0x0000, 0x6931, 0xC518, 0x4108, 0x8410, 0x6931,
  0x0721, 0x6310, 0x2100, 0x2108, 0x8A39, 0x8931, 0x6931, 0x6831,
  0x6931, 0x6931, 0x6931, 0x6931, 0x0000, 0x6931, 0x6310, 0xC518,
  0x4829, 0x6931, 0xE520, 0x0000, 0x6310, 0x0621, 0x4829, 0x6931,
  0x6931, 0x6931, 0x4831, 0xE620, 0x8310, 0xA418, 0xE620, 0x6931,
  0x6931, 0x6931, 0x6931, 0x8931, 0x0000, 0x1FF8, 0x1FF8, 0x1FF8,
  0x1FF8, 0x1FF8, 0x1FF8, 0x1FF8, 0x1FF8, 0x1FF8, 0x1FF8, 0x1FF8,
  0x1FF8, 0x1FF8, 0x1FF8, 0x1FF8, 0x1FF8, 0x1FF8, 0x1FF8, 0x1FF8,
  0x1FF8, 0x1FF8, 0x1FF8, 0x1FF8, 0x1FF8, 0x1FF8, 0x1FF8, 0x1FF8,
  0x1FF8, 0x1FF8, 0x1FF8, 0x0000, 0x4208, 0x6210, 0x8310, 0x8310,
  0x6310, 0x6310, 0x4208, 0x2100, 0x0000, 0x1FF8, 0x0000, 0x6931,
  0x6931, 0x6931, 0x6931, 0xE620, 0x6931, 0x8410, 0x0621, 0x6931,
  0x8931, 0x8931, 0x6931, 0x6931, 0x6931, 0x6931, 0x6931, 0x6931,
  0x2729, 0x4208, 0x8931, 0x8931, 0x6210, 0xA418, 0x6931, 0x6931,
  0x6931, 0x4831, 0x0000, 0x1FF8, 0x1FF8, 0x1FF8, 0x1FF8, 0x1FF8,
  0x1FF8, 0x1FF8, 0x1FF8, 0x1FF8, 0x1FF8, 0x1FF8, 0x1FF8, 0x1FF8,
  0x1FF8, 0x1FF8, 0x1FF8, 0x1FF8, 0x1FF8, 0x1FF8, 0x1FF8, 0x1FF8,
  0x1FF8, 0x1FF8, 0x1FF8, 0x1FF8, 0x1FF8, 0x1FF8, 0x1FF8, 0x1FF8,
  0x1FF8, 0x1FF8, 0x1FF8, 0x1FF8, 0x1FF8, 0x1FF8, 0x1FF8, 0x1FF8,
  0x1FF8, 0x1FF8, 0x1FF8, 0x1FF8, 0x1FF8, 0x1FF8, 0x0000, 0x6931,
  0x6931, 0x6931, 0x6931, 0xC518, 0x2100, 0xA418, 0x0621, 0xC518,
  0x4208, 0x0000, 0x0621, 0x6931, 0x6931, 0x6931, 0x6831, 0x0000,
  0x4208, 0x2108, 0x4208, 0x8310, 0xC518, 0x6931, 0x6931, 0x0729,
  0x0000, 0x1FF8, 0x1FF8, 0x1FF8, 0x1FF8, 0x1FF8, 0x1FF8, 0x1FF8,
  0x1FF8, 0x1FF8, 0x1FF8, 0x1FF8, 0x1FF8, 0x1FF8, 0x1FF8, 0x1FF8,
  0x1FF8, 0x1FF8, 0x1FF8, 0x1FF8, 0x1FF8, 0x1FF8, 0x1FF8, 0x1FF8,
  0x1FF8, 0x1FF8, 0x1FF8, 0x1FF8, 0x1FF8, 0x1FF8, 0x1FF8, 0x1FF8,
  0x1FF8, 0x1FF8, 0x1FF8, 0x1FF8, 0x1FF8, 0x1FF8, 0x1FF8, 0x1FF8,
  0x1FF8, 0x1FF8, 0x1FF8, 0x1FF8, 0x1FF8, 0x1FF8, 0x0000, 0x4829,
  0x6931, 0x6931, 0x6931, 0x6931, 0x8931, 0x8931, 0x4829, 0x6931,
  0x8310, 0x2729, 0x6931, 0x8931, 0xE520, 0x2108, 0x2108, 0x2108,
  0x8310, 0x4829, 0x8A39, 0x8931, 0x2729, 0x0000, 0x1FF8, 0x1FF8,
  0x1FF8, 0x1FF8, 0x1FF8, 0x1FF8, 0x1FF8, 0x1FF8, 0x1FF8, 0x1FF8,
  0x1FF8, 0x1FF8, 0x1FF8, 0x1FF8, 0x1FF8, 0x1FF8, 0x1FF8, 0x1FF8,
  0x1FF8, 0x1FF8, 0x1FF8, 0x1FF8, 0x1FF8, 0x1FF8, 0x1FF8, 0x1FF8,
  0x1FF8, 0x1FF8, 0x1FF8, 0x1FF8, 0x1FF8, 0x1FF8, 0x1FF8, 0x1FF8,
  0x1FF8, 0x1FF8, 0x1FF8, 0x1FF8, 0x1FF8, 0x1FF8, 0x1FF8, 0x1FF8,
  0x1FF8, 0x1FF8, 0x1FF8, 0x1FF8, 0x1FF8, 0x1FF8, 0x1FF8, 0x0000,
  0x0000, 0x6310, 0x0621, 0x4831, 0x8931, 0x6931, 0x0000, 0x1FF8,
  0x2108, 0xE620, 0x2108, 0x8A39, 0x6931, 0x8931, 0x6931, 0x4829,
  0xE620, 0x4208, 0x0000, 0x1FF8, 0x1FF8, 0x1FF8, 0x1FF8, 0x1FF8,
  0x1FF8, 0x1FF8, 0x1FF8, 0x1FF8, 0x1FF8, 0x1FF8, 0x1FF8, 0x1FF8,
  0x1FF8, 0x1FF8, 0x1FF8, 0x1FF8, 0x1FF8, 0x1FF8, 0x1FF8, 0x1FF8,
  0x1FF8, 0x1FF8, 0x1FF8, 0x1FF8, 0x1FF8, 0x1FF8, 0x1FF8, 0x1FF8,
  0x1FF8, 0x1FF8, 0x1FF8, 0x1FF8, 0x1FF8, 0x1FF8, 0x1FF8, 0x1FF8,
  0x1FF8, 0x1FF8, 0x1FF8, 0x1FF8, 0x1FF8, 0x1FF8, 0x1FF8, 0x1FF8,
  0x1FF8, 0x1FF8, 0x1FF8, 0x1FF8, 0x1FF8, 0x1FF8, 0x1FF8, 0x1FF8,
  0x1FF8, 0x1FF8, 0x1FF8, 0x1FF8, 0x1FF8, 0x1FF8, 0x1FF8, 0x1FF8,
  0x2100, 0x2100, 0x0000, 0x0000, 0x0000, 0x1FF8, 0x1FF8, 0x1FF8,
  0x1FF8, 0x1FF8, 0x1FF8, 0x1FF8, 0x1FF8, 0x1FF8, 0x1FF8, 0x1FF8,
  0x1FF8, 0x1FF8, 0x1FF8, 0x1FF8, 0x1FF8, 0x1FF8, 0x1FF8, 0x1FF8,
  0x1FF8, 0x1FF8, 0x1FF8, 0x1FF8, 0x1FF8, 0x1FF8, 0x1FF8, 0x1FF8,
  0x1FF8, 0x1FF8, 0x1FF8, 0x1FF8, 0x1FF8, 0x1FF8, 0x1FF8, 0x1FF8,
  0x1FF8, 0x1FF8, 0x1FF8, 0x1FF8, 0x1FF8, 0x1FF8, 0x1FF8, 0x1FF8,
  0x1FF8, 0x1FF8, 0x1FF8, 0x1FF8, 0x1FF8, 0x1FF8, 0x1FF8, 0x1FF8,
  0x1FF8, 0x1FF8, 0x1FF8, 0x1FF8, 0x1FF8, 0x1FF8, 0x1FF8, 0x1FF8,
  0x1FF8, 0x1FF8, 0x1FF8, 0x1FF8, 0x1FF8, 0x1FF8, 0x1FF8, 0x1FF8,
  0x1FF8, 0x1FF8, 0x1FF8, 0x1FF8, 0x1FF8, 0x1FF8, 0x1FF8, 0x1FF8,
  0x1FF8, 0x1FF8, 0x1FF8, 0x1FF8, 0x1FF8, 0x1FF8, 0x1FF8, 0x1FF8,
  0x1FF8,
};
static const shapoco::gfx2d::Texture tex_l_leg = {
  shapoco::gfx2d::PixelFormat::RGB565_SWAPPED, 71, 135, 142, tex_l_legData,
};

alignas(4) static const uint16_t tex_l_pants_fData[] = {
  0x1FF8, 0x1FF8, 0x1FF8, 0x1FF8, 0x1FF8, 0x1FF8, 0x1FF8, 0x1FF8,
  0x1FF8, 0x1FF8, 0x1FF8, 0x1FF8, 0x1FF8, 0x1FF8, 0x1FF8, 0x1FF8,
  0x1FF8, 0x1FF8, 0x1FF8, 0x1FF8, 0x1FF8, 0x1FF8, 0x1FF8, 0x1FF8,
  0x1FF8, 0x1FF8, 0x1FF8, 0x1FF8, 0x1FF8, 0x1FF8, 0x1FF8, 0x1FF8,
  0x1FF8, 0x1FF8, 0x1FF8, 0x1FF8, 0x1FF8, 0x1FF8, 0x1FF8, 0x1FF8,
  0x1FF8, 0x1FF8, 0x1FF8, 0x1FF8, 0x1FF8, 0x1FF8, 0x1FF8, 0x1FF8,
  0x1FF8, 0x1FF8, 0x1FF8, 0x1FF8, 0x1FF8, 0x1FF8, 0x1FF8, 0x1FF8,
  0x1FF8, 0x1FF8, 0x1FF8, 0x1FF8, 0x1FF8, 0x1FF8, 0x1FF8, 0x1FF8,
  0xA729, 0x1FF8, 0x1FF8, 0x1FF8, 0x1FF8, 0x1FF8, 0x1FF8, 0x1FF8,
  0x1FF8, 0x1FF8, 0x1FF8, 0x1FF8, 0x1FF8, 0x1FF8, 0x1FF8, 0x1FF8,
  0x1FF8, 0x1FF8, 0x1FF8, 0x1FF8, 0x1FF8, 0x1FF8, 0x1FF8, 0x1FF8,
  0x1FF8, 0x1FF8, 0x1FF8, 0x1FF8, 0x1FF8, 0x1FF8, 0x1FF8, 0x1FF8,
  0x1FF8, 0x1FF8, 0x1FF8, 0x1FF8, 0x1FF8, 0x1FF8, 0x1FF8, 0x1FF8,
  0x1FF8, 0x1FF8, 0x1FF8, 0x1FF8, 0x1FF8, 0x1FF8, 0x1FF8, 0x1FF8,
  0x1FF8, 0x1FF8, 0x1FF8, 0x1FF8, 0x1FF8, 0x1FF8, 0x1FF8, 0x1FF8,
  0x0E53, 0x4A42, 0x1FF8, 0x1FF8, 0x1FF8, 0x1FF8, 0x1FF8, 0x1FF8,
  0x1FF8, 0x1FF8, 0x1FF8, 0x1FF8, 0x1FF8, 0x1FF8, 0x1FF8, 0x1FF8,
  0x1FF8, 0x1FF8, 0x1FF8, 0x1FF8, 0x1FF8, 0x1FF8, 0x1FF8, 0x1FF8,
  0x1FF8, 0x1FF8, 0x1FF8, 0x1FF8, 0x1FF8, 0x1FF8, 0x1FF8, 0x1FF8,
  0x1FF8, 0x1FF8, 0x1FF8, 0x1FF8, 0x1FF8, 0x1FF8, 0x1FF8, 0x1FF8,
  0x1FF8, 0x1FF8, 0x1FF8, 0x1FF8, 0x1FF8, 0x1FF8, 0x1FF8, 0x1FF8,
  0x1FF8, 0x1FF8, 0x1FF8, 0x1FF8, 0x1FF8, 0x1FF8, 0x1FF8, 0x1FF8,
  0x0E53, 0xCD4A, 0x8729, 0x0000, 0x1FF8, 0x1FF8, 0x1FF8, 0x1FF8,
  0x1FF8, 0x1FF8, 0x1FF8, 0x1FF8, 0x1FF8, 0x1FF8, 0x1FF8, 0x1FF8,
  0x1FF8, 0x1FF8, 0x1FF8, 0x1FF8, 0x1FF8, 0x1FF8, 0x1FF8, 0x1FF8,
  0x1FF8, 0x1FF8, 0x1FF8, 0x1FF8, 0x1FF8, 0x1FF8, 0x1FF8, 0x1FF8,
  0x1FF8, 0x1FF8, 0x1FF8, 0x1FF8, 0x1FF8, 0x1FF8, 0x1FF8, 0x1FF8,
  0x1FF8, 0x1FF8, 0x1FF8, 0x1FF8, 0x1FF8, 0x1FF8, 0x1FF8, 0x1FF8,
  0x1FF8, 0x1FF8, 0x1FF8, 0x1FF8, 0x1FF8, 0x1FF8, 0x1FF8, 0x1FF8,
  0xAC4A, 0xCD52, 0xCD52, 0x8210, 0x0000, 0x1FF8, 0x1FF8, 0x1FF8,
  0x1FF8, 0x1FF8, 0x1FF8, 0x1FF8, 0x1FF8, 0x1FF8, 0x1FF8, 0x1FF8,
  0x1FF8, 0x1FF8, 0x1FF8, 0x1FF8, 0x1FF8, 0x1FF8, 0x1FF8, 0x1FF8,
  0x1FF8, 0x1FF8, 0x1FF8, 0x1FF8, 0x1FF8, 0x1FF8, 0x1FF8, 0x1FF8,
  0x1FF8, 0x1FF8, 0x1FF8, 0x1FF8, 0x1FF8, 0x1FF8, 0x1FF8, 0x1FF8,
  0x1FF8, 0x1FF8, 0x1FF8, 0x1FF8, 0x1FF8, 0x1FF8, 0x1FF8, 0x1FF8,
  0x1FF8, 0x1FF8, 0x1FF8, 0x1FF8, 0x1FF8, 0x1FF8, 0x1FF8, 0x0000,
  0x0E53, 0xCD52, 0xCD4A, 0x0E53, 0x0000, 0x1FF8, 0x1FF8, 0x1FF8,
  0x1FF8, 0x1FF8, 0x1FF8, 0x1FF8, 0x1FF8, 0x1FF8, 0x1FF8, 0x1FF8,
  0x1FF8, 0x1FF8, 0x1FF8, 0x1FF8, 0x1FF8, 0x1FF8, 0x1FF8, 0x1FF8,
  0x1FF8, 0x1FF8, 0x1FF8, 0x1FF8, 0x1FF8, 0x1FF8, 0x1FF8, 0x1FF8,
  0x1FF8, 0x1FF8, 0x1FF8, 0x1FF8, 0x1FF8, 0x1FF8, 0x1FF8, 0x1FF8,
  0x1FF8, 0x1FF8, 0x1FF8, 0x1FF8, 0x1FF8, 0x1FF8, 0x1FF8, 0x1FF8,
  0x1FF8, 0x1FF8, 0x1FF8, 0x1FF8, 0x1FF8, 0x1FF8, 0x1FF8, 0x0000,
  0xCD52, 0xCD52, 0xCD52, 0xCD4A, 0x2621, 0x093A, 0x1FF8, 0x1FF8,
  0x1FF8, 0x1FF8, 0x1FF8, 0x1FF8, 0x1FF8, 0x1FF8, 0x1FF8, 0x1FF8,
  0x1FF8, 0x1FF8, 0x1FF8, 0x1FF8, 0x1FF8, 0x1FF8, 0x1FF8, 0x1FF8,
  0x1FF8, 0x1FF8, 0x1FF8, 0x1FF8, 0x1FF8, 0x1FF8, 0x1FF8, 0x1FF8,
  0x1FF8, 0x1FF8, 0x1FF8, 0x1FF8, 0x1FF8, 0x1FF8, 0x1FF8, 0x1FF8,
  0x1FF8, 0x1FF8, 0x1FF8, 0x1FF8, 0x1FF8, 0x1FF8, 0x1FF8, 0x1FF8,
  0x1FF8, 0x1FF8, 0x1FF8, 0x1FF8, 0x1FF8, 0x1FF8, 0x1FF8, 0x6208,
  0xCD52, 0xCD52, 0xCD52, 0xCD52, 0x0419, 0xEE52, 0xA831, 0x1FF8,
  0x1FF8, 0x1FF8, 0x1FF8, 0x1FF8, 0x1FF8, 0x1FF8, 0x1FF8, 0x1FF8,
  0x1FF8, 0x1FF8, 0x1FF8, 0x1FF8, 0x1FF8, 0x1FF8, 0x1FF8, 0x1FF8,
  0x1FF8, 0x1FF8, 0x1FF8, 0x1FF8, 0x1FF8, 0x1FF8, 0x1FF8, 0x1FF8,
  0x1FF8, 0x1FF8, 0x1FF8, 0x1FF8, 0x1FF8, 0x1FF8, 0x1FF8, 0x1FF8,
  0x1FF8, 0x1FF8, 0x1FF8, 0x1FF8, 0x1FF8, 0x1FF8, 0x1FF8, 0x1FF8,
  0x1FF8, 0x1FF8, 0x1FF8, 0x1FF8, 0x1FF8, 0x1FF8, 0x1FF8, 0xC931,
  0xCD52, 0xCD52, 0xCD52, 0xCD52, 0x4108, 0xCD52, 0xCD52, 0x2621,
  0x1FF8, 0x1FF8, 0x1FF8, 0x1FF8, 0x1FF8, 0x1FF8, 0x1FF8, 0x1FF8,
  0x1FF8, 0x1FF8, 0x1FF8, 0x1FF8, 0x1FF8, 0x1FF8, 0x1FF8, 0x1FF8,
  0x1FF8, 0x1FF8, 0x1FF8, 0x1FF8, 0x1FF8, 0x1FF8, 0x1FF8, 0x1FF8,
  0x1FF8, 0x1FF8, 0x1FF8, 0x1FF8, 0x1FF8, 0x1FF8, 0x1FF8, 0x1FF8,
  0x1FF8, 0x1FF8, 0x1FF8, 0x1FF8, 0x1FF8, 0x1FF8, 0x1FF8, 0x1FF8,
  0x1FF8, 0x1FF8, 0x1FF8, 0x1FF8, 0x1FF8, 0x1FF8, 0x1FF8, 0x0E53,
  0xCD52, 0xCD52, 0xCD52, 0xCD52, 0x6208, 0xCD52, 0xCD52, 0xED52,
  0x8210, 0x1FF8, 0x1FF8, 0x1FF8, 0x1FF8, 0x1FF8, 0x1FF8, 0x1FF8,
  0x1FF8, 0x1FF8, 0x1FF8, 0x1FF8, 0x1FF8, 0x1FF8, 0x1FF8, 0x1FF8,
  0x1FF8, 0x1FF8, 0x1FF8, 0x1FF8, 0x1FF8, 0x1FF8, 0x1FF8, 0x1FF8,
  0x1FF8, 0x1FF8, 0x1FF8, 0x1FF8, 0x1FF8, 0x1FF8, 0x1FF8, 0x1FF8,
  0x1FF8, 0x1FF8, 0x1FF8, 0x1FF8, 0x1FF8, 0x1FF8, 0x1FF8, 0x1FF8,
  0x1FF8, 0x1FF8, 0x1FF8, 0x1FF8, 0x1FF8, 0x1FF8, 0x0000, 0xED52,
  0xCD52, 0xCD52, 0xCD52, 0x0E5B, 0x8729, 0xCD52, 0xCD52, 0xCD52,
  0x0E53, 0x0000, 0x1FF8, 0x1FF8, 0x1FF8, 0x1FF8, 0x1FF8, 0x1FF8,
  0x1FF8, 0x1FF8, 0x1FF8, 0x1FF8, 0x1FF8, 0x1FF8, 0x1FF8, 0x1FF8,
  0x1FF8, 0x1FF8, 0x1FF8, 0x1FF8, 0x1FF8, 0x1FF8, 0x1FF8, 0x1FF8,
  0x1FF8, 0x1FF8, 0x1FF8, 0x1FF8, 0x1FF8, 0x1FF8, 0x1FF8, 0x1FF8,
  0x1FF8, 0x1FF8, 0x1FF8, 0x1FF8, 0x1FF8, 0x1FF8, 0x1FF8, 0x1FF8,
  0x1FF8, 0x1FF8, 0x1FF8, 0x1FF8, 0x1FF8, 0x1FF8, 0xA310, 0xCD52,
  0xCD52, 0xCD52, 0xCD52, 0xAC4A, 0x2A3A, 0xCD52, 0xCD52, 0xCD52,
  0xCD4A, 0xAC4A, 0x1FF8, 0x1FF8, 0x1FF8, 0x1FF8, 0x1FF8, 0x1FF8,
  0x1FF8, 0x1FF8, 0x1FF8, 0x1FF8, 0x1FF8, 0x1FF8, 0x1FF8, 0x1FF8,
  0x1FF8, 0x1FF8, 0x1FF8, 0x1FF8, 0x1FF8, 0x1FF8, 0x1FF8, 0x1FF8,
  0x1FF8, 0x1FF8, 0x1FF8, 0x1FF8, 0x1FF8, 0x1FF8, 0x1FF8, 0x1FF8,
  0x1FF8, 0x1FF8, 0x1FF8, 0x1FF8, 0x1FF8, 0x1FF8, 0x1FF8, 0x1FF8,
  0x1FF8, 0x1FF8, 0x1FF8, 0x1FF8, 0x1FF8, 0x1FF8, 0x4A42, 0xCD52,
  0xCD52, 0xCD52, 0xCD52, 0x4621, 0xED52, 0xCD52, 0xCD52, 0xCD52,
  0xCD52, 0xCD52, 0x6629, 0x1FF8, 0x1FF8, 0x1FF8, 0x1FF8, 0x1FF8,
  0x1FF8, 0x1FF8, 0x1FF8, 0x1FF8, 0x1FF8, 0x1FF8, 0x1FF8, 0x1FF8,
  0x1FF8, 0x1FF8, 0x1FF8, 0x1FF8, 0x1FF8, 0x1FF8, 0x1FF8, 0x1FF8,
  0x1FF8, 0x1FF8, 0x1FF8, 0x1FF8, 0x1FF8, 0x1FF8, 0x1FF8, 0x1FF8,
  0x1FF8, 0x1FF8, 0x1FF8, 0x1FF8, 0x1FF8, 0x1FF8, 0x1FF8, 0x1FF8,
  0x1FF8, 0x1FF8, 0x1FF8, 0x1FF8, 0x1FF8, 0x0000, 0xED52, 0xCD52,
  0xCD52, 0xCD52, 0xCD52, 0x4208, 0xED52, 0xCD52, 0xCD52, 0xCD52,
  0xCD52, 0xCD52, 0xCD52, 0x4108, 0x1FF8, 0x1FF8, 0x1FF8, 0x1FF8,
  0x1FF8, 0x1FF8, 0x1FF8, 0x1FF8, 0x1FF8, 0x1FF8, 0x1FF8, 0x1FF8,
  0x1FF8, 0x1FF8, 0x1FF8, 0x1FF8, 0x1FF8, 0x1FF8, 0x1FF8, 0x1FF8,
  0x1FF8, 0x1FF8, 0x1FF8, 0x1FF8, 0x1FF8, 0x1FF8, 0x1FF8, 0x1FF8,
  0x1FF8, 0x1FF8, 0x1FF8, 0x1FF8, 0x1FF8, 0x1FF8, 0x1FF8, 0x1FF8,
  0x1FF8, 0x1FF8, 0x1FF8, 0x1FF8, 0x1FF8, 0xC318, 0xCD52, 0xCD52,
  0xCD52, 0xCD52, 0xEE52, 0x6629, 0xCD52, 0xCD52, 0xCD52, 0xCD52,
  0xCD52, 0xCD52, 0xCD52, 0xED52, 0x0000, 0x1FF8, 0x1FF8, 0x1FF8,
  0x1FF8, 0x1FF8, 0x1FF8, 0x1FF8, 0x1FF8, 0x1FF8, 0x1FF8, 0x1FF8,
  0x1FF8, 0x1FF8, 0x1FF8, 0x1FF8, 0x1FF8, 0x1FF8, 0x1FF8, 0x1FF8,
  0x1FF8, 0x1FF8, 0x1FF8, 0x1FF8, 0x1FF8, 0x1FF8, 0x1FF8, 0x1FF8,
  0x1FF8, 0x1FF8, 0x1FF8, 0x1FF8, 0x1FF8, 0x1FF8, 0x1FF8, 0x1FF8,
  0x1FF8, 0x1FF8, 0x1FF8, 0x1FF8, 0x1FF8, 0x8B42, 0xCD52, 0xCD52,
  0xCD52, 0xCD52, 0x4A42, 0xAC4A, 0xCD52, 0xCD52, 0xCD52, 0xCD52,
  0xCD52, 0xCD52, 0xCD52, 0xCD52, 0x6B42, 0x1FF8, 0x1FF8, 0x1FF8,
  0x1FF8, 0x1FF8, 0x1FF8, 0x1FF8, 0x1FF8, 0x1FF8, 0x1FF8, 0x1FF8,
  0x1FF8, 0x1FF8, 0x1FF8, 0x1FF8, 0x1FF8, 0x1FF8, 0x1FF8, 0x1FF8,
  0x1FF8, 0x1FF8, 0x1FF8, 0x1FF8, 0x1FF8, 0x1FF8, 0x1FF8, 0x1FF8,
  0x1FF8, 0x1FF8, 0x1FF8, 0x1FF8, 0x1FF8, 0x1FF8, 0x1FF8, 0x1FF8,
  0x1FF8, 0x1FF8, 0x1FF8, 0x1FF8, 0x0000, 0x0E53, 0xCD52, 0xCD52,
  0xCD52, 0xCD52, 0xA310, 0xCD4A, 0xCD52, 0xCD52, 0xCD52, 0xCD52,
  0xCD52, 0xCD52, 0xCD52, 0xCD52, 0xCD52, 0xE418, 0x1FF8, 0x1FF8,
  0x1FF8, 0x1FF8, 0x1FF8, 0x1FF8, 0x1FF8, 0x1FF8, 0x1FF8, 0x1FF8,
  0x1FF8, 0x1FF8, 0x1FF8, 0x1FF8, 0x1FF8, 0x1FF8, 0x1FF8, 0x1FF8,
  0x1FF8, 0x1FF8, 0x1FF8, 0x1FF8, 0x1FF8, 0x1FF8, 0x1FF8, 0x1FF8,
  0x1FF8, 0x1FF8, 0x1FF8, 0x1FF8, 0x1FF8, 0x1FF8, 0x1FF8, 0x1FF8,
  0x1FF8, 0x1FF8, 0x1FF8, 0x1FF8, 0x6629, 0xCD52, 0xCD52, 0xCD52,
  0xCD52, 0xEE52, 0x8210, 0xCD52, 0xCD52, 0xCD52, 0xCD52, 0xCD52,
  0xCD52, 0xCD52, 0xCD52, 0xCD52, 0xCD52, 0xED52, 0x0000, 0x1FF8,
  0x1FF8, 0x1FF8, 0x1FF8, 0x1FF8, 0x1FF8, 0x1FF8, 0x1FF8, 0x1FF8,
  0x1FF8, 0x1FF8, 0x1FF8, 0x1FF8, 0x1FF8, 0x1FF8, 0x1FF8, 0x1FF8,
  0x1FF8, 0x1FF8, 0x1FF8, 0x1FF8, 0x1FF8, 0x1FF8, 0x1FF8, 0x1FF8,
  0x1FF8, 0x1FF8, 0x1FF8, 0x1FF8, 0x1FF8, 0x1FF8, 0x1FF8, 0x1FF8,
  0x1FF8, 0x1FF8, 0x1FF8, 0x1FF8, 0x0E53, 0xCD52, 0xCD52, 0xCD52,
  0xCD52, 0x6B42, 0x2A3A, 0xCD52, 0xCD52, 0xCD52, 0xCD52, 0xCD52,
  0xCD52, 0xCD52, 0xCD52, 0xCD52, 0xCD52, 0xCD52, 0xCD4A, 0x1FF8,
  0x1FF8, 0x1FF8, 0x1FF8, 0x1FF8, 0x1FF8, 0x1FF8, 0x1FF8, 0x1FF8,
  0x1FF8, 0x1FF8, 0x1FF8, 0x1FF8, 0x1FF8, 0x1FF8, 0x1FF8, 0x1FF8,
  0x1FF8, 0x1FF8, 0x1FF8, 0x1FF8, 0x1FF8, 0x1FF8, 0x1FF8, 0x1FF8,
  0x1FF8, 0x1FF8, 0x1FF8, 0x1FF8, 0x1FF8, 0x1FF8, 0x1FF8, 0x1FF8,
  0x1FF8, 0x1FF8, 0x1FF8, 0x8310, 0xCD52, 0xCD52, 0xCD52, 0xCD52,
  0xCD52, 0x0521, 0x0E53, 0xCD52, 0xCD52, 0xCD52, 0xCD52, 0xCD52,
  0xCD52, 0xCD52, 0xCD52, 0xCD52, 0xCD52, 0xCD52, 0xCD4A, 0xA831,
  0x1FF8, 0x1FF8, 0x1FF8, 0x1FF8, 0x1FF8, 0x1FF8, 0x1FF8, 0x1FF8,
  0x1FF8, 0x1FF8, 0x1FF8, 0x1FF8, 0x1FF8, 0x1FF8, 0x1FF8, 0x1FF8,
  0x1FF8, 0x1FF8, 0x1FF8, 0x1FF8, 0x1FF8, 0x1FF8, 0x1FF8, 0x1FF8,
  0x1FF8, 0x1FF8, 0x1FF8, 0x1FF8, 0x1FF8, 0x1FF8, 0x1FF8, 0x1FF8,
  0x1FF8, 0x1FF8, 0x1FF8, 0x4A42, 0xCD52, 0xCD52, 0xCD52, 0xCD52,
  0xCD52, 0x8208, 0xCD52, 0xCD52, 0xCD52, 0xCD52, 0xCD52, 0xCD52,
  0xCD52, 0xCD52, 0xCD52, 0xCD52, 0xCD52, 0xCD52, 0xCD52, 0xCD52,
  0x2000, 0x1FF8, 0x1FF8, 0x1FF8, 0x1FF8, 0x1FF8, 0x1FF8, 0x1FF8,
  0x1FF8, 0x1FF8, 0x1FF8, 0x1FF8, 0x1FF8, 0x1FF8, 0x1FF8, 0x1FF8,
  0x1FF8, 0x1FF8, 0x1FF8, 0x1FF8, 0x1FF8, 0x1FF8, 0x1FF8, 0x1FF8,
  0x1FF8, 0x1FF8, 0x1FF8, 0x1FF8, 0x1FF8, 0x1FF8, 0x1FF8, 0x1FF8,
  0x1FF8, 0x1FF8, 0x0000, 0x0E5B, 0xCD52, 0xCD52, 0xCD52, 0xCD52,
  0x2E5B, 0x4621, 0xCD52, 0xCD52, 0xCD52, 0xCD52, 0xCD52, 0xCD52,
  0xCD52, 0xCD52, 0xCD52, 0xCD52, 0xCD52, 0xCD52, 0xCD52, 0xCD52,
  0x6B42, 0x1FF8, 0x1FF8, 0x1FF8, 0x1FF8, 0x1FF8, 0x1FF8, 0x1FF8,
  0x1FF8, 0x1FF8, 0x1FF8, 0x1FF8, 0x1FF8, 0x1FF8, 0x1FF8, 0x1FF8,
  0x1FF8, 0x1FF8, 0x1FF8, 0x1FF8, 0x1FF8, 0x1FF8, 0x1FF8, 0x1FF8,
  0x1FF8, 0x1FF8, 0x1FF8, 0x1FF8, 0x1FF8, 0x1FF8, 0x1FF8, 0x1FF8,
  0x1FF8, 0x1FF8, 0xC418, 0xCD52, 0xCD52, 0xCD52, 0xCD52, 0xCD52,
  0x4B42, 0x8C42, 0xCD52, 0xCD52, 0xCD52, 0xCD52, 0xCD52, 0xCD52,
  0xCD52, 0xCD52, 0xCD52, 0xCD52, 0xCD52, 0xCD52, 0xCD52, 0xCD52,
  0xCD4A, 0x0000, 0x1FF8, 0x1FF8, 0x1FF8, 0x1FF8, 0x1FF8, 0x1FF8,
  0x1FF8, 0x1FF8, 0x1FF8, 0x1FF8, 0x1FF8, 0x1FF8, 0x1FF8, 0x1FF8,
  0x1FF8, 0x1FF8, 0x1FF8, 0x1FF8, 0x1FF8, 0x1FF8, 0x1FF8, 0x1FF8,
  0x1FF8, 0x1FF8, 0x1FF8, 0x1FF8, 0x1FF8, 0x1FF8, 0x1FF8, 0x1FF8,
  0x1FF8, 0x1FF8, 0x6B42, 0xCD52, 0xCD52, 0xCD52, 0xCD52, 0xCD52,
  0x6208, 0xED52, 0xCD52, 0xCD52, 0xCD52, 0xCD52, 0xCD52, 0xCD52,
  0xCD52, 0xCD52, 0xCD52, 0xCD52, 0xCD52, 0xCD52, 0xCD52, 0xCD52,
  0xCD4A, 0xED52, 0x1FF8, 0x1FF8, 0x1FF8, 0x1FF8, 0x1FF8, 0x1FF8,
  0x1FF8, 0x1FF8, 0x1FF8, 0x1FF8, 0x1FF8, 0x1FF8, 0x1FF8, 0x1FF8,
  0x1FF8, 0x1FF8, 0x1FF8, 0x1FF8, 0x1FF8, 0x1FF8, 0x1FF8, 0x1FF8,
  0x1FF8, 0x1FF8, 0x1FF8, 0x1FF8, 0x1FF8, 0x1FF8, 0x1FF8, 0x1FF8,
  0x1FF8, 0x0000, 0xCD52, 0xCD52, 0xCD52, 0xCD52, 0xCD52, 0xED52,
  0xA310, 0xCD52, 0xCD52, 0xCD52, 0xCD52, 0xCD52, 0xCD52, 0xCD52,
  0xCD52, 0xCD52, 0xCD52, 0xCD52, 0xCD52, 0xCD52, 0xCD52, 0xCD52,
  0xCD52, 0xCD4A, 0xE418, 0x1FF8, 0x1FF8, 0x1FF8, 0x1FF8, 0x1FF8,
  0x1FF8, 0x1FF8, 0x1FF8, 0x1FF8, 0x1FF8, 0x1FF8, 0x1FF8, 0x1FF8,
  0x1FF8, 0x1FF8, 0x1FF8, 0x1FF8, 0x1FF8, 0x1FF8, 0x1FF8, 0x1FF8,
  0x1FF8, 0x1FF8, 0x1FF8, 0x1FF8, 0x1FF8, 0x1FF8, 0x1FF8, 0x1FF8,
  0x1FF8, 0x2108, 0xCD52, 0xCD52, 0xCD52, 0xCD52, 0xCD52, 0x6B42,
  0x8C4A, 0xCD52, 0xCD52, 0xCD52, 0xCD52, 0xCD52, 0xCD52, 0xCD52,
  0xCD52, 0xCD52, 0xCD52, 0xCD52, 0xCD52, 0xCD52, 0xCD52, 0xCD52,
  0xCD52, 0xCD52, 0x0E53, 0x0000, 0x1FF8, 0x1FF8, 0x1FF8, 0x1FF8,
  0x1FF8, 0x1FF8, 0x1FF8, 0x1FF8, 0x1FF8, 0x1FF8, 0x1FF8, 0x1FF8,
  0x1FF8, 0x1FF8, 0x1FF8, 0x1FF8, 0x1FF8, 0x1FF8, 0x1FF8, 0x1FF8,
  0x1FF8, 0x1FF8, 0x1FF8, 0x1FF8, 0x1FF8, 0x1FF8, 0x1FF8, 0x1FF8,
  0x1FF8, 0xA831, 0xCD4A, 0xCD52, 0xCD52, 0xCD52, 0xCD52, 0xE418,
  0x0E53, 0xCD52, 0xCD52, 0xCD52, 0xCD52, 0xCD52, 0xCD52, 0xCD52,
  0xCD52, 0xCD52, 0xCD52, 0xCD52, 0xCD52, 0xCD52, 0xCD52, 0xCD52,
  0xCD52, 0xCD52, 0xCD52, 0x6729, 0x1FF8, 0x1FF8, 0x1FF8, 0x1FF8,
  0x1FF8, 0x1FF8, 0x1FF8, 0x1FF8, 0x1FF8, 0x1FF8, 0x1FF8, 0x1FF8,
  0x1FF8, 0x1FF8, 0x1FF8, 0x1FF8, 0x1FF8, 0x1FF8, 0x1FF8, 0x1FF8,
  0x1FF8, 0x1FF8, 0x1FF8, 0x1FF8, 0x1FF8, 0x1FF8, 0x1FF8, 0x1FF8,
  0x1FF8, 0xED52, 0xCD52, 0xCD52, 0xCD52, 0xCD52, 0xED52, 0xC310,
  0xCD52, 0xCD52, 0xCD52, 0xCD52, 0xCD52, 0xCD52, 0xCD52, 0xCD52,
  0xCD52, 0xCD52, 0xCD52, 0xCD52, 0xCD52, 0xCD52, 0xCD52, 0xCD52,
  0xCD52, 0xCD52, 0xCD52, 0xCD52, 0x0000, 0x1FF8, 0x1FF8, 0x1FF8,
  0x1FF8, 0x1FF8, 0x1FF8, 0x1FF8, 0x1FF8, 0x1FF8, 0x1FF8, 0x1FF8,
  0x1FF8, 0x1FF8, 0x1FF8, 0x1FF8, 0x1FF8, 0x1FF8, 0x1FF8, 0x1FF8,
  0x1FF8, 0x1FF8, 0x1FF8, 0x1FF8, 0x1FF8, 0x1FF8, 0x1FF8, 0x1FF8,
  0x1FF8, 0xAC4A, 0xCD52, 0xCD52, 0xCD52, 0xCD52, 0xAD4A, 0x4B42,
  0xCD52, 0xCD52, 0xCD52, 0xCD52, 0xCD52, 0xCD52, 0xCD52, 0xCD52,
  0xCD52, 0xCD52, 0xCD52, 0xCD52, 0xCD52, 0xCD52, 0xCD52, 0xCD52,
  0xCD52, 0xCD52, 0xCD52, 0xCD4A, 0x8729, 0x1FF8, 0x1FF8, 0x1FF8,
  0x1FF8, 0x1FF8, 0x1FF8, 0x1FF8, 0x1FF8, 0x1FF8, 0x1FF8, 0x1FF8,
  0x1FF8, 0x1FF8, 0x1FF8, 0x1FF8, 0x1FF8, 0x1FF8, 0x1FF8, 0x1FF8,
  0x1FF8, 0x1FF8, 0x1FF8, 0x1FF8, 0x1FF8, 0x1FF8, 0x1FF8, 0x1FF8,
  0x1FF8, 0xCD4A, 0xCD4A, 0xCD52, 0xCD52, 0xCD52, 0x093A, 0xCD52,
  0xCD52, 0xCD52, 0xCD52, 0xCD52, 0xCD52, 0xCD52, 0xCD52, 0xCD52,
  0xCD52, 0xCD52, 0xCD52, 0xCD52, 0xCD52, 0xCD52, 0xCD52, 0xCD52,
  0xCD52, 0xCD52, 0xCD52, 0xCD52, 0xEE52, 0x0000, 0x1FF8, 0x1FF8,
  0x1FF8, 0x1FF8, 0x1FF8, 0x1FF8, 0x1FF8, 0x1FF8, 0x1FF8, 0x1FF8,
  0x1FF8, 0x1FF8, 0x1FF8, 0x1FF8, 0x1FF8, 0x1FF8, 0x1FF8, 0x1FF8,
  0x1FF8, 0x1FF8, 0x1FF8, 0x1FF8, 0x1FF8, 0x1FF8, 0x1FF8, 0x1FF8,
  0x1FF8, 0xC418, 0xCD4A, 0xCD52, 0xCD52, 0xCD52, 0xCD52, 0xCD52,
  0xCD4A, 0xCD52, 0xCD52, 0xCD52, 0xCD52, 0xCD52, 0xCD52, 0xCD52,
  0xCD52, 0xCD52, 0xCD52, 0xCD52, 0xCD52, 0xCD52, 0xCD52, 0xCD52,
  0xCD52, 0xCD52, 0xCD52, 0xCD52, 0xCD4A, 0x2521, 0xAC4A, 0x0000,
  0x1FF8, 0x1FF8, 0x1FF8, 0x1FF8, 0x1FF8, 0x1FF8, 0x1FF8, 0x1FF8,
  0x1FF8, 0x1FF8, 0x1FF8, 0x1FF8, 0x1FF8, 0x1FF8, 0x1FF8, 0x1FF8,
  0x1FF8, 0x1FF8, 0x1FF8, 0x1FF8, 0x1FF8, 0x1FF8, 0x1FF8, 0x1FF8,
  0x1FF8, 0x0000, 0xCD52, 0xCD52, 0xCD52, 0xCD52, 0x0E53, 0xE418,
  0xCD4A, 0xCD52, 0xCD52, 0xCD52, 0xCD52, 0xCD52, 0xCD52, 0xCD52,
  0xCD52, 0xCD52, 0xCD52, 0xCD52, 0xCD52, 0xCD52, 0xCD52, 0xCD52,
  0xCD52, 0xCD52, 0xCD52, 0xCD52, 0xCD52, 0xED52, 0x2621, 0x0E53,
  0x0000, 0x1FF8, 0x1FF8, 0x1FF8, 0x1FF8, 0x1FF8, 0x1FF8, 0x1FF8,
  0x1FF8, 0x1FF8, 0x1FF8, 0x1FF8, 0x1FF8, 0x1FF8, 0x1FF8, 0x1FF8,
  0x1FF8, 0x1FF8, 0x1FF8, 0x1FF8, 0x1FF8, 0x1FF8, 0x1FF8, 0x1FF8,
  0x1FF8, 0x1FF8, 0xCD4A, 0xCD52, 0xCD52, 0xCD52, 0xCD52, 0x6208,
  0xCD4A, 0xCD52, 0xCD52, 0xCD52, 0xCD52, 0xCD52, 0xCD52, 0xCD52,
  0xCD52, 0xCD52, 0xCD52, 0xCD52, 0xCD52, 0xCD52, 0xCD52, 0xCD52,
  0xCD52, 0xCD52, 0xCD52, 0xCD52, 0xCD52, 0xCD4A, 0x6208, 0xED52,
  0xCD52, 0xC418, 0x1FF8, 0x1FF8, 0x1FF8, 0x1FF8, 0x1FF8, 0x1FF8,
  0x1FF8, 0x1FF8, 0x1FF8, 0x1FF8, 0x1FF8, 0x1FF8, 0x1FF8, 0x1FF8,
  0x1FF8, 0x1FF8, 0x1FF8, 0x1FF8, 0x1FF8, 0x1FF8, 0x1FF8, 0x1FF8,
  0x1FF8, 0x1FF8, 0xC418, 0xCD4A, 0xCD52, 0xCD52, 0xCD52, 0xAC4A,
  0x6B42, 0xCD4A, 0xCD52, 0xCD52, 0xCD52, 0xCD52, 0xCD52, 0xCD52,
  0xCD52, 0xCD52, 0xCD52, 0xCD52, 0xCD52, 0xCD52, 0xCD52, 0xCD52,
  0xCD52, 0xCD52, 0xCD52, 0xCD52, 0xCD52, 0xCD52, 0x6B42, 0xED52,
  0xCD52, 0xCD52, 0x2621, 0x1FF8, 0x1FF8, 0x1FF8, 0x1FF8, 0x1FF8,
  0x1FF8, 0x1FF8, 0x1FF8, 0x1FF8, 0x1FF8, 0x1FF8, 0x1FF8, 0x1FF8,
  0x1FF8, 0x1FF8, 0x1FF8, 0x1FF8, 0x1FF8, 0x1FF8, 0x1FF8, 0x1FF8,
  0x1FF8, 0x1FF8, 0x0000, 0xCD52, 0xCD52, 0xCD52, 0xCD52, 0xED52,
  0x6208, 0xCD52, 0xCD52, 0xCD52, 0xCD52, 0xCD52, 0xCD52, 0xCD52,
  0xCD52, 0xCD52, 0xCD52, 0xCD52, 0xCD52, 0xCD52, 0xCD52, 0xCD52,
  0xCD52, 0xCD52, 0xCD52, 0xCD52, 0xCD52, 0xCD52, 0x0E53, 0xA729,
  0xCD52, 0xCD52, 0xCD52, 0x8729, 0x1FF8, 0x1FF8, 0x1FF8, 0x1FF8,
  0x1FF8, 0x1FF8, 0x1FF8, 0x1FF8, 0x1FF8, 0x1FF8, 0x1FF8, 0x1FF8,
  0x1FF8, 0x1FF8, 0x1FF8, 0x1FF8, 0x1FF8, 0x1FF8, 0x1FF8, 0x1FF8,
  0x1FF8, 0x1FF8, 0x1FF8, 0x6B42, 0xCD52, 0xCD52, 0xCD52, 0xCD52,
  0x6629, 0x0E53, 0xCD52, 0xCD52, 0xCD52, 0xCD52, 0xCD52, 0xCD52,
  0xCD52, 0xCD52, 0xCD52, 0xCD52, 0xCD52, 0xCD52, 0xCD52, 0xCD52,
  0xCD52, 0xCD52, 0xCD52, 0xCD52, 0xCD52, 0xCD52, 0xCD52, 0xC418,
  0xCD52, 0xCD52, 0xCD52, 0xAD4A, 0xE520, 0x1FF8, 0x1FF8, 0x1FF8,
  0x1FF8, 0x1FF8, 0x1FF8, 0x1FF8, 0x1FF8, 0x1FF8, 0x1FF8, 0x1FF8,
  0x1FF8, 0x1FF8, 0x1FF8, 0x1FF8, 0x1FF8, 0x1FF8, 0x1FF8, 0x1FF8,
  0x1FF8, 0x1FF8, 0x1FF8, 0xC418, 0xCD52, 0xCD52, 0xCD52, 0xCD52,
  0xAD4A, 0xA729, 0xCD52, 0xCD52, 0xCD52, 0xCD52, 0xCD52, 0xCD52,
  0xCD52, 0xCD52, 0xCD52, 0xCD52, 0xCD52, 0xCD52, 0xCD52, 0xCD52,
  0xCD52, 0xCD52, 0xCD52, 0xCD52, 0xCD52, 0xCD52, 0xCD4A, 0xED52,
  0xCD52, 0xCD52, 0xCD52, 0x0A42, 0xA839, 0xC418, 0x1FF8, 0x1FF8,
  0x1FF8, 0x1FF8, 0x1FF8, 0x1FF8, 0x1FF8, 0x1FF8, 0x1FF8, 0x1FF8,
  0x1FF8, 0x1FF8, 0x1FF8, 0x1FF8, 0x1FF8, 0x1FF8, 0x1FF8, 0x1FF8,
  0x1FF8, 0x1FF8, 0x1FF8, 0x0000, 0xED52, 0xCD52, 0xCD52, 0xCD52,
  0xCD4A, 0x2100, 0xCD52, 0xCD52, 0xCD52, 0xCD52, 0xCD52, 0xCD52,
  0xCD52, 0xCD52, 0xCD52, 0xCD52, 0xCD52, 0xCD52, 0xCD52, 0xCD52,
  0xCD52, 0xCD52, 0xCD52, 0xCD52, 0xCD52, 0xCD52, 0xCD52, 0xCD52,
  0xCD52, 0xCD52, 0xCD52, 0x8839, 0xA839, 0xA839, 0xC418, 0x1FF8,
  0x1FF8, 0x1FF8, 0x1FF8, 0x1FF8, 0x1FF8, 0x1FF8, 0x1FF8, 0x1FF8,
  0x1FF8, 0x1FF8, 0x1FF8, 0x1FF8, 0x1FF8, 0x1FF8, 0x1FF8, 0x1FF8,
  0x1FF8, 0x1FF8, 0x1FF8, 0x1FF8, 0x6B42, 0xCD52, 0xCD52, 0xCD52,
  0xCD4A, 0xA831, 0x2E5B, 0xCD52, 0xCD52, 0xCD52, 0xCD52, 0xCD52,
  0xCD52, 0xCD52, 0xCD52, 0xCD52, 0xCD52, 0xCD52, 0xCD52, 0xCD52,
  0xCD52, 0xCD52, 0xCD52, 0xCD52, 0xCD52, 0xCD52, 0xCD52, 0xCD52,
  0xCD52, 0xCD52, 0xED52, 0xA839, 0xA839, 0xA839, 0xA839, 0xC418,
  0x1FF8, 0x1FF8, 0x1FF8, 0x1FF8, 0x1FF8, 0x1FF8, 0x1FF8, 0x1FF8,
  0x1FF8, 0x1FF8, 0x1FF8, 0x1FF8, 0x1FF8, 0x1FF8, 0x1FF8, 0x1FF8,
  0x1FF8, 0x1FF8, 0x1FF8, 0x1FF8, 0xC318, 0xCD52, 0xCD52, 0xCD52,
  0xCD52, 0xED52, 0xE939, 0xCD4A, 0xCD52, 0xCD52, 0xCD52, 0xCD52,
  0xCD52, 0xCD52, 0xCD52, 0xCD52, 0xCD52, 0xCD52, 0xCD52, 0xCD52,
  0xCD52, 0xCD52, 0xCD52, 0xCD52, 0xCD52, 0xCD52, 0xCD52, 0xCD52,
  0xCD52, 0xCD52, 0xCD4A, 0x8839, 0xA839, 0xA839, 0xA839, 0xA839,
  0xE420, 0x1FF8, 0x1FF8, 0x1FF8, 0x1FF8, 0x1FF8, 0x1FF8, 0x1FF8,
  0x1FF8, 0x1FF8, 0x1FF8, 0x1FF8, 0x1FF8, 0x1FF8, 0x1FF8, 0x1FF8,
  0x1FF8, 0x1FF8, 0x1FF8, 0x1FF8, 0x0000, 0x0E53, 0xCD52, 0xCD52,
  0xCD52, 0xCD52, 0x2000, 0xCD52, 0xCD52, 0xCD52, 0xCD52, 0xCD52,
  0xCD52, 0xCD52, 0xCD52, 0xCD52, 0xCD52, 0xCD52, 0xCD52, 0xCD52,
  0xCD52, 0xCD52, 0xCD52, 0xCD52, 0xCD52, 0xCD52, 0xCD52, 0xCD52,
  0xCD52, 0xCD52, 0x6B4A, 0xA839, 0xA839, 0xA839, 0xA839, 0xA839,
  0xA839, 0xE418, 0x1FF8, 0x1FF8, 0x1FF8, 0x1FF8, 0x1FF8, 0x1FF8,
  0x1FF8, 0x1FF8, 0x1FF8, 0x1FF8, 0x1FF8, 0x1FF8, 0x1FF8, 0x1FF8,
  0x1FF8, 0x1FF8, 0x1FF8, 0x1FF8, 0x1FF8, 0x6B42, 0xCD4A, 0xCD52,
  0xCD52, 0xCD4A, 0x093A, 0xED52, 0xCD52, 0xCD52, 0xCD52, 0xCD52,
  0xCD52, 0xCD52, 0xCD52, 0xCD52, 0xCD52, 0xCD52, 0xCD52, 0xCD52,
  0xCD52, 0xCD52, 0xCD52, 0xCD52, 0xCD52, 0xCD52, 0xCD52, 0xCD52,
  0xCD52, 0xCD52, 0x0A42, 0xA839, 0xA839, 0xA839, 0xA839, 0xA839,
  0xA839, 0xA839, 0x8310, 0x1FF8, 0x1FF8, 0x1FF8, 0x1FF8, 0x1FF8,
  0x1FF8, 0x1FF8, 0x1FF8, 0x1FF8, 0x1FF8, 0x1FF8, 0x1FF8, 0x1FF8,
  0x1FF8, 0x1FF8, 0x1FF8, 0x1FF8, 0x1FF8, 0x6208, 0xCD52, 0xCD52,
  0xCD52, 0xCD52, 0x2E5B, 0xC931, 0xCD4A, 0xCD52, 0xCD52, 0xCD52,
  0xCD52, 0xCD52, 0xCD52, 0xCD52, 0xCD52, 0xCD52, 0xCD52, 0xCD52,
  0xCD52, 0xCD52, 0xCD52, 0xCD52, 0xCD52, 0xCD52, 0xCD52, 0xCD52,
  0xCD52, 0xCD52, 0xC939, 0xA839, 0xA839, 0xA839, 0xA839, 0xA839,
  0xA839, 0xA839, 0xA939, 0x4108, 0x1FF8, 0x1FF8, 0x1FF8, 0x1FF8,
  0x1FF8, 0x1FF8, 0x1FF8, 0x1FF8, 0x1FF8, 0x1FF8, 0x1FF8, 0x1FF8,
  0x1FF8, 0x1FF8, 0x1FF8, 0x1FF8, 0x1FF8, 0x0000, 0x0E53, 0xCD52,
  0xCD52, 0xCD52, 0xCD52, 0x4108, 0xCD4A, 0xCD52, 0xCD52, 0xCD52,
  0xCD52, 0xCD52, 0xCD52, 0xCD52, 0xCD52, 0xCD52, 0xCD52, 0xCD52,
  0xCD52, 0xCD52, 0xCD52, 0xCD52, 0xCD52, 0xCD52, 0xCD52, 0xCD52,
  0xCD52, 0xCD52, 0x8831, 0xA839, 0xA839, 0xA839, 0xA839, 0xA839,
  0xA839, 0xA839, 0xA839, 0xC939, 0x0000, 0x1FF8, 0x1FF8, 0x1FF8,
  0x1FF8, 0x1FF8, 0x1FF8, 0x1FF8, 0x1FF8, 0x1FF8, 0x1FF8, 0x1FF8,
  0x1FF8, 0x1FF8, 0x1FF8, 0x1FF8, 0x1FF8, 0x1FF8, 0x4A42, 0xCD52,
  0xCD52, 0xCD52, 0xCD52, 0x4621, 0xED52, 0xCD52, 0xCD52, 0xCD52,
  0xCD52, 0xCD52, 0xCD52, 0xCD52, 0xCD52, 0xCD52, 0xCD52, 0xCD52,
  0xCD52, 0xCD52, 0xCD52, 0xCD52, 0xCD52, 0xCD52, 0xCD52, 0xCD52,
  0xCD52, 0xED52, 0xA839, 0xA839, 0xA839, 0xA839, 0xA839, 0xA839,
  0xA839, 0xA839, 0xA839, 0xA839, 0xC939, 0x0000, 0x1FF8, 0x1FF8,
  0x1FF8, 0x1FF8, 0x1FF8, 0x1FF8, 0x1FF8, 0x1FF8, 0x1FF8, 0x1FF8,
  0x1FF8, 0x1FF8, 0x1FF8, 0x1FF8, 0x1FF8, 0x1FF8, 0x4108, 0xCD4A,
  0xCD52, 0xCD52, 0xCD52, 0x0E53, 0x093A, 0xCD4A, 0xCD52, 0xCD52,
  0xCD52, 0xCD52, 0xCD52, 0xCD52, 0xCD52, 0xCD52, 0xCD52, 0xCD52,
  0xCD52, 0xCD52, 0xCD52, 0xCD52, 0xCD52, 0xCD52, 0xCD52, 0xCD52,
  0xCD52, 0xAD4A, 0xA839, 0xA839, 0xA839, 0xA839, 0xA839, 0xA839,
  0xA839, 0xA839, 0xA839, 0xA839, 0xA839, 0x6731, 0x1FF8, 0x1FF8,
  0x1FF8, 0x1FF8, 0x1FF8, 0x1FF8, 0x1FF8, 0x1FF8, 0x1FF8, 0x1FF8,
  0x1FF8, 0x1FF8, 0x1FF8, 0x1FF8, 0x1FF8, 0x1FF8, 0x0000, 0xEE52,
  0xCD52, 0xCD52, 0xCD52, 0xED52, 0x2108, 0xCD52, 0xCD52, 0xCD52,
  0xCD52, 0xCD52, 0xCD52, 0xCD52, 0xCD52, 0xCD52, 0xCD52, 0xCD52,
  0xCD52, 0xCD52, 0xCD52, 0xCD52, 0xCD52, 0xCD52, 0xCD52, 0xCD52,
  0xCD52, 0x8C4A, 0xA839, 0xA839, 0xA839, 0xA839, 0xA839, 0xA839,
  0xA839, 0xA839, 0xA839, 0xA839, 0xA839, 0xA839, 0xA318, 0x1FF8,
  0x1FF8, 0x1FF8, 0x1FF8, 0x1FF8, 0x1FF8, 0x1FF8, 0x1FF8, 0x1FF8,
  0x1FF8, 0x1FF8, 0x1FF8, 0x1FF8, 0x1FF8, 0x1FF8, 0x1FF8, 0x6B42,
  0xCD4A, 0xCD52, 0xCD52, 0xCD4A, 0x8729, 0xCD4A, 0xCD52, 0xCD52,
  0xCD52, 0xCD52, 0xCD52, 0xCD52, 0xCD52, 0xCD52, 0xCD52, 0xCD52,
  0xCD52, 0xCD52, 0xCD52, 0xCD52, 0xCD52, 0xCD52, 0xCD52, 0xCD52,
  0xCD52, 0x8C4A, 0xA839, 0xA839, 0xA839, 0xA839, 0xA839, 0xA839,
  0xA839, 0xA839, 0xA839, 0xA839, 0xA839, 0xA839, 0xA939, 0x0000,
  0x1FF8, 0x1FF8, 0x1FF8, 0x1FF8, 0x1FF8, 0x1FF8, 0x1FF8, 0x1FF8,
  0x1FF8, 0x1FF8, 0x1FF8, 0x1FF8, 0x1FF8, 0x1FF8, 0x1FF8, 0x4108,
  0xCD52, 0xCD52, 0xCD52, 0xCD52, 0xCD52, 0x093A, 0xCD4A, 0xCD52,
  0xCD52, 0xCD52, 0xCD52, 0xCD52, 0xCD52, 0xCD52, 0xCD52, 0xCD52,
  0xCD52, 0xCD52, 0xCD52, 0xCD52, 0xCD52, 0xCD52, 0xCD52, 0xCD52,
  0xCD52, 0x6B4A, 0xA839, 0xA839, 0xA839, 0xA839, 0xA839, 0xA839,
  0xA839, 0xA839, 0xA839, 0xA839, 0xA839, 0xA839, 0xA839, 0xC941,
  0x1FF8, 0x1FF8, 0x1FF8, 0x1FF8, 0x1FF8, 0x1FF8, 0x1FF8, 0x1FF8,
  0x1FF8, 0x1FF8, 0x1FF8, 0x1FF8, 0x1FF8, 0x1FF8, 0x1FF8, 0x1FF8,
  0xCD4A, 0xCD52, 0xCD52, 0xCD52, 0x0E53, 0xA310, 0xCD52, 0xCD52,
  0xCD52, 0xCD52, 0xCD52, 0xCD52, 0xCD52, 0xCD52, 0xCD52, 0xCD52,
  0xCD52, 0xCD52, 0xCD52, 0xCD52, 0xCD52, 0xCD52, 0xCD52, 0xCD52,
  0xCD52, 0x6B4A, 0xA839, 0xA839, 0xA839, 0xA839, 0xA839, 0xA839,
  0xA839, 0xA839, 0xA839, 0xA839, 0xA839, 0xA839, 0xA839, 0xA839,
  0x6208, 0x1FF8, 0x1FF8, 0x1FF8, 0x1FF8, 0x1FF8, 0x1FF8, 0x1FF8,
  0x1FF8, 0x1FF8, 0x1FF8, 0x1FF8, 0x1FF8, 0x1FF8, 0x1FF8, 0x1FF8,
  0xA831, 0xCD4A, 0xCD52, 0xCD52, 0xCD52, 0x8210, 0xCD52, 0xCD52,
  0xCD52, 0xCD52, 0xCD52, 0xCD52, 0xCD52, 0xCD52, 0xCD52, 0xCD52,
  0xCD52, 0xCD52, 0xCD52, 0xCD52, 0xCD52, 0xCD52, 0xCD52, 0xCD52,
  0xCD52, 0x6C4A, 0xA839, 0xA839, 0xA839, 0xA839, 0xA839, 0xA839,
  0xA839, 0xA839, 0xA839, 0xA839, 0xA839, 0xA839, 0xA839, 0xA839,
  0x4729, 0x1FF8, 0x1FF8, 0x1FF8, 0x1FF8, 0x1FF8, 0x1FF8, 0x1FF8,
  0x1FF8, 0x1FF8, 0x1FF8, 0x1FF8, 0x1FF8, 0x1FF8, 0x1FF8, 0x1FF8,
  0x0000, 0xCD52, 0xCD52, 0xCD52, 0xCD52, 0x2A3A, 0xCD4A, 0xCD52,
  0xCD52, 0xCD52, 0xCD52, 0xCD52, 0xCD52, 0xCD52, 0xCD52, 0xCD52,
  0xCD52, 0xCD52, 0xCD52, 0xCD52, 0xCD52, 0xCD52, 0xCD52, 0xCD52,
  0xCD52, 0x4B42, 0xA839, 0xA839, 0xA839, 0xA839, 0xA839, 0xA839,
  0xA839, 0xA839, 0xA839, 0xA839, 0xA839, 0xA839, 0xA839, 0xA839,
  0xA839, 0x0000, 0x1FF8, 0x1FF8, 0x1FF8, 0x1FF8, 0x1FF8, 0x1FF8,
  0x1FF8, 0x1FF8, 0x1FF8, 0x1FF8, 0x1FF8, 0x1FF8, 0x1FF8, 0x1FF8,
  0x1FF8, 0xCD52, 0xCD52, 0xCD52, 0xCD52, 0x0E5B, 0xA831, 0xCD4A,
  0xCD52, 0xCD52, 0xCD52, 0xCD52, 0xCD52, 0xCD52, 0xCD52, 0xCD52,
  0xCD52, 0xCD52, 0xCD52, 0xCD52, 0xCD52, 0xCD52, 0xCD52, 0xCD52,
  0xCD52, 0x6C4A, 0xA839, 0xA839, 0xA839, 0xA839, 0xA839, 0xA839,
  0xA839, 0xA839, 0xA839, 0xA839, 0xA839, 0xA839, 0xA839, 0xA839,
  0xA839, 0xC418, 0x1FF8, 0x1FF8, 0x1FF8, 0x1FF8, 0x1FF8, 0x1FF8,
  0x1FF8, 0x1FF8, 0x1FF8, 0x1FF8, 0x1FF8, 0x1FF8, 0x1FF8, 0x1FF8,
  0x1FF8, 0xE931, 0xCD52, 0xCD52, 0xCD52, 0xED52, 0x2108, 0xCD4A,
  0xCD52, 0xCD52, 0xCD52, 0xCD52, 0xCD52, 0xCD52, 0xCD52, 0xCD52,
  0xCD52, 0xCD52, 0xCD52, 0xCD52, 0xCD52, 0xCD52, 0xCD52, 0xCD52,
  0xCD52, 0x4B42, 0xA839, 0xA839, 0xA839, 0xA839, 0xA839, 0xA839,
  0xA839, 0xA839, 0xA839, 0xA839, 0xA839, 0xA839, 0xA839, 0xA839,
  0xA839, 0xC939, 0x1FF8, 0x1FF8, 0x1FF8, 0x1FF8, 0x1FF8, 0x1FF8,
  0x1FF8, 0x1FF8, 0x1FF8, 0x1FF8, 0x1FF8, 0x1FF8, 0x1FF8, 0x1FF8,
  0x1FF8, 0x4108, 0xCD52, 0xCD52, 0xCD52, 0xCD4A, 0x6629, 0xED52,
  0xCD52, 0xCD52, 0xCD52, 0xCD52, 0xCD52, 0xCD52, 0xCD52, 0xCD52,
  0xCD52, 0xCD52, 0xCD52, 0xCD52, 0xCD52, 0xCD52, 0xCD52, 0xCD52,
  0xCD52, 0x6B4A, 0xA839, 0xA839, 0xA839, 0xA839, 0xA839, 0xA839,
  0xA839, 0xA839, 0xA839, 0xA839, 0xA839, 0xA839, 0xA839, 0xA839,
  0xA839, 0xA839, 0x0000, 0x1FF8, 0x1FF8, 0x1FF8, 0x1FF8, 0x1FF8,
  0x1FF8, 0x1FF8, 0x1FF8, 0x1FF8, 0x1FF8, 0x1FF8, 0x1FF8, 0x1FF8,
  0x1FF8, 0x0000, 0xED52, 0xCD52, 0xCD52, 0xCD52, 0xCD52, 0x8C4A,
  0xCD52, 0xCD52, 0xCD52, 0xCD52, 0xCD52, 0xCD52, 0xCD52, 0xCD52,
  0xCD52, 0xCD52, 0xCD52, 0xCD52, 0xCD52, 0xCD52, 0xCD52, 0xCD52,
  0xCD52, 0x4B42, 0xA839, 0xA839, 0xA839, 0xA839, 0xA839, 0xA839,
  0xC939, 0xA839, 0x4729, 0xA318, 0x8831, 0xA839, 0xA839, 0xA839,
  0xA839, 0xA839, 0xE420, 0x1FF8, 0x1FF8, 0x1FF8, 0x1FF8, 0x1FF8,
  0x1FF8, 0x1FF8, 0x1FF8, 0x1FF8, 0x1FF8, 0x1FF8, 0x1FF8, 0x1FF8,
  0x1FF8, 0x1FF8, 0x6B42, 0xCD52, 0xCD52, 0xCD52, 0x0E53, 0x4621,
  0xCD4A, 0xCD52, 0xCD52, 0xCD52, 0xCD52, 0xCD52, 0xCD52, 0xCD52,
  0xCD52, 0xCD52, 0xCD52, 0xCD52, 0xCD52, 0xCD52, 0xCD52, 0xCD4A,
  0xCD52, 0x4B42, 0xC939, 0x8831, 0xE520, 0x4108, 0x2000, 0x6210,
  0xA318, 0x0521, 0x8831, 0xC939, 0xA839, 0xA839, 0xA839, 0xA839,
  0xA839, 0xA839, 0xC941, 0x1FF8, 0x1FF8, 0x1FF8, 0x1FF8, 0x1FF8,
  0x1FF8, 0x1FF8, 0x1FF8, 0x1FF8, 0x1FF8, 0x1FF8, 0x1FF8, 0x1FF8,
  0x1FF8, 0x1FF8, 0x4621, 0xCD4A, 0xCD52, 0xCD52, 0xCD52, 0x4108,
  0xCD52, 0xCD52, 0xCD52, 0xCD52, 0xCD52, 0xCD52, 0xCD52, 0xCD52,
  0xCD52, 0xCD4A, 0xCD52, 0xCD52, 0x0E53, 0x0E53, 0x4B42, 0x0419,
  0x4108, 0x8310, 0x0521, 0xA839, 0xA839, 0xA839, 0xA839, 0xA839,
  0xA839, 0xA839, 0xA839, 0xA839, 0xA839, 0xA839, 0xA839, 0xA839,
  0xA839, 0xA839, 0xA939, 0x0000, 0x1FF8, 0x1FF8, 0x1FF8, 0x1FF8,
  0x1FF8, 0x1FF8, 0x1FF8, 0x1FF8, 0x1FF8, 0x1FF8, 0x1FF8, 0x1FF8,
  0x1FF8, 0x1FF8, 0x0000, 0xCD4A, 0xCD4A, 0xCD4A, 0xCD52, 0x0521,
  0x0E53, 0xCD4A, 0xED52, 0xCD52, 0x0E5B, 0xCD4A, 0xCD4A, 0xED52,
  0x2A3A, 0xE418, 0x4108, 0xA310, 0x8729, 0x2A3A, 0xAC4A, 0xED52,
  0xCD52, 0x0A42, 0xA839, 0xA839, 0xA839, 0xA839, 0xA839, 0xA839,
  0xA839, 0xA839, 0xA839, 0xA839, 0xA839, 0xA839, 0xA839, 0xA839,
  0xA839, 0xA839, 0xA839, 0x6210, 0x1FF8, 0x1FF8, 0x1FF8, 0x1FF8,
  0x1FF8, 0x1FF8, 0x1FF8, 0x1FF8, 0x1FF8, 0x1FF8, 0x1FF8, 0x1FF8,
  0x1FF8, 0x1FF8, 0x0000, 0xCD52, 0x8210, 0x8210, 0xA829, 0x8C4A,
  0xCD4A, 0x2A3A, 0xA310, 0x4621, 0xA831, 0xC831, 0x4B42, 0xAD4A,
  0xCD4A, 0xED52, 0xCD52, 0xCD52, 0xCD52, 0xCD52, 0xCD52, 0xCD52,
  0xCD52, 0x0A42, 0xA839, 0xA839, 0xA839, 0xA839, 0xA839, 0xA839,
  0xA839, 0xA839, 0xA839, 0xA839, 0xA839, 0xA839, 0xA839, 0xA839,
  0xA839, 0xA839, 0xA839, 0x6731, 0x1FF8, 0x1FF8, 0x1FF8, 0x1FF8,
  0x1FF8, 0x1FF8, 0x1FF8, 0x1FF8, 0x1FF8, 0x1FF8, 0x1FF8, 0x1FF8,
  0x1FF8, 0x1FF8, 0x2108, 0xED52, 0xED52, 0xED52, 0xCD4A, 0xC831,
  0xCD52, 0xCD52, 0xCD4A, 0xCD52, 0xCD52, 0xCD4A, 0xCD52, 0xCD52,
  0xCD52, 0xCD52, 0xCD52, 0xCD52, 0xCD52, 0xCD52, 0xCD52, 0xCD52,
  0xCD52, 0xC939, 0xA839, 0xA839, 0xA839, 0xA839, 0xA839, 0xA839,
  0xA839, 0xA839, 0xA839, 0xA839, 0xA839, 0xA839, 0xA839, 0xA839,
  0xA839, 0xA839, 0xA839, 0xC939, 0x1FF8, 0x1FF8, 0x1FF8, 0x1FF8,
  0x1FF8, 0x1FF8, 0x1FF8, 0x1FF8, 0x1FF8, 0x1FF8, 0x1FF8, 0x1FF8,
  0x1FF8, 0x1FF8, 0x4621, 0xCD52, 0xCD52, 0xCD52, 0xCD52, 0x6208,
  0xCD52, 0xCD52, 0xCD52, 0xCD52, 0xCD52, 0xCD52, 0xCD52, 0xCD52,
  0xCD52, 0xCD52, 0xCD52, 0xCD52, 0xCD52, 0xCD52, 0xCD52, 0xCD52,
  0xCD52, 0xC939, 0xA839, 0xA839, 0xA839, 0xA839, 0xA839, 0xA839,
  0xA839, 0xA839, 0xA839, 0xA839, 0xA839, 0xA839, 0xA839, 0xA839,
  0xA839, 0xA839, 0xA839, 0xA839, 0x0000, 0x1FF8, 0x1FF8, 0x1FF8,
  0x1FF8, 0x1FF8, 0x1FF8, 0x1FF8, 0x1FF8, 0x1FF8, 0x1FF8, 0x1FF8,
  0x1FF8, 0x1FF8, 0xAC4A, 0xCD52, 0xCD52, 0xCD52, 0xED52, 0xC418,
  0xCD52, 0xCD52, 0xCD52, 0xCD52, 0xCD52, 0xCD52, 0xCD52, 0xCD52,
  0xCD52, 0xCD52, 0xCD52, 0xCD52, 0xCD52, 0xCD52, 0xCD52, 0xCD52,
  0xCD52, 0xA839, 0xA839, 0xA839, 0xA839, 0xA839, 0xA839, 0xA839,
  0xA839, 0xA839, 0xA839, 0xA839, 0xA839, 0xA839, 0xA839, 0xA839,
  0xA839, 0xA839, 0xA839, 0xA839, 0x8310, 0x1FF8, 0x1FF8, 0x1FF8,
  0x1FF8, 0x1FF8, 0x1FF8, 0x1FF8, 0x1FF8, 0x1FF8, 0x1FF8, 0x1FF8,
  0x1FF8, 0x0000, 0xCD4A, 0xCD52, 0xCD52, 0xCD52, 0x6B42, 0x8C4A,
  0xCD52, 0xCD52, 0xCD52, 0xCD52, 0xCD52, 0xCD52, 0xCD52, 0xCD52,
  0xCD52, 0xCD52, 0xCD52, 0xCD52, 0xCD52, 0xCD52, 0xCD52, 0xCD52,
  0xCD52, 0xA939, 0xA839, 0xA839, 0xA839, 0xA839, 0xA839, 0xA839,
  0xA839, 0xA839, 0xA839, 0xA839, 0xA839, 0xA839, 0xA839, 0xA839,
  0xA839, 0xA839, 0xA839, 0xA839, 0x6731, 0x1FF8, 0x1FF8, 0x1FF8,
  0x1FF8, 0x1FF8, 0x1FF8, 0x1FF8, 0x1FF8, 0x1FF8, 0x1FF8, 0x1FF8,
  0x1FF8, 0x4108, 0xCD52, 0xCD52, 0xCD52, 0xCD52, 0x4621, 0x0E53,
  0xCD52, 0xCD52, 0xCD52, 0xCD52, 0xCD52, 0xCD52, 0xCD52, 0xCD52,
  0xCD52, 0xCD52, 0xCD52, 0xCD52, 0xCD52, 0xCD52, 0xCD52, 0xCD52,
  0xCD52, 0x8839, 0xA839, 0xA839, 0xA839, 0xA839, 0xA839, 0xA839,
  0xA839, 0xA839, 0xA839, 0xA839, 0xA839, 0xA839, 0xA839, 0xA839,
  0xA839, 0xA839, 0xA839, 0xA839, 0xA839, 0x1FF8, 0x1FF8, 0x1FF8,
  0x1FF8, 0x1FF8, 0x1FF8, 0x1FF8, 0x1FF8, 0x1FF8, 0x1FF8, 0x1FF8,
  0x1FF8, 0x093A, 0xCD52, 0xCD52, 0xCD52, 0xED52, 0xC418, 0xCD52,
  0xCD52, 0xCD52, 0xCD52, 0xCD52, 0xCD52, 0xCD52, 0xCD52, 0xCD52,
  0xCD52, 0xCD52, 0xCD52, 0xCD52, 0xCD52, 0xCD52, 0xCD52, 0xCD52,
  0xCD52, 0xA939, 0xA839, 0xA839, 0xA839, 0xA839, 0xA839, 0xA839,
  0xA839, 0xA839, 0xA839, 0xA839, 0xA839, 0xA839, 0xA839, 0xA839,
  0xA839, 0xA839, 0xA839, 0xA839, 0xA839, 0x0000, 0x1FF8, 0x1FF8,
  0x1FF8, 0x1FF8, 0x1FF8, 0x1FF8, 0x1FF8, 0x1FF8, 0x1FF8, 0x1FF8,
  0x0000, 0xED52, 0xCD52, 0xCD52, 0xCD52, 0x0E5B, 0x0A3A, 0xCD52,
  0xCD52, 0xCD52, 0xCD52, 0xCD52, 0xCD52, 0xCD52, 0xCD52, 0xCD52,
  0xCD52, 0xCD52, 0xCD52, 0xCD52, 0xCD52, 0xCD52, 0xCD52, 0xCD52,
  0xCD52, 0x6831, 0xA839, 0xA839, 0xA839, 0xA839, 0xA839, 0xA839,
  0xA839, 0xA839, 0xA839, 0xA839, 0xA839, 0xA839, 0xA839, 0xA839,
  0xA839, 0xA839, 0xA839, 0xA839, 0xA839, 0x4208, 0x1FF8, 0x1FF8,
  0x1FF8, 0x1FF8, 0x1FF8, 0x1FF8, 0x1FF8, 0x1FF8, 0x1FF8, 0x1FF8,
  0xA310, 0xCD52, 0xCD52, 0xCD52, 0xCD52, 0xA729, 0xAD4A, 0xCD52,
  0xCD52, 0xCD52, 0xCD52, 0xCD52, 0xCD52, 0xCD52, 0xCD52, 0xCD52,
  0xCD52, 0xCD52, 0xCD52, 0xCD52, 0xCD52, 0xCD52, 0xCD52, 0xCD52,
  0xED52, 0xA839, 0xA839, 0xA839, 0xA839, 0xA839, 0xA839, 0xA839,
  0xA839, 0xA839, 0xA839, 0xA839, 0xA839, 0xA839, 0xA839, 0xA839,
  0xA839, 0xA839, 0xA839, 0xA839, 0xA839, 0xE420, 0x1FF8, 0x1FF8,
  0x1FF8, 0x1FF8, 0x1FF8, 0x1FF8, 0x1FF8, 0x1FF8, 0x1FF8, 0x1FF8,
  0x6B42, 0xCD52, 0xCD52, 0xCD52, 0xED52, 0x6208, 0xCD52, 0xCD52,
  0xCD52, 0xCD52, 0xCD52, 0xCD52, 0xCD52, 0xCD52, 0xCD52, 0xCD52,
  0xCD52, 0xCD52, 0xCD52, 0xCD52, 0xCD52, 0xCD52, 0xCD52, 0xCD52,
  0xCD4A, 0x6831, 0xA839, 0xA839, 0xA839, 0xA839, 0xA839, 0xA839,
  0xA839, 0xA839, 0xA839, 0xA839, 0xA839, 0xA839, 0xA839, 0xA839,
  0xA839, 0xA839, 0xA839, 0xA839, 0xA839, 0x8831, 0x1FF8, 0x1FF8,
  0x1FF8, 0x1FF8, 0x1FF8, 0x1FF8, 0x1FF8, 0x1FF8, 0x1FF8, 0x0000,
  0x0E53, 0xCD52, 0xCD52, 0xCD52, 0x8C4A, 0xE931, 0xCD4A, 0xCD52,
  0xCD52, 0xCD52, 0xCD52, 0xCD52, 0xCD52, 0xCD52, 0xCD52, 0xCD52,
  0xCD52, 0xCD52, 0xCD52, 0xCD52, 0xCD52, 0xCD52, 0xCD52, 0xCD52,
  0xED52, 0xA839, 0xA839, 0xA839, 0xA839, 0xA839, 0xA839, 0xA839,
  0xA839, 0xA839, 0xA839, 0xA839, 0xA839, 0xA839, 0xA839, 0xA839,
  0xA839, 0xA839, 0xA839, 0xA839, 0xA839, 0xA839, 0x1FF8, 0x1FF8,
  0x1FF8, 0x1FF8, 0x1FF8, 0x1FF8, 0x1FF8, 0x1FF8, 0x1FF8, 0xC831,
  0xCD52, 0xCD52, 0xCD52, 0xED52, 0x0000, 0xED52, 0xCD52, 0xCD52,
  0xCD52, 0xCD52, 0xCD52, 0xCD52, 0xCD52, 0xCD52, 0xCD52, 0xCD52,
  0xCD52, 0xCD52, 0xCD52, 0xCD52, 0xCD52, 0xCD52, 0xCD52, 0xCD52,
  0xCD52, 0x8831, 0xA839, 0xA839, 0xA839, 0xA839, 0xA839, 0xA839,
  0xA839, 0xA839, 0xA839, 0xA839, 0xA839, 0xA839, 0xA839, 0xA839,
  0xA839, 0xA839, 0xA839, 0xA839, 0xA839, 0xC939, 0x0000, 0x1FF8,
  0x1FF8, 0x1FF8, 0x1FF8, 0x1FF8, 0x1FF8, 0x1FF8, 0x0000, 0xED52,
  0xCD52, 0xCD52, 0xCD4A, 0x4A42, 0xAC4A, 0xCD4A, 0xCD52, 0xCD52,
  0xCD52, 0xCD52, 0xCD52, 0xCD52, 0xCD52, 0xCD52, 0xCD52, 0xCD52,
  0xCD52, 0xCD52, 0xCD52, 0xCD52, 0xCD52, 0xCD52, 0xCD52, 0xCD52,
  0xED52, 0x8839, 0xA839, 0xA839, 0xA839, 0xA839, 0xA839, 0xA839,
  0xA839, 0xA839, 0xA839, 0xA839, 0xA839, 0xC939, 0x6731, 0x2629,
  0xE420, 0xA310, 0x4108, 0x0000, 0x0000, 0x1FF8, 0x1FF8, 0x1FF8,
  0x1FF8, 0x1FF8, 0x1FF8, 0x1FF8, 0x1FF8, 0x0000, 0xCD52, 0xCD4A,
  0xCD52, 0xCD52, 0xCD4A, 0x8210, 0xCD52, 0xCD52, 0xCD52, 0xCD52,
  0xCD52, 0xCD52, 0xCD52, 0xCD52, 0xCD52, 0xCD52, 0xCD52, 0xCD52,
  0xCD52, 0xCD52, 0xCD52, 0xCD52, 0xCD52, 0xCD52, 0xCD52, 0xCD52,
  0xED52, 0x8839, 0xA839, 0xA839, 0xA839, 0xA839, 0xA839, 0xA839,
  0xA839, 0x4731, 0xA318, 0x0000, 0x1FF8, 0x1FF8, 0x1FF8, 0x1FF8,
  0x1FF8, 0x1FF8, 0x1FF8, 0x1FF8, 0x1FF8, 0x1FF8, 0x1FF8, 0x1FF8,
  0x1FF8, 0x1FF8, 0x1FF8, 0x1FF8, 0x0000, 0x6B42, 0xCD52, 0xCD52,
  0xCD52, 0xCD52, 0xE418, 0xCD52, 0xCD52, 0xCD52, 0xCD52, 0xCD52,
  0xCD52, 0xCD52, 0xCD52, 0xCD52, 0xCD52, 0xCD52, 0xCD52, 0xCD52,
  0xCD52, 0xCD52, 0xCD52, 0xCD52, 0xCD52, 0xCD52, 0xCD52, 0xCD52,
  0xCD52, 0x8839, 0xA839, 0x8839, 0x8731, 0xE420, 0x6210, 0x0000,
  0x1FF8, 0x1FF8, 0x1FF8, 0x1FF8, 0x1FF8, 0x1FF8, 0x1FF8, 0x1FF8,
  0x1FF8, 0x1FF8, 0x1FF8, 0x1FF8, 0x1FF8, 0x1FF8, 0x1FF8, 0x1FF8,
  0x1FF8, 0x1FF8, 0x1FF8, 0x0000, 0xAC4A, 0xCD4A, 0xCD52, 0xCD52,
  0xCD4A, 0x2A3A, 0x2A3A, 0xCD52, 0xCD52, 0xCD52, 0xCD52, 0xCD52,
  0xCD52, 0xCD52, 0xCD52, 0xCD52, 0xCD52, 0xCD52, 0xCD52, 0xCD52,
  0xCD4A, 0xCD52, 0xCD52, 0xED52, 0xCD4A, 0xCD52, 0xAC4A, 0x8729,
  0xA310, 0x0000, 0x1FF8, 0x1FF8, 0x1FF8, 0x1FF8, 0x1FF8, 0x1FF8,
  0x1FF8, 0x1FF8, 0x1FF8, 0x1FF8, 0x1FF8, 0x1FF8, 0x1FF8, 0x1FF8,
  0x1FF8, 0x1FF8, 0x1FF8, 0x1FF8, 0x1FF8, 0x1FF8, 0x1FF8, 0x1FF8,
  0xCD4A, 0x4A42, 0xAC4A, 0xCD52, 0xCD52, 0xCD52, 0xCD4A, 0xCD52,
  0xE931, 0x8729, 0xCD52, 0xCD52, 0xCD52, 0xCD52, 0xCD52, 0xCD4A,
  0xCD4A, 0xCD52, 0xCD52, 0xCD52, 0xCD52, 0x0E5B, 0xCD52, 0x6B42,
  0x093A, 0x0521, 0x8210, 0x0000, 0x0000, 0x1FF8, 0x1FF8, 0x1FF8,
  0x1FF8, 0x1FF8, 0x1FF8, 0x1FF8, 0x1FF8, 0x1FF8, 0x1FF8, 0x1FF8,
  0x1FF8, 0x1FF8, 0x1FF8, 0x1FF8, 0x1FF8, 0x1FF8, 0x1FF8, 0x1FF8,
  0x1FF8, 0x1FF8, 0x1FF8, 0x1FF8, 0x1FF8, 0x1FF8, 0x1FF8, 0x1FF8,
  0x8729, 0xA310, 0x0521, 0xA829, 0x2A42, 0x2A3A, 0x4B42, 0x0000,
  0xCD4A, 0xCD4A, 0xED52, 0x0E53, 0x8C4A, 0xCD52, 0x6B42, 0xA729,
  0x2521, 0xA310, 0x6208, 0x0000, 0x0000, 0x1FF8, 0x1FF8, 0x1FF8,
  0x1FF8, 0x1FF8, 0x1FF8, 0x1FF8, 0x1FF8, 0x1FF8, 0x1FF8, 0x1FF8,
  0x1FF8, 0x1FF8, 0x1FF8, 0x1FF8, 0x1FF8, 0x1FF8, 0x1FF8, 0x1FF8,
  0x1FF8, 0x1FF8, 0x1FF8, 0x1FF8, 0x1FF8, 0x1FF8, 0x1FF8, 0x1FF8,
  0x1FF8, 0x1FF8, 0x1FF8, 0x1FF8, 0x1FF8, 0x1FF8, 0x1FF8, 0x1FF8,
  0x1FF8, 0x1FF8, 0x1FF8, 0x1FF8, 0x1FF8, 0x1FF8, 0x1FF8, 0x1FF8,
  0x1FF8, 0x1FF8, 0x1FF8, 0x1FF8, 0x1FF8, 0x1FF8, 0x1FF8, 0x1FF8,
  0x1FF8, 0x1FF8, 0x1FF8, 0x1FF8, 0x1FF8, 0x1FF8, 0x1FF8, 0x1FF8,
  0x1FF8, 0x1FF8, 0x1FF8, 0x1FF8, 0x1FF8, 0x1FF8, 0x1FF8, 0x1FF8,
  0x1FF8, 0x1FF8, 0x1FF8, 0x1FF8, 0x1FF8, 0x1FF8, 0x1FF8, 0x1FF8,
  0x1FF8, 0x1FF8, 0x1FF8, 0x1FF8, 0x1FF8, 0x1FF8, 0x1FF8, 0x1FF8,
  0x1FF8, 0x1FF8, 0x1FF8, 0x1FF8, 0x1FF8, 0x1FF8, 0x1FF8, 0x1FF8,
};
static const shapoco::gfx2d::Texture tex_l_pants_f = {
  shapoco::gfx2d::PixelFormat::RGB565_SWAPPED, 56, 78, 112, tex_l_pants_fData,
};

alignas(4) static const uint16_t tex_ropeData[] = {
  0x1FF8, 0x1FF8, 0x1FF8, 0x1FF8, 0x1FF8, 0x1FF8, 0x1FF8, 0x1FF8,
  0x1FF8, 0x1FF8, 0x1FF8, 0x1FF8, 0x1FF8, 0x1FF8, 0x1FF8, 0x1FF8,
  0x1FF8, 0x1FF8, 0x1FF8, 0x1FF8, 0x1FF8, 0x1FF8, 0x1FF8, 0x1FF8,
  0x1FF8, 0x1FF8, 0x1FF8, 0x1FF8, 0x1FF8, 0x1FF8, 0x1FF8, 0x1FF8,
  0x1FF8, 0x1FF8, 0x1FF8, 0x0000, 0x7ACE, 0x35A5, 0x4D63, 0xE839,
  0x2521, 0x0000, 0x0000, 0x0000, 0x1FF8, 0x1FF8, 0x1FF8, 0x1FF8,
  0x1FF8, 0x1FF8, 0x1FF8, 0x1FF8, 0x1FF8, 0x1FF8, 0x1FF8, 0x1FF8,
  0x1FF8, 0x1FF8, 0x1FF8, 0x1FF8, 0x1FF8, 0x1FF8, 0x1FF8, 0x1FF8,
  0x1FF8, 0x1FF8, 0x1FF8, 0x1FF8, 0x4108, 0xCB52, 0x3DDF, 0xFCD6,
  0xDBD6, 0xDCD6, 0xDCD6, 0xDBD6, 0x5EE7, 0x3DDF, 0x39C6, 0xC739,
  0x1FF8, 0x1FF8, 0x1FF8, 0x1FF8, 0x1FF8, 0x1FF8, 0x1FF8, 0x1FF8,
  0x1FF8, 0x1FF8, 0x1FF8, 0x1FF8, 0x1FF8, 0x1FF8, 0x1FF8, 0x1FF8,
  0x1FF8, 0x1FF8, 0x1FF8, 0x1FF8, 0x1FF8, 0x0421, 0xC831, 0xC731,
  0xC731, 0xFCDE, 0xDBD6, 0xDBD6, 0xDBD6, 0xDBD6, 0xDBD6, 0xDBD6,
  0x6210, 0x1FF8, 0x1FF8, 0x1FF8, 0x1FF8, 0x1FF8, 0x1FF8, 0x1FF8,
  0x1FF8, 0x1FF8, 0x1FF8, 0x1FF8, 0x1FF8, 0x1FF8, 0x1FF8, 0x1FF8,
  0x1FF8, 0x1FF8, 0x1FF8, 0x1FF8, 0x1FF8, 0x1FF8, 0x8731, 0xE418,
  0xC731, 0xC831, 0xC731, 0x5284, 0xFCDE, 0xDBD6, 0xDBD6, 0xDBD6,
  0x1CDF, 0x6108, 0x1FF8, 0x1FF8, 0x1FF8, 0x1FF8, 0x1FF8, 0x1FF8,
  0x1FF8, 0x1FF8, 0x1FF8, 0x1FF8, 0x1FF8, 0x1FF8, 0x1FF8, 0x1FF8,
  0x1FF8, 0x1FF8, 0x1FF8, 0x1FF8, 0x1FF8, 0x1FF8, 0x1FF8, 0x6629,
  0x6629, 0xC831, 0xC831, 0xC831, 0xC831, 0xE839, 0x1CDF, 0xDBD6,
  0xDBD6, 0x5EE7, 0x1FF8, 0x1FF8, 0x1FF8, 0x1FF8, 0x1FF8, 0x1FF8,
  0x1FF8, 0x1FF8, 0x1FF8, 0x1FF8, 0x1FF8, 0x1FF8, 0x1FF8, 0x1FF8,
  0x1FF8, 0x1FF8, 0x1FF8, 0x1FF8, 0x1FF8, 0x1FF8, 0x1FF8, 0x0000,
  0x0421, 0xA731, 0xC831, 0xC831, 0xC831, 0xC831, 0xC831, 0x8629,
  0xD7B5, 0xDBD6, 0x9BCE, 0x1FF8, 0x1FF8, 0x1FF8, 0x1FF8, 0x1FF8,
  0x1FF8, 0x1FF8, 0x1FF8, 0x1FF8, 0x1FF8, 0x1FF8, 0x1FF8, 0x1FF8,
  0x1FF8, 0x1FF8, 0x1FF8, 0x1FF8, 0x1FF8, 0x1FF8, 0x1FF8, 0x1FF8,
  0x0000, 0xA318, 0xC731, 0xC831, 0xC831, 0xC831, 0xC831, 0xC831,
  0xC831, 0xA731, 0x8E6B, 0xB7B5, 0x1FF8, 0x1FF8, 0x1FF8, 0x1FF8,
  0x1FF8, 0x1FF8, 0x1FF8, 0x1FF8, 0x1FF8, 0x1FF8, 0x1FF8, 0x1FF8,
  0x1FF8, 0x1FF8, 0x1FF8, 0x1FF8, 0x1FF8, 0x1FF8, 0x1FF8, 0x1FF8,
  0x1FF8, 0x2100, 0x6210, 0xC839, 0xC831, 0xC831, 0xC831, 0xC831,
  0xC831, 0xC831, 0xC831, 0xC731, 0x4629, 0x1FF8, 0x1FF8, 0x1FF8,
  0x1FF8, 0x1FF8, 0x1FF8, 0x1FF8, 0x1FF8, 0x1FF8, 0x1FF8, 0x1FF8,
  0x1FF8, 0x1FF8, 0x1FF8, 0x1FF8, 0x1FF8, 0x1FF8, 0x1FF8, 0x1FF8,
  0x1FF8, 0x1FF8, 0x6210, 0x6208, 0xE839, 0xC831, 0xC831, 0xC831,
  0xC831, 0xC831, 0xC831, 0xC831, 0xC831, 0xE418, 0x1FF8, 0x1FF8,
  0x1FF8, 0x1FF8, 0x1FF8, 0x1FF8, 0x1FF8, 0x1FF8, 0x1FF8, 0x1FF8,
  0x1FF8, 0x1FF8, 0x1FF8, 0x1FF8, 0x1FF8, 0x1FF8, 0x1FF8, 0x1FF8,
  0x1FF8, 0x1FF8, 0x1FF8, 0x8210, 0x2108, 0xC831, 0xC831, 0xC831,
  0xC831, 0xC831, 0xC831, 0xC831, 0xC831, 0xC831, 0x6210, 0x1FF8,
  0x1FF8, 0x1FF8, 0x1FF8, 0x1FF8, 0x1FF8, 0x1FF8, 0x1FF8, 0x1FF8,
  0x1FF8, 0x1FF8, 0x1FF8, 0x1FF8, 0x1FF8, 0x1FF8, 0x1FF8, 0x1FF8,
  0x1FF8, 0x1FF8, 0x1FF8, 0x1FF8, 0xC318, 0x0000, 0xC731, 0xC831,
  0xC831, 0xC831, 0xC831, 0xC831, 0xC831, 0xC831, 0xC831, 0x0000,
  0x1FF8, 0x1FF8, 0x1FF8, 0x1FF8, 0x1FF8, 0x1FF8, 0x1FF8, 0x1FF8,
  0x1FF8, 0x1FF8, 0x1FF8, 0x1FF8, 0x1FF8, 0x1FF8, 0x1FF8, 0x1FF8,
  0x1FF8, 0x1FF8, 0x1FF8, 0x1FF8, 0x1FF8, 0xC418, 0x4108, 0xC831,
  0xC831, 0xC831, 0xC831, 0xC831, 0xC831, 0xC731, 0x8629, 0x6108,
  0x0000, 0x1FF8, 0x1FF8, 0x1FF8, 0x1FF8, 0x1FF8, 0x1FF8, 0x1FF8,
  0x1FF8, 0x1FF8, 0x1FF8, 0x1FF8, 0x1FF8, 0x1FF8, 0x1FF8, 0x1FF8,
  0x1FF8, 0x1FF8, 0x1FF8, 0x1FF8, 0x1FF8, 0x1FF8, 0xE420, 0x8210,
  0xC831, 0xC831, 0xC831, 0xC831, 0xC831, 0xC831, 0xC731, 0xA310,
  0xE839, 0x1FF8, 0x1FF8, 0x1FF8, 0x1FF8, 0x1FF8, 0x1FF8, 0x1FF8,
  0x1FF8, 0x1FF8, 0x1FF8, 0x1FF8, 0x1FF8, 0x1FF8, 0x1FF8, 0x1FF8,
  0x1FF8, 0x1FF8, 0x1FF8, 0x1FF8, 0x1FF8, 0x1FF8, 0x1FF8, 0xE418,
  0x8210, 0xC831, 0xC831, 0xC831, 0xC831, 0xC831, 0xC831, 0xC731,
  0x4108, 0x0421, 0x1FF8, 0x1FF8, 0x1FF8, 0x1FF8, 0x1FF8, 0x1FF8,
  0x1FF8, 0x1FF8, 0x1FF8, 0x1FF8, 0x1FF8, 0x1FF8, 0x1FF8, 0x1FF8,
  0x1FF8, 0x1FF8, 0x1FF8, 0x1FF8, 0x1FF8, 0x1FF8, 0x1FF8, 0x1FF8,
  0xE418, 0xA310, 0xC731, 0xC831, 0xC831, 0xC831, 0xC831, 0xC831,
  0xC839, 0x4108, 0xA310, 0x1FF8, 0x1FF8, 0x1FF8, 0x1FF8, 0x1FF8,
  0x1FF8, 0x1FF8, 0x1FF8, 0x1FF8, 0x1FF8, 0x1FF8, 0x1FF8, 0x1FF8,
  0x1FF8, 0x1FF8, 0x1FF8, 0x1FF8, 0x1FF8, 0x1FF8, 0x1FF8, 0x1FF8,
  0x1FF8, 0x0421, 0x0421, 0xC831, 0xC831, 0xC831, 0xC831, 0xC831,
  0xC831, 0xC839, 0x6108, 0x6208, 0x1FF8, 0x1FF8, 0x1FF8, 0x1FF8,
  0x1FF8, 0x1FF8, 0x1FF8, 0x1FF8, 0x1FF8, 0x1FF8, 0x1FF8, 0x1FF8,
  0x1FF8, 0x1FF8, 0x1FF8, 0x1FF8, 0x1FF8, 0x1FF8, 0x1FF8, 0x1FF8,
  0x1FF8, 0x1FF8, 0xEC62, 0x4529, 0xC831, 0xC831, 0xC831, 0xC831,
  0xC831, 0xC831, 0xC731, 0x8210, 0x2108, 0x1FF8, 0x1FF8, 0x1FF8,
  0x1FF8, 0x1FF8, 0x1FF8, 0x1FF8, 0x1FF8, 0x1FF8, 0x1FF8, 0x1FF8,
  0x1FF8, 0x1FF8, 0x1FF8, 0x1FF8, 0x1FF8, 0x1FF8, 0x1FF8, 0x1FF8,
  0x1FF8, 0x1FF8, 0x1FF8, 0xAE73, 0xCC5A, 0xC731, 0xC831, 0xC831,
  0xC831, 0xC831, 0xC831, 0xE839, 0xC318, 0x2000, 0x1FF8, 0x1FF8,
  0x1FF8, 0x1FF8, 0x1FF8, 0x1FF8, 0x1FF8, 0x1FF8, 0x1FF8, 0x1FF8,
  0x1FF8, 0x1FF8, 0x1FF8, 0x1FF8, 0x1FF8, 0x1FF8, 0x1FF8, 0x1FF8,
  0x1FF8, 0x1FF8, 0x1FF8, 0x1FF8, 0x3084, 0xB394, 0x56A5, 0xA731,
  0xC831, 0xC831, 0xC831, 0xC831, 0xC839, 0xE418, 0x2000, 0x1FF8,
  0x1FF8, 0x1FF8, 0x1FF8, 0x1FF8, 0x1FF8, 0x1FF8, 0x1FF8, 0x1FF8,
  0x1FF8, 0x1FF8, 0x1FF8, 0x1FF8, 0x1FF8, 0x1FF8, 0x1FF8, 0x1FF8,
  0x1FF8, 0x1FF8, 0x1FF8, 0x1FF8, 0x1FF8, 0x8E73, 0xCF73, 0xDBD6,
  0xB7B5, 0x6629, 0xC831, 0xC831, 0xC831, 0x8731, 0xC318, 0x0000,
  0x1FF8, 0x1FF8, 0x1FF8, 0x1FF8, 0x1FF8, 0x1FF8, 0x1FF8, 0x1FF8,
  0x1FF8, 0x1FF8, 0x1FF8, 0x1FF8, 0x1FF8, 0x1FF8, 0x1FF8, 0x1FF8,
  0x1FF8, 0x1FF8, 0x1FF8, 0x1FF8, 0x1FF8, 0x1FF8, 0x3084, 0xD394,
  0xDBD6, 0xDBD6, 0x7AC6, 0x4521, 0xC831, 0xC831, 0xC839, 0x0421,
  0x0000, 0x1FF8, 0x1FF8, 0x1FF8, 0x1FF8, 0x1FF8, 0x1FF8, 0x1FF8,
  0x1FF8, 0x1FF8, 0x1FF8, 0x1FF8, 0x1FF8, 0x1FF8, 0x1FF8, 0x1FF8,
  0x1FF8, 0x1FF8, 0x1FF8, 0x1FF8, 0x1FF8, 0x1FF8, 0x1FF8, 0xEF7B,
  0xB7B5, 0xDBD6, 0xDBD6, 0xDBD6, 0xFCDE, 0x4621, 0xC831, 0xA731,
  0x0421, 0x0000, 0x1FF8, 0x1FF8, 0x1FF8, 0x1FF8, 0x1FF8, 0x1FF8,
  0x1FF8, 0x1FF8, 0x1FF8, 0x1FF8, 0x1FF8, 0x1FF8, 0x1FF8, 0x1FF8,
  0x1FF8, 0x1FF8, 0x1FF8, 0x1FF8, 0x1FF8, 0x1FF8, 0x1FF8, 0x1FF8,
  0xAE73, 0x35A5, 0xDBD6, 0xDBD6, 0xDBD6, 0xDBD6, 0xFCD6, 0xA731,
  0x4629, 0xE418, 0x0000, 0x1FF8, 0x1FF8, 0x1FF8, 0x1FF8, 0x1FF8,
  0x1FF8, 0x1FF8, 0x1FF8, 0x1FF8, 0x1FF8, 0x1FF8, 0x1FF8, 0x1FF8,
  0x1FF8, 0x0000, 0x0000, 0x0000, 0x4108, 0x6208, 0xA318, 0x1FF8,
  0x1FF8, 0x8E73, 0x7AC6, 0xDBD6, 0xDBD6, 0xDBD6, 0xDBD6, 0xDBD6,
  0xF8BD, 0x8731, 0x0421, 0x0000, 0x1FF8, 0x1FF8, 0x1FF8, 0x1FF8,
  0x1FF8, 0x1FF8, 0x1FF8, 0x1FF8, 0x1FF8, 0x1FF8, 0x4108, 0x6108,
  0xA310, 0xE418, 0xE418, 0xE418, 0xE418, 0xE418, 0xE418, 0xAA52,
  0x1FF8, 0x1FF8, 0x8E73, 0xF8BD, 0xDBD6, 0xDBD6, 0xDBD6, 0xDBD6,
  0xDBD6, 0xDBD6, 0xB394, 0x0421, 0x1FF8, 0x1FF8, 0x1FF8, 0x1FF8,
  0x1FF8, 0x1FF8, 0x1FF8, 0x1FF8, 0x1FF8, 0x1FF8, 0x1FF8, 0xE418,
  0xE418, 0xE418, 0xE418, 0xE418, 0xE418, 0xE418, 0xE418, 0xC418,
  0xCB5A, 0x1FF8, 0x1FF8, 0x8E73, 0x96AD, 0xDBD6, 0xDBD6, 0xDBD6,
  0xDBD6, 0xDBD6, 0xDBD6, 0x5184, 0xA731, 0x1FF8, 0x1FF8, 0x1FF8,
  0x1FF8, 0x1FF8, 0x1FF8, 0x1FF8, 0x1FF8, 0x1FF8, 0x1FF8, 0x1FF8,
  0x0421, 0xE418, 0xE418, 0xE418, 0xE418, 0xE418, 0xE418, 0xE418,
  0xC318, 0x6D6B, 0x1FF8, 0x1FF8, 0xCF7B, 0xD7B5, 0xDBD6, 0xDBD6,
  0xDBD6, 0xDBD6, 0xDBD6, 0xDBD6, 0x56A5, 0x3084, 0x0000, 0x1FF8,
  0x1FF8, 0x1FF8, 0x1FF8, 0x1FF8, 0x1FF8, 0x1FF8, 0x1FF8, 0x1FF8,
  0x1FF8, 0xE418, 0xE418, 0xE418, 0xE418, 0xE418, 0xE418, 0xE418,
  0xE418, 0xE418, 0x2C63, 0x1FF8, 0x1FF8, 0xAE73, 0x928C, 0xDBD6,
  0xDBD6, 0xDBD6, 0xDBD6, 0xDBD6, 0xDBD6, 0x5184, 0xAE73, 0x0000,
  0x1FF8, 0x1FF8, 0x1FF8, 0x1FF8, 0x1FF8, 0x1FF8, 0x1FF8, 0x1FF8,
  0x1FF8, 0x0000, 0xE418, 0xE418, 0xE418, 0xE418, 0xE418, 0xE418,
  0xE418, 0xE418, 0xC418, 0x6D6B, 0x1FF8, 0x1FF8, 0xAB52, 0x5184,
  0xDBD6, 0xDBD6, 0xDBD6, 0xDBD6, 0xDBD6, 0xDBD6, 0xF8BD, 0x1084,
  0x0000, 0x1FF8, 0x1FF8, 0x1FF8, 0x1FF8, 0x1FF8, 0x1FF8, 0x1FF8,
  0x1FF8, 0x1FF8, 0x0000, 0x0421, 0xE418, 0xE418, 0xE418, 0xE418,
  0xE418, 0xE418, 0xE418, 0x8310, 0xCB5A, 0x1FF8, 0x1FF8, 0x4D6B,
  0xAB52, 0xDBD6, 0xDBD6, 0xDBD6, 0xDBD6, 0xDBD6, 0xDBD6, 0x56A5,
  0xCF7B, 0x0000, 0x1FF8, 0x1FF8, 0x1FF8, 0x1FF8, 0x1FF8, 0x1FF8,
  0x1FF8, 0x1FF8, 0x1FF8, 0x0000, 0xE418, 0xE418, 0xE418, 0xE418,
  0xE418, 0xE418, 0xE418, 0xE418, 0x2521, 0xAA52, 0x1FF8, 0x1FF8,
  0x0C63, 0x0008, 0x1CDF, 0xDBD6, 0xDBD6, 0xDBD6, 0xDBD6, 0xDBD6,
  0x39C6, 0xAE73, 0x0000, 0x1FF8, 0x1FF8, 0x1FF8, 0x1FF8, 0x1FF8,
  0x1FF8, 0x1FF8, 0x1FF8, 0x1FF8, 0x0000, 0xE418, 0xE418, 0xE418,
  0xE418, 0xE418, 0xE418, 0xE418, 0xE418, 0xE418, 0x694A, 0x1FF8,
  0x1FF8, 0x8A52, 0x6228, 0x4220, 0xBBD6, 0xDBD6, 0xDBD6, 0xDBD6,
  0xDBD6, 0x5AC6, 0x1084, 0x4108, 0x1FF8, 0x1FF8, 0x1FF8, 0x1FF8,
  0x1FF8, 0x1FF8, 0x1FF8, 0x1FF8, 0x1FF8, 0x0000, 0xE418, 0xE418,
  0xE418, 0xE418, 0xE418, 0xE418, 0xE418, 0xE418, 0x0421, 0xE841,
  0x1FF8, 0x1FF8, 0xC739, 0xC430, 0xCDCA, 0x6521, 0xFCDE, 0xDBD6,
  0xDBD6, 0xDBD6, 0x96AD, 0x8E73, 0x6210, 0x1FF8, 0x1FF8, 0x1FF8,
  0x1FF8, 0x1FF8, 0x1FF8, 0x1FF8, 0x1FF8, 0x1FF8, 0x0000, 0xE418,
  0xE418, 0xE418, 0xE418, 0xE418, 0xE418, 0xE418, 0xE418, 0xA731,
  0xC318, 0x1FF8, 0x1FF8, 0x8631, 0xA210, 0xCDCA, 0xCDCA, 0x2D63,
  0xFCD6, 0xDBD6, 0xDBD6, 0x5DE7, 0x1084, 0xE318, 0x1FF8, 0x1FF8,
  0x1FF8, 0x1FF8, 0x1FF8, 0x1FF8, 0x1FF8, 0x1FF8, 0x1FF8, 0x2108,
  0xE418, 0xE418, 0xE418, 0xE418, 0xE418, 0xE418, 0xE418, 0xE418,
  0x8A52, 0x0000, 0x1FF8, 0x1FF8, 0x6210, 0x0842, 0x8769, 0xACC2,
  0x4AAA, 0x8E6B, 0xDCD6, 0xDBD6, 0x7AC6, 0xCB5A, 0x8210, 0x1FF8,
  0x1FF8, 0x1FF8, 0x1FF8, 0x1FF8, 0x1FF8, 0x1FF8, 0x1FF8, 0x1FF8,
  0xA310, 0xE418, 0xE418, 0xE418, 0xE418, 0xE418, 0xE418, 0xE418,
  0xE418, 0xAE73, 0x0000, 0x1FF8, 0x1FF8, 0x8210, 0x694A, 0x9ACE,
  0x6671, 0xACC2, 0x4BAA, 0x2D63, 0xDBD6, 0x7EE7, 0x0C63, 0x2529,
  0x1FF8, 0x1FF8, 0x1FF8, 0x1FF8, 0x1FF8, 0x1FF8, 0x1FF8, 0x1FF8,
  0x1FF8, 0xC418, 0xE418, 0xE418, 0xE418, 0xE418, 0xE418, 0xE418,
  0xE418, 0xE418, 0x0F7C, 0x0000, 0x1FF8, 0x1FF8, 0x0000, 0x4D6B,
  0xE422, 0xF8BD, 0xA781, 0xACC2, 0x8CBA, 0x6942, 0xDCD6, 0x6631,
  0xC739, 0x1FF8, 0x1FF8, 0x1FF8, 0x1FF8, 0x1FF8, 0x1FF8, 0x1FF8,
  0x1FF8, 0x1FF8, 0xE420, 0xE418, 0xE418, 0xE418, 0xE418, 0xE418,
  0xE418, 0xE418, 0x8310, 0x8E73, 0x1FF8, 0x1FF8, 0x1FF8, 0x1FF8,
  0xAE73, 0x6955, 0x6633, 0x19BE, 0xC440, 0xCDCA, 0xCDCA, 0x0419,
  0xA731, 0xCB5A, 0x1FF8, 0x1FF8, 0x1FF8, 0x1FF8, 0x1FF8, 0x1FF8,
  0x1FF8, 0x1FF8, 0x0000, 0xE420, 0xE418, 0xE418, 0xE418, 0xE418,
  0xE418, 0xE418, 0xE418, 0x0421, 0x8A52, 0x1FF8, 0x1FF8, 0x1FF8,
  0x1FF8, 0x2D6B, 0xA211, 0x4B66, 0xC73B, 0xDCDE, 0x6218, 0xEDDA,
  0xCDD2, 0x4110, 0x1084, 0x1FF8, 0x1FF8, 0x1FF8, 0x1FF8, 0x1FF8,
  0x1FF8, 0x1FF8, 0x1FF8, 0x0000, 0xE418, 0xE418, 0xE418, 0xE418,
  0xE418, 0xE418, 0xE418, 0xE418, 0x494A, 0x2421, 0x1FF8, 0x1FF8,
  0x1FF8, 0x1FF8, 0xEB62, 0xEC5A, 0x6109, 0x8B66, 0xC844, 0xF5A4,
  0x0419, 0x0EDB, 0xA889, 0x8E73, 0x0000, 0x1FF8, 0x1FF8, 0x1FF8,
  0x1FF8, 0x1FF8, 0x1FF8, 0x1FF8, 0x8210, 0xE418, 0xE418, 0xE418,
  0xE418, 0xE418, 0xE418, 0xE418, 0xE418, 0x2D6B, 0x0000, 0x1FF8,
  0x1FF8, 0x1FF8, 0x1FF8, 0x0842, 0x8310, 0x9294, 0xA108, 0xAB66,
  0x8B66, 0x8631, 0xF073, 0x2A9A, 0x6D6B, 0x8210, 0x1FF8, 0x1FF8,
  0x1FF8, 0x1FF8, 0x1FF8, 0x1FF8, 0x1FF8, 0xE418, 0xE418, 0xE418,
  0xE418, 0xE418, 0xE418, 0xE418, 0xE418, 0xC318, 0xAE73, 0x0000,
  0x1FF8, 0x1FF8, 0x1FF8, 0x1FF8, 0x8210, 0x0842, 0xDA5B, 0xCB5A,
  0x8731, 0x6B66, 0x4B66, 0x231A, 0x19BE, 0x2842, 0x0842, 0x1FF8,
  0x1FF8, 0x1FF8, 0x1FF8, 0x1FF8, 0x1FF8, 0x0000, 0xE420, 0xE418,
  0xE418, 0xE418, 0xE418, 0xE418, 0xE418, 0xE418, 0x0421, 0x1084,
  0x1FF8, 0x1FF8, 0x1FF8, 0x1FF8, 0x1FF8, 0x2108, 0xEF7B, 0xD342,
  0xFB63, 0x6629, 0xD394, 0x252B, 0x4B5E, 0xC955, 0x6210, 0x2C63,
  0x1FF8, 0x1FF8, 0x1FF8, 0x1FF8, 0x1FF8, 0x1FF8, 0x0000, 0xE418,
  0xE418, 0xE418, 0xE418, 0xE418, 0xE418, 0xE418, 0xE418, 0xC739,
  0xCF7B, 0x1FF8, 0x1FF8, 0x1FF8, 0x1FF8, 0x1FF8, 0x6108, 0xEF7B,
  0x694A, 0xB242, 0xFA5B, 0xA608, 0x3DDF, 0x0521, 0x0A5E, 0x842A,
  0x8E73, 0x1FF8, 0x1FF8, 0x1FF8, 0x1FF8, 0x1FF8, 0x1FF8, 0x8210,
  0xE418, 0xE418, 0xE418, 0xE418, 0xE418, 0xE418, 0xE418, 0xE418,
  0x2D6B, 0x8A52, 0x1FF8, 0x1FF8, 0x1FF8, 0x1FF8, 0x1FF8, 0x1FF8,
  0xAA52, 0x6529, 0xDBD6, 0x8929, 0xFB63, 0x154B, 0x0D5B, 0xFCDE,
  0xA210, 0xEF7B, 0x6210, 0x1FF8, 0x1FF8, 0x1FF8, 0x1FF8, 0x1FF8,
  0xE418, 0xE418, 0xE418, 0xE418, 0xE418, 0xE418, 0xE418, 0xE418,
  0xE418, 0xEF7B, 0xC318, 0x1FF8, 0x1FF8, 0x1FF8, 0x1FF8, 0x1FF8,
  0x1FF8, 0x6210, 0x0842, 0xBBCE, 0x3DDF, 0x0742, 0xFA5B, 0x1B64,
  0xED29, 0x55AD, 0xCB5A, 0x8631, 0x1FF8, 0x1FF8, 0x1FF8, 0x1FF8,
  0x0000, 0xE418, 0xE418, 0xE418, 0xE418, 0xE418, 0xE418, 0xE418,
  0xE418, 0x0421, 0xCF7B, 0x0000, 0x1FF8, 0x1FF8, 0x1FF8, 0x1FF8,
  0x1FF8, 0x1FF8, 0x0000, 0xCF7B, 0xB7B5, 0xDBD6, 0xDBD6, 0xB7B5,
  0x4919, 0xFA5B, 0xD95B, 0x8210, 0xAE73, 0x1FF8, 0x1FF8, 0x1FF8,
  0x1FF8, 0x0000, 0xE418, 0xE418, 0xE418, 0xE418, 0xE418, 0xE418,
  0xE418, 0xE418, 0xC739, 0x8E73, 0x1FF8, 0x1FF8, 0x1FF8, 0x1FF8,
  0x1FF8, 0x1FF8, 0x1FF8, 0x0000, 0x6D6B, 0x0842, 0xDBD6, 0xDBD6,
  0xDBD6, 0x3DDF, 0x2C63, 0x713A, 0x503A, 0xAE73, 0x0000, 0x1FF8,
  0x1FF8, 0x1FF8, 0xC318, 0xE418, 0xE418, 0xE418, 0xE418, 0xE418,
  0xE418, 0xE418, 0xE418, 0x8E73, 0x8A52, 0x1FF8, 0x1FF8, 0x1FF8,
  0x1FF8, 0x1FF8, 0x1FF8, 0x1FF8, 0x1FF8, 0x8631, 0x494A, 0x9FEF,
  0xDBD6, 0xDBD6, 0xDBD6, 0xDBD6, 0x1CDF, 0xA631, 0xC739, 0x8631,
  0x1FF8, 0x1FF8, 0x0000, 0x0421, 0xE418, 0xE418, 0xE418, 0xE418,
  0xE418, 0xE418, 0xE418, 0xE418, 0xCF7B, 0x6210, 0x1FF8, 0x1FF8,
  0x1FF8, 0x1FF8, 0x1FF8, 0x1FF8, 0x1FF8, 0x1FF8, 0x2000, 0x1084,
  0xF07B, 0xDBD6, 0xDBD6, 0xDBD6, 0xDBD6, 0xDBD6, 0xDCD6, 0x2521,
  0x2D6B, 0x1FF8, 0x1FF8, 0x4108, 0xE418, 0xE418, 0xE418, 0xE418,
  0xE418, 0xE418, 0xE418, 0xE418, 0x2421, 0xAE73, 0x0000, 0x1FF8,
  0x1FF8, 0x1FF8, 0x1FF8, 0x1FF8, 0x1FF8, 0x1FF8, 0x1FF8, 0x1FF8,
  0x4D6B, 0x6629, 0x1CDF, 0xDBD6, 0xDBD6, 0xDBD6, 0xDBD6, 0xDBD6,
  0x97AD, 0x2D6B, 0x2000, 0x1FF8, 0xE418, 0xE418, 0xE418, 0xE418,
  0xE418, 0xE418, 0xE418, 0xE418, 0xE418, 0x2842, 0x4D6B, 0x1FF8,
  0x1FF8, 0x1FF8, 0x1FF8, 0x1FF8, 0x1FF8, 0x1FF8, 0x1FF8, 0x1FF8,
  0x1FF8, 0xE420, 0x0C63, 0x3DDF, 0xDBD6, 0xDBD6, 0xDBD6, 0xDBD6,
  0xDBD6, 0x1DDF, 0x2529, 0xEB5A, 0x6208, 0xE418, 0xE418, 0xE418,
  0xE418, 0xE418, 0xE418, 0xE418, 0xE418, 0xE418, 0xEF7B, 0x6529,
  0x1FF8, 0x1FF8, 0x1FF8, 0x1FF8, 0x1FF8, 0x1FF8, 0x1FF8, 0x1FF8,
  0x1FF8, 0x1FF8, 0x0000, 0xAE73, 0x0842, 0xDBD6, 0xDBD6, 0xDBD6,
  0xDBD6, 0xDBD6, 0xDBD6, 0x928C, 0x6D6B, 0x8210, 0xE418, 0xE418,
  0xE418, 0xE418, 0xE418, 0xE418, 0xE418, 0xE418, 0xE418, 0xEF7B,
  0x0000, 0x1FF8, 0x1FF8, 0x1FF8, 0x1FF8, 0x1FF8, 0x1FF8, 0x1FF8,
  0x1FF8, 0x1FF8, 0x1FF8, 0x1FF8, 0x2842, 0xC739, 0x9FEF, 0xDBD6,
  0xDBD6, 0xDBD6, 0xDBD6, 0xDBD6, 0xDCD6, 0xE318, 0x1084, 0x2000,
  0xE418, 0xE418, 0xE418, 0xE418, 0xE418, 0xE418, 0xE418, 0xA739,
  0x6D6B, 0x1FF8, 0x1FF8, 0x1FF8, 0x1FF8, 0x1FF8, 0x1FF8, 0x1FF8,
  0x1FF8, 0x1FF8, 0x1FF8, 0x1FF8, 0x1FF8, 0x0000, 0xEF7B, 0x0842,
  0xDBD6, 0xDBD6, 0xDBD6, 0xDBD6, 0xDBD6, 0xDBD6, 0xF8B5, 0xAE73,
  0xCB5A, 0xC318, 0xE418, 0xE418, 0xE418, 0xE418, 0xE418, 0xE418,
  0x8E73, 0xA318, 0x1FF8, 0x1FF8, 0x1FF8, 0x1FF8, 0x1FF8, 0x1FF8,
  0x1FF8, 0x1FF8, 0x1FF8, 0x1FF8, 0x1FF8, 0x1FF8, 0x1FF8, 0x8A52,
  0x4D6B, 0xD8B5, 0xDBD6, 0xDBD6, 0xDBD6, 0xDBD6, 0xDBD6, 0xDBD6,
  0x4D63, 0x8E73, 0xE739, 0xC318, 0xE418, 0xE418, 0xE418, 0xE418,
  0xC318, 0xCF7B, 0x1FF8, 0x1FF8, 0x1FF8, 0x1FF8, 0x1FF8, 0x1FF8,
  0x1FF8, 0x1FF8, 0x1FF8, 0x1FF8, 0x1FF8, 0x1FF8, 0x1FF8, 0x1FF8,
  0x2100, 0xEF7B, 0x6210, 0x7EE7, 0xDBD6, 0xDBD6, 0xDBD6, 0xDBD6,
  0xDBD6, 0xDBD6, 0xE839, 0xCF7B, 0x8631, 0xA310, 0xE418, 0xE418,
  0xE418, 0x694A, 0x8631, 0x1FF8, 0x1FF8, 0x1FF8, 0x1FF8, 0x1FF8,
  0x1FF8, 0x1FF8, 0x1FF8, 0x1FF8, 0x1FF8, 0x1FF8, 0x1FF8, 0x1FF8,
  0x1FF8, 0x1FF8, 0x6529, 0xAE73, 0x2942, 0xDBD6, 0xDBD6, 0xDBD6,
  0xDBD6, 0xDBD6, 0xDBD6, 0x3DDF, 0xE318, 0xCF7B, 0xEB5A, 0x2108,
  0xE418, 0xE418, 0x1084, 0x1FF8, 0x1FF8, 0x1FF8, 0x1FF8, 0x1FF8,
  0x1FF8, 0x1FF8, 0x1FF8, 0x1FF8, 0x1FF8, 0x1FF8, 0x1FF8, 0x1FF8,
  0x1FF8, 0x1FF8, 0x1FF8, 0x1FF8, 0xC739, 0x2C63, 0xAB52, 0xDBD6,
  0xDBD6, 0xDBD6, 0xDBD6, 0xDBD6, 0xDBD6, 0x5EE7, 0x2521, 0xEF7B,
  0xEF7B, 0x694A, 0xAE73, 0x4108, 0x1FF8, 0x1FF8, 0x1FF8, 0x1FF8,
  0x1FF8, 0x1FF8, 0x1FF8, 0x1FF8, 0x1FF8, 0x1FF8, 0x1FF8, 0x1FF8,
  0x1FF8, 0x1FF8, 0x1FF8, 0x1FF8, 0x1FF8, 0x1FF8, 0x2942, 0xAE73,
  0xA210, 0xDBD6, 0xBBD6, 0xDCD6, 0xFCD6, 0x3DDF, 0xDBD6, 0xDFF7,
  0xF494, 0x2421, 0xCB5A, 0x6108, 0x1FF8, 0x1FF8, 0x1FF8, 0x1FF8,
  0x1FF8, 0x1FF8, 0x1FF8, 0x1FF8, 0x1FF8, 0x1FF8, 0x1FF8, 0x1FF8,
  0x1FF8, 0x1FF8, 0x1FF8, 0x1FF8, 0x1FF8, 0x1FF8, 0x1FF8, 0x1FF8,
  0x0000, 0x0421, 0x4108, 0x4108, 0x0421, 0x0000, 0x6108, 0x0000,
  0x1FF8, 0x1FF8, 0x1FF8, 0x1FF8, 0x1FF8, 0x1FF8, 0x1FF8, 0x1FF8,
  0x1FF8, 0x1FF8, 0x1FF8, 0x1FF8, 0x1FF8, 0x1FF8, 0x1FF8, 0x1FF8,
  0x1FF8, 0x1FF8, 0x1FF8, 0x1FF8, 0x1FF8, 0x1FF8, 0x1FF8, 0x1FF8,
  0x1FF8, 0x1FF8, 0x1FF8, 0x1FF8, 0x1FF8, 0x1FF8, 0x1FF8, 0x1FF8,
  0x1FF8, 0x1FF8, 0x1FF8, 0x1FF8, 0x1FF8, 0x1FF8, 0x1FF8, 0x1FF8,
  0x1FF8, 0x1FF8, 0x1FF8, 0x1FF8, 0x1FF8, 0x1FF8, 0x1FF8,
};
static const shapoco::gfx2d::Texture tex_rope = {
  shapoco::gfx2d::PixelFormat::RGB565_SWAPPED, 33, 63, 66, tex_ropeData,
};

alignas(4) static const uint16_t tex_hair_back_bData[] = {
  0x0000, 0x0000, 0x0000, 0x0000, 0x0000, 0x0000, 0x0000, 0x0000,
  0x0000, 0x0000, 0x0000, 0x0000, 0x0000, 0x0000, 0x0000, 0x0000,
  0x0000, 0x0000, 0x0000, 0x0000, 0x0000, 0x0000, 0x0000, 0x0000,
  0x0000, 0x0000, 0x0000, 0x0000, 0x0000, 0x0000, 0x0000, 0x0000,
  0x0000, 0x0000, 0x0000, 0x0000, 0x0000, 0x0000, 0x0000, 0x0000,
  0x0000, 0xB000, 0x7000, 0x0000, 0x0000, 0x0000, 0x0000, 0x0000,
  0x0000, 0x0000, 0x0000, 0x0000, 0x0000, 0x0000, 0x0000, 0x0000,
  0x0000, 0x0000, 0x0000, 0x0000, 0x0000, 0x0000, 0x0000, 0x0000,
  0x0000, 0x5000, 0xFCA7, 0xB000, 0x0000, 0x0000, 0x0000, 0x0000,
  0x0000, 0x0000, 0x0000, 0x0000, 0x0000, 0x0000, 0x0000, 0x0000,
  0x0000, 0x0000, 0x0000, 0x0000, 0x0000, 0x0000, 0x0000, 0x0000,
  0x0000, 0x2000, 0xFA96, 0xFEC8, 0xF654, 0x0000, 0x0000, 0x0000,
  0x0000, 0x0000, 0x0000, 0x0000, 0x0000, 0x0000, 0x0000, 0x0000,
  0x0000, 0x0000, 0x0000, 0x0000, 0x0000, 0x0000, 0x0000, 0x0000,
  0x0000, 0x1000, 0xF764, 0xFEC8, 0xFEC8, 0xFFD9, 0x8000, 0x0000,
  0x0000, 0x0000, 0x0000, 0x0000, 0x0000, 0x0000, 0x0000, 0x0000,
  0x0000, 0x0000, 0x0000, 0x0000, 0x0000, 0x0000, 0x0000, 0x0000,
  0x0000, 0x0000, 0xF543, 0xFEC8, 0xFEC8, 0xFEC8, 0xFEC8, 0xF653,
  0x0000, 0x0000, 0x0000, 0x0000, 0x0000, 0x0000, 0x0000, 0x0000,
  0x0000, 0x0000, 0x0000, 0x0000, 0x0000, 0x0000, 0x0000, 0x0000,
  0x0000, 0x0000, 0xF221, 0xFEC8, 0xFEC8, 0xFEC8, 0xFEC8, 0xFEC8,
  0xFDB8, 0x7000, 0x0000, 0x0000, 0x0000, 0x0000, 0x0000, 0x0000,
  0x0000, 0x0000, 0x0000, 0x0000, 0x0000, 0x0000, 0x0000, 0x0000,
  0x0000, 0x0000, 0xC000, 0xFFD9, 0xFEC8, 0xFEC8, 0xFEC8, 0xFEC8,
  0xFEC8, 0xFEC8, 0xF432, 0x0000, 0x0000, 0x0000, 0x0000, 0x0000,
  0x0000, 0x0000, 0x0000, 0x0000, 0x0000, 0x0000, 0x0000, 0x0000,
  0x0000, 0x0000, 0x5000, 0xFEC8, 0xFEC8, 0xFEC8, 0xFEC8, 0xFEC8,
  0xFEC8, 0xFEC8, 0xFEC8, 0xFEC8, 0x3000, 0x0000, 0x0000, 0x0000,
  0x0000, 0x0000, 0x0000, 0x0000, 0x0000, 0x0000, 0x0000, 0x0000,
  0x0000, 0x0000, 0x0000, 0xF875, 0xFEC8, 0xFEC8, 0xFEC8, 0xFEC8,
  0xFEC8, 0xFEC8, 0xFEC8, 0xFEC8, 0xFEC8, 0xD000, 0x0000, 0x0000,
  0x0000, 0x0000, 0x0000, 0x0000, 0x0000, 0x0000, 0x0000, 0x0000,
  0x0000, 0x0000, 0x0000, 0xE000, 0xFEC8, 0xFEC8, 0xFEC8, 0xFEC8,
  0xFEC8, 0xFEC8, 0xFEC8, 0xFEC8, 0xFEC8, 0xFEC8, 0xFA96, 0x3000,
  0x0000, 0x0000, 0x0000, 0x0000, 0x0000, 0x0000, 0x0000, 0x0000,
  0x0000, 0x0000, 0x0000, 0x6000, 0xFFD9, 0xFEC8, 0xFEC8, 0xFEC8,
  0xFEC8, 0xFEC8, 0xFEC8, 0xFEC8, 0xFEC8, 0xFEC8, 0xFEC8, 0xFFD9,
  0xE111, 0x0000, 0x0000, 0x0000, 0x0000, 0x0000, 0x0000, 0x0000,
  0x0000, 0x0000, 0x0000, 0x0000, 0xF654, 0xFEC8, 0xFEC8, 0xFEC8,
  0xFEC8, 0xFEC8, 0xFEC8, 0xFEC8, 0xFEC8, 0xFEC8, 0xFEC8, 0xFEC8,
  0xFEC8, 0xF985, 0x0000, 0x0000, 0x0000, 0x0000, 0x0000, 0x0000,
  0x0000, 0x0000, 0x0000, 0x0000, 0xC000, 0xFEC8, 0xFEC8, 0xFEC8,
  0xFEC8, 0xFEC8, 0xFEC8, 0xFEC8, 0xFEC8, 0xFEC8, 0xFEC8, 0xFEC8,
  0xFEC8, 0xFEC8, 0xFEB8, 0xA000, 0x0000, 0x0000, 0x0000, 0x0000,
  0x0000, 0x0000, 0x0000, 0x0000, 0x0000, 0xFA96, 0xFEC8, 0xFEC8,
  0xFEC8, 0xFEC8, 0xFEC8, 0xFEC8, 0xFEC8, 0xFEC8, 0xFEC8, 0xFEC8,
  0xFEC8, 0xFEC8, 0xFEC8, 0xFEC8, 0xF764, 0x0000, 0x0000, 0x0000,
  0x0000, 0x0000, 0x0000, 0x0000, 0x0000, 0xE000, 0xFEC8, 0xFEC8,
  0xFEC8, 0xFEC8, 0xFEC8, 0xFEC8, 0xFEC8, 0xFEC8, 0xFEC8, 0xFEC8,
  0xFEC8, 0xFEC8, 0xFEC8, 0xFEC8, 0xFEC8, 0xFFD9, 0xA100, 0x0000,
  0x0000, 0x0000, 0x0000, 0x0000, 0x0000, 0x3000, 0xFEB8, 0xFEC8,
  0xFEC8, 0xFEC8, 0xFEC8, 0xFEC8, 0xFEC8, 0xFEC8, 0xFEC8, 0xFDB8,
  0xFEC8, 0xFEC8, 0xFEC8, 0xFEC8, 0xFEC8, 0xFEC8, 0xFFD9, 0x3000,
  0x0000, 0x0000, 0x0000, 0x0000, 0x0000, 0x0000, 0xF000, 0xFEC8,
  0xFEC8, 0xFEC8, 0xFEC8, 0xFEC8, 0xFEC8, 0xFEC8, 0xFEC8, 0xFDB8,
  0xFEC8, 0xFEC8, 0xFEC8, 0xFEC8, 0xFEC8, 0xFEC8, 0xFEC8, 0xFDB8,
  0x0000, 0x0000, 0x0000, 0x0000, 0x0000, 0x0000, 0x1000, 0xFBA7,
  0xFEC8, 0xFEC8, 0xFEC8, 0xFEC8, 0xFEC8, 0xFEC8, 0xFEC8, 0xFEC8,
  0xF322, 0xFEC8, 0xFEC8, 0xFEC8, 0xFEC8, 0xFEC8, 0xFEC8, 0xFEC8,
  0xF443, 0x0000, 0x0000, 0x0000, 0x0000, 0x0000, 0x0000, 0x9000,
  0xFFC9, 0xFEC8, 0xFEC8, 0xFEC8, 0xFEC8, 0xFEC8, 0xFEC8, 0xFEC8,
  0xF432, 0xFFC9, 0xFC86, 0xFC76, 0xFEB8, 0xFEC8, 0xFEC8, 0xFEC8,
  0xFEC8, 0xE000, 0x0000, 0x0000, 0x0000, 0x0000, 0x0000, 0x0000,
  0xF322, 0xFEC8, 0xFEC8, 0xFEC8, 0xFEC8, 0xFEC8, 0xFEC8, 0xFEC8,
  0xFDB8, 0xF744, 0xFB65, 0xFB66, 0xFB66, 0xFB65, 0xFB65, 0xFDA7,
  0xFEC8, 0xFEC8, 0x8000, 0x0000, 0x0000, 0x0000, 0x0000, 0x0000,
  0x0000, 0xFCA7, 0xFEC8, 0xFEC8, 0xFEC8, 0xFEC8, 0xFEC8, 0xFC97,
  0xFB65, 0xF211, 0xFC76, 0xFB66, 0xFB66, 0xFB66, 0xFB66, 0xFB66,
  0xFB66, 0xFB65, 0xFDA7, 0x2000, 0x0000, 0x0000, 0x0000, 0x0000,
  0x0000, 0x7000, 0xFFC9, 0xFEC8, 0xFEC8, 0xFDB8, 0xFB76, 0xFB65,
  0xFB65, 0xFB76, 0xF111, 0xFB65, 0xFB66, 0xFB66, 0xFB66, 0xFB66,
  0xFB66, 0xFB66, 0xFB66, 0xFB65, 0x1000, 0x0000, 0x0000, 0x0000,
  0x0000, 0x0000, 0xF322, 0xFEC8, 0xFEC8, 0xFB76, 0xFB65, 0xFB66,
  0xFB66, 0xFB65, 0xF854, 0xF854, 0xFB65, 0xFB66, 0xFB66, 0xFB66,
  0xFB66, 0xFB66, 0xFB66, 0xFB66, 0xFB65, 0x2000, 0x0000, 0x0000,
  0x0000, 0x0000, 0x0000, 0xFB96, 0xFEC8, 0xFC97, 0xFB66, 0xFB66,
  0xFB66, 0xFB66, 0xFB65, 0xF000, 0xFB65, 0xFB66, 0xFB66, 0xFB66,
  0xFB66, 0xFB66, 0xFB66, 0xFB66, 0xFB66, 0xFA65, 0x2000, 0x0000,
  0x0000, 0x0000, 0x0000, 0x4000, 0xFEC8, 0xFEC8, 0xFB65, 0xFB66,
  0xFB66, 0xFB66, 0xFB66, 0xFB76, 0xA000, 0xFC76, 0xFB66, 0xFB66,
  0xFB66, 0xFB66, 0xFB65, 0xFB66, 0xFB66, 0xFB66, 0xF955, 0x1000,
  0x0000, 0x0000, 0x0000, 0x0000, 0xC000, 0xFEC8, 0xFEC8, 0xFB65,
  0xFB66, 0xFB66, 0xFB66, 0xFB66, 0xFA65, 0x7000, 0xFC76, 0xFB66,
  0xFB65, 0xFB66, 0xFB66, 0xFA65, 0xFC76, 0xFB66, 0xFB65, 0xF854,
  0x1000, 0x0000, 0x0000, 0x0000, 0x0000, 0xF221, 0xFEC8, 0xFEC8,
  0xFB65, 0xFB66, 0xFB66, 0xFB66, 0xFB66, 0xF633, 0x9000, 0xFB76,
  0xFB66, 0xFB66, 0xF743, 0xFB66, 0xF744, 0xFB76, 0xFB66, 0xFB65,
  0xF643, 0x0000, 0x0000, 0x0000, 0x0000, 0x0000, 0xF764, 0xFEC8,
  0xFDB8, 0xFB66, 0xFB66, 0xFB66, 0xFB66, 0xFB65, 0xE100, 0xA000,
  0xFB66, 0xFB66, 0xFB65, 0xF211, 0xFB66, 0xF532, 0xFB76, 0xFB66,
  0xFB65, 0xF422, 0x0000, 0x0000, 0x0000, 0x0000, 0x0000, 0xFB97,
  0xFEC8, 0xF322, 0xFB66, 0xFB66, 0xFB66, 0xFB66, 0xFB66, 0xC000,
  0x9000, 0xFB66, 0xFB66, 0xFB66, 0xF633, 0xFC76, 0xF432, 0xFB66,
  0xFB66, 0xFB66, 0xF100, 0x0000, 0x0000, 0x0000, 0x0000, 0x0000,
  0xFDB8, 0xFEC8, 0xF211, 0xFB66, 0xFB66, 0xFB66, 0xFB66, 0xFB76,
  0x9000, 0x4000, 0xFC76, 0xFB66, 0xFB66, 0xF743, 0xFB65, 0xF854,
  0xFB76, 0xFB66, 0xFB76, 0xC000, 0x0000, 0x0000, 0x0000, 0x0000,
  0x1000, 0xFEC8, 0xFA86, 0xD321, 0xFB65, 0xFB66, 0xFB66, 0xFB66,
  0xFB76, 0x6000, 0x0000, 0xFA55, 0xFB66, 0xFB66, 0xF955, 0xF633,
  0xFC76, 0xFA65, 0xFB66, 0xFB76, 0x9000, 0x0000, 0x0000, 0x0000,
  0x0000, 0x1000, 0xFFD9, 0xF322, 0xD211, 0xFB65, 0xFB66, 0xFB66,
  0xFB66, 0xFB66, 0x3000, 0x0000, 0xF322, 0xFB66, 0xFB66, 0xFB65,
  0xE000, 0xFB65, 0xF321, 0xFB66, 0xFB76, 0x7000, 0x0000, 0x0000,
  0x0000, 0x0000, 0x2000, 0xFFD9, 0xC000, 0xE100, 0xFB65, 0xFB66,
  0xFB66, 0xFB66, 0xFB76, 0x3000, 0x0000, 0x6000, 0xFA65, 0xFB66,
  0xFC76, 0x9110, 0xF954, 0xF743, 0xFB65, 0xFB65, 0x7000, 0x0000,
  0x0000, 0x0000, 0x0000, 0x5000, 0xFFD9, 0x6000, 0xE100, 0xFB76,
  0xFB66, 0xFB66, 0xFB66, 0xFC76, 0x3000, 0x0000, 0x0000, 0xE211,
  0xFB66, 0xFB66, 0xF321, 0xA111, 0xFD87, 0xF643, 0xFB65, 0x7000,
  0x0000, 0x0000, 0x0000, 0x0000, 0x5000, 0xFFD9, 0x2000, 0x8000,
  0xFC76, 0xFB66, 0xFB66, 0xFB66, 0xFC76, 0x4000, 0x0000, 0x0000,
  0x3000, 0xF955, 0xFB65, 0xFB65, 0x3000, 0xF422, 0xF743, 0xFD76,
  0x7000, 0x0000, 0x0000, 0x0000, 0x0000, 0x4000, 0xFDB8, 0x0000,
  0x3000, 0xF955, 0xFB66, 0xFB66, 0xFB66, 0xFB76, 0x8000, 0x0000,
  0x0000, 0x0000, 0xA000, 0xFA65, 0xFB66, 0xF422, 0x0000, 0xF432,
  0xF532, 0xD311, 0x0000, 0x0000, 0x0000, 0x0000, 0x4000, 0xFA96,
  0x0000, 0x0000, 0xF422, 0xFB66, 0xFB66, 0xFB66, 0xFB66, 0xB000,
  0x0000, 0x0000, 0x0000, 0x0000, 0xD000, 0xFC76, 0xFC76, 0xB100,
  0x0000, 0xD000, 0xF633, 0x0000, 0x0000, 0x0000, 0x0000, 0x6000,
  0xFA96, 0x0000, 0x0000, 0x9000, 0xFC76, 0xFB66, 0xFB66, 0xFB66,
  0xF311, 0x0000, 0x0000, 0x0000, 0x0000, 0x0000, 0xD000, 0xFB65,
  0xFA65, 0x5000, 0x0000, 0x2000, 0xE100, 0x0000, 0x0000, 0x0000,
  0x0000, 0xF764, 0x1000, 0x0000, 0x0000, 0xF643, 0xFB65, 0xFB66,
  0xFB66, 0xF743, 0x1000, 0x0000, 0x0000, 0x0000, 0x0000, 0x0000,
  0x7000, 0xF743, 0xF744, 0x3000, 0x0000, 0x0000, 0x0000, 0x0000,
  0x0000, 0x0000, 0xD221, 0x7000, 0x0000, 0x0000, 0x9000, 0xFB65,
  0xFB66, 0xFB66, 0xFC76, 0x5000, 0x0000, 0x0000, 0x0000, 0x0000,
  0x0000, 0x0000, 0x0000, 0xD000, 0xF633, 0xA000, 0x0000, 0x0000,
  0x0000, 0x0000, 0x0000, 0x0000, 0xE221, 0x0000, 0x0000, 0x0000,
  0xD000, 0xFC76, 0xFB66, 0xFB66, 0xE000, 0x0000, 0x0000, 0x0000,
  0x0000, 0x0000, 0x0000, 0x0000, 0x0000, 0x0000, 0x0000, 0x2000,
  0x0000, 0x0000, 0x0000, 0x0000, 0x0000, 0xE332, 0x0000, 0x0000,
  0x0000, 0x0000, 0xF111, 0xFC76, 0xFB65, 0xFA65, 0x5000, 0x0000,
  0x0000, 0x0000, 0x0000, 0x0000, 0x0000, 0x0000, 0x0000, 0x0000,
  0x0000, 0x0000, 0x0000, 0x0000, 0x0000, 0x0000, 0x3000, 0xC321,
  0x0000, 0x0000, 0x0000, 0x0000, 0xA000, 0xF954, 0xFB76, 0xF532,
  0x0000, 0x0000, 0x0000, 0x0000, 0x0000, 0x0000, 0x0000, 0x0000,
  0x0000, 0x0000, 0x0000, 0x0000, 0x0000, 0x0000, 0x0000, 0x0000,
  0x2000, 0x3000, 0x0000, 0x0000, 0x0000, 0x0000, 0x1000, 0xE000,
  0xF854, 0xF322, 0x0000, 0x0000, 0x0000, 0x0000, 0x0000, 0x0000,
  0x0000, 0x0000, 0x0000, 0x0000, 0x0000, 0x0000, 0x0000, 0x0000,
  0x0000, 0x0000, 0x0000, 0x0000, 0x0000, 0x0000, 0x0000, 0x0000,
  0x0000, 0x0000, 0x8000, 0xB000, 0x3000, 0x0000, 0x0000, 0x0000,
  0x0000, 0x0000, 0x0000, 0x0000, 0x0000, 0x0000, 0x0000, 0x0000,
  0x0000, 0x0000, 0x0000, 0x0000, 0x0000, 0x0000, 0x0000, 0x0000,
  0x0000, 0x0000, 0x0000, 0x0000, 0x0000, 0x0000, 0x0000, 0x0000,
  0x0000, 0x0000, 0x0000, 0x0000, 0x0000, 0x0000, 0x0000,
};
static const shapoco::gfx2d::Texture tex_hair_back_b = {
  shapoco::gfx2d::PixelFormat::ARGB4444, 25, 47, 50, tex_hair_back_bData,
};

alignas(4) static const uint16_t tex_hair_side_bData[] = {
  0x1FF8, 0x1FF8, 0x1FF8, 0x1FF8, 0x1FF8, 0x1FF8, 0x1FF8, 0x1FF8,
  0x1FF8, 0x1FF8, 0x1FF8, 0x1FF8, 0x1FF8, 0x1FF8, 0x1FF8, 0x1FF8,
  0x1FF8, 0x1FF8, 0x1FF8, 0x1FF8, 0x1FF8, 0x1FF8, 0x1FF8, 0x1FF8,
  0x1FF8, 0x1FF8, 0x1FF8, 0x1FF8, 0x1FF8, 0x1FF8, 0x1FF8, 0x1FF8,
  0x1FF8, 0x1FF8, 0x1FF8, 0x1FF8, 0x1FF8, 0x1FF8, 0x1FF8, 0x1FF8,
  0x1FF8, 0x1FF8, 0x1FF8, 0x1FF8, 0x1FF8, 0x1FF8, 0x1FF8, 0x1FF8,
  0x1FF8, 0x1FF8, 0x1FF8, 0x1FF8, 0x1FF8, 0x1FF8, 0x1FF8, 0x1FF8,
  0x1FF8, 0x1FF8, 0x1FF8, 0x1FF8, 0x1FF8, 0x1FF8, 0x1FF8, 0x1FF8,
  0x1FF8, 0x1FF8, 0x1FF8, 0x1FF8, 0x1FF8, 0x1FF8, 0x1FF8, 0x1FF8,
  0x1FF8, 0x1FF8, 0x1FF8, 0x1FF8, 0x1FF8, 0x1FF8, 0x1FF8, 0x1FF8,
  0x1FF8, 0x1FF8, 0x1FF8, 0x1FF8, 0x1FF8, 0x31E6, 0x31EE, 0xB2FE,
  0xB2FE, 0x31EE, 0xEDBC, 0x1FF8, 0x1FF8, 0x1FF8, 0x1FF8, 0x1FF8,
  0x1FF8, 0x1FF8, 0x1FF8, 0x1FF8, 0x1FF8, 0x1FF8, 0x1FF8, 0x1FF8,
  0x1FF8, 0x1FF8, 0x1FF8, 0x1FF8, 0x1FF8, 0x1FF8, 0x1FF8, 0x1FF8,
  0x1FF8, 0x1FF8, 0x1FF8, 0x1FF8, 0x1FF8, 0x1FF8, 0x1FF8, 0x1FF8,
  0x1FF8, 0x1FF8, 0x1FF8, 0x1FF8, 0x1FF8, 0x1FF8, 0x1FF8, 0x1FF8,
  0xD2FE, 0x72F6, 0x31E6, 0x31EE, 0x31EE, 0x31EE, 0x31EE, 0x31E6,
  0x0000, 0x1FF8, 0x1FF8, 0x1FF8, 0x1FF8, 0x1FF8, 0x1FF8, 0x1FF8,
  0x1FF8, 0x1FF8, 0x1FF8, 0x1FF8, 0x1FF8, 0x1FF8, 0x1FF8, 0x1FF8,
  0x1FF8, 0x1FF8, 0x1FF8, 0x1FF8, 0x1FF8, 0x1FF8, 0x1FF8, 0x1FF8,
  0x1FF8, 0x1FF8, 0x1FF8, 0x1FF8, 0x1FF8, 0x1FF8, 0x1FF8, 0x1FF8,
  0x1FF8, 0x1FF8, 0x1FF8, 0xCA93, 0xB2FE, 0x31EE, 0x31EE, 0x31EE,
  0x31EE, 0x31EE, 0x31EE, 0x31EE, 0x31E6, 0x8983, 0x1FF8, 0x1FF8,
  0x1FF8, 0x1FF8, 0x1FF8, 0x1FF8, 0x1FF8, 0x1FF8, 0x1FF8, 0x1FF8,
  0x1FF8, 0x1FF8, 0x1FF8, 0x1FF8, 0x1FF8, 0x1FF8, 0x1FF8, 0x1FF8,
  0x1FF8, 0x1FF8, 0x1FF8, 0x1FF8, 0x1FF8, 0x1FF8, 0x1FF8, 0x1FF8,
  0x1FF8, 0x1FF8, 0x1FF8, 0x1FF8, 0x1FF8, 0x1FF8, 0x1FF8, 0x0000,
  0x8FD5, 0x31EE, 0x31EE, 0x31EE, 0x31EE, 0x31EE, 0x31EE, 0x31EE,
  0x31EE, 0x31EE, 0x51EE, 0x0000, 0x1FF8, 0x1FF8, 0x1FF8, 0x1FF8,
  0x1FF8, 0x1FF8, 0x1FF8, 0x1FF8, 0x1FF8, 0x1FF8, 0x1FF8, 0x1FF8,
  0x1FF8, 0x1FF8, 0x1FF8, 0x1FF8, 0x1FF8, 0x1FF8, 0x1FF8, 0x1FF8,
  0x1FF8, 0x1FF8, 0x1FF8, 0x1FF8, 0x1FF8, 0x1FF8, 0x1FF8, 0x1FF8,
  0x1FF8, 0x1FF8, 0x1FF8, 0x0000, 0xEB93, 0x92F6, 0x31EE, 0x31EE,
  0x31EE, 0x31EE, 0x31EE, 0x31EE, 0x31EE, 0x31EE, 0x31EE, 0x31EE,
  0xAFD5, 0x1FF8, 0x1FF8, 0x1FF8, 0x1FF8, 0x1FF8, 0x1FF8, 0x1FF8,
  0x1FF8, 0x1FF8, 0x1FF8, 0x1FF8, 0x1FF8, 0x1FF8, 0x1FF8, 0x1FF8,
  0x1FF8, 0x1FF8, 0x1FF8, 0x1FF8, 0x1FF8, 0x1FF8, 0x1FF8, 0x1FF8,
  0x1FF8, 0x1FF8, 0x1FF8, 0x1FF8, 0x1FF8, 0x1FF8, 0x1FF8, 0x1FF8,
  0xE95A, 0x96FF, 0x31E6, 0x31EE, 0x31EE, 0x31EE, 0x31EE, 0x31EE,
  0x31EE, 0x31EE, 0x31EE, 0x31EE, 0x31EE, 0x31EE, 0x0000, 0x1FF8,
  0x1FF8, 0x1FF8, 0x1FF8, 0x1FF8, 0x1FF8, 0x1FF8, 0x1FF8, 0x1FF8,
  0x1FF8, 0x1FF8, 0x1FF8, 0x1FF8, 0x1FF8, 0x1FF8, 0x1FF8, 0x1FF8,
  0x1FF8, 0x1FF8, 0x1FF8, 0x1FF8, 0x1FF8, 0x1FF8, 0x1FF8, 0x1FF8,
  0x1FF8, 0x1FF8, 0x1FF8, 0x1FF8, 0x0000, 0x53CE, 0xF8FF, 0x31E6,
  0x31EE, 0x31EE, 0x31EE, 0x31EE, 0x31EE, 0x31EE, 0x31EE, 0x31EE,
  0x31EE, 0x31EE, 0x31EE, 0xF3FE, 0x0000, 0x1FF8, 0x1FF8, 0x1FF8,
  0x1FF8, 0x1FF8, 0x1FF8, 0x1FF8, 0x1FF8, 0x1FF8, 0x1FF8, 0x1FF8,
  0x1FF8, 0x1FF8, 0x1FF8, 0x1FF8, 0x1FF8, 0x1FF8, 0x1FF8, 0x1FF8,
  0x1FF8, 0x1FF8, 0x1FF8, 0x1FF8, 0x1FF8, 0x1FF8, 0x1FF8, 0x1FF8,
  0x1FF8, 0x0000, 0xF9FF, 0xB7FF, 0x31E6, 0x51EE, 0xF0E5, 0x31EE,
  0x31EE, 0x31EE, 0x31EE, 0x31EE, 0x31EE, 0x31EE, 0x31EE, 0x31EE,
  0x31E6, 0xC86A, 0x1FF8, 0x1FF8, 0x1FF8, 0x1FF8, 0x1FF8, 0x1FF8,
  0x1FF8, 0x1FF8, 0x1FF8, 0x1FF8, 0x1FF8, 0x1FF8, 0x1FF8, 0x1FF8,
  0x1FF8, 0x1FF8, 0x1FF8, 0x1FF8, 0x1FF8, 0x1FF8, 0x1FF8, 0x1FF8,
  0x1FF8, 0x1FF8, 0x1FF8, 0x1FF8, 0x1FF8, 0x1FF8, 0x2742, 0xF8FF,
  0xD8FF, 0xB0E5, 0x0DC4, 0x0BB3, 0xD0E5, 0x31EE, 0x31EE, 0x31EE,
  0x31EE, 0x31EE, 0x31EE, 0x31EE, 0x31EE, 0x31EE, 0x92F6, 0x2000,
  0x1FF8, 0x1FF8, 0x1FF8, 0x1FF8, 0x1FF8, 0x1FF8, 0x1FF8, 0x1FF8,
  0x1FF8, 0x1FF8, 0x1FF8, 0x1FF8, 0x1FF8, 0x1FF8, 0x1FF8, 0x1FF8,
  0x1FF8, 0x1FF8, 0x1FF8, 0x1FF8, 0x1FF8, 0x1FF8, 0x1FF8, 0x1FF8,
  0x1FF8, 0x1FF8, 0x1FF8, 0xCB7B, 0xFAFF, 0x75FE, 0xEAB2, 0x4BBB,
  0x6BBB, 0x2BB3, 0x51EE, 0x31EE, 0x31EE, 0x31EE, 0x31EE, 0x31EE,
  0x31EE, 0x31EE, 0x31EE, 0x31E6, 0x6FCD, 0x1FF8, 0x1FF8, 0x1FF8,
  0x1FF8, 0x1FF8, 0x1FF8, 0x1FF8, 0x1FF8, 0x1FF8, 0x1FF8, 0x1FF8,
  0x1FF8, 0x1FF8, 0x1FF8, 0x1FF8, 0x1FF8, 0x1FF8, 0x1FF8, 0x1FF8,
  0x1FF8, 0x1FF8, 0x1FF8, 0x1FF8, 0x1FF8, 0x1FF8, 0x1FF8, 0x1FF8,
  0xF2BD, 0xF8FF, 0x11E5, 0x6BBB, 0x6BBB, 0x6BBB, 0x6BBB, 0x8ECC,
  0x31E6, 0x31EE, 0x31EE, 0x31EE, 0x31EE, 0x31EE, 0x31EE, 0x31EE,
  0x31EE, 0x31EE, 0x0329, 0x1FF8, 0x1FF8, 0x1FF8, 0x1FF8, 0x1FF8,
  0x1FF8, 0x1FF8, 0x1FF8, 0x1FF8, 0x1FF8, 0x1FF8, 0x1FF8, 0x1FF8,
  0x1FF8, 0x1FF8, 0x1FF8, 0x1FF8, 0x1FF8, 0x1FF8, 0x1FF8, 0x1FF8,
  0x1FF8, 0x1FF8, 0x1FF8, 0x1FF8, 0x6110, 0xF5DE, 0xF9FF, 0x8DCB,
  0x4BBB, 0x6BBB, 0x6BBB, 0x6BBB, 0x4BBB, 0x11E6, 0x31EE, 0x31EE,
  0x31EE, 0x31EE, 0x31EE, 0x31EE, 0x31EE, 0x31EE, 0x31EE, 0xB2FE,
  0x0000, 0x1FF8, 0x1FF8, 0x1FF8, 0x1FF8, 0x1FF8, 0x1FF8, 0x1FF8,
  0x1FF8, 0x1FF8, 0x1FF8, 0x1FF8, 0x1FF8, 0x1FF8, 0x1FF8, 0x1FF8,
  0x1FF8, 0x1FF8, 0x1FF8, 0x1FF8, 0x1FF8, 0x1FF8, 0x1FF8, 0x1FF8,
  0x1FF8, 0x0000, 0xFAFF, 0xD8FF, 0x4BBB, 0x6BBB, 0x6BBB, 0x6BBB,
  0x6BBB, 0x6BBB, 0x6CBB, 0x51EE, 0x31EE, 0x31EE, 0x31EE, 0x31EE,
  0x31EE, 0x31EE, 0x31EE, 0x31EE, 0x31E6, 0x2EC5, 0x1FF8, 0x1FF8,
  0x1FF8, 0x1FF8, 0x1FF8, 0x1FF8, 0x1FF8, 0x1FF8, 0x1FF8, 0x1FF8,
  0x1FF8, 0x1FF8, 0x1FF8, 0x1FF8, 0x1FF8, 0x1FF8, 0x1FF8, 0x1FF8,
  0x1FF8, 0x1FF8, 0x1FF8, 0x1FF8, 0x1FF8, 0x1FF8, 0x0000, 0xB7F7,
  0x56F7, 0x2BBB, 0x6BBB, 0x6BBB, 0x6BBB, 0x6BBB, 0x6BBB, 0x6BBB,
  0x2FDD, 0x31E6, 0x31EE, 0x31EE, 0x31EE, 0x31EE, 0x31EE, 0x31EE,
  0x31EE, 0x31EE, 0x31E6, 0x054A, 0x1FF8, 0x1FF8, 0x1FF8, 0x1FF8,
  0x1FF8, 0x1FF8, 0x1FF8, 0x1FF8, 0x1FF8, 0x1FF8, 0x1FF8, 0x1FF8,
  0x1FF8, 0x1FF8, 0x1FF8, 0x1FF8, 0x1FF8, 0x1FF8, 0x1FF8, 0x1FF8,
  0x1FF8, 0x1FF8, 0x1FF8, 0x2008, 0x97EF, 0xB7FF, 0xEAB2, 0x6BBB,
  0x6BBB, 0x6BBB, 0x6BBB, 0x6BBB, 0x6BBB, 0x4BBB, 0x71EE, 0x31EE,
  0x31EE, 0x31EE, 0x31EE, 0x31EE, 0x31EE, 0x31EE, 0x31EE, 0x31EE,
  0x71EE, 0x0000, 0x1FF8, 0x1FF8, 0x1FF8, 0x1FF8, 0x1FF8, 0x1FF8,
  0x1FF8, 0x1FF8, 0x1FF8, 0x1FF8, 0x1FF8, 0x1FF8, 0x1FF8, 0x1FF8,
  0x1FF8, 0x1FF8, 0x1FF8, 0x1FF8, 0x1FF8, 0x1FF8, 0x1FF8, 0x1FF8,
  0x1FF8, 0x97F7, 0xD8FF, 0x2BB3, 0x6BBB, 0x6BBB, 0x6BBB, 0x6BBB,
  0x6BBB, 0x6BBB, 0x6BBB, 0xCCC3, 0x31EE, 0x31EE, 0x31EE, 0x31EE,
  0x31EE, 0x31EE, 0x31EE, 0x31EE, 0x31EE, 0x31EE, 0xB2FE, 0x1FF8,
  0x1FF8, 0x1FF8, 0x1FF8, 0x1FF8, 0x1FF8, 0x1FF8, 0x1FF8, 0x1FF8,
  0x1FF8, 0x1FF8, 0x1FF8, 0x1FF8, 0x1FF8, 0x1FF8, 0x1FF8, 0x1FF8,
  0x1FF8, 0x1FF8, 0x1FF8, 0x1FF8, 0x1FF8, 0x1FF8, 0x56EF, 0x36F7,
  0x6BBB, 0x6BBB, 0x6BBB, 0x6BBB, 0x6BBB, 0x6BBB, 0x6BBB, 0x6BBB,
  0x6BBB, 0x11E6, 0x31E6, 0x31EE, 0x31EE, 0x31EE, 0x31EE, 0x31EE,
  0x31EE, 0x31EE, 0x31EE, 0x31E6, 0xAFD5, 0x1FF8, 0x1FF8, 0x1FF8,
  0x1FF8, 0x1FF8, 0x1FF8, 0x1FF8, 0x1FF8, 0x1FF8, 0x1FF8, 0x1FF8,
  0x1FF8, 0x1FF8, 0x1FF8, 0x1FF8, 0x1FF8, 0x1FF8, 0x1FF8, 0x1FF8,
  0x1FF8, 0x1FF8, 0x1FF8, 0xEF9C, 0x77F7, 0x0AB3, 0x6BBB, 0x6BBB,
  0x6BBB, 0x6BBB, 0x6BBB, 0x6BBB, 0x6BBB, 0x6BBB, 0x6BBB, 0x51EE,
  0x31EE, 0x31EE, 0x31EE, 0x31EE, 0x31EE, 0x31EE, 0x31EE, 0x31EE,
  0x31EE, 0x31EE, 0xA762, 0x1FF8, 0x1FF8, 0x1FF8, 0x1FF8, 0x1FF8,
  0x1FF8, 0x1FF8, 0x1FF8, 0x1FF8, 0x1FF8, 0x1FF8, 0x1FF8, 0x1FF8,
  0x1FF8, 0x1FF8, 0x1FF8, 0x1FF8, 0x1FF8, 0x1FF8, 0x1FF8, 0x1FF8,
  0xE95A, 0xF9FF, 0xCAB2, 0x6BBB, 0x6BBB, 0x6BBB, 0x6BBB, 0x6BBB,
  0x6BBB, 0x6BBB, 0x6BBB, 0x6BBB, 0x0FD5, 0x31E6, 0x31EE, 0x31EE,
  0x31EE, 0x31EE, 0x31EE, 0x31EE, 0x31EE, 0x31EE, 0x31EE, 0x31E6,
  0xC218, 0x1FF8, 0x1FF8, 0x1FF8, 0x1FF8, 0x1FF8, 0x1FF8, 0x1FF8,
  0x1FF8, 0x1FF8, 0x1FF8, 0x1FF8, 0x1FF8, 0x1FF8, 0x1FF8, 0x1FF8,
  0x1FF8, 0x1FF8, 0x1FF8, 0x1FF8, 0x1FF8, 0x2421, 0xFBFF, 0x4BBB,
  0x6BBB, 0x6BBB, 0x6BBB, 0x6BBB, 0x6BBB, 0x6BBB, 0x6BBB, 0x6BBB,
  0x6BBB, 0x4BBB, 0x92EE, 0x31EE, 0x31EE, 0x31EE, 0x31EE, 0x31EE,
  0x31EE, 0x31EE, 0x31EE, 0x31EE, 0x31EE, 0x72F6, 0x0000, 0x1FF8,
  0x1FF8, 0x1FF8, 0x1FF8, 0x1FF8, 0x1FF8, 0x1FF8, 0x1FF8, 0x1FF8,
  0x1FF8, 0x1FF8, 0x1FF8, 0x1FF8, 0x1FF8, 0x1FF8, 0x1FF8, 0x1FF8,
  0x1FF8, 0x1FF8, 0x0000, 0xFCFF, 0xAECC, 0x6BBB, 0x6BBB, 0x6BBB,
  0x6BBB, 0x6BBB, 0x6BBB, 0x6BBB, 0x6BBB, 0x6BBB, 0x6BBB, 0x8CBB,
  0x31EE, 0x31EE, 0x31EE, 0x31EE, 0x31EE, 0x31EE, 0x31EE, 0x31EE,
  0x31EE, 0x31EE, 0x31EE, 0xB2FE, 0x1FF8, 0x1FF8, 0x1FF8, 0x1FF8,
  0x1FF8, 0x1FF8, 0x1FF8, 0x1FF8, 0x1FF8, 0x1FF8, 0x1FF8, 0x1FF8,
  0x1FF8, 0x1FF8, 0x1FF8, 0x1FF8, 0x1FF8, 0x1FF8, 0x1FF8, 0x1FF8,
  0x97EF, 0x70DD, 0x6BBB, 0x6BBB, 0x6BBB, 0x6BBB, 0x6BBB, 0x6BBB,
  0x6BBB, 0x6BBB, 0x6BBB, 0x6BBB, 0x6BBB, 0x71EE, 0x31EE, 0x31EE,
  0x31EE, 0x31EE, 0x31EE, 0x31EE, 0x31EE, 0x31EE, 0x31EE, 0x31EE,
  0x31E6, 0x6FCD, 0x1FF8, 0x1FF8, 0x1FF8, 0x1FF8, 0x1FF8, 0x1FF8,
  0x1FF8, 0x1FF8, 0x1FF8, 0x1FF8, 0x1FF8, 0x1FF8, 0x1FF8, 0x1FF8,
  0x1FF8, 0x1FF8, 0x1FF8, 0x1FF8, 0x1FF8, 0x6429, 0xF5F6, 0x2BB3,
  0x6BBB, 0x6BBB, 0x6BBB, 0x6BBB, 0x6BBB, 0x6BBB, 0x6BBB, 0x6BBB,
  0x6BBB, 0x4BBB, 0x4BBB, 0x31EE, 0x31EE, 0x31EE, 0x31EE, 0x31EE,
  0x31EE, 0x31EE, 0x31EE, 0x31EE, 0x31EE, 0x31EE, 0x31E6, 0xE86A,
  0x1FF8, 0x1FF8, 0x1FF8, 0x1FF8, 0x1FF8, 0x1FF8, 0x1FF8, 0x1FF8,
  0x1FF8, 0x1FF8, 0x1FF8, 0x1FF8, 0x1FF8, 0x1FF8, 0x1FF8, 0x1FF8,
  0x1FF8, 0x1FF8, 0x0000, 0xF9FF, 0x0BB3, 0x6BBB, 0x6BBB, 0x6BBB,
  0x6BBB, 0x6BBB, 0x6BBB, 0x6BBB, 0x6BBB, 0x6BBB, 0x6BBB, 0x0FD5,
  0x31EE, 0x31EE, 0x31EE, 0x31EE, 0x31EE, 0x31EE, 0x31EE, 0x31EE,
  0x31EE, 0x31EE, 0x31EE, 0x31EE, 0x31E6, 0x4331, 0x1FF8, 0x1FF8,
  0x1FF8, 0x1FF8, 0x1FF8, 0x1FF8, 0x1FF8, 0x1FF8, 0x1FF8, 0x1FF8,
  0x1FF8, 0x1FF8, 0x1FF8, 0x1FF8, 0x1FF8, 0x1FF8, 0x1FF8, 0x1FF8,
  0x56E7, 0x8CBB, 0x6BBB, 0x6BBB, 0x6BBB, 0x6BBB, 0x6BBB, 0x6BBB,
  0x6BBB, 0x6BBB, 0x6BBB, 0x4BBB, 0x92EE, 0x31EE, 0x31EE, 0x31EE,
  0x31EE, 0x31EE, 0x31EE, 0x31EE, 0x31EE, 0x31EE, 0x31EE, 0x31EE,
  0x31EE, 0x31EE, 0x31EE, 0x0000, 0x1FF8, 0x1FF8, 0x1FF8, 0x1FF8,
  0x1FF8, 0x1FF8, 0x1FF8, 0x1FF8, 0x1FF8, 0x1FF8, 0x1FF8, 0x1FF8,
  0x1FF8, 0x1FF8, 0x1FF8, 0x1FF8, 0x1FF8, 0xCB7B, 0x30DD, 0x6BBB,
  0x6BBB, 0x6BBB, 0x6BBB, 0x6BBB, 0x6BBB, 0x6BBB, 0x6BBB, 0x4BBB,
  0xEED4, 0x31EE, 0x31EE, 0x31EE, 0x31EE, 0x31EE, 0x31EE, 0x31EE,
  0x31EE, 0x31EE, 0x31EE, 0x31EE, 0x31EE, 0x31EE, 0x31EE, 0x31EE,
  0x31EE, 0x0000, 0x1FF8, 0x1FF8, 0x1FF8, 0x1FF8, 0x1FF8, 0x1FF8,
  0x1FF8, 0x1FF8, 0x1FF8, 0x1FF8, 0x1FF8, 0x1FF8, 0x1FF8, 0x1FF8,
  0x1FF8, 0x1FF8, 0x2000, 0xFAFF, 0x4BBB, 0x6BBB, 0x6BBB, 0x6BBB,
  0x6BBB, 0x6BBB, 0x6BBB, 0x6BBB, 0x4BBB, 0xD0E5, 0x51EE, 0x31EE,
  0x31EE, 0x31EE, 0x31EE, 0x31EE, 0x31EE, 0x31E6, 0x31E6, 0x31E6,
  0x31EE, 0x31EE, 0x31EE, 0x31EE, 0x31EE, 0x31EE, 0xB2FE, 0x1FF8,
  0x1FF8, 0x1FF8, 0x1FF8, 0x1FF8, 0x1FF8, 0x1FF8, 0x1FF8, 0x1FF8,
  0x1FF8, 0x1FF8, 0x1FF8, 0x1FF8, 0x1FF8, 0x1FF8, 0x1FF8, 0x1FF8,
  0x36E7, 0x8CC3, 0x6BBB, 0x6BBB, 0x6BBB, 0x6BBB, 0x6BBB, 0x6BBB,
  0x6BBB, 0x6BBB, 0x31EE, 0x4DCC, 0x4BBB, 0x0ED5, 0x31E6, 0x31EE,
  0x51EE, 0x8FDD, 0x8ECC, 0x0DC4, 0x8ECC, 0x11E6, 0x71EE, 0x31EE,
  0x31EE, 0x31EE, 0x31EE, 0x31EE, 0x11E6, 0x1FF8, 0x1FF8, 0x1FF8,
  0x1FF8, 0x1FF8, 0x1FF8, 0x1FF8, 0x1FF8, 0x1FF8, 0x1FF8, 0x1FF8,
  0x1FF8, 0x1FF8, 0x1FF8, 0x1FF8, 0x1FF8, 0x4108, 0xD4F6, 0x6BBB,
  0x6BBB, 0x6BBB, 0x6BBB, 0x6BBB, 0x6BBB, 0x6BBB, 0xECC3, 0x92EE,
  0x8CBB, 0x6BBB, 0x6BBB, 0xCCC3, 0x31EE, 0x0FD5, 0x2BB3, 0x6BBB,
  0x6BBB, 0x6BBB, 0x6BBB, 0x6BBB, 0x6BBB, 0x8ECC, 0x71EE, 0x31EE,
  0x31EE, 0x31EE, 0x92FE, 0x1FF8, 0x1FF8, 0x1FF8, 0x1FF8, 0x1FF8,
  0x1FF8, 0x1FF8, 0x1FF8, 0x1FF8, 0x1FF8, 0x1FF8, 0x1FF8, 0x1FF8,
  0x1FF8, 0x1FF8, 0x1FF8, 0xF9FF, 0xEAB2, 0x6BBB, 0x6BBB, 0x6BBB,
  0x6BBB, 0x6BBB, 0x6BBB, 0x2BAB, 0xD2F6, 0xACBB, 0x6BBB, 0x6BBB,
  0x6BBB, 0x2BB3, 0x71EE, 0x4BBB, 0x6BBB, 0x6BBB, 0x6BBB, 0x6BBB,
  0x6BBB, 0x6BBB, 0x6BBB, 0x6BBB, 0x4BBB, 0x51EE, 0x31EE, 0x31EE,
  0xD0DD, 0x1FF8, 0x1FF8, 0x1FF8, 0x1FF8, 0x1FF8, 0x1FF8, 0x1FF8,
  0x1FF8, 0x1FF8, 0x1FF8, 0x1FF8, 0x1FF8, 0x1FF8, 0x1FF8, 0x1FF8,
  0xE641, 0xD1E5, 0x6CBB, 0x6BBB, 0x6BBB, 0x6BBB, 0x6BBB, 0x6BBB,
  0x4BB3, 0xE541, 0xCCC3, 0x6BBB, 0x6BBB, 0x6BBB, 0x6BBB, 0x2BB3,
  0x2DC4, 0x6BBB, 0x6BBB, 0x6BBB, 0x6BBB, 0x6BBB, 0x6BBB, 0x6BBB,
  0x6BBB, 0x6BBB, 0x6BBB, 0x2BB3, 0xD0E5, 0x31E6, 0x31E6, 0x1FF8,
  0x1FF8, 0x1FF8, 0x1FF8, 0x1FF8, 0x1FF8, 0x1FF8, 0x1FF8, 0x1FF8,
  0x1FF8, 0x1FF8, 0x1FF8, 0x1FF8, 0x1FF8, 0x1FF8, 0x97EF, 0x2BB3,
  0x6CBB, 0x6BBB, 0x6BBB, 0x6BBB, 0x6BBB, 0xA992, 0x4108, 0x2FDD,
  0x6BBB, 0x6BBB, 0x6BBB, 0x6BBB, 0x6BBB, 0x6BBB, 0x6BBB, 0x6BBB,
  0x6BBB, 0x6BBB, 0x6BBB, 0x6BBB, 0x6BBB, 0x6BBB, 0x6BBB, 0x6BBB,
  0x6BBB, 0x6BBB, 0x2BB3, 0x51EE, 0x71EE, 0x1FF8, 0x1FF8, 0x1FF8,
  0x1FF8, 0x1FF8, 0x1FF8, 0x1FF8, 0x1FF8, 0x1FF8, 0x1FF8, 0x1FF8,
  0x1FF8, 0x1FF8, 0x1FF8, 0x4108, 0x93F6, 0x6BBB, 0x6BBB, 0x6BBB,
  0x6BBB, 0x6BBB, 0xEAA2, 0x0000, 0x11E6, 0x4BBB, 0x6BBB, 0x6BBB,
  0x6BBB, 0x6BBB, 0x6BBB, 0x6BBB, 0x6BBB, 0x6BBB, 0x6BBB, 0x6BBB,
  0x6BBB, 0x6BBB, 0x6BBB, 0x6BBB, 0x6BBB, 0x6BBB, 0x6BBB, 0x6BBB,
  0x6BBB, 0x8CBB, 0x51E6, 0x1FF8, 0x1FF8, 0x1FF8, 0x1FF8, 0x1FF8,
  0x1FF8, 0x1FF8, 0x1FF8, 0x1FF8, 0x1FF8, 0x1FF8, 0x1FF8, 0x1FF8,
  0x1FF8, 0x12BE, 0x6BBB, 0x6BBB, 0x6BBB, 0x6BBB, 0x6BBB, 0x4BB3,
  0x0000, 0xEDB4, 0x4BBB, 0x6BBB, 0x6BBB, 0x6BBB, 0x6BBB, 0x6BBB,
  0x6BBB, 0x6BBB, 0x6BBB, 0x6BBB, 0x6BBB, 0x6BBB, 0x6BBB, 0x6BBB,
  0x6BBB, 0x6BBB, 0x6BBB, 0x6BBB, 0x6BBB, 0x6BBB, 0x6BBB, 0x6BBB,
  0xCFDC, 0x1FF8, 0x1FF8, 0x1FF8, 0x1FF8, 0x1FF8, 0x1FF8, 0x1FF8,
  0x1FF8, 0x1FF8, 0x1FF8, 0x1FF8, 0x1FF8, 0x1FF8, 0x0000, 0x33EE,
  0x6BBB, 0x6BBB, 0x6BBB, 0x6BBB, 0x4BB3, 0x1FF8, 0x6431, 0xB0E5,
  0x6BBB, 0x6BBB, 0x6BBB, 0x6BBB, 0x6BBB, 0x6BBB, 0x6BBB, 0x6BBB,
  0x6BBB, 0x6BBB, 0x6BBB, 0x6BBB, 0x6BBB, 0x6BBB, 0x6BBB, 0x6BBB,
  0x6BBB, 0x6BBB, 0x6BBB, 0x6BBB, 0x6BBB, 0x6BBB, 0x8CC3, 0x1FF8,
  0x1FF8, 0x1FF8, 0x1FF8, 0x1FF8, 0x1FF8, 0x1FF8, 0x1FF8, 0x1FF8,
  0x1FF8, 0x1FF8, 0x1FF8, 0x1FF8, 0x063A, 0x8CBB, 0x6BBB, 0x6BBB,
  0x6BBB, 0x2BB3, 0x0000, 0x1FF8, 0x31E6, 0x8CBB, 0x6BBB, 0x6BBB,
  0x6BBB, 0x6BBB, 0x6BBB, 0x6BBB, 0x6BBB, 0x6BBB, 0x6BBB, 0x6BBB,
  0x6BBB, 0x6BBB, 0x6BBB, 0x6BBB, 0x6BBB, 0x6BBB, 0x6BBB, 0x6BBB,
  0x6BBB, 0x6BBB, 0x6BBB, 0x6BBB, 0x6BBB, 0x1FF8, 0x1FF8, 0x1FF8,
  0x1FF8, 0x1FF8, 0x1FF8, 0x1FF8, 0x1FF8, 0x1FF8, 0x1FF8, 0x1FF8,
  0x1FF8, 0x1FF8, 0x54DE, 0x6BBB, 0x6BBB, 0x6BBB, 0x4BB3, 0x0000,
  0x1FF8, 0x2329, 0x4FDD, 0x6BBB, 0x6BBB, 0x6BBB, 0x6BBB, 0x6BBB,
  0x6BBB, 0x6BBB, 0x6BBB, 0x6BBB, 0x6BBB, 0x6BBB, 0x6BBB, 0x6BBB,
  0x6BBB, 0x6BBB, 0x6BBB, 0x6BBB, 0x6BBB, 0x6BBB, 0x6BBB, 0x6BBB,
  0x6BBB, 0x6BBB, 0x8CC3, 0x1FF8, 0x1FF8, 0x1FF8, 0x1FF8, 0x1FF8,
  0x1FF8, 0x1FF8, 0x1FF8, 0x1FF8, 0x1FF8, 0x1FF8, 0x1FF8, 0x1FF8,
  0xEDC3, 0x6BBB, 0x6BBB, 0x8CC3, 0x0000, 0x1FF8, 0x1FF8, 0xD0DD,
  0x6BBB, 0x6BBB, 0x6BBB, 0x6BBB, 0x6BBB, 0x6BBB, 0x6BBB, 0x4BBB,
  0x6BBB, 0x6BBB, 0x6BBB, 0x6BBB, 0x6BBB, 0x6BBB, 0x6BBB, 0x6BBB,
  0x6BBB, 0x6BBB, 0x6BBB, 0x6BBB, 0x6BBB, 0x6BBB, 0x6BBB, 0x6BBB,
  0x6CBB, 0x0000, 0x1FF8, 0x1FF8, 0x1FF8, 0x1FF8, 0x1FF8, 0x1FF8,
  0x1FF8, 0x1FF8, 0x1FF8, 0x1FF8, 0x1FF8, 0xC218, 0x4BBB, 0x6BBB,
  0x6CBB, 0xC328, 0x1FF8, 0x1FF8, 0x4008, 0x70DD, 0x6BBB, 0x6BBB,
  0x6BBB, 0x6BBB, 0x6BBB, 0x6CBB, 0x31E6, 0x4BBB, 0x6BBB, 0x6BBB,
  0x6BBB, 0x6BBB, 0x6BBB, 0x6BBB, 0x6BBB, 0x6BBB, 0x6BBB, 0x6BBB,
  0x6BBB, 0x6BBB, 0x6BBB, 0x6BBB, 0x6BBB, 0x6BBB, 0x6BBB, 0x2008,
  0x1FF8, 0x1FF8, 0x1FF8, 0x1FF8, 0x1FF8, 0x1FF8, 0x1FF8, 0x1FF8,
  0x1FF8, 0x1FF8, 0x1FF8, 0x465A, 0x6CBB, 0x6BBB, 0x898A, 0x1FF8,
  0x1FF8, 0x1FF8, 0xAA8B, 0x4BBB, 0x6BBB, 0x6BBB, 0x6BBB, 0x6BBB,
  0x6BBB, 0xC671, 0x6FDD, 0x6BBB, 0x6BBB, 0x6BBB, 0x6BBB, 0x6BBB,
  0x6BBB, 0x6BBB, 0x6BBB, 0x6BBB, 0x6BBB, 0x6BBB, 0x6BBB, 0x6BBB,
  0x6BBB, 0x6BBB, 0x6BBB, 0x6BBB, 0x6BBB, 0x0339, 0x1FF8, 0x1FF8,
  0x1FF8, 0x1FF8, 0x1FF8, 0x1FF8, 0x1FF8, 0x1FF8, 0x1FF8, 0x1FF8,
  0x1FF8, 0x476A, 0x6BBB, 0x8CC3, 0x1FF8, 0x1FF8, 0x1FF8, 0x1FF8,
  0xB2FE, 0x4BBB, 0x6BBB, 0x6BBB, 0x6BBB, 0x6BBB, 0x6BBB, 0x8762,
  0x4BBB, 0x6BBB, 0x6BBB, 0x6BBB, 0x6BBB, 0x6BBB, 0x6BBB, 0x6BBB,
  0x6BBB, 0x6BBB, 0x6BBB, 0x6BBB, 0x6BBB, 0x6BBB, 0x6BBB, 0x6BBB,
  0x6BBB, 0x6BBB, 0x6BBB, 0x0772, 0x1FF8, 0x1FF8, 0x1FF8, 0x1FF8,
  0x1FF8, 0x1FF8, 0x1FF8, 0x1FF8, 0x1FF8, 0x1FF8, 0x2008, 0xC99A,
  0x6BBB, 0x2441, 0x1FF8, 0x1FF8, 0x1FF8, 0x4108, 0x6DCC, 0x6BBB,
  0x6BBB, 0x6BBB, 0x6BBB, 0x6BBB, 0xACCB, 0x6FCD, 0x4BBB, 0x6BBB,
  0x6BBB, 0x6BBB, 0x6BBB, 0x6BBB, 0x6BBB, 0x6BBB, 0x6BBB, 0x6BBB,
  0x6BBB, 0x6BBB, 0x6BBB, 0x6BBB, 0x6BBB, 0x6BBB, 0x6BBB, 0x6BBB,
  0x6BBB, 0x2AAB, 0x1FF8, 0x1FF8, 0x1FF8, 0x1FF8, 0x1FF8, 0x1FF8,
  0x1FF8, 0x1FF8, 0x1FF8, 0x1FF8, 0xE220, 0x4BBB, 0xEAA2, 0x1FF8,
  0x1FF8, 0x1FF8, 0x1FF8, 0xC76A, 0x4BBB, 0x6BBB, 0x6BBB, 0x6BBB,
  0x6BBB, 0x6BBB, 0x2BB3, 0xF3FE, 0x4BBB, 0x6BBB, 0x6BBB, 0x6BBB,
  0x6BBB, 0x6BBB, 0x6BBB, 0x6BBB, 0x6BBB, 0x6BBB, 0x6BBB, 0x6BBB,
  0x6BBB, 0x6BBB, 0x6BBB, 0x6BBB, 0x6BBB, 0x6BBB, 0x6BBB, 0x6CBB,
  0x1FF8, 0x1FF8, 0x1FF8, 0x1FF8, 0x1FF8, 0x1FF8, 0x1FF8, 0x1FF8,
  0x1FF8, 0x1FF8, 0x054A, 0x6CBB, 0x0000, 0x1FF8, 0x1FF8, 0x1FF8,
  0x1FF8, 0xAFD5, 0x2BB3, 0x6BBB, 0x6BBB, 0x6BBB, 0x6BBB, 0x6BBB,
  0x8559, 0x90DD, 0x6BBB, 0x6BBB, 0x6CBB, 0x6BBB, 0x6BBB, 0x6BBB,
  0x6BBB, 0x6BBB, 0x6BBB, 0x6BBB, 0x6BBB, 0x6BBB, 0x6BBB, 0x6BBB,
  0x6BBB, 0x6BBB, 0x6BBB, 0x6BBB, 0x6BBB, 0x6BBB, 0x0000, 0x1FF8,
  0x1FF8, 0x1FF8, 0x1FF8, 0x1FF8, 0x1FF8, 0x1FF8, 0x1FF8, 0x1FF8,
  0xC541, 0x6BBB, 0x1FF8, 0x1FF8, 0x1FF8, 0x1FF8, 0x1FF8, 0x11EE,
  0x6BBB, 0x6BBB, 0x6BBB, 0x6BBB, 0x6BBB, 0x6BBB, 0xC220, 0xAECC,
  0x6BBB, 0x6CBB, 0x0AA3, 0x6BBB, 0x6BBB, 0x6BBB, 0x6BBB, 0x6BBB,
  0x6BBB, 0x6BBB, 0x6BBB, 0x6BBB, 0x6BBB, 0x6BBB, 0x6BBB, 0x6BBB,
  0x6BBB, 0x6BBB, 0x6BBB, 0x6BBB, 0x4110, 0x1FF8, 0x1FF8, 0x1FF8,
  0x1FF8, 0x1FF8, 0x1FF8, 0x1FF8, 0x1FF8, 0x1FF8, 0x0329, 0x6551,
  0x1FF8, 0x1FF8, 0x1FF8, 0x1FF8, 0x1FF8, 0x6DBC, 0x0AA3, 0x4BB3,
  0x6BBB, 0x6BBB, 0x6BBB, 0x6CBB, 0x297B, 0x0DC4, 0x6BBB, 0x8CC3,
  0x6DB4, 0x4BBB, 0x6BBB, 0x6BBB, 0x6BBB, 0x6BBB, 0x6BBB, 0x6BBB,
  0x6BBB, 0x6BBB, 0x6BBB, 0x6BBB, 0x6BBB, 0x6BBB, 0x6BBB, 0x6BBB,
  0x6BBB, 0x6BBB, 0x6551, 0x1FF8, 0x1FF8, 0x1FF8, 0x1FF8, 0x1FF8,
  0x1FF8, 0x1FF8, 0x1FF8, 0x1FF8, 0x2439, 0x1FF8, 0x1FF8, 0x1FF8,
  0x1FF8, 0x1FF8, 0x0000, 0xE97A, 0x277A, 0x8CC3, 0x6BBB, 0x6BBB,
  0x6BBB, 0xCDD3, 0x4EC5, 0x4BBB, 0x6BBB, 0x898A, 0x0973, 0xECC3,
  0x6BBB, 0x6BBB, 0x6BBB, 0x6BBB, 0x6BBB, 0x6BBB, 0x6BBB, 0x6BBB,
  0x6BBB, 0x6BBB, 0x6BBB, 0x6BBB, 0x6BBB, 0x6BBB, 0x6BBB, 0x6BBB,
  0x0AAB, 0x1FF8, 0x1FF8, 0x1FF8, 0x1FF8, 0x1FF8, 0x1FF8, 0x1FF8,
  0x1FF8, 0x0000, 0x4449, 0x1FF8, 0x1FF8, 0x1FF8, 0x1FF8, 0x1FF8,
  0x0000, 0x086B, 0x8551, 0xC99A, 0x6BBB, 0x6BBB, 0x6BBB, 0x2BB3,
  0x72F6, 0x2BBB, 0x6BBB, 0x2441, 0xE220, 0x31EE, 0x4BBB, 0x6BBB,
  0x6BBB, 0x6BBB, 0x6BBB, 0x6BBB, 0x6BBB, 0x6BBB, 0x6BBB, 0x6BBB,
  0x6BBB, 0x6BBB, 0x6BBB, 0x6BBB, 0x6BBB, 0x6BBB, 0xCDD3, 0x1FF8,
  0x1FF8, 0x1FF8, 0x1FF8, 0x1FF8, 0x1FF8, 0x1FF8, 0x1FF8, 0x0000,
  0x4449, 0x1FF8, 0x1FF8, 0x1FF8, 0x1FF8, 0x1FF8, 0x0000, 0x4CA4,
  0x2441, 0x2441, 0x6BBB, 0x6BBB, 0x6BBB, 0x0AAB, 0xB2FE, 0x4BBB,
  0x6BBB, 0x8220, 0x0441, 0x92FE, 0xF1E5, 0x4BBB, 0x6BBB, 0x6BBB,
  0x6BBB, 0x6BBB, 0x6BBB, 0x6BBB, 0x6BBB, 0x6BBB, 0x6BBB, 0x6BBB,
  0x6BBB, 0x6BBB, 0x6BBB, 0x6BBB, 0x6CBB, 0x2008, 0x1FF8, 0x1FF8,
  0x1FF8, 0x1FF8, 0x1FF8, 0x1FF8, 0x1FF8, 0x6108, 0x0000, 0x1FF8,
  0x1FF8, 0x1FF8, 0x1FF8, 0x1FF8, 0x0000, 0xD0DD, 0x2441, 0x2110,
  0x8CC3, 0x6BBB, 0x6BBB, 0x4882, 0x92F6, 0x4BBB, 0x6CBB, 0x2441,
  0x0AAB, 0x72F6, 0x31EE, 0x4FDD, 0x4BBB, 0x6BBB, 0x6BBB, 0x6BBB,
  0x6BBB, 0x6BBB, 0x6BBB, 0x6BBB, 0x6BBB, 0x6BBB, 0x6BBB, 0x6BBB,
  0x6BBB, 0x6BBB, 0x6BBB, 0x6882, 0x1FF8, 0x1FF8, 0x1FF8, 0x1FF8,
  0x1FF8, 0x1FF8, 0x1FF8, 0x0000, 0xA218, 0x1FF8, 0x1FF8, 0x1FF8,
  0x1FF8, 0x1FF8, 0x1FF8, 0xD3FE, 0x6551, 0x1FF8, 0x2BAB, 0x6BBB,
  0x6BBB, 0x6882, 0xD2FE, 0x4BBB, 0xACC3, 0xC661, 0x8CC3, 0x6441,
  0x31EE, 0x31EE, 0x2FD5, 0x6CBB, 0x6BBB, 0x6BBB, 0x6BBB, 0x6BBB,
  0x6BBB, 0x6BBB, 0x6BBB, 0x6BBB, 0x6BBB, 0x6BBB, 0x6BBB, 0x6BBB,
  0x6BBB, 0xCDD3, 0x1FF8, 0x1FF8, 0x1FF8, 0x1FF8, 0x1FF8, 0x1FF8,
  0x1FF8, 0x0000, 0xC76A, 0x1FF8, 0x1FF8, 0x1FF8, 0x1FF8, 0x1FF8,
  0x1FF8, 0xB2FE, 0x0008, 0x1FF8, 0x4449, 0x6BBB, 0x6BBB, 0xCA9A,
  0x31E6, 0x6BBB, 0x6CBB, 0xA992, 0x6BBB, 0xA559, 0x31EE, 0x31EE,
  0x31EE, 0xA439, 0x4BBB, 0x6BBB, 0x6BBB, 0x6BBB, 0x6BBB, 0x6BBB,
  0x6BBB, 0x6BBB, 0x6BBB, 0x6BBB, 0x6BBB, 0x6BBB, 0x6BBB, 0x6BBB,
  0x4449, 0x1FF8, 0x1FF8, 0x1FF8, 0x1FF8, 0x1FF8, 0x1FF8, 0x0000,
  0x2EBD, 0x1FF8, 0x1FF8, 0x1FF8, 0x1FF8, 0x1FF8, 0x1FF8, 0x6CA4,
  0x2B9C, 0x1FF8, 0x0000, 0xACCB, 0x6BBB, 0xCA9A, 0x10E6, 0x2BBB,
  0xCDCB, 0xA992, 0x6BBB, 0x6BBB, 0xE220, 0x51EE, 0x31EE, 0x6FCD,
  0x0000, 0x2BAB, 0x6BBB, 0x6BBB, 0x6BBB, 0x6BBB, 0x6BBB, 0x6BBB,
  0x6BBB, 0x6BBB, 0x6BBB, 0x6BBB, 0x6BBB, 0x6BBB, 0x8CC3, 0x1FF8,
  0x1FF8, 0x1FF8, 0x1FF8, 0x1FF8, 0x1FF8, 0x1FF8, 0xD2FE, 0x4008,
  0x1FF8, 0x1FF8, 0x1FF8, 0x1FF8, 0x1FF8, 0x054A, 0xB2FE, 0x0000,
  0x1FF8, 0x6449, 0x6BBB, 0x6BBB, 0x4EC5, 0x0BB3, 0x8CC3, 0x888A,
  0x6BBB, 0x6BBB, 0x0AAB, 0xEB93, 0x31E6, 0x11E6, 0x4652, 0x1FF8,
  0xA559, 0xACCB, 0x6BBB, 0x6BBB, 0x6BBB, 0x6BBB, 0x6BBB, 0x6BBB,
  0x6BBB, 0x6BBB, 0x6BBB, 0x6BBB, 0x8CC3, 0x0000, 0x1FF8, 0x1FF8,
  0x1FF8, 0x1FF8, 0x1FF8, 0x1FF8, 0xD3FE, 0xE86A, 0x1FF8, 0x1FF8,
  0x1FF8, 0x1FF8, 0x1FF8, 0x4008, 0x51EE, 0x8CAC, 0x1FF8, 0x1FF8,
  0xEA9A, 0xACCB, 0xE872, 0xACBB, 0x8CC3, 0xA992, 0x6BBB, 0x6BBB,
  0x6BBB, 0x6559, 0x0EBD, 0x31E6, 0x31F6, 0xA218, 0x1FF8, 0x2008,
  0x2772, 0x8CC3, 0x6BBB, 0x6BBB, 0x6BBB, 0x6BBB, 0x6BBB, 0x6BBB,
  0x6BBB, 0x6BBB, 0x6BBB, 0x898A, 0x1FF8, 0x1FF8, 0x1FF8, 0x1FF8,
  0x1FF8, 0x1FF8, 0x2EC5, 0x11E6, 0x0000, 0x1FF8, 0x1FF8, 0x1FF8,
  0x1FF8, 0x1FF8, 0x4EC5, 0x51EE, 0x4108, 0x1FF8, 0x2008, 0xEDD3,
  0xE320, 0x0FD5, 0xADCB, 0xC661, 0x6BBB, 0x6BBB, 0x6BBB, 0x6BBB,
  0xC661, 0x6CAC, 0x31EE, 0xF0E5, 0x0000, 0x1FF8, 0x1FF8, 0x0000,
  0x2441, 0xACC3, 0x6BBB, 0x6BBB, 0x6BBB, 0x6BBB, 0x6BBB, 0x6BBB,
  0x6BBB, 0x6BBB, 0x8220, 0x1FF8, 0x1FF8, 0x1FF8, 0x1FF8, 0x1FF8,
  0x6431, 0x51EE, 0xD2FE, 0x6110, 0x1FF8, 0x1FF8, 0x1FF8, 0x1FF8,
  0x8439, 0x51EE, 0xAFD5, 0x1FF8, 0x1FF8, 0x0000, 0x0339, 0x11EE,
  0x6CBB, 0xA220, 0x6BBB, 0x6BBB, 0x6BBB, 0x6BBB, 0x6BBB, 0x2BAB,
  0x2008, 0x92F6, 0xAFD5, 0x0000, 0x1FF8, 0x1FF8, 0x1FF8, 0x1FF8,
  0x0000, 0xC661, 0x6BBB, 0x8CC3, 0x6BBB, 0x6BBB, 0x6BBB, 0x6BBB,
  0xACCB, 0xA228, 0x1FF8, 0x1FF8, 0x1FF8, 0x1FF8, 0x1FF8, 0xF3FE,
  0x31EE, 0xB2FE, 0x297B, 0x0000, 0x1FF8, 0x0000, 0x1FF8, 0x72F6,
  0x31EE, 0x4CA4, 0x1FF8, 0x1FF8, 0x1FF8, 0xCDB4, 0x8CBB, 0x4110,
  0x6BBB, 0x6BBB, 0x6BBB, 0x6BBB, 0x6BBB, 0x6BBB, 0x8CC3, 0xC669,
  0xE86A, 0x72F6, 0x0321, 0x1FF8, 0x1FF8, 0x1FF8, 0x1FF8, 0x1FF8,
  0x1FF8, 0x0000, 0x2008, 0x0439, 0xC661, 0x4882, 0x487A, 0x277A,
  0xE330, 0x0000, 0x1FF8, 0x1FF8, 0x1FF8, 0x6110, 0x51EE, 0x51EE,
  0xD3FE, 0x8CAC, 0x0000, 0x1FF8, 0x1FF8, 0x0000, 0x51EE, 0x31EE,
  0xC218, 0x1FF8, 0x1FF8, 0x2329, 0x4FDD, 0x8559, 0x0000, 0xC228,
  0x0AAB, 0x4BB3, 0xACC3, 0x6CBB, 0x8CC3, 0xCDD3, 0xACCB, 0xC330,
  0x2652, 0xADB4, 0xE220, 0x1FF8, 0x1FF8, 0x1FF8, 0x1FF8, 0x1FF8,
  0x1FF8, 0x1FF8, 0x1FF8, 0x1FF8, 0x1FF8, 0x1FF8, 0x1FF8, 0x1FF8,
  0x1FF8, 0x1FF8, 0x1FF8, 0x1FF8, 0x0000, 0x0000, 0x1FF8, 0x1FF8,
  0x1FF8, 0x1FF8, 0x1FF8, 0x1FF8, 0x297B, 0x31EE, 0xD2FE, 0x0221,
  0x1FF8, 0x1FF8, 0x11E6, 0xA99A, 0x1FF8, 0x1FF8, 0x1FF8, 0x1FF8,
  0x1FF8, 0x0000, 0x0000, 0x1FF8, 0x1FF8, 0x1FF8, 0x1FF8, 0x1FF8,
  0x0000, 0x4110, 0x2008, 0x1FF8, 0x1FF8, 0x1FF8, 0x1FF8, 0x1FF8,
  0x1FF8, 0x1FF8, 0x1FF8, 0x1FF8, 0x1FF8, 0x1FF8, 0x1FF8, 0x1FF8,
  0x1FF8, 0x1FF8, 0x1FF8, 0x1FF8, 0x1FF8, 0x1FF8, 0x1FF8, 0x1FF8,
  0x1FF8, 0x1FF8, 0x1FF8, 0x4ECD, 0x31EE, 0x31EE, 0x0000, 0x1FF8,
  0x0000, 0xD2FE, 0x0000, 0x1FF8, 0x1FF8, 0x1FF8, 0x1FF8, 0x1FF8,
  0x1FF8, 0x1FF8, 0x1FF8, 0x1FF8, 0x1FF8, 0x1FF8, 0x1FF8, 0x1FF8,
  0x1FF8, 0x1FF8, 0x1FF8, 0x1FF8, 0x1FF8, 0x1FF8, 0x1FF8, 0x1FF8,
  0x1FF8, 0x1FF8, 0x1FF8, 0x1FF8, 0x1FF8, 0x1FF8, 0x1FF8, 0x1FF8,
  0x1FF8, 0x1FF8, 0x1FF8, 0x1FF8, 0x1FF8, 0x1FF8, 0x1FF8, 0x1FF8,
  0x1FF8, 0x1FF8, 0x8DAC, 0x31EE, 0x10E6, 0x0000, 0x1FF8, 0x8762,
  0x4652, 0x1FF8, 0x1FF8, 0x1FF8, 0x1FF8, 0x1FF8, 0x1FF8, 0x1FF8,
  0x1FF8, 0x1FF8, 0x1FF8, 0x1FF8, 0x1FF8, 0x1FF8, 0x1FF8, 0x1FF8,
  0x1FF8, 0x1FF8, 0x1FF8, 0x1FF8, 0x1FF8, 0x1FF8, 0x1FF8, 0x1FF8,
  0x1FF8, 0x1FF8, 0x1FF8, 0x1FF8, 0x1FF8, 0x1FF8, 0x1FF8, 0x1FF8,
  0x1FF8, 0x1FF8, 0x1FF8, 0x1FF8, 0x1FF8, 0x1FF8, 0x1FF8, 0x1FF8,
  0x1FF8, 0x8439, 0x31EE, 0xB2FE, 0x4331, 0x1FF8, 0x2652, 0x0000,
  0x1FF8, 0x1FF8, 0x1FF8, 0x1FF8, 0x1FF8, 0x1FF8, 0x1FF8, 0x1FF8,
  0x1FF8, 0x1FF8, 0x1FF8, 0x1FF8, 0x1FF8, 0x1FF8, 0x1FF8, 0x1FF8,
  0x1FF8, 0x1FF8, 0x1FF8, 0x1FF8, 0x1FF8, 0x1FF8, 0x1FF8, 0x1FF8,
  0x1FF8, 0x1FF8, 0x1FF8, 0x1FF8, 0x1FF8, 0x1FF8, 0x1FF8, 0x1FF8,
  0x1FF8, 0x1FF8, 0x1FF8, 0x1FF8, 0x1FF8, 0x1FF8, 0x1FF8, 0x1FF8,
  0x1FF8, 0x6110, 0xCA93, 0xAA8B, 0x4108, 0x0000, 0x1FF8, 0x1FF8,
  0x1FF8, 0x1FF8, 0x1FF8, 0x1FF8, 0x1FF8, 0x1FF8, 0x1FF8, 0x1FF8,
  0x1FF8, 0x1FF8, 0x1FF8, 0x1FF8, 0x1FF8, 0x1FF8, 0x1FF8, 0x1FF8,
  0x1FF8, 0x1FF8, 0x1FF8, 0x1FF8, 0x1FF8, 0x1FF8, 0x1FF8, 0x1FF8,
  0x1FF8, 0x1FF8, 0x1FF8, 0x1FF8, 0x1FF8, 0x1FF8, 0x1FF8, 0x1FF8,
  0x1FF8, 0x1FF8, 0x1FF8, 0x1FF8, 0x1FF8, 0x1FF8, 0x1FF8, 0x1FF8,
  0x1FF8, 0x1FF8, 0x1FF8, 0x1FF8, 0x0000, 0x0000, 0x1FF8, 0x1FF8,
  0x1FF8, 0x1FF8, 0x1FF8, 0x1FF8, 0x1FF8, 0x1FF8, 0x1FF8, 0x1FF8,
  0x1FF8, 0x1FF8, 0x1FF8, 0x1FF8, 0x1FF8, 0x1FF8, 0x1FF8, 0x1FF8,
  0x1FF8, 0x1FF8, 0x1FF8, 0x1FF8, 0x1FF8, 0x1FF8, 0x1FF8, 0x1FF8,
  0x1FF8, 0x1FF8, 0x1FF8, 0x1FF8, 0x1FF8, 0x1FF8, 0x1FF8, 0x1FF8,
  0x1FF8, 0x1FF8, 0x1FF8, 0x1FF8, 0x1FF8, 0x1FF8, 0x1FF8, 0x1FF8,
  0x1FF8, 0x1FF8, 0x1FF8, 0x1FF8, 0x0000, 0x1FF8, 0x1FF8, 0x1FF8,
  0x1FF8, 0x1FF8, 0x1FF8, 0x1FF8, 0x1FF8, 0x1FF8, 0x1FF8, 0x1FF8,
  0x1FF8, 0x1FF8, 0x1FF8, 0x1FF8, 0x1FF8, 0x1FF8, 0x1FF8, 0x1FF8,
  0x1FF8, 0x1FF8,
};
static const shapoco::gfx2d::Texture tex_hair_side_b = {
  shapoco::gfx2d::PixelFormat::RGB565_SWAPPED, 46, 67, 92, tex_hair_side_bData,
};

alignas(4) static const uint16_t tex_hair_back_fData[] = {
  0x1FF8, 0x1FF8, 0x1FF8, 0x1FF8, 0x1FF8, 0x1FF8, 0x1FF8, 0x1FF8,
  0x1FF8, 0x1FF8, 0x1FF8, 0x1FF8, 0x1FF8, 0x1FF8, 0x1FF8, 0x1FF8,
  0x1FF8, 0x1FF8, 0x1FF8, 0x1FF8, 0x1FF8, 0x1FF8, 0x1FF8, 0x1FF8,
  0x1FF8, 0x1FF8, 0x1FF8, 0x1FF8, 0x1FF8, 0x1FF8, 0x1FF8, 0x1FF8,
  0x1FF8, 0x1FF8, 0x1FF8, 0x1FF8, 0x1FF8, 0x1FF8, 0x1FF8, 0x1FF8,
  0x1FF8, 0x1FF8, 0x1FF8, 0x1FF8, 0x1FF8, 0x1FF8, 0x1FF8, 0x1FF8,
  0x1FF8, 0x1FF8, 0x1FF8, 0x1FF8, 0x1FF8, 0x1FF8, 0x1FF8, 0x1FF8,
  0x1FF8, 0x1FF8, 0x1FF8, 0x1FF8, 0x1FF8, 0x1FF8, 0x1FF8, 0x1FF8,
  0x1FF8, 0x1FF8, 0x1FF8, 0x1FF8, 0x1FF8, 0x2000, 0x2008, 0x2008,
  0x0000, 0x0000, 0x0000, 0x1FF8, 0x1FF8, 0x1FF8, 0x1FF8, 0x1FF8,
  0x1FF8, 0x1FF8, 0x1FF8, 0x1FF8, 0x1FF8, 0x1FF8, 0x1FF8, 0x1FF8,
  0x1FF8, 0x1FF8, 0x1FF8, 0x1FF8, 0x1FF8, 0x1FF8, 0x1FF8, 0x1FF8,
  0x1FF8, 0x1FF8, 0x1FF8, 0x1FF8, 0x1FF8, 0x1FF8, 0x1FF8, 0x1FF8,
  0x1FF8, 0x1FF8, 0x1FF8, 0x1FF8, 0x1FF8, 0x1FF8, 0x1FF8, 0x1FF8,
  0x1FF8, 0x1FF8, 0x1FF8, 0x1FF8, 0x2000, 0xE549, 0xEDB4, 0x51EE,
  0xB2FE, 0x92F6, 0x72F6, 0x72F6, 0x72F6, 0x92F6, 0x72F6, 0x31EE,
  0xF0DD, 0x6FCD, 0x0873, 0x2008, 0x1FF8, 0x1FF8, 0x1FF8, 0x1FF8,
  0x1FF8, 0x1FF8, 0x1FF8, 0x1FF8, 0x1FF8, 0x1FF8, 0x1FF8, 0x1FF8,
  0x1FF8, 0x1FF8, 0x1FF8, 0x1FF8, 0x1FF8, 0x1FF8, 0x1FF8, 0x1FF8,
  0x1FF8, 0x1FF8, 0x1FF8, 0x1FF8, 0x1FF8, 0x1FF8, 0x1FF8, 0x1FF8,
  0x1FF8, 0x1FF8, 0x1FF8, 0x1FF8, 0x1FF8, 0x0000, 0xC541, 0x51EE,
  0x72F6, 0x31EE, 0x31EE, 0x31EE, 0x31EE, 0x31EE, 0x31EE, 0x31EE,
  0x31EE, 0x31EE, 0x31EE, 0x31EE, 0x31EE, 0x31EE, 0x31EE, 0x31E6,
  0x92F6, 0xF3FE, 0x8FD5, 0x297B, 0x4331, 0x0000, 0x1FF8, 0x1FF8,
  0x1FF8, 0x1FF8, 0x1FF8, 0x1FF8, 0x1FF8, 0x1FF8, 0x1FF8, 0x1FF8,
  0x1FF8, 0x1FF8, 0x1FF8, 0x1FF8, 0x1FF8, 0x1FF8, 0x1FF8, 0x1FF8,
  0x1FF8, 0x1FF8, 0x1FF8, 0x1FF8, 0x1FF8, 0x1FF8, 0x1FF8, 0x1FF8,
  0x1FF8, 0x1FF8, 0xF0DD, 0x31EE, 0x31EE, 0x31EE, 0x31EE, 0x31EE,
  0x31EE, 0x31EE, 0x31EE, 0x31EE, 0x31EE, 0x31EE, 0x31EE, 0x31EE,
  0x31EE, 0x31EE, 0x31EE, 0x31EE, 0x31EE, 0x31EE, 0x31EE, 0x31E6,
  0x51EE, 0x8FCD, 0x4652, 0x0000, 0x1FF8, 0x1FF8, 0x1FF8, 0x1FF8,
  0x1FF8, 0x1FF8, 0x1FF8, 0x1FF8, 0x1FF8, 0x1FF8, 0x1FF8, 0x1FF8,
  0x1FF8, 0x1FF8, 0x1FF8, 0x1FF8, 0x1FF8, 0x1FF8, 0x1FF8, 0x1FF8,
  0x1FF8, 0x1FF8, 0x1FF8, 0x1FF8, 0x1FF8, 0x0000, 0x51EE, 0x31EE,
  0x31EE, 0x31EE, 0x31EE, 0x31EE, 0x31EE, 0x31EE, 0x31EE, 0x31EE,
  0x31EE, 0x31EE, 0x31EE, 0x31EE, 0x31EE, 0x31EE, 0x31EE, 0x31EE,
  0x31EE, 0x31EE, 0x31EE, 0x31EE, 0x31EE, 0x31EE, 0x31EE, 0xB2FE,
  0x4652, 0x1FF8, 0x1FF8, 0x1FF8, 0x1FF8, 0x1FF8, 0x1FF8, 0x1FF8,
  0x1FF8, 0x1FF8, 0x1FF8, 0x1FF8, 0x1FF8, 0x1FF8, 0x1FF8, 0x1FF8,
  0x1FF8, 0x1FF8, 0x1FF8, 0x1FF8, 0x1FF8, 0x1FF8, 0x1FF8, 0x1FF8,
  0x1FF8, 0xC541, 0x51EE, 0x31EE, 0x31EE, 0x31EE, 0x31EE, 0x31EE,
  0x31EE, 0x31EE, 0x31EE, 0x31EE, 0x31EE, 0x31EE, 0x31EE, 0x31EE,
  0x31EE, 0x31EE, 0x31EE, 0x31EE, 0x31EE, 0x31EE, 0x31EE, 0x31EE,
  0x31EE, 0x31EE, 0x31EE, 0x31EE, 0x31EE, 0x4EC5, 0x0000, 0x1FF8,
  0x1FF8, 0x1FF8, 0x1FF8, 0x1FF8, 0x1FF8, 0x1FF8, 0x1FF8, 0x1FF8,
  0x1FF8, 0x1FF8, 0x1FF8, 0x1FF8, 0x1FF8, 0x1FF8, 0x1FF8, 0x1FF8,
  0x1FF8, 0x1FF8, 0x1FF8, 0x1FF8, 0x1FF8, 0x2EC5, 0x31EE, 0x31EE,
  0x31EE, 0x31EE, 0x31EE, 0x31EE, 0x31EE, 0x31EE, 0x31EE, 0x31EE,
  0x31EE, 0x31EE, 0x31EE, 0x31EE, 0x31EE, 0x31EE, 0x31EE, 0x31EE,
  0x31EE, 0x31EE, 0x31EE, 0x31EE, 0x31EE, 0x31EE, 0x31EE, 0x31EE,
  0x31EE, 0x31EE, 0x11E6, 0x6110, 0x1FF8, 0x1FF8, 0x1FF8, 0x1FF8,
  0x1FF8, 0x1FF8, 0x1FF8, 0x1FF8, 0x1FF8, 0x1FF8, 0x1FF8, 0x1FF8,
  0x1FF8, 0x1FF8, 0x1FF8, 0x1FF8, 0x1FF8, 0x1FF8, 0x1FF8, 0x1FF8,
  0x4108, 0x92F6, 0x31EE, 0x31EE, 0x31EE, 0x31EE, 0x31EE, 0x31EE,
  0x31EE, 0x31EE, 0x31EE, 0x31EE, 0x31EE, 0x31EE, 0x31EE, 0x31EE,
  0x31EE, 0x31EE, 0x31EE, 0x31EE, 0x31EE, 0x31EE, 0x31EE, 0x31EE,
  0x31EE, 0x31EE, 0x31EE, 0x31EE, 0x31EE, 0x31EE, 0x31EE, 0x92F6,
  0x8439, 0x1FF8, 0x1FF8, 0x1FF8, 0x1FF8, 0x1FF8, 0x1FF8, 0x1FF8,
  0x1FF8, 0x1FF8, 0x1FF8, 0x1FF8, 0x1FF8, 0x1FF8, 0x1FF8, 0x1FF8,
  0x1FF8, 0x1FF8, 0x1FF8, 0x1FF8, 0x2B9C, 0x31EE, 0x31EE, 0x31EE,
  0x31EE, 0x31EE, 0x31EE, 0x31EE, 0x31EE, 0x31EE, 0x31EE, 0x31EE,
  0x31EE, 0x31EE, 0x31EE, 0x31EE, 0x31EE, 0x31EE, 0x31EE, 0x31EE,
  0x31EE, 0x31EE, 0x31EE, 0x31EE, 0x31EE, 0x31EE, 0x31EE, 0x31EE,
  0x31EE, 0x31EE, 0x31EE, 0x31EE, 0x72F6, 0x2329, 0x1FF8, 0x1FF8,
  0x1FF8, 0x1FF8, 0x1FF8, 0x1FF8, 0x1FF8, 0x1FF8, 0x1FF8, 0x1FF8,
  0x1FF8, 0x1FF8, 0x1FF8, 0x1FF8, 0x1FF8, 0x1FF8, 0x1FF8, 0x0000,
  0x31E6, 0x31EE, 0x31EE, 0x31EE, 0x31EE, 0x31EE, 0x31EE, 0x31EE,
  0x31EE, 0x31EE, 0x31EE, 0x31EE, 0x31EE, 0x31EE, 0x31EE, 0x31EE,
  0x31EE, 0x31EE, 0x31EE, 0x31EE, 0x31EE, 0x31EE, 0x31EE, 0x31EE,
  0x31EE, 0x31EE, 0x31EE, 0x31EE, 0x31EE, 0x31EE, 0x31EE, 0x31EE,
  0x31E6, 0x31EE, 0xE220, 0x1FF8, 0x1FF8, 0x1FF8, 0x1FF8, 0x1FF8,
  0x1FF8, 0x1FF8, 0x1FF8, 0x1FF8, 0x1FF8, 0x1FF8, 0x1FF8, 0x1FF8,
  0x1FF8, 0x1FF8, 0x1FF8, 0x6983, 0x31EE, 0x31EE, 0x31EE, 0x31EE,
  0x31EE, 0x31EE, 0x31EE, 0x31EE, 0x31EE, 0x31EE, 0x31EE, 0x31EE,
  0x31EE, 0x31EE, 0x31EE, 0x31EE, 0x31EE, 0x31EE, 0x31EE, 0x31EE,
  0x31EE, 0x31EE, 0x31EE, 0x31EE, 0x31EE, 0x31EE, 0x31EE, 0x31EE,
  0x31EE, 0x31EE, 0x31EE, 0x31EE, 0x31EE, 0x31EE, 0x34FF, 0x0000,
  0x1FF8, 0x1FF8, 0x1FF8, 0x1FF8, 0x1FF8, 0x1FF8, 0x1FF8, 0x1FF8,
  0x1FF8, 0x1FF8, 0x1FF8, 0x1FF8, 0x1FF8, 0x1FF8, 0x1FF8, 0x51EE,
  0x31EE, 0x31EE, 0x31EE, 0x31EE, 0x31EE, 0x31EE, 0x31EE, 0x31EE,
  0x31EE, 0x31EE, 0x31EE, 0x31EE, 0x31EE, 0x31EE, 0x31EE, 0x31EE,
  0x31EE, 0x31EE, 0x31EE, 0x31EE, 0x31EE, 0x31EE, 0x31EE, 0x31EE,
  0x31EE, 0x31EE, 0x31EE, 0x31EE, 0x31EE, 0x31EE, 0x31EE, 0x31EE,
  0x31EE, 0x31EE, 0x10E6, 0xF5DE, 0x1FF8, 0x1FF8, 0x1FF8, 0x1FF8,
  0x1FF8, 0x1FF8, 0x1FF8, 0x1FF8, 0x1FF8, 0x1FF8, 0x1FF8, 0x1FF8,
  0x1FF8, 0x1FF8, 0x4331, 0x51EE, 0x31EE, 0x31EE, 0x31EE, 0x31EE,
  0x31EE, 0x31EE, 0x31EE, 0x31EE, 0x31EE, 0x31EE, 0x31EE, 0x31EE,
  0x31EE, 0x31EE, 0x31EE, 0x31EE, 0x31EE, 0x31EE, 0x31EE, 0x31EE,
  0x31EE, 0x31EE, 0x31EE, 0x31EE, 0x31EE, 0x31EE, 0x31EE, 0x31EE,
  0x31EE, 0x31EE, 0x31EE, 0x31EE, 0x31EE, 0x31EE, 0x31E6, 0xD8FF,
  0x8752, 0x1FF8, 0x1FF8, 0x1FF8, 0x1FF8, 0x1FF8, 0x1FF8, 0x1FF8,
  0x1FF8, 0x1FF8, 0x1FF8, 0x1FF8, 0x1FF8, 0x1FF8, 0x2EC5, 0x31EE,
  0x31EE, 0x31EE, 0x31EE, 0x31EE, 0x31EE, 0x31EE, 0x31EE, 0x31EE,
  0x31EE, 0x31EE, 0x31EE, 0x31EE, 0x31EE, 0x31EE, 0x31EE, 0x31EE,
  0x31EE, 0x31EE, 0x31EE, 0x31EE, 0x31EE, 0x31EE, 0x31EE, 0x31EE,
  0x31EE, 0x31EE, 0x31EE, 0x31EE, 0x31EE, 0x31EE, 0x31EE, 0x31EE,
  0x31EE, 0x31EE, 0x31EE, 0x56F7, 0xFAFF, 0x0000, 0x1FF8, 0x1FF8,
  0x1FF8, 0x1FF8, 0x1FF8, 0x1FF8, 0x1FF8, 0x1FF8, 0x1FF8, 0x1FF8,
  0x1FF8, 0x0000, 0x72F6, 0x31EE, 0x31EE, 0x31EE, 0x31EE, 0x31EE,
  0x31EE, 0x31EE, 0x31EE, 0x31EE, 0x31EE, 0x31EE, 0x31EE, 0x31EE,
  0x31EE, 0x31EE, 0x31EE, 0x31EE, 0x31EE, 0x31EE, 0x31EE, 0x31EE,
  0x31EE, 0x31EE, 0x31EE, 0x31EE, 0x31EE, 0x31EE, 0x31EE, 0x31EE,
  0x31EE, 0x31EE, 0x31EE, 0x31EE, 0x31EE, 0x31EE, 0x31EE, 0x56FF,
  0xF8FF, 0x50AD, 0x1FF8, 0x1FF8, 0x1FF8, 0x1FF8, 0x1FF8, 0x1FF8,
  0x1FF8, 0x1FF8, 0x1FF8, 0x1FF8, 0x1FF8, 0x0552, 0x31EE, 0x31EE,
  0x31EE, 0x31EE, 0x31EE, 0x31EE, 0x31EE, 0x31EE, 0x31EE, 0x31EE,
  0x31EE, 0x31EE, 0x31EE, 0x31EE, 0x31EE, 0x31EE, 0x31EE, 0x31EE,
  0x31EE, 0x31EE, 0x31EE, 0x31EE, 0x31EE, 0x31EE, 0x31EE, 0x31EE,
  0x31EE, 0x31EE, 0x31EE, 0x31EE, 0x31EE, 0x31EE, 0x31EE, 0x31EE,
  0x31EE, 0x31EE, 0x31E6, 0x76FF, 0xF8FF, 0xF9FF, 0x4108, 0x1FF8,
  0x1FF8, 0x1FF8, 0x1FF8, 0x1FF8, 0x1FF8, 0x1FF8, 0x1FF8, 0x1FF8,
  0x1FF8, 0x8FD5, 0x31EE, 0x31EE, 0x31EE, 0x31EE, 0x31EE, 0x31EE,
  0x31EE, 0x31EE, 0x31EE, 0x31EE, 0x31EE, 0x31EE, 0x31EE, 0x31EE,
  0x31EE, 0x31EE, 0x31EE, 0x31EE, 0x31EE, 0x31EE, 0x31EE, 0x31EE,
  0x31EE, 0x31EE, 0x31EE, 0x31EE, 0x31EE, 0x31EE, 0x31EE, 0x31EE,
  0x31EE, 0x31EE, 0x31EE, 0x31EE, 0x31EE, 0x31EE, 0x31EE, 0x92EE,
  0xF8FF, 0xF8FF, 0x12C6, 0x1FF8, 0x1FF8, 0x1FF8, 0x1FF8, 0x1FF8,
  0x1FF8, 0x1FF8, 0x1FF8, 0x1FF8, 0xA218, 0x71F6, 0x31EE, 0x31EE,
  0x31EE, 0x31EE, 0x31EE, 0x31EE, 0x31EE, 0x31EE, 0x31EE, 0x31EE,
  0x31EE, 0x31EE, 0x31EE, 0x31EE, 0x31EE, 0x31EE, 0x31EE, 0x31EE,
  0x31EE, 0x31EE, 0x31EE, 0x31EE, 0x31EE, 0x31EE, 0x31EE, 0x31EE,
  0x31EE, 0x31EE, 0x31EE, 0x31EE, 0x31EE, 0x31EE, 0x31EE, 0x31EE,
  0x31EE, 0x31EE, 0x31EE, 0x10E6, 0xF9FF, 0xF8FF, 0xFAFF, 0x0000,
  0x1FF8, 0x1FF8, 0x1FF8, 0x1FF8, 0x1FF8, 0x1FF8, 0x1FF8, 0x1FF8,
  0x6983, 0x31EE, 0x31EE, 0x31EE, 0x31EE, 0x31EE, 0x31EE, 0x31EE,
  0x31EE, 0x31EE, 0x31EE, 0x31EE, 0x31EE, 0x31EE, 0x31EE, 0x31EE,
  0x31EE, 0x31EE, 0x31EE, 0x31EE, 0x31EE, 0x31EE, 0x31EE, 0x31EE,
  0x31EE, 0x31EE, 0x31EE, 0x31EE, 0x31EE, 0x31EE, 0x31EE, 0x31EE,
  0x31EE, 0x31EE, 0x31EE, 0x31EE, 0x31EE, 0x31EE, 0x31EE, 0x31EE,
  0x76FF, 0xF8FF, 0xF8FF, 0xEC7B, 0x1FF8, 0x1FF8, 0x1FF8, 0x1FF8,
  0x1FF8, 0x1FF8, 0x1FF8, 0x1FF8, 0xF3FE, 0x31EE, 0x31EE, 0x31EE,
  0x31EE, 0x31EE, 0x31EE, 0x31EE, 0x31EE, 0x31EE, 0x31EE, 0x31EE,
  0x31EE, 0x31EE, 0x31EE, 0x31EE, 0x31EE, 0x31EE, 0x31EE, 0x31EE,
  0x31EE, 0x31EE, 0x31EE, 0x31EE, 0x31EE, 0x31EE, 0x31EE, 0x31EE,
  0x31EE, 0x31EE, 0x31EE, 0x31EE, 0x31EE, 0x31EE, 0x31EE, 0x31EE,
  0x31EE, 0x31EE, 0x31EE, 0x31EE, 0x10E6, 0xF8FF, 0xF8FF, 0xFAFF,
  0x1FF8, 0x1FF8, 0x1FF8, 0x1FF8, 0x1FF8, 0x1FF8, 0x1FF8, 0x0000,
  0x51EE, 0x31EE, 0x31EE, 0x31EE, 0x31EE, 0x31EE, 0x31EE, 0x31EE,
  0x31EE, 0x31EE, 0x31EE, 0x31EE, 0x31EE, 0x31EE, 0x31EE, 0x31EE,
  0x31EE, 0x31EE, 0x31EE, 0x31EE, 0x31EE, 0x31EE, 0x31EE, 0x31EE,
  0x31EE, 0x31EE, 0x31EE, 0x31EE, 0x31EE, 0x31EE, 0x31EE, 0x31EE,
  0x31EE, 0x31EE, 0x31EE, 0x31EE, 0x31EE, 0x31EE, 0x31EE, 0x31EE,
  0x31EE, 0xD7FF, 0xF8FF, 0xF8FF, 0x0000, 0x1FF8, 0x1FF8, 0x1FF8,
  0x1FF8, 0x1FF8, 0x1FF8, 0x6431, 0x31EE, 0x31EE, 0x31EE, 0x31EE,
  0x31EE, 0x31EE, 0x31EE, 0x31EE, 0x31EE, 0x31EE, 0x31EE, 0x31EE,
  0x31EE, 0x31EE, 0x31EE, 0x31EE, 0x31EE, 0x31EE, 0x31EE, 0x31EE,
  0x31EE, 0x31EE, 0x31EE, 0x31EE, 0x31EE, 0x31EE, 0x31EE, 0x31EE,
  0x31EE, 0x31EE, 0x31EE, 0x31EE, 0x31EE, 0x31EE, 0x31EE, 0x31EE,
  0x31EE, 0x31EE, 0x31EE, 0x31EE, 0x31EE, 0x52EE, 0xF8FF, 0xF8FF,
  0x71AD, 0x1FF8, 0x1FF8, 0x1FF8, 0x1FF8, 0x1FF8, 0x1FF8, 0xADAC,
  0x31EE, 0x31EE, 0x31EE, 0x31EE, 0x31EE, 0x31EE, 0x31EE, 0x31EE,
  0x31EE, 0x31EE, 0x31EE, 0x31EE, 0x31EE, 0x31EE, 0x31EE, 0x31EE,
  0x31EE, 0x31EE, 0x31EE, 0x31EE, 0x31EE, 0x31EE, 0x31EE, 0x31EE,
  0x31EE, 0x31EE, 0x31EE, 0x31EE, 0x31EE, 0x31EE, 0x31EE, 0x31EE,
  0x31EE, 0x31EE, 0x31EE, 0x31EE, 0x31EE, 0x31EE, 0x31EE, 0x31EE,
  0x31EE, 0x31E6, 0xF8FF, 0xF8FF, 0xF9FF, 0x1FF8, 0x1FF8, 0x1FF8,
  0x1FF8, 0x1FF8, 0x1FF8, 0xF0DD, 0x31EE, 0x31EE, 0x31EE, 0x31EE,
  0x31EE, 0x31EE, 0x31EE, 0x31EE, 0x31EE, 0x31EE, 0x31EE, 0x31EE,
  0x31EE, 0x31EE, 0x31EE, 0x31EE, 0x31EE, 0x31EE, 0x31EE, 0x31EE,
  0x31EE, 0x31EE, 0x31EE, 0x31EE, 0x31EE, 0x31EE, 0x31EE, 0x31EE,
  0x31EE, 0x31EE, 0x31EE, 0x31EE, 0x31EE, 0x31EE, 0x31EE, 0x31EE,
  0x31EE, 0x31EE, 0x31EE, 0x31EE, 0x31EE, 0x31EE, 0xD3F6, 0xF8FF,
  0xF8FF, 0x4108, 0x1FF8, 0x1FF8, 0x1FF8, 0x1FF8, 0x0000, 0x51EE,
  0x31EE, 0x31EE, 0x31EE, 0x31EE, 0x31EE, 0x31EE, 0x31EE, 0x31EE,
  0x31EE, 0x31EE, 0x31EE, 0x31EE, 0x31EE, 0x31EE, 0x31EE, 0x31EE,
  0x31EE, 0x31EE, 0x31EE, 0x31EE, 0x31EE, 0x31EE, 0x31EE, 0x31EE,
  0x31EE, 0x31EE, 0x31EE, 0x31EE, 0x31EE, 0x31EE, 0x31EE, 0x31EE,
  0x31EE, 0x31EE, 0x31EE, 0x31EE, 0x31EE, 0x31EE, 0x31EE, 0x31EE,
  0x31EE, 0x31EE, 0x11E6, 0xF8FF, 0xF8FF, 0x30A5, 0x1FF8, 0x1FF8,
  0x1FF8, 0x1FF8, 0xE549, 0x31EE, 0x31EE, 0x31EE, 0x31EE, 0x31EE,
  0x31EE, 0x31EE, 0x31EE, 0x31EE, 0x31EE, 0x31EE, 0x31EE, 0x31EE,
  0x31EE, 0x31EE, 0x31EE, 0x31EE, 0x31EE, 0x31EE, 0x31EE, 0x31EE,
  0x31EE, 0x31EE, 0x31EE, 0x31EE, 0x31EE, 0x31EE, 0x31EE, 0x31EE,
  0x31EE, 0x31EE, 0x31EE, 0x31EE, 0x31EE, 0x31EE, 0x31EE, 0x31EE,
  0x31EE, 0x31EE, 0x31EE, 0x31EE, 0x31EE, 0x31EE, 0x31EE, 0x97FF,
  0xF8FF, 0xF8FF, 0x1FF8, 0x1FF8, 0x1FF8, 0x1FF8, 0xAA8B, 0x31EE,
  0x31EE, 0x31EE, 0x31EE, 0x31EE, 0x31EE, 0x31EE, 0x31EE, 0x31EE,
  0x31EE, 0x31EE, 0x31EE, 0x31EE, 0x31EE, 0x31EE, 0x31EE, 0x31EE,
  0x31EE, 0x31EE, 0x31EE, 0x31EE, 0x31EE, 0x31EE, 0x31EE, 0x31EE,
  0x31EE, 0x31EE, 0x31EE, 0x31EE, 0x31EE, 0x31EE, 0x31EE, 0x31E6,
  0x31EE, 0x31EE, 0x31EE, 0x31EE, 0x31EE, 0x31EE, 0x31EE, 0x31EE,
  0x31EE, 0x31EE, 0x31EE, 0x92EE, 0xF8FF, 0xF9FF, 0x0000, 0x1FF8,
  0x1FF8, 0x1FF8, 0xF0DD, 0x31EE, 0x31EE, 0x31EE, 0x31EE, 0x31EE,
  0x31EE, 0x31EE, 0x31EE, 0x31EE, 0x31EE, 0x31EE, 0x31EE, 0x31EE,
  0x31EE, 0x31EE, 0x31EE, 0x31EE, 0x31EE, 0x31EE, 0x31EE, 0x31EE,
  0x31EE, 0x31EE, 0x31EE, 0x31EE, 0x31EE, 0x31EE, 0x31EE, 0x31EE,
  0x31EE, 0x31EE, 0x31EE, 0x31E6, 0x31EE, 0x31EE, 0x31EE, 0x31EE,
  0x31EE, 0x31EE, 0x31EE, 0x31EE, 0x31EE, 0x31EE, 0x31EE, 0x10E6,
  0xF8FF, 0xF8FF, 0xE318, 0x1FF8, 0x1FF8, 0x1FF8, 0xD2FE, 0x31EE,
  0x31EE, 0x31EE, 0x31EE, 0x31EE, 0x31EE, 0x31EE, 0x31EE, 0x31EE,
  0x31EE, 0x31EE, 0x31EE, 0x31EE, 0x31EE, 0x31EE, 0x31EE, 0x31EE,
  0x31EE, 0x31EE, 0x31EE, 0x31EE, 0x31EE, 0x31EE, 0x31EE, 0x31EE,
  0x31EE, 0x31EE, 0x31EE, 0x31EE, 0x31EE, 0x31EE, 0x51EE, 0x11E6,
  0x31EE, 0x31EE, 0x31EE, 0x31EE, 0x31EE, 0x31EE, 0x31EE, 0x31EE,
  0x31EE, 0x31E6, 0x31EE, 0x11E6, 0xF8FF, 0xF8FF, 0x0963, 0x1FF8,
  0x1FF8, 0x0000, 0x51EE, 0x31EE, 0x31EE, 0x31EE, 0x31EE, 0x31EE,
  0x31EE, 0x31EE, 0x31EE, 0x31EE, 0x31EE, 0x31EE, 0x31EE, 0x31EE,
  0x31EE, 0x31EE, 0x31EE, 0x31EE, 0x31EE, 0x31EE, 0x31EE, 0x31EE,
  0x31EE, 0x31EE, 0x31EE, 0x31EE, 0x31EE, 0x31EE, 0x31EE, 0x31EE,
  0x31EE, 0x31EE, 0x51EE, 0xB0DD, 0x31EE, 0x31EE, 0x31EE, 0x31EE,
  0x31EE, 0x31EE, 0x31EE, 0x31E6, 0x71EE, 0xEED4, 0x2DC4, 0x31EE,
  0xD8FF, 0xF8FF, 0xEF9C, 0x1FF8, 0x1FF8, 0x6110, 0x31E6, 0x31EE,
  0x31EE, 0x31EE, 0x31EE, 0x31EE, 0x31EE, 0x31EE, 0x31EE, 0x31EE,
  0x31EE, 0x31EE, 0x31EE, 0x31EE, 0x31EE, 0x31EE, 0x31EE, 0x31EE,
  0x31EE, 0x31EE, 0x31EE, 0x31EE, 0x31EE, 0x31EE, 0x31EE, 0x31EE,
  0x31EE, 0x31EE, 0x31EE, 0x31EE, 0x31EE, 0x31EE, 0x51EE, 0x2FDD,
  0x31E6, 0x31EE, 0x31EE, 0x31EE, 0x31EE, 0x31EE, 0x31EE, 0xD0E5,
  0x2BB3, 0x6BBB, 0x4BBB, 0x31E6, 0xD3F6, 0xF8FF, 0x53CE, 0x1FF8,
  0x1FF8, 0x665A, 0x31EE, 0x31EE, 0x31EE, 0x31EE, 0x31EE, 0x31EE,
  0x31EE, 0x31EE, 0x31EE, 0x31EE, 0x31EE, 0x31EE, 0x31EE, 0x31EE,
  0x31EE, 0x31EE, 0x31EE, 0x31EE, 0x31EE, 0x31EE, 0x31EE, 0x31EE,
  0x31EE, 0x31EE, 0x31EE, 0x31EE, 0x31EE, 0x31EE, 0x31EE, 0x31EE,
  0x31EE, 0x31EE, 0x31E6, 0xCED4, 0x31E6, 0x31EE, 0x31EE, 0x31EE,
  0x31EE, 0x31EE, 0x71EE, 0x2BB3, 0x6BBB, 0x6BBB, 0x6BBB, 0x2BBB,
  0xF0E5, 0xF8FF, 0x76EF, 0x1FF8, 0x1FF8, 0xEB93, 0x31EE, 0x31EE,
  0x31EE, 0x31EE, 0x31EE, 0x31EE, 0x31EE, 0x31EE, 0x31EE, 0x31EE,
  0x31EE, 0x31EE, 0x31EE, 0x31EE, 0x31EE, 0x31EE, 0x31EE, 0x31EE,
  0x31EE, 0x31EE, 0x31EE, 0x31EE, 0x31EE, 0x31EE, 0x31EE, 0x31EE,
  0x31EE, 0x31EE, 0x31EE, 0x31EE, 0x31EE, 0x31EE, 0xF0E5, 0x4DCC,
  0x31E6, 0x31EE, 0x31EE, 0x31EE, 0x31EE, 0x31EE, 0x0DC4, 0x6BBB,
  0x6BBB, 0x6BBB, 0x6BBB, 0x4BBB, 0x51EE, 0xF8FF, 0xB7F7, 0x1FF8,
  0x1FF8, 0x2EC5, 0x31EE, 0x31EE, 0x31EE, 0x31EE, 0x31EE, 0x31EE,
  0x31EE, 0x31EE, 0x31EE, 0x31EE, 0x31EE, 0x31EE, 0x31EE, 0x31EE,
  0x31EE, 0x31EE, 0x31EE, 0x31EE, 0x31EE, 0x31EE, 0x31EE, 0x31EE,
  0x31EE, 0x31EE, 0x31EE, 0x31EE, 0x31EE, 0x31EE, 0x31EE, 0x31EE,
  0x31EE, 0x31EE, 0xD0E5, 0x6BBB, 0x31EE, 0x31EE, 0x31EE, 0x31EE,
  0x31EE, 0xD0E5, 0x4BBB, 0x6BBB, 0x6BBB, 0x6BBB, 0x6BBB, 0x2BBB,
  0x51EE, 0x96FF, 0x77EF, 0x1FF8, 0x1FF8, 0x8FCD, 0x31EE, 0x31EE,
  0x31EE, 0x31EE, 0x31EE, 0x31EE, 0x31EE, 0x31EE, 0x31EE, 0x31EE,
  0x31EE, 0x31EE, 0x31EE, 0x31EE, 0x31EE, 0x31EE, 0x31EE, 0x31EE,
  0x31EE, 0x31EE, 0x31EE, 0x31EE, 0x31EE, 0x31EE, 0x31EE, 0x31EE,
  0x31EE, 0x31EE, 0x31EE, 0x31EE, 0x31EE, 0x31EE, 0xB0DD, 0x2BBB,
  0x31EE, 0x31EE, 0x31EE, 0x31EE, 0x31EE, 0xACBB, 0x6BBB, 0x6BBB,
  0x6BBB, 0x6BBB, 0x6BBB, 0x4BBB, 0x71EE, 0x51EE, 0x56EF, 0x1FF8,
  0x1FF8, 0xD0DD, 0x31EE, 0x31EE, 0x31EE, 0x31EE, 0x31EE, 0x31EE,
  0x31EE, 0x31EE, 0x31EE, 0x31EE, 0x31EE, 0x31EE, 0x31EE, 0x31EE,
  0x31EE, 0x31EE, 0x31EE, 0x31EE, 0x31EE, 0x31EE, 0x31EE, 0x31EE,
  0x31EE, 0x31EE, 0x31EE, 0x31EE, 0x31EE, 0x31EE, 0x31EE, 0x31EE,
  0x31EE, 0x31EE, 0x2FDD, 0x4BBB, 0x31EE, 0x31EE, 0x31EE, 0x31EE,
  0x11E6, 0x4BBB, 0x6BBB, 0x6BBB, 0x6BBB, 0x6BBB, 0x6BBB, 0xACBB,
  0x51EE, 0x10E6, 0x77EF, 0x1FF8, 0x1FF8, 0x11E6, 0x31EE, 0x31EE,
  0x31EE, 0x31EE, 0x31EE, 0x31EE, 0x31EE, 0x31EE, 0x31EE, 0x31EE,
  0x31EE, 0x31EE, 0x31EE, 0x31EE, 0x31EE, 0x31EE, 0x31EE, 0x31EE,
  0x31EE, 0x31EE, 0x31EE, 0x31EE, 0x31EE, 0x31EE, 0x31EE, 0x31EE,
  0x31EE, 0x31EE, 0x31EE, 0x31EE, 0x31EE, 0x31EE, 0xAECC, 0x4BBB,
  0x51EE, 0x31EE, 0x31EE, 0x31EE, 0xACBB, 0x6BBB, 0x6BBB, 0x6BBB,
  0x6BBB, 0x6BBB, 0x6BBB, 0x8ECC, 0x31EE, 0x31E6, 0x56E7, 0x1FF8,
  0x1FF8, 0x11E6, 0x31EE, 0x31EE, 0x31EE, 0x31EE, 0x31EE, 0x31EE,
  0x31EE, 0x31EE, 0x31EE, 0x31EE, 0x31EE, 0x31EE, 0x31EE, 0x31EE,
  0x31EE, 0x31EE, 0x31EE, 0x31EE, 0x31EE, 0x31EE, 0x31EE, 0x31EE,
  0x31EE, 0x31EE, 0x31EE, 0x31EE, 0x31EE, 0x31EE, 0x31EE, 0x31EE,
  0x31EE, 0x31E6, 0x8CBB, 0x4BBB, 0x51EE, 0x31EE, 0x31EE, 0x92EE,
  0x6BBB, 0x6BBB, 0x6BBB, 0x6BBB, 0x6BBB, 0x6BBB, 0x8CC3, 0xD0DD,
  0x31EE, 0x31EE, 0xD5D6, 0x1FF8, 0x1FF8, 0xD0DD, 0x31EE, 0x31EE,
  0x31EE, 0x31EE, 0x31EE, 0x31EE, 0x31EE, 0x31EE, 0x31EE, 0x31EE,
  0x31EE, 0x31EE, 0x31EE, 0x31EE, 0x31EE, 0x31EE, 0x31EE, 0x31EE,
  0x31EE, 0x31EE, 0x31EE, 0x31EE, 0x31EE, 0x31EE, 0x31EE, 0x31EE,
  0x31EE, 0x31EE, 0x31EE, 0x31EE, 0x31EE, 0x51EE, 0x4BBB, 0xECC3,
  0x51EE, 0x31EE, 0x31EE, 0xCED4, 0x6BBB, 0x6BBB, 0x6BBB, 0x6BBB,
  0x6BBB, 0x6BBB, 0xC661, 0xB2FE, 0x31EE, 0x31EE, 0xEFA4, 0x1FF8,
  0x1FF8, 0x4FCD, 0x31EE, 0x31EE, 0x31EE, 0x31EE, 0x31EE, 0x31EE,
  0x31EE, 0x31EE, 0x31EE, 0x31EE, 0x31EE, 0x31EE, 0x31EE, 0x31EE,
  0x31EE, 0x31EE, 0x31EE, 0x31EE, 0x31EE, 0x31EE, 0x31EE, 0x31EE,
  0x31EE, 0x31EE, 0x31EE, 0x31EE, 0x31EE, 0x31EE, 0x31EE, 0x31EE,
  0x31EE, 0x31EE, 0x31E6, 0x31E6, 0x31EE, 0x31EE, 0x51EE, 0x4BBB,
  0x6BBB, 0x6BBB, 0x6BBB, 0x6BBB, 0x6BBB, 0x8CC3, 0x0000, 0x51EE,
  0x31EE, 0x31EE, 0xE549, 0x1FF8, 0x1FF8, 0xADAC, 0x31EE, 0x31EE,
  0x31EE, 0x31EE, 0x31EE, 0x31EE, 0x31EE, 0x31EE, 0x31EE, 0x31EE,
  0x31EE, 0x31EE, 0x31EE, 0x31EE, 0x31EE, 0x31EE, 0x31EE, 0x31EE,
  0x31EE, 0x31EE, 0x31EE, 0x31EE, 0x31EE, 0x31EE, 0x31EE, 0x31EE,
  0x31EE, 0x31EE, 0x31EE, 0x31EE, 0x31EE, 0x31EE, 0x31E6, 0x31EE,
  0x31EE, 0x31EE, 0xD0E5, 0x4BBB, 0x6BBB, 0x6BBB, 0x6BBB, 0x6BBB,
  0x6BBB, 0xA992, 0x4329, 0x31EE, 0x31EE, 0x31EE, 0x8110, 0x1FF8,
  0x1FF8, 0x2B9C, 0x31E6, 0x31EE, 0x31EE, 0x31EE, 0x31EE, 0x31EE,
  0x31EE, 0x31EE, 0x31EE, 0x31EE, 0x31EE, 0x31EE, 0x31EE, 0x31EE,
  0x31EE, 0x31EE, 0x31EE, 0x31EE, 0x31EE, 0x31EE, 0x31EE, 0x31EE,
  0x31EE, 0x31EE, 0x31EE, 0x31EE, 0x31EE, 0x31EE, 0x31EE, 0x31EE,
  0x31EE, 0x31EE, 0x31EE, 0x31EE, 0x31EE, 0x31E6, 0x4FDD, 0x6BBB,
  0x6BBB, 0x6BBB, 0x6BBB, 0x6BBB, 0x6BBB, 0x4108, 0xCDB4, 0x31EE,
  0x31EE, 0x51EE, 0x2008, 0x1FF8, 0x1FF8, 0xADB4, 0x31EE, 0x31EE,
  0x31EE, 0x31EE, 0x31EE, 0x31EE, 0x31EE, 0x31EE, 0x31EE, 0x31EE,
  0x31EE, 0x31EE, 0x31EE, 0x31EE, 0x31EE, 0x31EE, 0x31EE, 0x31EE,
  0x31EE, 0x31EE, 0x31EE, 0x31EE, 0x31EE, 0x31EE, 0x31EE, 0x31EE,
  0x31EE, 0x31EE, 0x31EE, 0x31EE, 0x31E6, 0x31E6, 0x31E6, 0x31EE,
  0xB0DD, 0x6DCC, 0x4BBB, 0x6BBB, 0x6BBB, 0x6BBB, 0x6BBB, 0x6BBB,
  0x487A, 0x6431, 0x92F6, 0x31EE, 0x31EE, 0xB2FE, 0x2008, 0x1FF8,
  0x1FF8, 0x1FF8, 0xA762, 0x51EE, 0x31EE, 0x31EE, 0x31EE, 0x31EE,
  0x31EE, 0x31EE, 0x31EE, 0x31EE, 0x31EE, 0x31EE, 0x31EE, 0x31EE,
  0x31EE, 0x31EE, 0x31EE, 0x31EE, 0x31EE, 0x31EE, 0x31EE, 0x31EE,
  0x31EE, 0x31EE, 0x31EE, 0x31EE, 0x31EE, 0x31E6, 0x31EE, 0x31EE,
  0x2FDD, 0xACBB, 0x2BBB, 0x6BBB, 0x6BBB, 0x6BBB, 0x6BBB, 0x6BBB,
  0x6BBB, 0x6BBB, 0x6BBB, 0xEDD3, 0x4008, 0x054A, 0x31EE, 0x31EE,
  0x31EE, 0x72F6, 0x1FF8, 0x1FF8, 0x1FF8, 0x1FF8, 0x1FF8, 0x0000,
  0x6FCD, 0x51EE, 0x31EE, 0x31EE, 0x31EE, 0x31EE, 0x31EE, 0x31EE,
  0x31EE, 0x31EE, 0x31EE, 0x31EE, 0x31EE, 0x31EE, 0x31EE, 0x31EE,
  0x31EE, 0x31EE, 0x31EE, 0x31EE, 0x31EE, 0x31EE, 0x31E6, 0x31EE,
  0x51EE, 0x0FD5, 0x4BBB, 0x4BBB, 0x6BBB, 0x6BBB, 0x6BBB, 0x6BBB,
  0x6BBB, 0x6BBB, 0x6BBB, 0x6BBB, 0x6BBB, 0x6BBB, 0x8CC3, 0x0000,
  0xEDBC, 0x31EE, 0x31EE, 0x31EE, 0x31EE, 0xEDB4, 0x1FF8, 0x1FF8,
  0x1FF8, 0x1FF8, 0x1FF8, 0x1FF8, 0x1FF8, 0x8439, 0x8FD5, 0x92F6,
  0x31EE, 0x31EE, 0x31EE, 0x31EE, 0x31EE, 0x31EE, 0x31EE, 0x31EE,
  0x31EE, 0x31EE, 0x31EE, 0x31EE, 0x31EE, 0x31EE, 0x31EE, 0x31E6,
  0x31E6, 0x71EE, 0x4FDD, 0x8CBB, 0x4BBB, 0x6BBB, 0x6BBB, 0x6BBB,
  0x6BBB, 0x6BBB, 0x6BBB, 0x6BBB, 0x6BBB, 0x6BBB, 0x6BBB, 0x6BBB,
  0x6BBB, 0x6CBB, 0x0000, 0x8FD5, 0xA218, 0x71F6, 0x31EE, 0x31EE,
  0x31E6, 0x297B, 0x1FF8, 0x1FF8, 0x1FF8, 0x1FF8, 0x1FF8, 0x1FF8,
  0x1FF8, 0x1FF8, 0x1FF8, 0x0000, 0x0321, 0x2EC5, 0xF0DD, 0x51EE,
  0x31EE, 0x31EE, 0x31EE, 0x31EE, 0x31EE, 0x31EE, 0x31EE, 0x31EE,
  0x31EE, 0x31EE, 0x31E6, 0x31EE, 0x0DC4, 0x4BBB, 0x6BBB, 0x6BBB,
  0x6BBB, 0x6BBB, 0x6BBB, 0x6BBB, 0x6BBB, 0x6BBB, 0x6BBB, 0x6BBB,
  0x6BBB, 0x6BBB, 0x6BBB, 0x6CBB, 0xC99A, 0xC228, 0x2772, 0xB2F6,
  0xAA8B, 0x31EE, 0x31EE, 0x31EE, 0x31EE, 0xE220, 0x1FF8, 0x1FF8,
  0x1FF8, 0x1FF8, 0x1FF8, 0x1FF8, 0x1FF8, 0x1FF8, 0x1FF8, 0x1FF8,
  0x1FF8, 0x1FF8, 0x1FF8, 0x0000, 0x875A, 0xADB4, 0xF3FE, 0x51EE,
  0x31EE, 0x31EE, 0x31EE, 0x31EE, 0x31EE, 0x51EE, 0xCCC3, 0x6BBB,
  0x6BBB, 0x6BBB, 0x6BBB, 0x6BBB, 0x6BBB, 0x6BBB, 0x6BBB, 0x6BBB,
  0x6BBB, 0x6BBB, 0x6BBB, 0x6BBB, 0x6BBB, 0x6BBB, 0x8CC3, 0x8220,
  0xEAA2, 0xE330, 0x8ECC, 0xC541, 0x10E6, 0x31EE, 0x31EE, 0x31EE,
  0x31EE, 0x0000, 0x1FF8, 0x1FF8, 0x1FF8, 0x1FF8, 0x1FF8, 0x1FF8,
  0x1FF8, 0x1FF8, 0x1FF8, 0x1FF8, 0x1FF8, 0x1FF8, 0x1FF8, 0x1FF8,
  0x1FF8, 0x1FF8, 0x1FF8, 0x6110, 0x8762, 0xF0DD, 0x31E6, 0x51EE,
  0xECC3, 0x4BBB, 0x6BBB, 0x6BBB, 0x6BBB, 0x6BBB, 0x6BBB, 0x2BB3,
  0x6BBB, 0x6BBB, 0x6BBB, 0x6BBB, 0x6BBB, 0x6BBB, 0x6BBB, 0x6BBB,
  0x6BBB, 0x0AAB, 0xA220, 0xACCB, 0xA228, 0x6CBB, 0xF0DD, 0x0873,
  0x31EE, 0x31EE, 0x31EE, 0x31EE, 0x11E6, 0x1FF8, 0x1FF8, 0x1FF8,
  0x1FF8, 0x1FF8, 0x1FF8, 0x1FF8, 0x1FF8, 0x1FF8, 0x1FF8, 0x1FF8,
  0x1FF8, 0x1FF8, 0x1FF8, 0x1FF8, 0x1FF8, 0x1FF8, 0x1FF8, 0x1FF8,
  0x1FF8, 0x1FF8, 0xB2F6, 0x6BBB, 0x6BBB, 0x6BBB, 0x6BBB, 0x6BBB,
  0x6BBB, 0x6BBB, 0x6BBB, 0x2441, 0x6BBB, 0x6BBB, 0x6BBB, 0x6BBB,
  0x6BBB, 0x6BBB, 0x6BBB, 0x6BBB, 0x2772, 0xE669, 0x6CBB, 0xC328,
  0xCDCB, 0x2BBB, 0xE220, 0xB2FE, 0x31EE, 0x31EE, 0x31EE, 0x31EE,
  0x11E6, 0x1FF8, 0x1FF8, 0x1FF8, 0x1FF8, 0x1FF8, 0x1FF8, 0x1FF8,
  0x1FF8, 0x1FF8, 0x1FF8, 0x1FF8, 0x1FF8, 0x1FF8, 0x1FF8, 0x1FF8,
  0x1FF8, 0x1FF8, 0x1FF8, 0x1FF8, 0x1FF8, 0x1FF8, 0x6BBB, 0x6BBB,
  0x6BBB, 0x6BBB, 0x6BBB, 0x6BBB, 0x6BBB, 0x6BBB, 0x4BBB, 0x0772,
  0x6BBB, 0x6BBB, 0x6BBB, 0x6BBB, 0x6BBB, 0x6BBB, 0xACCB, 0xE330,
  0x0AAB, 0x6BBB, 0xC661, 0x8CC3, 0x6BBB, 0x4AA3, 0x11E6, 0x31EE,
  0x31EE, 0x31EE, 0x31EE, 0x31EE, 0xAA8B, 0x1FF8, 0x1FF8, 0x1FF8,
  0x1FF8, 0x1FF8, 0x1FF8, 0x1FF8, 0x1FF8, 0x1FF8, 0x1FF8, 0x1FF8,
  0x1FF8, 0x1FF8, 0x1FF8, 0x1FF8, 0x1FF8, 0x1FF8, 0x1FF8, 0x1FF8,
  0x1FF8, 0x1FF8, 0xA992, 0x6BBB, 0x6BBB, 0x6BBB, 0x6BBB, 0x6BBB,
  0x6BBB, 0x6BBB, 0x8CC3, 0xEAA2, 0x6BBB, 0x6BBB, 0x6BBB, 0x6BBB,
  0x6BBB, 0x6BBB, 0x4110, 0x2BB3, 0x6BBB, 0xC99A, 0x6882, 0x6BBB,
  0xACCB, 0xE328, 0x31EE, 0x31EE, 0x31EE, 0x31EE, 0x31EE, 0x31E6,
  0x0221, 0x1FF8, 0x1FF8, 0x1FF8, 0x1FF8, 0x1FF8, 0x1FF8, 0x1FF8,
  0x1FF8, 0x1FF8, 0x1FF8, 0x1FF8, 0x1FF8, 0x1FF8, 0x1FF8, 0x1FF8,
  0x1FF8, 0x1FF8, 0x1FF8, 0x1FF8, 0x1FF8, 0x1FF8, 0x0772, 0x6BBB,
  0x6BBB, 0x6BBB, 0x6BBB, 0x6BBB, 0x6BBB, 0x6BBB, 0x688A, 0xCDD3,
  0x6BBB, 0x6BBB, 0x6BBB, 0x6BBB, 0xACCB, 0x6110, 0xACCB, 0x6BBB,
  0x6BBB, 0xE330, 0x6CBB, 0x6BBB, 0xC669, 0x8FD5, 0x31EE, 0x31EE,
  0x31EE, 0x31EE, 0x31EE, 0x71EE, 0x6110, 0x1FF8, 0x1FF8, 0x1FF8,
  0x1FF8, 0x1FF8, 0x1FF8, 0x1FF8, 0x1FF8, 0x1FF8, 0x1FF8, 0x1FF8,
  0x1FF8, 0x1FF8, 0x1FF8, 0x1FF8, 0x1FF8, 0x1FF8, 0x1FF8, 0x1FF8,
  0x1FF8, 0x1FF8, 0xC661, 0x6BBB, 0x6BBB, 0x6BBB, 0x6BBB, 0x6BBB,
  0x6BBB, 0x6BBB, 0x8118, 0x8CC3, 0x6BBB, 0x6BBB, 0x6BBB, 0xACC3,
  0x8220, 0x6CBB, 0x6BBB, 0x6BBB, 0x4882, 0xCDCB, 0x6BBB, 0x6BBB,
  0xC210, 0x92F6, 0x31E6, 0x31EE, 0x31EE, 0x31EE, 0x31EE, 0xB2FE,
  0x1FF8, 0x1FF8, 0x1FF8, 0x1FF8, 0x1FF8, 0x1FF8, 0x1FF8, 0x1FF8,
  0x1FF8, 0x1FF8, 0x1FF8, 0x1FF8, 0x1FF8, 0x1FF8, 0x1FF8, 0x1FF8,
  0x1FF8, 0x1FF8, 0x1FF8, 0x1FF8, 0x1FF8, 0x1FF8, 0x2441, 0x6BBB,
  0x6BBB, 0x6BBB, 0x6BBB, 0x6BBB, 0x6BBB, 0x8CC3, 0x6118, 0x6BBB,
  0x6BBB, 0x6BBB, 0x6BBB, 0x8220, 0x6CC3, 0x6BBB, 0x6BBB, 0xCDD3,
  0xA659, 0x6BBB, 0x6BBB, 0x4882, 0xEF9C, 0xF8FF, 0x15F7, 0x31EE,
  0x31EE, 0x31EE, 0x31EE, 0xD3FE, 0x1FF8, 0x1FF8, 0x1FF8, 0x1FF8,
  0x1FF8, 0x1FF8, 0x1FF8, 0x1FF8, 0x1FF8, 0x1FF8, 0x1FF8, 0x1FF8,
  0x1FF8, 0x1FF8, 0x1FF8, 0x1FF8, 0x1FF8, 0x1FF8, 0x1FF8, 0x1FF8,
  0x1FF8, 0x1FF8, 0x8220, 0x6BBB, 0x6BBB, 0x6BBB, 0x6BBB, 0x6BBB,
  0x6BBB, 0x6CBB, 0x487A, 0x6BBB, 0x6BBB, 0x6BBB, 0x2439, 0xADCB,
  0x6BBB, 0x6BBB, 0x6BBB, 0x2439, 0x6BBB, 0x6BBB, 0x8CC3, 0x6118,
  0xFBFF, 0xF8FF, 0xF8FF, 0xF9FF, 0xB3EE, 0x10E6, 0x31EE, 0x51EE,
  0x1FF8, 0x1FF8, 0x1FF8, 0x1FF8, 0x1FF8, 0x1FF8, 0x1FF8, 0x1FF8,
  0x1FF8, 0x1FF8, 0x1FF8, 0x1FF8, 0x1FF8, 0x1FF8, 0x1FF8, 0x1FF8,
  0x1FF8, 0x1FF8, 0x1FF8, 0x1FF8, 0x1FF8, 0x1FF8, 0xA228, 0x6BBB,
  0x6BBB, 0x6BBB, 0x6BBB, 0x6BBB, 0x6BBB, 0xA661, 0x2BB3, 0x6BBB,
  0x6BBB, 0x6882, 0x4BB3, 0x6BBB, 0x6BBB, 0x6BBB, 0x8CC3, 0x4441,
  0x6BBB, 0x6BBB, 0xCDCB, 0x0000, 0xF8FF, 0xF8FF, 0xF8FF, 0xF8FF,
  0xF8FF, 0xD8FF, 0xF4F6, 0xAFD5, 0x1FF8, 0x1FF8, 0x1FF8, 0x1FF8,
  0x1FF8, 0x1FF8, 0x1FF8, 0x1FF8, 0x1FF8, 0x1FF8, 0x1FF8, 0x1FF8,
  0x1FF8, 0x1FF8, 0x1FF8, 0x1FF8, 0x1FF8, 0x1FF8, 0x1FF8, 0x1FF8,
  0x1FF8, 0x1FF8, 0xE330, 0x6BBB, 0x6BBB, 0x6BBB, 0x6BBB, 0x6BBB,
  0x6BBB, 0x8220, 0x6CBB, 0x6BBB, 0xEAA2, 0xA228, 0x6BBB, 0x6BBB,
  0x6BBB, 0x6BBB, 0x6882, 0x2BAB, 0x6BBB, 0x6BBB, 0x0772, 0x8210,
  0xF8FF, 0xF8FF, 0xF8FF, 0xF8FF, 0xF8FF, 0xF8FF, 0xF8FF, 0xB7F7,
  0x1FF8, 0x1FF8, 0x1FF8, 0x1FF8, 0x1FF8, 0x1FF8, 0x1FF8, 0x1FF8,
  0x1FF8, 0x1FF8, 0x1FF8, 0x1FF8, 0x1FF8, 0x1FF8, 0x1FF8, 0x1FF8,
  0x1FF8, 0x1FF8, 0x1FF8, 0x1FF8, 0x1FF8, 0x1FF8, 0xC330, 0x6BBB,
  0x6BBB, 0x6BBB, 0x6BBB, 0x6BBB, 0x2BB3, 0x487A, 0x6BBB, 0x6BBB,
  0x0000, 0x6BBB, 0x6BBB, 0x6BBB, 0x6BBB, 0x6BBB, 0x6118, 0x8CC3,
  0x6BBB, 0x6CBB, 0xA220, 0x0329, 0xB7FF, 0xF8FF, 0xF8FF, 0xF8FF,
  0xF8FF, 0xF8FF, 0xF8FF, 0x15DF, 0x1FF8, 0x1FF8, 0x1FF8, 0x1FF8,
  0x1FF8, 0x1FF8, 0x1FF8, 0x1FF8, 0x1FF8, 0x1FF8, 0x1FF8, 0x1FF8,
  0x1FF8, 0x1FF8, 0x1FF8, 0x1FF8, 0x1FF8, 0x1FF8, 0x1FF8, 0x1FF8,
  0x1FF8, 0x1FF8, 0xC330, 0x6BBB, 0x6BBB, 0x6BBB, 0x6BBB, 0x6BBB,
  0x0439, 0xACCB, 0x8CC3, 0x4110, 0x0772, 0x6BBB, 0x6BBB, 0x6BBB,
  0x6BBB, 0x8CC3, 0x6449, 0x6BBB, 0x6BBB, 0x0AAB, 0xE330, 0x2329,
  0x11E6, 0x55F7, 0xF8FF, 0xF8FF, 0xF8FF, 0xF8FF, 0xF8FF, 0x36E7,
  0x1FF8, 0x1FF8, 0x1FF8, 0x1FF8, 0x1FF8, 0x1FF8, 0x1FF8, 0x1FF8,
  0x1FF8, 0x1FF8, 0x1FF8, 0x1FF8, 0x1FF8, 0x1FF8, 0x1FF8, 0x1FF8,
  0x1FF8, 0x1FF8, 0x1FF8, 0x1FF8, 0x1FF8, 0x1FF8, 0x0439, 0x6BBB,
  0x6BBB, 0x6BBB, 0x6BBB, 0xADCB, 0x8551, 0x6BBB, 0xC661, 0x0000,
  0x8CC3, 0x6BBB, 0x6BBB, 0x6BBB, 0x6BBB, 0x4BB3, 0x6BBB, 0x6BBB,
  0x6BBB, 0x277A, 0x8551, 0xA218, 0x31E6, 0x31E6, 0xF4F6, 0xF8FF,
  0xF8FF, 0xF8FF, 0xF8FF, 0xB7F7, 0x1FF8, 0x1FF8, 0x1FF8, 0x1FF8,
  0x1FF8, 0x1FF8, 0x1FF8, 0x1FF8, 0x1FF8, 0x1FF8, 0x1FF8, 0x1FF8,
  0x1FF8, 0x1FF8, 0x1FF8, 0x1FF8, 0x1FF8, 0x1FF8, 0x1FF8, 0x1FF8,
  0x1FF8, 0x1FF8, 0xE669, 0x6BBB, 0x6BBB, 0x6BBB, 0x6BBB, 0xC661,
  0x4BB3, 0xEAA2, 0x0000, 0x2BAB, 0x6BBB, 0x6BBB, 0x6BBB, 0x6BBB,
  0x6BBB, 0x8551, 0x8CC3, 0x6BBB, 0x6BBB, 0x4110, 0xC661, 0x2110,
  0x31EE, 0x31EE, 0x31EE, 0xF4F6, 0xF8FF, 0xF8FF, 0xF8FF, 0xF8FF,
  0x1FF8, 0x1FF8, 0x1FF8, 0x1FF8, 0x1FF8, 0x1FF8, 0x1FF8, 0x1FF8,
  0x1FF8, 0x1FF8, 0x1FF8, 0x1FF8, 0x1FF8, 0x1FF8, 0x1FF8, 0x1FF8,
  0x1FF8, 0x1FF8, 0x1FF8, 0x1FF8, 0x1FF8, 0x1FF8, 0x6BBB, 0x6BBB,
  0x6BBB, 0x6BBB, 0x8CC3, 0x2441, 0x8CC3, 0x0000, 0xC328, 0x6BBB,
  0x6BBB, 0x6BBB, 0x6BBB, 0x6BBB, 0x6BBB, 0x8118, 0x6BBB, 0x6BBB,
  0xACCB, 0xA659, 0x887A, 0x2449, 0x51EE, 0x31EE, 0x31EE, 0x31E6,
  0x15F7, 0xF8FF, 0xF8FF, 0xF9FF, 0x0000, 0x1FF8, 0x1FF8, 0x1FF8,
  0x1FF8, 0x1FF8, 0x1FF8, 0x1FF8, 0x1FF8, 0x1FF8, 0x1FF8, 0x1FF8,
  0x1FF8, 0x1FF8, 0x1FF8, 0x1FF8, 0x1FF8, 0x1FF8, 0x1FF8, 0x1FF8,
  0x1FF8, 0x0000, 0x6BBB, 0x6BBB, 0x6BBB, 0x6BBB, 0xA992, 0x6BBB,
  0x8118, 0x1FF8, 0x0AAB, 0x6BBB, 0x6BBB, 0x6BBB, 0x6BBB, 0x6BBB,
  0x8CC3, 0x6118, 0x6BBB, 0x6BBB, 0xA992, 0x6BBB, 0xC661, 0xEA9A,
  0x51EE, 0x31EE, 0x31EE, 0x31EE, 0x31E6, 0xB7FF, 0xF8FF, 0xF8FF,
  0x0000, 0x1FF8, 0x1FF8, 0x1FF8, 0x1FF8, 0x1FF8, 0x1FF8, 0x1FF8,
  0x1FF8, 0x1FF8, 0x1FF8, 0x1FF8, 0x1FF8, 0x1FF8, 0x1FF8, 0x1FF8,
  0x1FF8, 0x1FF8, 0x1FF8, 0x1FF8, 0x1FF8, 0x6551, 0x6BBB, 0x6BBB,
  0x6BBB, 0x6CBB, 0xE330, 0x6118, 0x1FF8, 0x8218, 0x8CC3, 0x6BBB,
  0x6BBB, 0x6BBB, 0x6BBB, 0x6BBB, 0x8CC3, 0x2441, 0x6BBB, 0x6CBB,
  0xA220, 0x6CBB, 0x2441, 0xACCB, 0xCA8B, 0x31E6, 0x31EE, 0x31EE,
  0x31EE, 0x11E6, 0xD8FF, 0xF8FF, 0x0321, 0x1FF8, 0x1FF8, 0x1FF8,
  0x1FF8, 0x1FF8, 0x1FF8, 0x1FF8, 0x1FF8, 0x1FF8, 0x1FF8, 0x1FF8,
  0x1FF8, 0x1FF8, 0x1FF8, 0x1FF8, 0x1FF8, 0x1FF8, 0x1FF8, 0x1FF8,
  0x1FF8, 0x4BB3, 0x6BBB, 0x6BBB, 0x6BBB, 0x277A, 0x0000, 0x1FF8,
  0x1FF8, 0x2BB3, 0x6BBB, 0x6BBB, 0x6BBB, 0x6BBB, 0x6BBB, 0x6BBB,
  0x0AAB, 0x4449, 0x6BBB, 0x6BBB, 0x8559, 0x6BBB, 0x8218, 0x6BBB,
  0x0008, 0x51EE, 0x31EE, 0x31EE, 0x31EE, 0x31EE, 0x31EE, 0xF9FF,
  0xAB73, 0x1FF8, 0x1FF8, 0x1FF8, 0x1FF8, 0x1FF8, 0x1FF8, 0x1FF8,
  0x1FF8, 0x1FF8, 0x1FF8, 0x1FF8, 0x1FF8, 0x1FF8, 0x1FF8, 0x1FF8,
  0x1FF8, 0x1FF8, 0x1FF8, 0x1FF8, 0xC328, 0x6CBB, 0x6BBB, 0x6CBB,
  0xE669, 0x1FF8, 0x1FF8, 0x1FF8, 0x0000, 0x6BBB, 0x6BBB, 0x6BBB,
  0x6BBB, 0x6BBB, 0x6BBB, 0x6CBB, 0x0000, 0xA559, 0x6BBB, 0xC661,
  0x6CBB, 0x6BBB, 0x4108, 0x4BBB, 0x2AAB, 0x0DBD, 0x31E6, 0x31EE,
  0x31EE, 0x31EE, 0x31E6, 0xD3F6, 0x94D6, 0x1FF8, 0x1FF8, 0x1FF8,
  0x1FF8, 0x1FF8, 0x1FF8, 0x1FF8, 0x1FF8, 0x1FF8, 0x1FF8, 0x1FF8,
  0x1FF8, 0x1FF8, 0x1FF8, 0x1FF8, 0x1FF8, 0x1FF8, 0x1FF8, 0x1FF8,
  0x4BB3, 0x6BBB, 0xACCB, 0x0000, 0x1FF8, 0x1FF8, 0x1FF8, 0x1FF8,
  0xA992, 0x6BBB, 0x6BBB, 0x6BBB, 0x6BBB, 0x6BBB, 0xACC3, 0x0008,
  0x1FF8, 0xC661, 0x8CC3, 0x2439, 0x6BBB, 0x6BBB, 0x0772, 0xAEDC,
  0x6BBB, 0xA220, 0x71F6, 0x31E6, 0x31EE, 0x31EE, 0x31EE, 0x31E6,
  0xF8FF, 0x1FF8, 0x1FF8, 0x1FF8, 0x1FF8, 0x1FF8, 0x1FF8, 0x1FF8,
  0x1FF8, 0x1FF8, 0x1FF8, 0x1FF8, 0x1FF8, 0x1FF8, 0x1FF8, 0x1FF8,
  0x1FF8, 0x1FF8, 0x1FF8, 0x6118, 0x4BB3, 0x4441, 0x1FF8, 0x1FF8,
  0x1FF8, 0x1FF8, 0x1FF8, 0x8118, 0x8CC3, 0x6BBB, 0x6BBB, 0x6BBB,
  0x6BBB, 0xC99A, 0x0000, 0x1FF8, 0x1FF8, 0xC661, 0x4441, 0xACC3,
  0x6BBB, 0x6BBB, 0x6BBB, 0xAA83, 0x6BBB, 0x8CC3, 0xA218, 0x72F6,
  0x31EE, 0x31EE, 0x31EE, 0x31EE, 0x51EE, 0x0000, 0x1FF8, 0x1FF8,
  0x1FF8, 0x1FF8, 0x1FF8, 0x1FF8, 0x1FF8, 0x1FF8, 0x1FF8, 0x1FF8,
  0x1FF8, 0x1FF8, 0x1FF8, 0x1FF8, 0x1FF8, 0x1FF8, 0x0000, 0x0000,
  0x0772, 0x1FF8, 0x1FF8, 0x1FF8, 0x1FF8, 0x1FF8, 0x1FF8, 0x2AAB,
  0x6BBB, 0x6BBB, 0x6BBB, 0x8CC3, 0x6549, 0x1FF8, 0x1FF8, 0x1FF8,
  0x1FF8, 0x477A, 0x476A, 0x6BBB, 0x6BBB, 0x6BBB, 0x6BBB, 0x0000,
  0x72F6, 0x0BB3, 0x2BB3, 0xA441, 0x51EE, 0x31EE, 0x31EE, 0x31EE,
  0x31EE, 0x0329, 0x1FF8, 0x1FF8, 0x1FF8, 0x1FF8, 0x1FF8, 0x1FF8,
  0x1FF8, 0x1FF8, 0x1FF8, 0x1FF8, 0x1FF8, 0x1FF8, 0x1FF8, 0x1FF8,
  0x1FF8, 0x0000, 0x1FF8, 0x1FF8, 0x1FF8, 0x1FF8, 0x1FF8, 0x1FF8,
  0x1FF8, 0x1FF8, 0xA659, 0x6BBB, 0x6BBB, 0x6BBB, 0x0AAB, 0x2008,
  0x1FF8, 0x1FF8, 0x1FF8, 0x1FF8, 0x1FF8, 0x6118, 0x51EE, 0xACBB,
  0x6BBB, 0x6BBB, 0x6BBB, 0x6882, 0x2873, 0x11E6, 0x4BBB, 0x2BB3,
  0x4441, 0x31E6, 0x31E6, 0x31EE, 0x31E6, 0x0B9C, 0x1FF8, 0x1FF8,
  0x1FF8, 0x1FF8, 0x1FF8, 0x1FF8, 0x1FF8, 0x1FF8, 0x1FF8, 0x1FF8,
  0x1FF8, 0x1FF8, 0x1FF8, 0x1FF8, 0x1FF8, 0x1FF8, 0x1FF8, 0x0000,
  0x1FF8, 0x1FF8, 0x1FF8, 0x1FF8, 0x1FF8, 0xA220, 0x6BBB, 0x6CBB,
  0x8CC3, 0xE330, 0x1FF8, 0x1FF8, 0x1FF8, 0x1FF8, 0x1FF8, 0x1FF8,
  0x1FF8, 0x0B9C, 0x31E6, 0xF0E5, 0x6BBB, 0x6BBB, 0x6BBB, 0x4BB3,
  0xA228, 0xF0E5, 0x71EE, 0xECC3, 0xACCB, 0x8CC3, 0x71EE, 0x31EE,
  0x31EE, 0x31E6, 0x1FF8, 0x1FF8, 0x1FF8, 0x1FF8, 0x1FF8, 0x1FF8,
  0x1FF8, 0x1FF8, 0x1FF8, 0x1FF8, 0x1FF8, 0x1FF8, 0x1FF8, 0x1FF8,
  0x1FF8, 0x1FF8, 0x1FF8, 0x1FF8, 0x1FF8, 0x0000, 0x1FF8, 0x1FF8,
  0x6549, 0xEDDB, 0xA992, 0x4110, 0x1FF8, 0x1FF8, 0x1FF8, 0x1FF8,
  0x1FF8, 0x1FF8, 0x1FF8, 0x1FF8, 0x4108, 0x72F6, 0x31EE, 0x31EE,
  0x2BB3, 0x6BBB, 0x6BBB, 0x8CC3, 0x8551, 0xA218, 0x51EE, 0x51EE,
  0x4FDD, 0x2BB3, 0x6DCC, 0x31EE, 0x31EE, 0x72F6, 0x0000, 0x1FF8,
  0x1FF8, 0x1FF8, 0x1FF8, 0x1FF8, 0x1FF8, 0x1FF8, 0x1FF8, 0x1FF8,
  0x1FF8, 0x1FF8, 0x1FF8, 0x1FF8, 0x1FF8, 0x1FF8, 0x1FF8, 0x1FF8,
  0x1FF8, 0x1FF8, 0x0000, 0x0000, 0x0000, 0x1FF8, 0x1FF8, 0x1FF8,
  0x1FF8, 0x1FF8, 0x1FF8, 0x1FF8, 0x1FF8, 0x1FF8, 0x1FF8, 0x1FF8,
  0xEDB4, 0x31EE, 0x31EE, 0xAED4, 0x6BBB, 0x6BBB, 0x6BBB, 0x4BB3,
  0x6118, 0x2BB3, 0xEB93, 0x31E6, 0x31EE, 0x31E6, 0xEDCB, 0x2B9C,
  0x31E6, 0x31EE, 0xE220, 0x1FF8, 0x1FF8, 0x1FF8, 0x1FF8, 0x1FF8,
  0x1FF8, 0x1FF8, 0x1FF8, 0x1FF8, 0x1FF8, 0x1FF8, 0x1FF8, 0x1FF8,
  0x1FF8, 0x1FF8, 0x1FF8, 0x1FF8, 0x1FF8, 0x1FF8, 0x1FF8, 0x1FF8,
  0x1FF8, 0x1FF8, 0x1FF8, 0x1FF8, 0x1FF8, 0x1FF8, 0x1FF8, 0x1FF8,
  0x1FF8, 0x1FF8, 0x1FF8, 0x0000, 0x31E6, 0x31E6, 0x51EE, 0x6BBB,
  0x6BBB, 0x6BBB, 0x6BBB, 0x6882, 0x0000, 0x6BBB, 0xE669, 0x2EC5,
  0x31EE, 0x31EE, 0x31E6, 0x6762, 0x72F6, 0x31E6, 0xE86A, 0x1FF8,
  0x1FF8, 0x1FF8, 0x1FF8, 0x1FF8, 0x1FF8, 0x1FF8, 0x1FF8, 0x1FF8,
  0x1FF8, 0x1FF8, 0x1FF8, 0x1FF8, 0x1FF8, 0x1FF8, 0x1FF8, 0x1FF8,
  0x1FF8, 0x1FF8, 0x1FF8, 0x1FF8, 0x1FF8, 0x1FF8, 0x1FF8, 0x1FF8,
  0x1FF8, 0x1FF8, 0x1FF8, 0x1FF8, 0x1FF8, 0x1FF8, 0x0000, 0x2EC5,
  0x31E6, 0x51EE, 0xACBB, 0x6BBB, 0x6BBB, 0x6BBB, 0xACCB, 0x0000,
  0x0000, 0xCCC3, 0x6CBB, 0xC338, 0x0EBD, 0x31EE, 0x31EE, 0x92F6,
  0x6431, 0x31E6, 0xCDB4, 0x1FF8, 0x1FF8, 0x1FF8, 0x1FF8, 0x1FF8,
  0x1FF8, 0x1FF8, 0x1FF8, 0x1FF8, 0x1FF8, 0x1FF8, 0x1FF8, 0x1FF8,
  0x1FF8, 0x1FF8, 0x1FF8, 0x1FF8, 0x1FF8, 0x1FF8, 0x1FF8, 0x1FF8,
  0x1FF8, 0x1FF8, 0x1FF8, 0x1FF8, 0x1FF8, 0x1FF8, 0x1FF8, 0x1FF8,
  0x1FF8, 0x1FF8, 0x064A, 0x51EE, 0x31EE, 0xEED4, 0x6BBB, 0x6BBB,
  0x6BBB, 0xACCB, 0x8218, 0x1FF8, 0x0000, 0x72F6, 0x4BBB, 0x2BB3,
  0x0000, 0x31EE, 0x31EE, 0x31E6, 0xAA8B, 0x72F6, 0x51EE, 0x1FF8,
  0x1FF8, 0x1FF8, 0x1FF8, 0x1FF8, 0x1FF8, 0x1FF8, 0x1FF8, 0x1FF8,
  0x1FF8, 0x1FF8, 0x1FF8, 0x1FF8, 0x1FF8, 0x1FF8, 0x1FF8, 0x1FF8,
  0x1FF8, 0x1FF8, 0x1FF8, 0x1FF8, 0x1FF8, 0x1FF8, 0x1FF8, 0x1FF8,
  0x1FF8, 0x1FF8, 0x1FF8, 0x1FF8, 0x1FF8, 0x0000, 0xB2FE, 0x31EE,
  0x92EE, 0x4BBB, 0x6BBB, 0x6BBB, 0x6BBB, 0x8220, 0x1FF8, 0x1FF8,
  0x0000, 0x72F6, 0x6FDD, 0x6882, 0x1FF8, 0x0000, 0xF0DD, 0x31E6,
  0xB2FE, 0xE872, 0xB2FE, 0x1FF8, 0x1FF8, 0x1FF8, 0x1FF8, 0x1FF8,
  0x1FF8, 0x1FF8, 0x1FF8, 0x1FF8, 0x1FF8, 0x1FF8, 0x1FF8, 0x1FF8,
  0x1FF8, 0x1FF8, 0x1FF8, 0x1FF8, 0x1FF8, 0x1FF8, 0x1FF8, 0x1FF8,
  0x1FF8, 0x1FF8, 0x1FF8, 0x1FF8, 0x1FF8, 0x1FF8, 0x1FF8, 0x1FF8,
  0x0000, 0xB0D5, 0x31EE, 0x71EE, 0x8CBB, 0x6BBB, 0x6BBB, 0xACCB,
  0x0000, 0x1FF8, 0x1FF8, 0x1FF8, 0xC220, 0x51EE, 0x31EE, 0x0008,
  0x1FF8, 0x1FF8, 0x2008, 0xB2FE, 0x31E6, 0x4008, 0xD2FE, 0x1FF8,
  0x1FF8, 0x1FF8, 0x1FF8, 0x1FF8, 0x1FF8, 0x1FF8, 0x1FF8, 0x1FF8,
  0x1FF8, 0x1FF8, 0x1FF8, 0x1FF8, 0x1FF8, 0x1FF8, 0x1FF8, 0x1FF8,
  0x1FF8, 0x1FF8, 0x1FF8, 0x1FF8, 0x1FF8, 0x1FF8, 0x1FF8, 0x1FF8,
  0x1FF8, 0x1FF8, 0x1FF8, 0x0000, 0x11E6, 0x31E6, 0x31E6, 0x6BBB,
  0x6BBB, 0x6BBB, 0x6882, 0x0000, 0x1FF8, 0x1FF8, 0x1FF8, 0x1FF8,
  0x054A, 0x31E6, 0x72F6, 0x1FF8, 0x1FF8, 0x1FF8, 0x1FF8, 0x497B,
  0x31E6, 0xE86A, 0x33FF, 0x0000, 0x1FF8, 0x1FF8, 0x1FF8, 0x1FF8,
  0x1FF8, 0x1FF8, 0x1FF8, 0x1FF8, 0x1FF8, 0x1FF8, 0x1FF8, 0x1FF8,
  0x1FF8, 0x1FF8, 0x1FF8, 0x1FF8, 0x1FF8, 0x1FF8, 0x1FF8, 0x1FF8,
  0x1FF8, 0x1FF8, 0x1FF8, 0x1FF8, 0x1FF8, 0x1FF8, 0x1FF8, 0x1FF8,
  0xC220, 0x51EE, 0x2BB3, 0x6BBB, 0xCDD3, 0x6118, 0x1FF8, 0x1FF8,
  0x1FF8, 0x1FF8, 0x1FF8, 0x1FF8, 0xCDB4, 0x71EE, 0x0221, 0x1FF8,
  0x1FF8, 0x1FF8, 0x1FF8, 0x0000, 0x51EE, 0x0EBD, 0x13FF, 0x1FF8,
  0x1FF8, 0x1FF8, 0x1FF8, 0x1FF8, 0x1FF8, 0x1FF8, 0x1FF8, 0x1FF8,
  0x1FF8, 0x1FF8, 0x1FF8, 0x1FF8, 0x1FF8, 0x1FF8, 0x1FF8, 0x1FF8,
  0x1FF8, 0x1FF8, 0x1FF8, 0x1FF8, 0x1FF8, 0x1FF8, 0x1FF8, 0x1FF8,
  0x1FF8, 0x1FF8, 0x1FF8, 0x1FF8, 0x1FF8, 0x0000, 0xC99A, 0x6882,
  0x0000, 0x1FF8, 0x1FF8, 0x1FF8, 0x1FF8, 0x1FF8, 0x1FF8, 0x0000,
  0xB2FE, 0x4CA4, 0x1FF8, 0x1FF8, 0x1FF8, 0x1FF8, 0x1FF8, 0x1FF8,
  0x8CAC, 0xAFD5, 0xD0DD, 0x1FF8, 0x1FF8, 0x1FF8, 0x1FF8, 0x1FF8,
  0x1FF8, 0x1FF8, 0x1FF8, 0x1FF8, 0x1FF8, 0x1FF8, 0x1FF8, 0x1FF8,
  0x1FF8, 0x1FF8, 0x1FF8, 0x1FF8, 0x1FF8, 0x1FF8, 0x1FF8, 0x1FF8,
  0x1FF8, 0x1FF8, 0x1FF8, 0x1FF8, 0x1FF8, 0x1FF8, 0x1FF8, 0x1FF8,
  0x1FF8, 0x1FF8, 0x1FF8, 0x1FF8, 0x1FF8, 0x1FF8, 0x1FF8, 0x1FF8,
  0x1FF8, 0x1FF8, 0x1FF8, 0x6110, 0xD0DD, 0x0000, 0x1FF8, 0x1FF8,
  0x1FF8, 0x1FF8, 0x1FF8, 0x1FF8, 0xA218, 0xD0DD, 0x6983, 0x1FF8,
  0x1FF8, 0x1FF8, 0x1FF8, 0x1FF8, 0x1FF8, 0x1FF8, 0x1FF8, 0x1FF8,
  0x1FF8, 0x1FF8, 0x1FF8, 0x1FF8, 0x1FF8, 0x1FF8, 0x1FF8, 0x1FF8,
  0x1FF8, 0x1FF8, 0x1FF8, 0x1FF8, 0x1FF8, 0x1FF8, 0x1FF8, 0x1FF8,
  0x1FF8, 0x1FF8, 0x1FF8, 0x1FF8, 0x1FF8, 0x1FF8, 0x1FF8, 0x1FF8,
  0x1FF8, 0x1FF8, 0x1FF8, 0x1FF8, 0x1FF8, 0x1FF8, 0x1FF8, 0x8FD5,
  0x0000, 0x1FF8, 0x1FF8, 0x1FF8, 0x1FF8, 0x1FF8, 0x1FF8, 0x1FF8,
  0x0000, 0xEDBC, 0x4108, 0x1FF8, 0x1FF8, 0x1FF8, 0x1FF8, 0x1FF8,
  0x1FF8, 0x1FF8, 0x1FF8, 0x1FF8, 0x1FF8, 0x1FF8, 0x1FF8, 0x1FF8,
  0x1FF8, 0x1FF8, 0x1FF8, 0x1FF8, 0x1FF8, 0x1FF8, 0x1FF8, 0x1FF8,
  0x1FF8, 0x1FF8, 0x1FF8, 0x1FF8, 0x1FF8, 0x1FF8, 0x1FF8, 0x1FF8,
  0x1FF8, 0x1FF8, 0x1FF8, 0x1FF8, 0x1FF8, 0x1FF8, 0x1FF8, 0x1FF8,
  0x1FF8, 0x1FF8, 0x4431, 0x0329, 0x1FF8, 0x1FF8, 0x1FF8, 0x1FF8,
  0x1FF8, 0x1FF8, 0x1FF8, 0x1FF8, 0x0000, 0xC541, 0x1FF8, 0x1FF8,
  0x1FF8, 0x1FF8, 0x1FF8, 0x1FF8, 0x1FF8, 0x1FF8, 0x1FF8, 0x1FF8,
  0x1FF8, 0x1FF8, 0x1FF8, 0x1FF8, 0x1FF8, 0x1FF8, 0x1FF8, 0x1FF8,
  0x1FF8, 0x1FF8, 0x1FF8, 0x1FF8, 0x1FF8, 0x1FF8, 0x1FF8, 0x1FF8,
  0x1FF8, 0x1FF8, 0x1FF8, 0x1FF8, 0x1FF8, 0x1FF8, 0x1FF8, 0x1FF8,
  0x1FF8, 0x1FF8, 0x1FF8, 0x1FF8, 0x1FF8, 0x0000, 0x4008, 0x1FF8,
  0x1FF8, 0x1FF8, 0x1FF8, 0x1FF8, 0x1FF8, 0x1FF8, 0x1FF8, 0x1FF8,
  0x4108, 0x2008, 0x1FF8, 0x1FF8, 0x1FF8, 0x1FF8, 0x1FF8, 0x1FF8,
  0x1FF8, 0x1FF8, 0x1FF8, 0x1FF8, 0x1FF8, 0x1FF8, 0x1FF8, 0x1FF8,
  0x1FF8, 0x1FF8, 0x1FF8, 0x1FF8, 0x1FF8, 0x1FF8, 0x1FF8, 0x1FF8,
  0x1FF8, 0x1FF8, 0x1FF8, 0x1FF8, 0x1FF8, 0x1FF8, 0x1FF8, 0x1FF8,
  0x1FF8, 0x1FF8, 0x1FF8, 0x1FF8, 0x1FF8, 0x1FF8, 0x1FF8, 0x1FF8,
  0x0000, 0x1FF8, 0x1FF8, 0x1FF8, 0x1FF8, 0x1FF8, 0x1FF8, 0x1FF8,
  0x1FF8, 0x1FF8, 0x1FF8, 0x1FF8, 0x0000, 0x1FF8, 0x1FF8, 0x1FF8,
  0x1FF8, 0x1FF8, 0x1FF8, 0x1FF8, 0x1FF8, 0x1FF8, 0x1FF8, 0x1FF8,
  0x1FF8, 0x1FF8, 0x1FF8, 0x1FF8, 0x1FF8, 0x1FF8, 0x1FF8, 0x1FF8,
  0x1FF8, 0x1FF8, 0x1FF8, 0x1FF8, 0x1FF8, 0x1FF8, 0x1FF8, 0x1FF8,
  0x1FF8, 0x1FF8, 0x1FF8, 0x1FF8, 0x1FF8, 0x1FF8, 0x1FF8, 0x1FF8,
  0x1FF8, 0x1FF8, 0x1FF8, 0x1FF8, 0x1FF8, 0x1FF8, 0x1FF8, 0x1FF8,
  0x1FF8, 0x1FF8, 0x1FF8, 0x1FF8, 0x1FF8, 0x1FF8, 0x1FF8, 0x1FF8,
  0x0000, 0x1FF8, 0x1FF8, 0x1FF8, 0x1FF8, 0x1FF8, 0x1FF8, 0x1FF8,
  0x1FF8, 0x1FF8, 0x1FF8, 0x1FF8, 0x1FF8, 0x1FF8, 0x1FF8, 0x1FF8,
  0x1FF8, 0x1FF8, 0x1FF8, 0x1FF8, 0x1FF8, 0x1FF8, 0x1FF8, 0x1FF8,
  0x1FF8, 0x1FF8, 0x1FF8, 0x1FF8, 0x1FF8, 0x1FF8, 0x1FF8, 0x1FF8,
  0x1FF8, 0x1FF8, 0x1FF8, 0x1FF8, 0x1FF8, 0x1FF8, 0x1FF8, 0x1FF8,
  0x1FF8, 0x1FF8, 0x1FF8, 0x1FF8, 0x1FF8, 0x1FF8, 0x1FF8, 0x1FF8,
  0x1FF8, 0x1FF8, 0x1FF8, 0x0000, 0x1FF8, 0x1FF8, 0x1FF8, 0x1FF8,
};
static const shapoco::gfx2d::Texture tex_hair_back_f = {
  shapoco::gfx2d::PixelFormat::RGB565_SWAPPED, 52, 90, 104, tex_hair_back_fData,
};

alignas(4) static const uint16_t tex_face_skinData[] = {
  0x1FF8, 0x1FF8, 0x1FF8, 0x1FF8, 0x1FF8, 0x1FF8, 0x1FF8, 0x1FF8,
  0x1FF8, 0x1FF8, 0x1FF8, 0x1FF8, 0x1FF8, 0x1FF8, 0x1FF8, 0x1FF8,
  0xC318, 0xC739, 0x8952, 0x2C6B, 0x6D73, 0xAE7B, 0xCE83, 0x8D7B,
  0xCA62, 0x284A, 0xA639, 0xE320, 0x1FF8, 0x1FF8, 0x1FF8, 0x1FF8,
  0x1FF8, 0x1FF8, 0x1FF8, 0x1FF8, 0x1FF8, 0x1FF8, 0x1FF8, 0x1FF8,
  0x1FF8, 0x1FF8, 0x1FF8, 0x1FF8, 0x1FF8, 0x1FF8, 0x1FF8, 0x1FF8,
  0x1FF8, 0x1FF8, 0x1FF8, 0x1FF8, 0x1FF8, 0x1FF8, 0x1FF8, 0x1FF8,
  0x1FF8, 0x1FF8, 0x1FF8, 0x1FF8, 0x1FF8, 0x1FF8, 0xA639, 0x8D73,
  0x13AD, 0x98DE, 0x5BF7, 0xBDFF, 0xDDFF, 0xDDFF, 0xDDFF, 0xDDFF,
  0xDDFF, 0xBDFF, 0x9CFF, 0x3BF7, 0x98DE, 0xD5C5, 0xB19C, 0x8D7B,
  0x284A, 0x1FF8, 0x1FF8, 0x1FF8, 0x1FF8, 0x1FF8, 0x1FF8, 0x1FF8,
  0x1FF8, 0x1FF8, 0x1FF8, 0x1FF8, 0x1FF8, 0x1FF8, 0x1FF8, 0x1FF8,
  0x1FF8, 0x1FF8, 0x1FF8, 0x1FF8, 0x1FF8, 0x1FF8, 0x1FF8, 0x1FF8,
  0x1FF8, 0x1FF8, 0x1FF8, 0x1FF8, 0x4529, 0xAD73, 0xB5BD, 0x5BF7,
  0xFEFF, 0xFEFF, 0xDDFF, 0x9CFF, 0x7CFF, 0x7CFF, 0x7CFF, 0x7CFF,
  0x7CFF, 0x7CFF, 0x7CFF, 0x9CFF, 0xBCFF, 0xDDFF, 0xFDFF, 0xFEFF,
  0xFEFF, 0x9CFF, 0x57D6, 0x7094, 0xAA5A, 0x1FF8, 0x1FF8, 0x1FF8,
  0x1FF8, 0x1FF8, 0x1FF8, 0x1FF8, 0x1FF8, 0x1FF8, 0x1FF8, 0x1FF8,
  0x1FF8, 0x1FF8, 0x1FF8, 0x1FF8, 0x1FF8, 0x1FF8, 0x1FF8, 0x1FF8,
  0x1FF8, 0x1FF8, 0x1FF8, 0x6531, 0x9194, 0xFAEE, 0xFEFF, 0xFDFF,
  0xBCFF, 0x7CFF, 0x7BFF, 0x7CFF, 0x7CFF, 0x9CFF, 0x9CFF, 0x9CFF,
  0x9CFF, 0x9CFF, 0x9CFF, 0x9CFF, 0x9CFF, 0x7CFF, 0x7CFF, 0x7CFF,
  0x7BFF, 0x7CFF, 0x9CFF, 0xDDFF, 0xFEFF, 0xDDFF, 0x98DE, 0x5094,
  0xA639, 0x1FF8, 0x1FF8, 0x1FF8, 0x1FF8, 0x1FF8, 0x1FF8, 0x1FF8,
  0x1FF8, 0x1FF8, 0x1FF8, 0x1FF8, 0x1FF8, 0x1FF8, 0x1FF8, 0x1FF8,
  0x1FF8, 0x1FF8, 0x1FF8, 0xAA5A, 0xFAE6, 0xFEFF, 0xBCFF, 0x7BFF,
  0x7BFF, 0x7CFF, 0x9CFF, 0x9CFF, 0x9CFF, 0x9CFF, 0x9CFF, 0x9CFF,
  0x9CFF, 0x9CFF, 0x9CFF, 0x9CFF, 0x9CFF, 0x9CFF, 0x9CFF, 0x9CFF,
  0x9CFF, 0x9CFF, 0x9CFF, 0x7CFF, 0x7CFF, 0x7BFF, 0x7CFF, 0xDDFF,
  0xFEFF, 0x3BEF, 0xEF83, 0xA218, 0x1FF8, 0x1FF8, 0x1FF8, 0x1FF8,
  0x1FF8, 0x1FF8, 0x1FF8, 0x1FF8, 0x1FF8, 0x1FF8, 0x1FF8, 0x1FF8,
  0x1FF8, 0x1FF8, 0x1FF8, 0x4C73, 0xDDFF, 0xDDFF, 0x7BFF, 0x7CFF,
  0x9CFF, 0x9CFF, 0x9CFF, 0x9CFF, 0x9CFF, 0x9CFF, 0x9CFF, 0x9CFF,
  0x9CFF, 0x9CFF, 0x9CFF, 0x9CFF, 0x9CFF, 0x9CFF, 0x9CFF, 0x9CFF,
  0x9CFF, 0x9CFF, 0x9CFF, 0x9CFF, 0x9CFF, 0x9CFF, 0x9CFF, 0x9CFF,
  0x7CFF, 0x7BFF, 0xBCFF, 0xFEFF, 0x58D6, 0x8952, 0x1FF8, 0x1FF8,
  0x1FF8, 0x1FF8, 0x1FF8, 0x1FF8, 0x1FF8, 0x1FF8, 0x1FF8, 0x1FF8,
  0x1FF8, 0x1FF8, 0x1FF8, 0x2C6B, 0xDDFF, 0xBCFF, 0x7BFF, 0x9CFF,
  0x9CFF, 0x9CFF, 0x9CFF, 0x9CFF, 0x9CFF, 0x9CFF, 0x9CFF, 0x9CFF,
  0x9CFF, 0x9CFF, 0x9CFF, 0x9CFF, 0x9CFF, 0x9CFF, 0x9CFF, 0x9CFF,
  0x9CFF, 0x9CFF, 0x9CFF, 0x9CFF, 0x9CFF, 0x9CFF, 0x9CFF, 0x9CFF,
  0x9CFF, 0x9CFF, 0x9CFF, 0x7CFF, 0x7BFF, 0xFDFF, 0xBCFF, 0xCE83,
  0x1FF8, 0x1FF8, 0x1FF8, 0x1FF8, 0x1FF8, 0x1FF8, 0x1FF8, 0x1FF8,
  0x1FF8, 0x1FF8, 0x1FF8, 0x895A, 0xBDFF, 0x9CFF, 0x7CFF, 0x9CFF,
  0x9CFF, 0x9CFF, 0x9CFF, 0x9CFF, 0x9CFF, 0x9CFF, 0x9CFF, 0x9CFF,
  0x9CFF, 0x9CFF, 0x9CFF, 0x9CFF, 0x9CFF, 0x9CFF, 0x9CFF, 0x9CFF,
  0x9CFF, 0x9CFF, 0x9CFF, 0x9CFF, 0x9CFF, 0x9CFF, 0x9CFF, 0x9CFF,
  0x9CFF, 0x9CFF, 0x9CFF, 0x9CFF, 0x9CFF, 0x9CFF, 0x7BFF, 0x9CFF,
  0xFEFF, 0xB19C, 0x1FF8, 0x1FF8, 0x1FF8, 0x1FF8, 0x1FF8, 0x1FF8,
  0x1FF8, 0x1FF8, 0x1FF8, 0x4529, 0xFAE6, 0xDDFF, 0x7BFF, 0x9CFF,
  0x9CFF, 0x9CFF, 0x9CFF, 0x9CFF, 0x9CFF, 0x9CFF, 0x9CFF, 0x9CFF,
  0x9CFF, 0x9CFF, 0x9CFF, 0x9CFF, 0x9CFF, 0x9CFF, 0x9CFF, 0x9CFF,
  0x9CFF, 0x9CFF, 0x9CFF, 0x9CFF, 0x9CFF, 0x9CFF, 0x9CFF, 0x9CFF,
  0x9CFF, 0x9CFF, 0x9CFF, 0x9CFF, 0x9CFF, 0x9CFF, 0x9CFF, 0x9CFF,
  0x7CFF, 0x7CFF, 0xFEFF, 0xF2A4, 0x1FF8, 0x1FF8, 0x1FF8, 0x1FF8,
  0x1FF8, 0x1FF8, 0x1FF8, 0x1FF8, 0x54B5, 0xFEFF, 0x7BFF, 0x9CFF,
  0x9CFF, 0x9CFF, 0x9CFF, 0x9CFF, 0x9CFF, 0x9CFF, 0x9CFF, 0x9CFF,
  0x9CFF, 0x9CFF, 0x9CFF, 0x9CFF, 0x9CFF, 0x9CFF, 0x9CFF, 0x9CFF,
  0x9CFF, 0x9CFF, 0x9CFF, 0x9CFF, 0x9CFF, 0x9CFF, 0x9CFF, 0x9CFF,
  0x9CFF, 0x9CFF, 0x9CFF, 0x9CFF, 0x9CFF, 0x9CFF, 0x9CFF, 0x9CFF,
  0x9CFF, 0x9CFF, 0x9CFF, 0x7BFF, 0xFEFF, 0x5094, 0x1FF8, 0x1FF8,
  0x1FF8, 0x1FF8, 0x1FF8, 0x1FF8, 0x0B63, 0xFDFF, 0x7CFF, 0x9CFF,
  0x9CFF, 0x9CFF, 0x9CFF, 0x9CFF, 0x9CFF, 0x9CFF, 0x9CFF, 0x9CFF,
  0x9CFF, 0x9CFF, 0x9CFF, 0x9CFF, 0x9CFF, 0x9CFF, 0x9CFF, 0x9CFF,
  0x9CFF, 0x9CFF, 0x9CFF, 0x9CFF, 0x9CFF, 0x9CFF, 0x9CFF, 0x9CFF,
  0x9CFF, 0x9CFF, 0x9CFF, 0x9CFF, 0x9CFF, 0x9CFF, 0x9CFF, 0x9CFF,
  0x9CFF, 0x9CFF, 0x9CFF, 0x9CFF, 0x7CFF, 0x7CFF, 0xFEFF, 0x0B6B,
  0x1FF8, 0x1FF8, 0x1FF8, 0x1FF8, 0x1FF8, 0x37CE, 0xDDFF, 0x7CFF,
  0x9CFF, 0x9CFF, 0x9CFF, 0x9CFF, 0x9CFF, 0x9CFF, 0x9CFF, 0x9CFF,
  0x9CFF, 0x9CFF, 0x9CFF, 0x9CFF, 0x9CFF, 0x9CFF, 0x9CFF, 0x9CFF,
  0x9CFF, 0x9CFF, 0x9CFF, 0x9CFF, 0x9CFF, 0x9CFF, 0x9CFF, 0x9CFF,
  0x9CFF, 0x9CFF, 0x9CFF, 0x9CFF, 0x9CFF, 0x9CFF, 0x9CFF, 0x9CFF,
  0x9CFF, 0x9CFF, 0x9CFF, 0x9CFF, 0x9CFF, 0x9CFF, 0x7CFF, 0xDDFF,
  0xD9E6, 0xE420, 0x1FF8, 0x1FF8, 0x1FF8, 0xAA5A, 0xDDFF, 0x9CFF,
  0x9CFF, 0x9CFF, 0x9CFF, 0x9CFF, 0x9CFF, 0x9CFF, 0x9CFF, 0x9CFF,
  0x9CFF, 0x9CFF, 0x9CFF, 0x9CFF, 0x9CFF, 0x9CFF, 0x9CFF, 0x9CFF,
  0x9CFF, 0x9CFF, 0x9CFF, 0x9CFF, 0x9CFF, 0x9CFF, 0x9CFF, 0x9CFF,
  0x9CFF, 0x9CFF, 0x9CFF, 0x9CFF, 0x9CFF, 0x9CFF, 0x9CFF, 0x9CFF,
  0x9CFF, 0x9CFF, 0x9CFF, 0x9CFF, 0x9CFF, 0x9CFF, 0x9CFF, 0x9CFF,
  0x7BFF, 0xFEFF, 0xAE7B, 0x1FF8, 0x1FF8, 0x1FF8, 0xD2A4, 0xFEFF,
  0x7BFF, 0x9CFF, 0x9CFF, 0x9CFF, 0x9CFF, 0x9CFF, 0x9CFF, 0x9CFF,
  0x9CFF, 0x9CFF, 0x9CFF, 0x9CFF, 0x9CFF, 0x9CFF, 0x9CFF, 0x9CFF,
  0x9CFF, 0x9CFF, 0x9CFF, 0x9CFF, 0x9CFF, 0x9CFF, 0x9CFF, 0x9CFF,
  0x9CFF, 0x9CFF, 0x9CFF, 0x9CFF, 0x9CFF, 0x9CFF, 0x9CFF, 0x9CFF,
  0x9CFF, 0x9CFF, 0x9CFF, 0x9CFF, 0x9CFF, 0x9CFF, 0x9CFF, 0x9CFF,
  0x9CFF, 0x7CFF, 0xDDFF, 0xB9DE, 0x1FF8, 0x1FF8, 0xE320, 0xB9E6,
  0xDDFF, 0x7CFF, 0x9CFF, 0x9CFF, 0x9CFF, 0x9CFF, 0x9CFF, 0x9CFF,
  0x9CFF, 0x9CFF, 0x9CFF, 0x9CFF, 0x9CFF, 0x9CFF, 0x9CFF, 0x9CFF,
  0x9CFF, 0x9CFF, 0x9CFF, 0x9CFF, 0x9CFF, 0x9CFF, 0x9CFF, 0x9CFF,
  0x9CFF, 0x9CFF, 0x9CFF, 0x9CFF, 0x9CFF, 0x9CFF, 0x9CFF, 0x9CFF,
  0x9CFF, 0x9CFF, 0x9CFF, 0x9CFF, 0x9CFF, 0x9CFF, 0x9CFF, 0x9CFF,
  0x9CFF, 0x9CFF, 0x9CFF, 0x7CFF, 0xFDFF, 0x2B6B, 0x1FF8, 0x284A,
  0x9CFF, 0x9CFF, 0x9CFF, 0x9CFF, 0x9CFF, 0x9CFF, 0x9CFF, 0x9CFF,
  0x9CFF, 0x9CFF, 0x9CFF, 0x9CFF, 0x9CFF, 0x9CFF, 0x9CFF, 0x9CFF,
  0x9CFF, 0x9CFF, 0x9CFF, 0x9CFF, 0x9CFF, 0x9CFF, 0x9CFF, 0x9CFF,
  0x9CFF, 0x9CFF, 0x9CFF, 0x9CFF, 0x9CFF, 0x9CFF, 0x9CFF, 0x9CFF,
  0x9CFF, 0x9CFF, 0x9CFF, 0x9CFF, 0x9CFF, 0x9CFF, 0x9CFF, 0x9CFF,
  0x9CFF, 0x9CFF, 0x9CFF, 0x9CFF, 0x7BFF, 0xFEFF, 0x33B5, 0x1FF8,
  0xCA62, 0xBDFF, 0x7CFF, 0x9CFF, 0x9CFF, 0x9CFF, 0x9CFF, 0x9CFF,
  0x9CFF, 0x9CFF, 0x9CFF, 0x9CFF, 0x9CFF, 0x9CFF, 0x9CFF, 0x9CFF,
  0x9CFF, 0x9CFF, 0x9CFF, 0x9CFF, 0x9CFF, 0x9CFF, 0x9CFF, 0x9CFF,
  0x9CFF, 0x9CFF, 0x9CFF, 0x9CFF, 0x9CFF, 0x9CFF, 0x9CFF, 0x9CFF,
  0x9CFF, 0x9CFF, 0x9CFF, 0x9CFF, 0x9CFF, 0x9CFF, 0x9CFF, 0x9CFF,
  0x9CFF, 0x9CFF, 0x9CFF, 0x9CFF, 0x9CFF, 0x7CFF, 0xDDFF, 0xD9E6,
  0x4429, 0x8D7B, 0xDDFF, 0x7CFF, 0x9CFF, 0x9CFF, 0x9CFF, 0x9CFF,
  0x9CFF, 0x9CFF, 0x9CFF, 0x9CFF, 0x9CFF, 0x9CFF, 0x9CFF, 0x9CFF,
  0x9CFF, 0x9CFF, 0x9CFF, 0x9CFF, 0x9CFF, 0x9CFF, 0x9CFF, 0x9CFF,
  0x9CFF, 0x9CFF, 0x9CFF, 0x9CFF, 0x9CFF, 0x9CFF, 0x9CFF, 0x9CFF,
  0x9CFF, 0x9CFF, 0x9CFF, 0x9CFF, 0x9CFF, 0x9CFF, 0x9CFF, 0x9CFF,
  0x9CFF, 0x9CFF, 0x9CFF, 0x9CFF, 0x9CFF, 0x9CFF, 0x9CFF, 0x9CFF,
  0x9CFF, 0x6952, 0x8D73, 0xDDFF, 0x7CFF, 0x9CFF, 0x9CFF, 0x9CFF,
  0x9CFF, 0x9CFF, 0x9CFF, 0x9CFF, 0x9CFF, 0x9CFF, 0x9CFF, 0x9CFF,
  0x9CFF, 0x9CFF, 0x9CFF, 0x9CFF, 0x9CFF, 0x9CFF, 0x9CFF, 0x9CFF,
  0x9CFF, 0x9CFF, 0x9CFF, 0x9CFF, 0x9CFF, 0x9CFF, 0x9CFF, 0x9CFF,
  0x9CFF, 0x9CFF, 0x9CFF, 0x9CFF, 0x9CFF, 0x9CFF, 0x9CFF, 0x9CFF,
  0x9CFF, 0x9CFF, 0x9CFF, 0x9CFF, 0x9CFF, 0x9CFF, 0x9CFF, 0x9CFF,
  0x7CFF, 0xDDFF, 0x2C6B, 0xAA5A, 0xBDFF, 0x7CFF, 0x9CFF, 0x9CFF,
  0x9CFF, 0x9CFF, 0x9CFF, 0x9CFF, 0x9CFF, 0x9CFF, 0x9CFF, 0x9CFF,
  0x9CFF, 0x9CFF, 0x9CFF, 0x9CFF, 0x9CFF, 0x9CFF, 0x9CFF, 0x9CFF,
  0x9CFF, 0x9CFF, 0x9CFF, 0x9CFF, 0x9CFF, 0x9CFF, 0x9CFF, 0x9CFF,
  0x9CFF, 0x9CFF, 0x9CFF, 0x9CFF, 0x9CFF, 0x9CFF, 0x9CFF, 0x9CFF,
  0x9CFF, 0x9CFF, 0x9CFF, 0x9CFF, 0x9CFF, 0x9CFF, 0x9CFF, 0x9CFF,
  0x9CFF, 0x7CFF, 0xDDFF, 0xAE7B, 0xE741, 0x5BF7, 0x9CFF, 0x7CFF,
  0x9CFF, 0x9CFF, 0x9CFF, 0x9CFF, 0x9CFF, 0x9CFF, 0x9CFF, 0x9CFF,
  0x9CFF, 0x9CFF, 0x9CFF, 0x9CFF, 0x9CFF, 0x9CFF, 0x9CFF, 0x9CFF,
  0x9CFF, 0x9CFF, 0x9CFF, 0x9CFF, 0x9CFF, 0x9CFF, 0x9CFF, 0x9CFF,
  0x9CFF, 0x9CFF, 0x9CFF, 0x9CFF, 0x9CFF, 0x9CFF, 0x9CFF, 0x9CFF,
  0x9CFF, 0x9CFF, 0x9CFF, 0x9CFF, 0x9CFF, 0x9CFF, 0x9CFF, 0x9CFF,
  0x9CFF, 0x9CFF, 0x7CFF, 0xDDFF, 0xEF83, 0x0421, 0xB9DE, 0xDDFF,
  0x7CFF, 0x9CFF, 0x9CFF, 0x9CFF, 0x9CFF, 0x9CFF, 0x9CFF, 0x9CFF,
  0x9CFF, 0x9CFF, 0x9CFF, 0x9CFF, 0x9CFF, 0x9CFF, 0x9CFF, 0x9CFF,
  0x9CFF, 0x9CFF, 0x9CFF, 0x9CFF, 0x9CFF, 0x9CFF, 0x9CFF, 0x9CFF,
  0x9CFF, 0x9CFF, 0x9CFF, 0x9CFF, 0x9CFF, 0x9CFF, 0x9CFF, 0x9CFF,
  0x9CFF, 0x9CFF, 0x9CFF, 0x9CFF, 0x9CFF, 0x9CFF, 0x9CFF, 0x9CFF,
  0x9CFF, 0x9CFF, 0x9CFF, 0x7CFF, 0xDDFF, 0x2F8C, 0x1FF8, 0xD2A4,
  0xFEFF, 0x7BFF, 0x9CFF, 0x9CFF, 0x9CFF, 0x9CFF, 0x9CFF, 0x9CFF,
  0x9CFF, 0x9CFF, 0x9CFF, 0x9CFF, 0x9CFF, 0x9CFF, 0x9CFF, 0x9CFF,
  0x9CFF, 0x9CFF, 0x9CFF, 0x9CFF, 0x9CFF, 0x9CFF, 0x9CFF, 0x9CFF,
  0x9CFF, 0x9CFF, 0x9CFF, 0x9CFF, 0x9CFF, 0x9CFF, 0x9CFF, 0x9CFF,
  0x9CFF, 0x9CFF, 0x9CFF, 0x9CFF, 0x9CFF, 0x9CFF, 0x9CFF, 0x9CFF,
  0x9CFF, 0x9CFF, 0x9CFF, 0x9CFF, 0x7CFF, 0xDDFF, 0x2F8C, 0x1FF8,
  0x2C6B, 0xFDFF, 0x7CFF, 0x9CFF, 0x9CFF, 0x9CFF, 0x9CFF, 0x9CFF,
  0x9CFF, 0x9CFF, 0x9CFF, 0x9CFF, 0x9CFF, 0x9CFF, 0x9CFF, 0x9CFF,
  0x9CFF, 0x9CFF, 0x9CFF, 0x9CFF, 0x9CFF, 0x9CFF, 0x9CFF, 0x9CFF,
  0x9CFF, 0x9CFF, 0x9CFF, 0x9CFF, 0x9CFF, 0x9CFF, 0x9CFF, 0x9CFF,
  0x9CFF, 0x9CFF, 0x9CFF, 0x9CFF, 0x9CFF, 0x9CFF, 0x9CFF, 0x9CFF,
  0x9CFF, 0x9CFF, 0x9CFF, 0x9CFF, 0x9CFF, 0x7CFF, 0xDDFF, 0xCE83,
  0x1FF8, 0xC741, 0x7BF7, 0xBCFF, 0x7CFF, 0x9CFF, 0x9CFF, 0x9CFF,
  0x9CFF, 0x9CFF, 0x9CFF, 0x9CFF, 0x9CFF, 0x9CFF, 0x9CFF, 0x9CFF,
  0x9CFF, 0x9CFF, 0x9CFF, 0x9CFF, 0x9CFF, 0x9CFF, 0x9CFF, 0x9CFF,
  0x9CFF, 0x9CFF, 0x9CFF, 0x9CFF, 0x9CFF, 0x9CFF, 0x9CFF, 0x9CFF,
  0x9CFF, 0x9CFF, 0x9CFF, 0x9CFF, 0x9CFF, 0x9CFF, 0x9CFF, 0x9CFF,
  0x9CFF, 0x9CFF, 0x9CFF, 0x9CFF, 0x9CFF, 0x9CFF, 0x9CFF, 0xBDFF,
  0xEB62, 0x1FF8, 0x1FF8, 0x98DE, 0xDDFF, 0x7CFF, 0x9CFF, 0x9CFF,
  0x9CFF, 0x9CFF, 0x9CFF, 0x9CFF, 0x9CFF, 0x9CFF, 0x9CFF, 0x9CFF,
  0x9CFF, 0x9CFF, 0x9CFF, 0x9CFF, 0x9CFF, 0x9CFF, 0x9CFF, 0x9CFF,
  0x9CFF, 0x9CFF, 0x9CFF, 0x9CFF, 0x9CFF, 0x9CFF, 0x9CFF, 0x9CFF,
  0x9CFF, 0x9CFF, 0x9CFF, 0x9CFF, 0x9CFF, 0x9CFF, 0x9CFF, 0x9CFF,
  0x9CFF, 0x9CFF, 0x9CFF, 0x9CFF, 0x9CFF, 0x9CFF, 0x7CFF, 0xBCFF,
  0x3BF7, 0xC739, 0x1FF8, 0x1FF8, 0xB5C5, 0xFDFF, 0x7BFF, 0x9CFF,
  0x9CFF, 0x9CFF, 0x9CFF, 0x9CFF, 0x9CFF, 0x9CFF, 0x9CFF, 0x9CFF,
  0x9CFF, 0x9CFF, 0x9CFF, 0x9CFF, 0x9CFF, 0x9CFF, 0x9CFF, 0x9CFF,
  0x9CFF, 0x9CFF, 0x9CFF, 0x9CFF, 0x9CFF, 0x9CFF, 0x9CFF, 0x9CFF,
  0x9CFF, 0x9CFF, 0x9CFF, 0x9CFF, 0x9CFF, 0x9CFF, 0x9CFF, 0x9CFF,
  0x9CFF, 0x9CFF, 0x9CFF, 0x9CFF, 0x9CFF, 0x9CFF, 0x9CFF, 0x7CFF,
  0xDDFF, 0x37D6, 0x1FF8, 0x1FF8, 0x1FF8, 0x13AD, 0xFEFF, 0x7BFF,
  0x9CFF, 0x9CFF, 0x9CFF, 0x9CFF, 0x9CFF, 0x9CFF, 0x9CFF, 0x9CFF,
  0x9CFF, 0x9CFF, 0x9CFF, 0x9CFF, 0x9CFF, 0x9CFF, 0x9CFF, 0x9CFF,
  0x9CFF, 0x9CFF, 0x9CFF, 0x9CFF, 0x9CFF, 0x9CFF, 0x9CFF, 0x9CFF,
  0x9CFF, 0x9CFF, 0x9CFF, 0x9CFF, 0x9CFF, 0x9CFF, 0x9CFF, 0x9CFF,
  0x9CFF, 0x9CFF, 0x9CFF, 0x9CFF, 0x9CFF, 0x9CFF, 0x9CFF, 0x9CFF,
  0x7BFF, 0xFEFF, 0xD2A4, 0x1FF8, 0x1FF8, 0x1FF8, 0xD2A4, 0xFEFF,
  0x7BFF, 0x9CFF, 0x9CFF, 0x9CFF, 0x9CFF, 0x9CFF, 0x9CFF, 0x9CFF,
  0x9CFF, 0x9CFF, 0x9CFF, 0x9CFF, 0x9CFF, 0x9CFF, 0x9CFF, 0x9CFF,
  0x9CFF, 0x9CFF, 0x9CFF, 0x9CFF, 0x9CFF, 0x9CFF, 0x9CFF, 0x9CFF,
  0x9CFF, 0x9CFF, 0x9CFF, 0x9CFF, 0x9CFF, 0x9CFF, 0x9CFF, 0x9CFF,
  0x9CFF, 0x9CFF, 0x9CFF, 0x9CFF, 0x9CFF, 0x9CFF, 0x9CFF, 0x9CFF,
  0x9CFF, 0x7CFF, 0xFDFF, 0x4C73, 0x1FF8, 0x1FF8, 0x1FF8, 0xD2A4,
  0xFEFF, 0x7BFF, 0x9CFF, 0x9CFF, 0x9CFF, 0x9CFF, 0x9CFF, 0x9CFF,
  0x9CFF, 0x9CFF, 0x9CFF, 0x9CFF, 0x9CFF, 0x9CFF, 0x9CFF, 0x9CFF,
  0x9CFF, 0x9CFF, 0x9CFF, 0x9CFF, 0x9CFF, 0x9CFF, 0x9CFF, 0x9CFF,
  0x9CFF, 0x9CFF, 0x9CFF, 0x9CFF, 0x9CFF, 0x9CFF, 0x9CFF, 0x9CFF,
  0x9CFF, 0x9CFF, 0x9CFF, 0x9CFF, 0x9CFF, 0x9CFF, 0x9CFF, 0x9CFF,
  0x9CFF, 0x7CFF, 0xBCFF, 0x5BF7, 0xA639, 0x1FF8, 0x1FF8, 0x1FF8,
  0x12AD, 0xFEFF, 0x7BFF, 0x9CFF, 0x9CFF, 0x9CFF, 0x9CFF, 0x9CFF,
  0x9CFF, 0x9CFF, 0x9CFF, 0x9CFF, 0x9CFF, 0x9CFF, 0x9CFF, 0x9CFF,
  0x9CFF, 0x9CFF, 0x9CFF, 0x9CFF, 0x9CFF, 0x9CFF, 0x9CFF, 0x9CFF,
  0x9CFF, 0x9CFF, 0x9CFF, 0x9CFF, 0x9CFF, 0x9CFF, 0x9CFF, 0x9CFF,
  0x9CFF, 0x9CFF, 0x9CFF, 0x9CFF, 0x9CFF, 0x9CFF, 0x9CFF, 0x9CFF,
  0x9CFF, 0x9CFF, 0x7BFF, 0xFDFF, 0xF6C5, 0x1FF8, 0x1FF8, 0x1FF8,
  0x1FF8, 0x53B5, 0xFDFF, 0x7BFF, 0x7CFF, 0x7CFF, 0x7CFF, 0x9CFF,
  0x9CFF, 0x9CFF, 0x9CFF, 0x9CFF, 0x9CFF, 0x9CFF, 0x9CFF, 0x9CFF,
  0x9CFF, 0x9CFF, 0x9CFF, 0x9CFF, 0x9CFF, 0x9CFF, 0x9CFF, 0x9CFF,
  0x9CFF, 0x9CFF, 0x9CFF, 0x9CFF, 0x9CFF, 0x9CFF, 0x9CFF, 0x9CFF,
  0x9CFF, 0x9CFF, 0x9CFF, 0x9CFF, 0x9CFF, 0x9CFF, 0x9CFF, 0x9CFF,
  0x9CFF, 0x9CFF, 0x9CFF, 0x7BFF, 0xFEFF, 0xEF83, 0x1FF8, 0x1FF8,
  0x1FF8, 0x1FF8, 0xB5C5, 0xDDFF, 0x5BFF, 0x7BFF, 0x7BFF, 0x7BFF,
  0x7CFF, 0x7CFF, 0x7CFF, 0x9CFF, 0x9CFF, 0x9CFF, 0x9CFF, 0x9CFF,
  0x9CFF, 0x9CFF, 0x9CFF, 0x9CFF, 0x9CFF, 0x9CFF, 0x9CFF, 0x9CFF,
  0x9CFF, 0x9CFF, 0x9CFF, 0x9CFF, 0x9CFF, 0x9CFF, 0x9CFF, 0x9CFF,
  0x9CFF, 0x9CFF, 0x9CFF, 0x9CFF, 0x9CFF, 0x9CFF, 0x9CFF, 0x9CFF,
  0x9CFF, 0x9CFF, 0x9CFF, 0x7CFF, 0xBCFF, 0x7BF7, 0xC739, 0x1FF8,
  0x1FF8, 0x1FF8, 0x1FF8, 0x78E6, 0x9CFF, 0x3BFF, 0x5BFF, 0x5BFF,
  0x5BFF, 0x7BFF, 0x7BFF, 0x7CFF, 0x7CFF, 0x9CFF, 0x9CFF, 0x9CFF,
  0x9CFF, 0x9CFF, 0x9CFF, 0x9CFF, 0x9CFF, 0x9CFF, 0x9CFF, 0x9CFF,
  0x9CFF, 0x9CFF, 0x9CFF, 0x9CFF, 0x9CFF, 0x9CFF, 0x9CFF, 0x9CFF,
  0x9CFF, 0x9CFF, 0x9CFF, 0x9CFF, 0x9CFF, 0x9CFF, 0x9CFF, 0x9CFF,
  0x9CFF, 0x9CFF, 0x9CFF, 0x9CFF, 0x7BFF, 0xFEFF, 0xF2A4, 0x1FF8,
  0x1FF8, 0x1FF8, 0x1FF8, 0x074A, 0x3BFF, 0x3BFF, 0x3AFF, 0x3AFF,
  0x3BFF, 0x3BFF, 0x5BFF, 0x5BFF, 0x7BFF, 0x7CFF, 0x7CFF, 0x9CFF,
  0x9CFF, 0x9CFF, 0x9CFF, 0x9CFF, 0x9CFF, 0x9CFF, 0x9CFF, 0x9CFF,
  0x9CFF, 0x9CFF, 0x9CFF, 0x9CFF, 0x9CFF, 0x7CFF, 0x7CFF, 0x7CFF,
  0x7BFF, 0x7BFF, 0x7BFF, 0x7CFF, 0x7CFF, 0x7CFF, 0x9CFF, 0x9CFF,
  0x7CFF, 0x7CFF, 0x7CFF, 0x7CFF, 0x7CFF, 0x9CFF, 0x5BF7, 0xA639,
  0x1FF8, 0x1FF8, 0x1FF8, 0x1FF8, 0x4C7B, 0x1AFF, 0x78FE, 0x99FE,
  0x1AFF, 0x1AFF, 0x1AFF, 0x3BFF, 0x5BFF, 0x5BFF, 0x7BFF, 0x7CFF,
  0x7CFF, 0x9CFF, 0x9CFF, 0x9CFF, 0x9CFF, 0x9CFF, 0x9CFF, 0x9CFF,
  0x9CFF, 0x9CFF, 0x9CFF, 0x9CFF, 0x7CFF, 0x7CFF, 0x7CFF, 0x7BFF,
  0x5BFF, 0x5BFF, 0x5BFF, 0x5BFF, 0x5BFF, 0x7BFF, 0x7BFF, 0x7CFF,
  0x7BFF, 0x7BFF, 0x7BFF, 0x7CFF, 0x7CFF, 0x5BFF, 0xFEFF, 0xCE83,
  0x1FF8, 0x1FF8, 0x1FF8, 0x1FF8, 0x1FF8, 0x13B5, 0xDAFE, 0x37FE,
  0x37FE, 0xB9FE, 0xFAFE, 0xFAFE, 0x1AFF, 0x3BFF, 0x5BFF, 0x7BFF,
  0x7CFF, 0x7CFF, 0x9CFF, 0x9CFF, 0x9CFF, 0x9CFF, 0x9CFF, 0x9CFF,
  0x9CFF, 0x9CFF, 0x9CFF, 0x9CFF, 0x9CFF, 0x7CFF, 0x7BFF, 0x5BFF,
  0x5BFF, 0x3BFF, 0x3BFF, 0x3BFF, 0x3BFF, 0x3BFF, 0x5BFF, 0x5BFF,
  0x5BFF, 0x5BFF, 0x5BFF, 0x5BFF, 0x5BFF, 0x5BFF, 0xFDFF, 0xD5C5,
  0x1FF8, 0x1FF8, 0x1FF8, 0x1FF8, 0x1FF8, 0x1FF8, 0x54C5, 0x3BFF,
  0x17FE, 0x78FE, 0x17FE, 0xDAFE, 0xFAFE, 0x1AFF, 0x3BFF, 0x5BFF,
  0x7BFF, 0x7CFF, 0x7CFF, 0x9CFF, 0x9CFF, 0x9CFF, 0x9CFF, 0x9CFF,
  0x9CFF, 0x9CFF, 0x9CFF, 0x9CFF, 0x9CFF, 0x7CFF, 0x7CFF, 0x5BFF,
  0x3BFF, 0x3AFF, 0x1AFF, 0xFAFE, 0xFAFE, 0xFAFE, 0x1AFF, 0x1AFF,
  0x1AFF, 0x1AFF, 0x3BFF, 0x3BFF, 0x3BFF, 0x3BFF, 0x9CFF, 0xFAEE,
  0x8631, 0x1FF8, 0x1FF8, 0x1FF8, 0x1FF8, 0x1FF8, 0x1FF8, 0x0B6B,
  0x5BFF, 0x98FE, 0xB9FE, 0x78FE, 0xD9FE, 0xFAFE, 0x1AFF, 0x3BFF,
  0x5BFF, 0x7BFF, 0x7CFF, 0x7CFF, 0x9CFF, 0x9CFF, 0x9CFF, 0x9CFF,
  0x9CFF, 0x9CFF, 0x9CFF, 0x9CFF, 0x9CFF, 0x9CFF, 0x7CFF, 0x7BFF,
  0x5BFF, 0x3BFF, 0xFAFE, 0xDAFE, 0xD9FE, 0xB9FE, 0xD9FE, 0xD9FE,
  0xD9FE, 0xDAFE, 0xFAFE, 0xFAFE, 0xFAFE, 0xFAFE, 0x3BFF, 0x7BFF,
  0x8952, 0x1FF8, 0x1FF8, 0x1FF8, 0x1FF8, 0x1FF8, 0x1FF8, 0x1FF8,
  0x1FF8, 0x95CD, 0x7BFF, 0xD9FE, 0xFAFE, 0xFAFE, 0x1AFF, 0x1AFF,
  0x3BFF, 0x5BFF, 0x7BFF, 0x7CFF, 0x7CFF, 0x9CFF, 0x9CFF, 0x9CFF,
  0x9CFF, 0x9CFF, 0x9CFF, 0x9CFF, 0x9CFF, 0x9CFF, 0x9CFF, 0x7CFF,
  0x7BFF, 0x5BFF, 0x1AFF, 0xFAFE, 0x99FE, 0x98FE, 0x78FE, 0x57FE,
  0xB9FE, 0xB9FE, 0xB9FE, 0xB9FE, 0xB9FE, 0xB9FE, 0xDAFE, 0x7CFF,
  0x4C73, 0x1FF8, 0x1FF8, 0x1FF8, 0x1FF8, 0x1FF8, 0x1FF8, 0x1FF8,
  0x1FF8, 0x1FF8, 0xE741, 0x1AF7, 0x3BFF, 0x1AFF, 0x1AFF, 0x3BFF,
  0x3BFF, 0x5BFF, 0x7BFF, 0x7CFF, 0x7CFF, 0x9CFF, 0x9CFF, 0x9CFF,
  0x9CFF, 0x9CFF, 0x9CFF, 0x9CFF, 0x9CFF, 0x9CFF, 0x9CFF, 0x9CFF,
  0x7CFF, 0x7BFF, 0x5BFF, 0x1AFF, 0xFAFE, 0x98FE, 0x17FE, 0x99FE,
  0xD6FD, 0x98FE, 0x99FE, 0x99FE, 0xB9FE, 0x98FE, 0xD9FE, 0x5BFF,
  0xAD83, 0x1FF8, 0x1FF8, 0x1FF8, 0x1FF8, 0x1FF8, 0x1FF8, 0x1FF8,
  0x1FF8, 0x1FF8, 0x1FF8, 0x1FF8, 0x2C73, 0xBDFF, 0x3BFF, 0x3BFF,
  0x5BFF, 0x5BFF, 0x7BFF, 0x7CFF, 0x7CFF, 0x9CFF, 0x9CFF, 0x9CFF,
  0x9CFF, 0x9CFF, 0x9CFF, 0x9CFF, 0x9CFF, 0x9CFF, 0x9CFF, 0x9CFF,
  0x9CFF, 0x7CFF, 0x7BFF, 0x5BFF, 0x3BFF, 0xFAFE, 0xDAFE, 0x16FE,
  0x78FE, 0x17FE, 0x37FE, 0xB9FE, 0x99FE, 0x98FE, 0xDAFE, 0xFAFE,
  0x4C7B, 0x1FF8, 0x1FF8, 0x1FF8, 0x1FF8, 0x1FF8, 0x1FF8, 0x1FF8,
  0x1FF8, 0x1FF8, 0x1FF8, 0x1FF8, 0x1FF8, 0x1FF8, 0x2F94, 0xFDFF,
  0x5BFF, 0x7BFF, 0x7CFF, 0x7CFF, 0x7CFF, 0x9CFF, 0x9CFF, 0x9CFF,
  0x9CFF, 0x9CFF, 0x9CFF, 0x9CFF, 0x9CFF, 0x9CFF, 0x9CFF, 0x9CFF,
  0x9CFF, 0x9CFF, 0x9CFF, 0x7CFF, 0x7BFF, 0x3BFF, 0x1AFF, 0x1AFF,
  0x98FE, 0x78FE, 0x99FE, 0x78FE, 0xB9FE, 0x98FE, 0x3BFF, 0x98EE,
  0xAA62, 0x1FF8, 0x1FF8, 0x1FF8, 0x1FF8, 0x1FF8, 0x1FF8, 0x1FF8,
  0x1FF8, 0x1FF8, 0x1FF8, 0x1FF8, 0x1FF8, 0x1FF8, 0x1FF8, 0x1FF8,
  0x7094, 0xFEFF, 0x7CFF, 0x7BFF, 0x9CFF, 0x9CFF, 0x9CFF, 0x9CFF,
  0x9CFF, 0x9CFF, 0x9CFF, 0x9CFF, 0x9CFF, 0x9CFF, 0x9CFF, 0x9CFF,
  0x9CFF, 0x9CFF, 0x9CFF, 0x9CFF, 0x7CFF, 0x7CFF, 0x5BFF, 0x5BFF,
  0x3BFF, 0x1AFF, 0xFAFE, 0xFAFE, 0xD9FE, 0xFAFE, 0x7CFF, 0xB5CD,
  0xC741, 0x1FF8, 0x1FF8, 0x1FF8, 0x1FF8, 0x1FF8, 0x1FF8, 0x1FF8,
  0x1FF8, 0x1FF8, 0x1FF8, 0x1FF8, 0x1FF8, 0x1FF8, 0x1FF8, 0x1FF8,
  0x1FF8, 0x1FF8, 0x0F84, 0xDDFF, 0xDDFF, 0x7BFF, 0x7CFF, 0x9CFF,
  0x9CFF, 0x9CFF, 0x9CFF, 0x9CFF, 0x9CFF, 0x9CFF, 0x9CFF, 0x9CFF,
  0x9CFF, 0x9CFF, 0x9CFF, 0x9CFF, 0x9CFF, 0x9CFF, 0x7CFF, 0x7CFF,
  0x7BFF, 0x5BFF, 0x3BFF, 0x3BFF, 0x1AFF, 0x9CFF, 0x3BFF, 0x2F94,
  0xA218, 0x1FF8, 0x1FF8, 0x1FF8, 0x1FF8, 0x1FF8, 0x1FF8, 0x1FF8,
  0x1FF8, 0x1FF8, 0x1FF8, 0x1FF8, 0x1FF8, 0x1FF8, 0x1FF8, 0x1FF8,
  0x1FF8, 0x1FF8, 0x1FF8, 0x1FF8, 0xCA62, 0xD9DE, 0xFEFF, 0xBCFF,
  0x7BFF, 0x7CFF, 0x9CFF, 0x9CFF, 0x9CFF, 0x9CFF, 0x9CFF, 0x9CFF,
  0x9CFF, 0x9CFF, 0x9CFF, 0x9CFF, 0x9CFF, 0x9CFF, 0x9CFF, 0x9CFF,
  0x7CFF, 0x7BFF, 0x5BFF, 0x5BFF, 0xBCFF, 0x9CFF, 0xB5C5, 0xAA5A,
  0x1FF8, 0x1FF8, 0x1FF8, 0x1FF8, 0x1FF8, 0x1FF8, 0x1FF8, 0x1FF8,
  0x1FF8, 0x1FF8, 0x1FF8, 0x1FF8, 0x1FF8, 0x1FF8, 0x1FF8, 0x1FF8,
  0x1FF8, 0x1FF8, 0x1FF8, 0x1FF8, 0x1FF8, 0x1FF8, 0x4529, 0x5094,
  0x3BEF, 0xFEFF, 0xDDFF, 0x9CFF, 0x7BFF, 0x7BFF, 0x7CFF, 0x7CFF,
  0x7CFF, 0x7CFF, 0x7CFF, 0x7CFF, 0x7CFF, 0x7CFF, 0x7BFF, 0x7BFF,
  0x7BFF, 0x9CFF, 0xDDFF, 0xFEFF, 0xBCFF, 0x16C6, 0xAD7B, 0x919C,
  0xF7D5, 0x1FF8, 0x1FF8, 0x1FF8, 0x1FF8, 0x1FF8, 0x1FF8, 0x1FF8,
  0x1FF8, 0x1FF8, 0x1FF8, 0x1FF8, 0x1FF8, 0x1FF8, 0x1FF8, 0x1FF8,
  0x1FF8, 0x1FF8, 0x1FF8, 0x1FF8, 0x1FF8, 0x1FF8, 0x1FF8, 0x1FF8,
  0x1FF8, 0xA639, 0x308C, 0xB9DE, 0xBDFF, 0xFEFF, 0xFDFF, 0xFDFF,
  0xDDFF, 0xBDFF, 0xBDFF, 0xDDFF, 0xDDFF, 0xDDFF, 0xDDFF, 0xFDFF,
  0xFEFF, 0xFDFF, 0x7BF7, 0x57D6, 0xD2A4, 0x6D7B, 0x2C73, 0x92AC,
  0x55D5, 0x72BC, 0x1FF8, 0x1FF8, 0x1FF8, 0x1FF8, 0x1FF8, 0x1FF8,
  0x1FF8, 0x1FF8, 0x1FF8, 0x1FF8, 0x1FF8, 0x1FF8, 0x1FF8, 0x1FF8,
  0x1FF8, 0x1FF8, 0x1FF8, 0x1FF8, 0x1FF8, 0x1FF8, 0x1FF8, 0x1FF8,
  0x1FF8, 0x1FF8, 0x1FF8, 0x1FF8, 0xC318, 0xAA5A, 0x0F8C, 0x13AD,
  0xB5C5, 0x78D6, 0x1AEF, 0xFAEE, 0xB9DE, 0x98DE, 0x98DE, 0x57D6,
  0x54B5, 0x5094, 0x6D73, 0xCB6A, 0xAB6A, 0x0D83, 0xF0A3, 0x93BC,
  0x52B4, 0x52B4, 0x52B4, 0x1FF8, 0x1FF8, 0x1FF8, 0x1FF8, 0x1FF8,
  0x1FF8, 0x1FF8, 0x1FF8, 0x1FF8, 0x1FF8, 0x1FF8, 0x1FF8, 0x1FF8,
  0x1FF8, 0x1FF8, 0x1FF8, 0x1FF8, 0x1FF8, 0x1FF8, 0x1FF8, 0x1FF8,
  0x1FF8, 0x1FF8, 0x1FF8, 0x1FF8, 0x1FF8, 0x1FF8, 0x1FF8, 0x1FF8,
  0x1FF8, 0x1FF8, 0x1FF8, 0x8639, 0x6531, 0xA318, 0xA218, 0xA218,
  0x8210, 0x6A6A, 0x0D83, 0x6E93, 0x31AC, 0x93BC, 0x93BC, 0x72B4,
  0x52B4, 0x52B4, 0x72B4, 0x52B4, 0x1FF8, 0x1FF8, 0x1FF8, 0x1FF8,
  0x1FF8, 0x1FF8, 0x1FF8, 0x1FF8, 0x1FF8, 0x1FF8, 0x1FF8, 0x1FF8,
  0x1FF8, 0x1FF8, 0x1FF8, 0x1FF8, 0x1FF8, 0x1FF8, 0x1FF8, 0x1FF8,
  0x1FF8, 0x1FF8, 0x1FF8, 0x1FF8, 0x1FF8, 0x1FF8, 0x1FF8, 0x1FF8,
  0x1FF8, 0x1FF8, 0x1FF8, 0x1FF8, 0x1FF8, 0x1FF8, 0x1FF8, 0x1FF8,
  0x1FF8, 0x1FF8, 0xD09B, 0xD4C4, 0x72BC, 0x52B4, 0x52B4, 0x52B4,
  0x52B4, 0x52B4, 0x52B4, 0x52B4, 0x72B4, 0x1FF8, 0x1FF8, 0x1FF8,
  0x1FF8, 0x1FF8, 0x1FF8, 0x1FF8, 0x1FF8, 0x1FF8, 0x1FF8, 0x1FF8,
  0x1FF8, 0x1FF8, 0x1FF8, 0x1FF8, 0x1FF8, 0x1FF8, 0x1FF8, 0x1FF8,
  0x1FF8, 0x1FF8, 0x1FF8, 0x1FF8, 0x1FF8, 0x1FF8, 0x1FF8, 0x1FF8,
  0x1FF8, 0x1FF8, 0x1FF8, 0x1FF8, 0x1FF8, 0x1FF8, 0x1FF8, 0x1FF8,
  0x1FF8, 0x1FF8, 0x1FF8, 0xAB72, 0x93BC, 0x31B4, 0x52B4, 0x52B4,
  0x52B4, 0x52B4, 0x52B4, 0x52B4, 0x52B4, 0x93BC, 0x1FF8, 0x1FF8,
  0x1FF8, 0x1FF8, 0x1FF8, 0x1FF8, 0x1FF8, 0x1FF8, 0x1FF8, 0x1FF8,
  0x1FF8, 0x1FF8, 0x1FF8, 0x1FF8, 0x1FF8, 0x1FF8, 0x1FF8, 0x1FF8,
  0x1FF8, 0x1FF8, 0x1FF8, 0x1FF8, 0x1FF8, 0x1FF8, 0x1FF8, 0x1FF8,
  0x1FF8, 0x1FF8, 0x1FF8, 0x1FF8, 0x1FF8, 0x1FF8, 0x1FF8, 0x1FF8,
  0x1FF8, 0x1FF8, 0x1FF8, 0x1FF8, 0x4962, 0x93BC, 0x52B4, 0x52B4,
  0x52B4, 0x52B4, 0x52B4, 0x52B4, 0x52B4, 0x52B4, 0x93BC, 0x52B4,
  0x1FF8, 0x1FF8, 0x1FF8, 0x1FF8, 0x1FF8, 0x1FF8, 0x1FF8, 0x1FF8,
  0x1FF8, 0x1FF8, 0x1FF8, 0x1FF8, 0x1FF8, 0x1FF8, 0x1FF8, 0x1FF8,
  0x1FF8, 0x1FF8, 0x1FF8, 0x1FF8, 0x1FF8, 0x1FF8, 0x1FF8, 0x1FF8,
  0x1FF8, 0x1FF8, 0x1FF8, 0x1FF8, 0x1FF8, 0x1FF8, 0x1FF8, 0x1FF8,
  0x1FF8, 0x1FF8, 0x1FF8, 0x1FF8, 0x1FF8, 0xE851, 0x93BC, 0x52B4,
  0x52B4, 0x52B4, 0x52B4, 0x52B4, 0x52B4, 0x52B4, 0x52B4, 0xB3C4,
  0x52B4, 0x1FF8, 0x1FF8, 0x1FF8, 0x1FF8, 0x1FF8, 0x1FF8, 0x1FF8,
  0x1FF8, 0x1FF8, 0x1FF8, 0x1FF8, 0x1FF8, 0x1FF8, 0x1FF8, 0x1FF8,
  0x1FF8, 0x1FF8, 0x1FF8, 0x1FF8, 0x1FF8, 0x1FF8, 0x1FF8, 0x1FF8,
  0x1FF8, 0x1FF8, 0x1FF8, 0x1FF8, 0x1FF8, 0x1FF8, 0x1FF8, 0x1FF8,
  0x1FF8, 0x1FF8, 0x1FF8, 0x1FF8, 0x1FF8, 0x1FF8, 0xA749, 0xB3C4,
  0x92BC, 0x72BC, 0x72B4, 0x52B4, 0x52B4, 0x72B4, 0x52B4, 0x52B4,
  0x93BC, 0x52B4, 0x1FF8, 0x1FF8, 0x1FF8, 0x1FF8, 0x1FF8, 0x1FF8,
  0x1FF8, 0x1FF8, 0x1FF8, 0x1FF8, 0x1FF8, 0x1FF8, 0x1FF8, 0x1FF8,
  0x1FF8, 0x1FF8, 0x1FF8, 0x1FF8, 0x1FF8, 0x1FF8, 0x1FF8, 0x1FF8,
  0x1FF8, 0x1FF8, 0x1FF8, 0x1FF8, 0x1FF8, 0x1FF8, 0x1FF8, 0x1FF8,
  0x1FF8, 0x1FF8, 0x1FF8, 0x1FF8, 0x1FF8, 0x1FF8, 0x1FF8, 0x4639,
  0x72B4, 0x52B4, 0x1FF8, 0x1FF8, 0x1FF8, 0x1FF8, 0x1FF8, 0x1FF8,
  0x1FF8, 0x1FF8, 0x1FF8, 0x1FF8, 0x1FF8, 0x1FF8, 0x1FF8, 0x1FF8,
  0x1FF8, 0x1FF8, 0x1FF8, 0x1FF8, 0x1FF8, 0x1FF8, 0x1FF8, 0x1FF8,
};
static const shapoco::gfx2d::Texture tex_face_skin = {
  shapoco::gfx2d::PixelFormat::RGB565_SWAPPED, 49, 56, 98, tex_face_skinData,
};

alignas(4) static const uint16_t tex_shirt_fData[] = {
  0x1FF8, 0x1FF8, 0x1FF8, 0x1FF8, 0x1FF8, 0x1FF8, 0x1FF8, 0x1FF8,
  0x1FF8, 0x1FF8, 0x1FF8, 0x1FF8, 0x1FF8, 0x1FF8, 0x1FF8, 0x1FF8,
  0x1FF8, 0x1FF8, 0x1FF8, 0x1FF8, 0x1FF8, 0x1FF8, 0x1FF8, 0x1FF8,
  0x1FF8, 0x1FF8, 0x1FF8, 0x1FF8, 0x1FF8, 0x1FF8, 0x1FF8, 0x1FF8,
  0x1FF8, 0x1FF8, 0x1FF8, 0x1FF8, 0x1FF8, 0x1FF8, 0x1FF8, 0x1FF8,
  0x1FF8, 0x1FF8, 0x1FF8, 0x1FF8, 0x1FF8, 0x1FF8, 0x1FF8, 0x1FF8,
  0x1FF8, 0x1FF8, 0x1FF8, 0x1FF8, 0x1FF8, 0x1FF8, 0x1FF8, 0x1FF8,
  0x1FF8, 0x1FF8, 0x1FF8, 0x1FF8, 0x1FF8, 0x1FF8, 0x1FF8, 0x1FF8,
  0x1FF8, 0x1FF8, 0x1FF8, 0x1FF8, 0x1FF8, 0x1FF8, 0x1FF8, 0x1FF8,
  0x1FF8, 0x1FF8, 0x1FF8, 0x1FF8, 0x1FF8, 0x1FF8, 0x1FF8, 0x1FF8,
  0x1FF8, 0x1FF8, 0x1FF8, 0x1FF8, 0x1FF8, 0x1FF8, 0x1FF8, 0x1FF8,
  0x1FF8, 0x1FF8, 0x1FF8, 0x1FF8, 0x1FF8, 0x1FF8, 0x1FF8, 0x1FF8,
  0x1FF8, 0x1FF8, 0x1FF8, 0x1FF8, 0x1FF8, 0x1FF8, 0x1FF8, 0x1FF8,
  0x2000, 0x0521, 0x2108, 0x1FF8, 0x1FF8, 0x1FF8, 0x1FF8, 0x1FF8,
  0x1FF8, 0x1FF8, 0x1FF8, 0x1FF8, 0x1FF8, 0x1FF8, 0x1FF8, 0x1FF8,
  0x1FF8, 0x1FF8, 0x1FF8, 0x1FF8, 0x1FF8, 0x1FF8, 0x1FF8, 0x1FF8,
  0x1FF8, 0x1FF8, 0x1FF8, 0x1FF8, 0x1FF8, 0x1FF8, 0x1FF8, 0x1FF8,
  0x1FF8, 0x1FF8, 0x1FF8, 0x1FF8, 0x1FF8, 0x1FF8, 0x1FF8, 0x1FF8,
  0x1FF8, 0x1FF8, 0x1FF8, 0x1FF8, 0x1FF8, 0x1FF8, 0x1FF8, 0x1FF8,
  0x1FF8, 0x1FF8, 0x1FF8, 0x1FF8, 0x1FF8, 0x1FF8, 0x1FF8, 0x1FF8,
  0x1FF8, 0x1FF8, 0x1FF8, 0x1FF8, 0x0000, 0x0521, 0x2529, 0x2529,
  0x0521, 0x1FF8, 0x1FF8, 0x1FF8, 0x1FF8, 0x1FF8, 0x1FF8, 0x1FF8,
  0x1FF8, 0x1FF8, 0x1FF8, 0x1FF8, 0x1FF8, 0x1FF8, 0x1FF8, 0x1FF8,
  0x1FF8, 0x1FF8, 0x1FF8, 0x1FF8, 0x1FF8, 0x1FF8, 0x1FF8, 0x1FF8,
  0x1FF8, 0x1FF8, 0x1FF8, 0x1FF8, 0x1FF8, 0x1FF8, 0x1FF8, 0x1FF8,
  0x1FF8, 0x1FF8, 0x1FF8, 0x1FF8, 0x1FF8, 0x1FF8, 0x1FF8, 0x1FF8,
  0x1FF8, 0x1FF8, 0x1FF8, 0x1FF8, 0x1FF8, 0x1FF8, 0x1FF8, 0x1FF8,
  0x1FF8, 0x1FF8, 0x1FF8, 0x1FF8, 0x1FF8, 0x1FF8, 0x1FF8, 0x1FF8,
  0x0000, 0x8310, 0x2529, 0x2529, 0x2529, 0x2529, 0x2631, 0x0000,
  0x1FF8, 0x1FF8, 0x1FF8, 0x1FF8, 0x1FF8, 0x1FF8, 0x1FF8, 0x1FF8,
  0x1FF8, 0x1FF8, 0x1FF8, 0x1FF8, 0x1FF8, 0x1FF8, 0x1FF8, 0x1FF8,
  0x1FF8, 0x1FF8, 0x1FF8, 0x1FF8, 0x1FF8, 0x1FF8, 0x1FF8, 0x1FF8,
  0x1FF8, 0x1FF8, 0x1FF8, 0x1FF8, 0x1FF8, 0x1FF8, 0x1FF8, 0x1FF8,
  0x1FF8, 0x1FF8, 0x1FF8, 0x1FF8, 0x1FF8, 0x1FF8, 0x1FF8, 0x1FF8,
  0x1FF8, 0x1FF8, 0x1FF8, 0x1FF8, 0x1FF8, 0x1FF8, 0x1FF8, 0x1FF8,
  0x1FF8, 0x1FF8, 0x1FF8, 0x1FF8, 0x0000, 0xA318, 0x2529, 0x2529,
  0x2529, 0x2529, 0x2529, 0x2529, 0x2629, 0x0000, 0x1FF8, 0x1FF8,
  0x1FF8, 0x1FF8, 0x1FF8, 0x1FF8, 0x1FF8, 0x1FF8, 0x1FF8, 0x1FF8,
  0x1FF8, 0x1FF8, 0x1FF8, 0x1FF8, 0x1FF8, 0x1FF8, 0x1FF8, 0x1FF8,
  0x1FF8, 0x1FF8, 0x1FF8, 0x1FF8, 0x1FF8, 0x1FF8, 0x1FF8, 0x1FF8,
  0x1FF8, 0x1FF8, 0x1FF8, 0x1FF8, 0x1FF8, 0x1FF8, 0x1FF8, 0x1FF8,
  0x1FF8, 0x1FF8, 0x1FF8, 0x1FF8, 0x1FF8, 0x1FF8, 0x1FF8, 0x1FF8,
  0x1FF8, 0x1FF8, 0x1FF8, 0x1FF8, 0x1FF8, 0x1FF8, 0x1FF8, 0x1FF8,
  0x0000, 0xA318, 0x4631, 0x2529, 0x2529, 0x2529, 0x2529, 0x2529,
  0x2529, 0x2529, 0x2631, 0x6210, 0x0000, 0x1FF8, 0x1FF8, 0x1FF8,
  0x1FF8, 0x1FF8, 0x1FF8, 0x1FF8, 0x1FF8, 0x1FF8, 0x1FF8, 0x1FF8,
  0x1FF8, 0x1FF8, 0x1FF8, 0x1FF8, 0x1FF8, 0x1FF8, 0x1FF8, 0x1FF8,
  0x1FF8, 0x1FF8, 0x1FF8, 0x1FF8, 0x1FF8, 0x1FF8, 0x1FF8, 0x1FF8,
  0x1FF8, 0x1FF8, 0x1FF8, 0x1FF8, 0x1FF8, 0x1FF8, 0x1FF8, 0x1FF8,
  0x1FF8, 0x1FF8, 0x1FF8, 0x1FF8, 0x1FF8, 0x1FF8, 0x1FF8, 0x1FF8,
  0x1FF8, 0x1FF8, 0x1FF8, 0x1FF8, 0x1FF8, 0x8210, 0xA739, 0x2529,
  0x2529, 0x2529, 0x2529, 0x2529, 0x2529, 0x2529, 0x2529, 0x2529,
  0x2108, 0x4631, 0x2629, 0x8310, 0x1FF8, 0x1FF8, 0x1FF8, 0x1FF8,
  0x1FF8, 0x1FF8, 0x1FF8, 0x1FF8, 0x1FF8, 0x1FF8, 0x1FF8, 0x1FF8,
  0x1FF8, 0x1FF8, 0x1FF8, 0x1FF8, 0x1FF8, 0x1FF8, 0x1FF8, 0x1FF8,
  0x1FF8, 0x1FF8, 0x1FF8, 0x1FF8, 0x1FF8, 0x1FF8, 0x1FF8, 0x1FF8,
  0x1FF8, 0x1FF8, 0x1FF8, 0x1FF8, 0x1FF8, 0x1FF8, 0x1FF8, 0x1FF8,
  0x1FF8, 0x1FF8, 0x1FF8, 0x1FF8, 0x1FF8, 0x1FF8, 0x1FF8, 0x1FF8,
  0x1FF8, 0x2000, 0xC739, 0x0942, 0x2529, 0x2529, 0x2529, 0x2529,
  0x2529, 0x2529, 0x2529, 0x2529, 0x2529, 0xE420, 0x0529, 0x2529,
  0x2529, 0x2529, 0x2629, 0x2000, 0x1FF8, 0x1FF8, 0x1FF8, 0x1FF8,
  0x1FF8, 0x1FF8, 0x1FF8, 0x1FF8, 0x1FF8, 0x1FF8, 0x1FF8, 0x1FF8,
  0x1FF8, 0x1FF8, 0x1FF8, 0x1FF8, 0x1FF8, 0x1FF8, 0x1FF8, 0x1FF8,
  0x1FF8, 0x1FF8, 0x1FF8, 0x1FF8, 0x1FF8, 0x1FF8, 0x1FF8, 0x1FF8,
  0x1FF8, 0x1FF8, 0x1FF8, 0x1FF8, 0x1FF8, 0x1FF8, 0x1FF8, 0x1FF8,
  0x1FF8, 0x1FF8, 0x1FF8, 0x1FF8, 0x1FF8, 0x1FF8, 0xE418, 0x2942,
  0x0942, 0x0942, 0x0942, 0xE839, 0x083A, 0x0942, 0x0942, 0x083A,
  0xC839, 0xA739, 0x8731, 0x6210, 0x2529, 0x2529, 0x2529, 0x2529,
  0x2529, 0x2529, 0x0521, 0x0000, 0x1FF8, 0x1FF8, 0x1FF8, 0x1FF8,
  0x1FF8, 0x1FF8, 0x1FF8, 0x1FF8, 0x1FF8, 0x1FF8, 0x1FF8, 0x1FF8,
  0x1FF8, 0x1FF8, 0x1FF8, 0x1FF8, 0x1FF8, 0x1FF8, 0x1FF8, 0x1FF8,
  0x1FF8, 0x1FF8, 0x1FF8, 0x1FF8, 0x1FF8, 0x1FF8, 0x1FF8, 0x1FF8,
  0x1FF8, 0x1FF8, 0x1FF8, 0x1FF8, 0x1FF8, 0x1FF8, 0x1FF8, 0x1FF8,
  0x1FF8, 0x1FF8, 0x2108, 0x0942, 0x0842, 0x0942, 0x0942, 0x0942,
  0x0942, 0x0942, 0x0942, 0x0942, 0x0942, 0x0942, 0x0942, 0x0942,
  0x0000, 0x2942, 0x2942, 0x2942, 0xA739, 0x2629, 0x2529, 0x2529,
  0x2529, 0x2529, 0x6210, 0x1FF8, 0x1FF8, 0x1FF8, 0x1FF8, 0x1FF8,
  0x1FF8, 0x1FF8, 0x1FF8, 0x1FF8, 0x1FF8, 0x1FF8, 0x1FF8, 0x1FF8,
  0x1FF8, 0x1FF8, 0x1FF8, 0x1FF8, 0x1FF8, 0x1FF8, 0x1FF8, 0x1FF8,
  0x1FF8, 0x1FF8, 0x1FF8, 0x1FF8, 0x1FF8, 0x1FF8, 0x1FF8, 0x1FF8,
  0x1FF8, 0x1FF8, 0x1FF8, 0x1FF8, 0x1FF8, 0x1FF8, 0x0000, 0x6629,
  0x0942, 0x0942, 0x0942, 0x0942, 0x0942, 0x0942, 0x0942, 0x0942,
  0x0942, 0x0942, 0x0942, 0x0942, 0x0842, 0xE418, 0x2942, 0x0942,
  0x0942, 0x0942, 0x0842, 0x0842, 0x0942, 0x083A, 0x6631, 0x0529,
  0x2529, 0x2529, 0x0000, 0x1FF8, 0x1FF8, 0x1FF8, 0x1FF8, 0x1FF8,
  0x1FF8, 0x1FF8, 0x1FF8, 0x1FF8, 0x1FF8, 0x1FF8, 0x1FF8, 0x1FF8,
  0x1FF8, 0x1FF8, 0x1FF8, 0x1FF8, 0x1FF8, 0x1FF8, 0x1FF8, 0x1FF8,
  0x1FF8, 0x1FF8, 0x1FF8, 0x1FF8, 0x1FF8, 0x1FF8, 0x1FF8, 0x1FF8,
  0x1FF8, 0x1FF8, 0x1FF8, 0x6210, 0x2942, 0x0842, 0x0942, 0x0942,
  0x0942, 0x0942, 0x0942, 0x0942, 0x0942, 0x0942, 0x0942, 0x0942,
  0x0942, 0x0942, 0x083A, 0x2521, 0x0842, 0x0942, 0x0942, 0x0942,
  0x0942, 0x0942, 0x0942, 0x0942, 0x0942, 0x0942, 0x0842, 0xA731,
  0x4631, 0x2108, 0x1FF8, 0x1FF8, 0x1FF8, 0x1FF8, 0x1FF8, 0x1FF8,
  0x1FF8, 0x1FF8, 0x1FF8, 0x1FF8, 0x1FF8, 0x1FF8, 0x1FF8, 0x1FF8,
  0x1FF8, 0x1FF8, 0x1FF8, 0x1FF8, 0x1FF8, 0x1FF8, 0x1FF8, 0x1FF8,
  0x1FF8, 0x1FF8, 0x1FF8, 0x1FF8, 0x1FF8, 0x1FF8, 0x1FF8, 0x0000,
  0xA731, 0x0842, 0x0942, 0x0942, 0x0942, 0x0942, 0x0942, 0x0942,
  0x0942, 0x0942, 0x0942, 0x0942, 0x0942, 0x0942, 0x0942, 0x2942,
  0x0000, 0x0942, 0x0942, 0x0942, 0x0942, 0x0942, 0x0942, 0x0942,
  0x0942, 0x0942, 0x0942, 0x0942, 0x0942, 0x0842, 0x0942, 0x2942,
  0xC318, 0x1FF8, 0x1FF8, 0x1FF8, 0x1FF8, 0x1FF8, 0x1FF8, 0x1FF8,
  0x1FF8, 0x1FF8, 0x1FF8, 0x1FF8, 0x1FF8, 0x1FF8, 0x1FF8, 0x1FF8,
  0x1FF8, 0x1FF8, 0x1FF8, 0x1FF8, 0x1FF8, 0x1FF8, 0x1FF8, 0x1FF8,
  0x1FF8, 0x1FF8, 0x1FF8, 0x1FF8, 0x8210, 0x083A, 0x0842, 0x0942,
  0x0942, 0x0942, 0x0942, 0x0942, 0x0942, 0x0942, 0x0942, 0x0942,
  0x0942, 0x0942, 0x0942, 0x0942, 0x0942, 0x0000, 0x0942, 0x0942,
  0x0942, 0x0942, 0x0942, 0x0942, 0x0942, 0x0942, 0x0942, 0x0942,
  0x0942, 0x0942, 0x0942, 0x0942, 0x0942, 0x0942, 0x0942, 0xA731,
  0x0000, 0x1FF8, 0x1FF8, 0x1FF8, 0x1FF8, 0x1FF8, 0x1FF8, 0x1FF8,
  0x1FF8, 0x1FF8, 0x1FF8, 0x1FF8, 0x1FF8, 0x1FF8, 0x1FF8, 0x1FF8,
  0x1FF8, 0x1FF8, 0x1FF8, 0x1FF8, 0x1FF8, 0x1FF8, 0x1FF8, 0x1FF8,
  0x0000, 0xA731, 0x0942, 0x0942, 0x0942, 0x0942, 0x0942, 0x0942,
  0x0942, 0x0942, 0x0942, 0x0942, 0x0942, 0x0942, 0x0942, 0x0942,
  0x0942, 0x0842, 0x8210, 0x2942, 0x0942, 0x0942, 0x0942, 0x0942,
  0x0942, 0x0942, 0x0942, 0x0942, 0x0942, 0x0942, 0x0942, 0x0942,
  0x0942, 0x0942, 0x0942, 0x0942, 0x0942, 0x0942, 0x2942, 0x4108,
  0x1FF8, 0x1FF8, 0x1FF8, 0x1FF8, 0x1FF8, 0x1FF8, 0x1FF8, 0x1FF8,
  0x1FF8, 0x1FF8, 0x1FF8, 0x1FF8, 0x1FF8, 0x1FF8, 0x1FF8, 0x1FF8,
  0x1FF8, 0x1FF8, 0x1FF8, 0x1FF8, 0x0000, 0x0421, 0x2942, 0x0942,
  0x0942, 0x0942, 0x0942, 0x0942, 0x0942, 0x0942, 0x0942, 0x0942,
  0x0942, 0x0942, 0x0942, 0x0942, 0x0942, 0x0942, 0x0842, 0x6629,
  0x0000, 0x0942, 0x0942, 0x0942, 0x0942, 0x0942, 0x0942, 0x0942,
  0x0942, 0x0942, 0x0942, 0x0942, 0x0942, 0x0942, 0x0942, 0x0942,
  0x0942, 0x0942, 0x0942, 0x2942, 0x0842, 0x1FF8, 0x1FF8, 0x1FF8,
  0x1FF8, 0x1FF8, 0x1FF8, 0x1FF8, 0x1FF8, 0x1FF8, 0x1FF8, 0x1FF8,
  0x1FF8, 0x1FF8, 0x1FF8, 0x1FF8, 0x1FF8, 0x1FF8, 0x1FF8, 0x1FF8,
  0x1FF8, 0x1FF8, 0x4529, 0x8210, 0x2942, 0x0942, 0x0942, 0x0942,
  0x0942, 0x0942, 0x0942, 0x0942, 0x0942, 0x0942, 0x0942, 0x0942,
  0x0942, 0x0942, 0x0942, 0x0842, 0xE839, 0x0000, 0xA731, 0x0942,
  0x0942, 0x0942, 0x0942, 0x0942, 0x0942, 0x0942, 0x0942, 0x0942,
  0x0942, 0x0942, 0x0942, 0x0942, 0x0942, 0x2942, 0xE839, 0xC739,
  0xE420, 0x2000, 0x0000, 0x0000, 0x1FF8, 0x1FF8, 0x1FF8, 0x1FF8,
  0x1FF8, 0x1FF8, 0x1FF8, 0x1FF8, 0x1FF8, 0x1FF8, 0x1FF8, 0x1FF8,
  0x1FF8, 0x1FF8, 0x1FF8, 0x1FF8, 0x1FF8, 0x1FF8, 0x1FF8, 0x0000,
  0x2942, 0x6629, 0xC318, 0x0942, 0x0942, 0x0942, 0x0942, 0x0942,
  0x0942, 0x0942, 0x0942, 0x0942, 0x0942, 0x0942, 0x0942, 0x0942,
  0x0842, 0x083A, 0x8210, 0x8210, 0x2942, 0x2521, 0x0942, 0x0942,
  0x0942, 0x0942, 0x0942, 0x0942, 0x0942, 0x0942, 0x2942, 0x2942,
  0x8629, 0xE418, 0x2000, 0x0421, 0x0421, 0x1FF8, 0x1FF8, 0x1FF8,
  0x1FF8, 0x1FF8, 0x1FF8, 0x1FF8, 0x1FF8, 0x1FF8, 0x1FF8, 0x1FF8,
  0x1FF8, 0x1FF8, 0x1FF8, 0x1FF8, 0x1FF8, 0x1FF8, 0x1FF8, 0x1FF8,
  0x1FF8, 0x1FF8, 0x1FF8, 0x1FF8, 0x1FF8, 0xC318, 0xA210, 0x8560,
  0x4340, 0x083A, 0x0942, 0x0942, 0x0942, 0x0942, 0x0942, 0x0942,
  0x0942, 0x0942, 0x0942, 0x0942, 0x0942, 0x0942, 0x494A, 0x4108,
  0x6629, 0x083A, 0x0942, 0x4108, 0x0942, 0x0942, 0x0942, 0x0842,
  0x2942, 0x6629, 0xC318, 0x6108, 0x4108, 0x2521, 0xE839, 0x4942,
  0x1FF8, 0x1FF8, 0x1FF8, 0x1FF8, 0x1FF8, 0x1FF8, 0x1FF8, 0x1FF8,
  0x1FF8, 0x1FF8, 0x1FF8, 0x1FF8, 0x1FF8, 0x1FF8, 0x1FF8, 0x1FF8,
  0x1FF8, 0x1FF8, 0x1FF8, 0x1FF8, 0x1FF8, 0x1FF8, 0x1FF8, 0x1FF8,
  0x1FF8, 0x1FF8, 0x1FF8, 0xE839, 0xA568, 0x0899, 0x29A9, 0x2521,
  0x0942, 0x0942, 0x0942, 0x0942, 0x0942, 0x0942, 0x0942, 0x0942,
  0x0942, 0x0942, 0x0842, 0x0842, 0x2000, 0x0942, 0x2000, 0x4942,
  0xE839, 0x2108, 0xC318, 0x2108, 0x8210, 0x0421, 0xC731, 0x0942,
  0xE839, 0x2942, 0x1FF8, 0x1FF8, 0x1FF8, 0x1FF8, 0x1FF8, 0x1FF8,
  0x1FF8, 0x1FF8, 0x1FF8, 0x1FF8, 0x1FF8, 0x1FF8, 0x1FF8, 0x1FF8,
  0x1FF8, 0x1FF8, 0x1FF8, 0x1FF8, 0x1FF8, 0x1FF8, 0x1FF8, 0x1FF8,
  0x1FF8, 0x1FF8, 0x1FF8, 0x1FF8, 0x1FF8, 0x1FF8, 0x1FF8, 0x1FF8,
  0x0000, 0x2118, 0x08A1, 0x0899, 0x0899, 0x4218, 0x2942, 0x0942,
  0x0942, 0x0942, 0x0942, 0x0942, 0x0942, 0x0942, 0x0942, 0x0942,
  0x2942, 0x2108, 0x2942, 0x2942, 0x4108, 0xA318, 0x6629, 0xA310,
  0x1FF8, 0x1FF8, 0x1FF8, 0x1FF8, 0x1FF8, 0x1FF8, 0x1FF8, 0x1FF8,
  0x1FF8, 0x1FF8, 0x1FF8, 0x1FF8, 0x1FF8, 0x1FF8, 0x1FF8, 0x1FF8,
  0x1FF8, 0x1FF8, 0x1FF8, 0x1FF8, 0x1FF8, 0x1FF8, 0x1FF8, 0x1FF8,
  0x1FF8, 0x1FF8, 0x1FF8, 0x1FF8, 0x1FF8, 0x1FF8, 0x1FF8, 0x1FF8,
  0x1FF8, 0x1FF8, 0x1FF8, 0x1FF8, 0x1FF8, 0x1FF8, 0x2521, 0x6879,
  0xE8A8, 0x0899, 0x08A1, 0x2118, 0xC839, 0x0942, 0x0942, 0x0942,
  0x0942, 0x0942, 0x0942, 0x0942, 0x0942, 0x2942, 0x0000, 0x0942,
  0x0942, 0x0842, 0x0842, 0x0942, 0x0942, 0x8731, 0x1FF8, 0x1FF8,
  0x1FF8, 0x1FF8, 0x1FF8, 0x1FF8, 0x1FF8, 0x1FF8, 0x1FF8, 0x1FF8,
  0x1FF8, 0x1FF8, 0x1FF8, 0x1FF8, 0x1FF8, 0x1FF8, 0x1FF8, 0x1FF8,
  0x1FF8, 0x1FF8, 0x1FF8, 0x1FF8, 0x1FF8, 0x1FF8, 0x1FF8, 0x1FF8,
  0x1FF8, 0x1FF8, 0x1FF8, 0x1FF8, 0x1FF8, 0x1FF8, 0x1FF8, 0x1FF8,
  0x1FF8, 0x1FF8, 0x1FF8, 0x2108, 0x2942, 0x0842, 0x2932, 0x0891,
  0x2108, 0x494A, 0x4108, 0x0942, 0x0942, 0x0942, 0x0942, 0x0942,
  0x0942, 0x0842, 0x2942, 0x2108, 0x2942, 0x0942, 0x0942, 0x0942,
  0x0942, 0x0942, 0x0942, 0x6629, 0x1FF8, 0x1FF8, 0x1FF8, 0x1FF8,
  0x1FF8, 0x1FF8, 0x1FF8, 0x1FF8, 0x1FF8, 0x1FF8, 0x1FF8, 0x1FF8,
  0x1FF8, 0x1FF8, 0x1FF8, 0x1FF8, 0x1FF8, 0x1FF8, 0x1FF8, 0x1FF8,
  0x1FF8, 0x1FF8, 0x1FF8, 0x1FF8, 0x1FF8, 0x1FF8, 0x1FF8, 0x1FF8,
  0x1FF8, 0x1FF8, 0x1FF8, 0x1FF8, 0x1FF8, 0x1FF8, 0x1FF8, 0x1FF8,
  0x2000, 0x2942, 0x0842, 0x0942, 0x0942, 0x0842, 0x0942, 0x0842,
  0xE418, 0x2942, 0x0942, 0x0942, 0x0942, 0x0942, 0x0942, 0x4942,
  0x2100, 0x2942, 0x0842, 0x0942, 0x0942, 0x0942, 0x0942, 0x0942,
  0x0942, 0x0421, 0x1FF8, 0x1FF8, 0x1FF8, 0x1FF8, 0x1FF8, 0x1FF8,
  0x1FF8, 0x1FF8, 0x1FF8, 0x1FF8, 0x1FF8, 0x1FF8, 0x1FF8, 0x1FF8,
  0x1FF8, 0x1FF8, 0x1FF8, 0x1FF8, 0x1FF8, 0x1FF8, 0x1FF8, 0x1FF8,
  0x1FF8, 0x1FF8, 0x1FF8, 0x1FF8, 0x1FF8, 0x1FF8, 0x1FF8, 0x1FF8,
  0x1FF8, 0x1FF8, 0x1FF8, 0x1FF8, 0x1FF8, 0x0000, 0x0942, 0x0842,
  0x0942, 0x0942, 0x0942, 0x0942, 0x0942, 0x0942, 0xE839, 0x4529,
  0x0942, 0x0942, 0x0942, 0x0842, 0x0942, 0x2000, 0x2942, 0x0942,
  0x0942, 0x0942, 0x0942, 0x0942, 0x0942, 0x0942, 0x0942, 0x0000,
  0x1FF8, 0x1FF8, 0x1FF8, 0x1FF8, 0x1FF8, 0x1FF8, 0x1FF8, 0x1FF8,
  0x1FF8, 0x1FF8, 0x1FF8, 0x1FF8, 0x1FF8, 0x1FF8, 0x1FF8, 0x1FF8,
  0x1FF8, 0x1FF8, 0x1FF8, 0x1FF8, 0x1FF8, 0x1FF8, 0x1FF8, 0x1FF8,
  0x1FF8, 0x1FF8, 0x1FF8, 0x1FF8, 0x1FF8, 0x1FF8, 0x1FF8, 0x1FF8,
  0x1FF8, 0x1FF8, 0x0000, 0x4942, 0x0942, 0x0942, 0x0942, 0x0942,
  0x0942, 0x0942, 0x0942, 0x0942, 0x0942, 0x2000, 0x2942, 0x0942,
  0x0942, 0x4942, 0x2108, 0x2942, 0x0942, 0x0942, 0x0942, 0x0942,
  0x0942, 0x0942, 0x0942, 0x0842, 0xE839, 0x1FF8, 0x1FF8, 0x1FF8,
  0x1FF8, 0x1FF8, 0x1FF8, 0x1FF8, 0x1FF8, 0x1FF8, 0x1FF8, 0x1FF8,
  0x1FF8, 0x1FF8, 0x1FF8, 0x1FF8, 0x1FF8, 0x1FF8, 0x1FF8, 0x1FF8,
  0x1FF8, 0x1FF8, 0x1FF8, 0x1FF8, 0x1FF8, 0x1FF8, 0x1FF8, 0x1FF8,
  0x1FF8, 0x1FF8, 0x1FF8, 0x1FF8, 0x1FF8, 0x1FF8, 0x1FF8, 0x0000,
  0x0842, 0x0842, 0x0942, 0x0942, 0x0942, 0x0942, 0x0942, 0x0942,
  0x0942, 0x0942, 0x0942, 0x8631, 0xC839, 0x0942, 0x0942, 0x0000,
  0x0842, 0x0942, 0x0942, 0x0942, 0x0942, 0x0942, 0x0942, 0x0942,
  0x0942, 0x0942, 0x8210, 0x1FF8, 0x1FF8, 0x1FF8, 0x1FF8, 0x1FF8,
  0x1FF8, 0x1FF8, 0x1FF8, 0x1FF8, 0x1FF8, 0x1FF8, 0x1FF8, 0x1FF8,
  0x1FF8, 0x1FF8, 0x1FF8, 0x1FF8, 0x1FF8, 0x1FF8, 0x1FF8, 0x1FF8,
  0x1FF8, 0x1FF8, 0x1FF8, 0x1FF8, 0x1FF8, 0x1FF8, 0x1FF8, 0x1FF8,
  0x1FF8, 0x1FF8, 0x1FF8, 0x1FF8, 0x0000, 0x4942, 0x0942, 0x0942,
  0x0942, 0x0942, 0x0942, 0x0942, 0x0942, 0x0942, 0x0942, 0x0942,
  0x0942, 0x2942, 0xC318, 0x0942, 0x4108, 0x2942, 0x0942, 0x0942,
  0x0942, 0x0942, 0x0942, 0x0942, 0x0942, 0x0942, 0x0942, 0x2942,
  0x0000, 0x1FF8, 0x1FF8, 0x1FF8, 0x1FF8, 0x1FF8, 0x1FF8, 0x1FF8,
  0x1FF8, 0x1FF8, 0x1FF8, 0x1FF8, 0x1FF8, 0x1FF8, 0x1FF8, 0x1FF8,
  0x1FF8, 0x1FF8, 0x1FF8, 0x1FF8, 0x1FF8, 0x1FF8, 0x1FF8, 0x1FF8,
  0x1FF8, 0x1FF8, 0x1FF8, 0x1FF8, 0x1FF8, 0x1FF8, 0x1FF8, 0x1FF8,
  0x1FF8, 0x0000, 0x083A, 0x0942, 0x0942, 0x0942, 0x0942, 0x0942,
  0x0942, 0x0942, 0x0942, 0x0942, 0x0942, 0x0942, 0x0942, 0x0942,
  0x4108, 0xC318, 0xE839, 0x0842, 0x0942, 0x0942, 0x0942, 0x0942,
  0x0942, 0x0942, 0x0942, 0x0942, 0x0942, 0x6629, 0x1FF8, 0x1FF8,
  0x1FF8, 0x1FF8, 0x1FF8, 0x1FF8, 0x1FF8, 0x1FF8, 0x1FF8, 0x1FF8,
  0x1FF8, 0x1FF8, 0x1FF8, 0x1FF8, 0x1FF8, 0x1FF8, 0x1FF8, 0x1FF8,
  0x1FF8, 0x1FF8, 0x1FF8, 0x1FF8, 0x1FF8, 0x1FF8, 0x1FF8, 0x1FF8,
  0x1FF8, 0x1FF8, 0x1FF8, 0x1FF8, 0x1FF8, 0x1FF8, 0x0000, 0x2942,
  0x0942, 0x0942, 0x0942, 0x0942, 0x0942, 0x0942, 0x0942, 0x0942,
  0x0942, 0x0942, 0x0942, 0x0942, 0x0942, 0x0942, 0x4529, 0x8731,
  0x0842, 0x0942, 0x0942, 0x0942, 0x0942, 0x0942, 0x0942, 0x0942,
  0x0942, 0x0942, 0x0942, 0x2000, 0x1FF8, 0x1FF8, 0x1FF8, 0x1FF8,
  0x1FF8, 0x1FF8, 0x1FF8, 0x1FF8, 0x1FF8, 0x1FF8, 0x1FF8, 0x1FF8,
  0x1FF8, 0x1FF8, 0x1FF8, 0x1FF8, 0x1FF8, 0x1FF8, 0x1FF8, 0x1FF8,
  0x1FF8, 0x1FF8, 0x1FF8, 0x1FF8, 0x1FF8, 0x1FF8, 0x1FF8, 0x1FF8,
  0x1FF8, 0x1FF8, 0x1FF8, 0x0000, 0x083A, 0x0942, 0x0942, 0x0942,
  0x0942, 0x0942, 0x0942, 0x0942, 0x0942, 0x0942, 0x0942, 0x0942,
  0x0942, 0x0942, 0x0942, 0x0942, 0x0942, 0x0942, 0x0942, 0x0942,
  0x0942, 0x0942, 0x0942, 0x0942, 0x0942, 0x0942, 0x0942, 0x0942,
  0x4942, 0x1FF8, 0x1FF8, 0x1FF8, 0x1FF8, 0x1FF8, 0x1FF8, 0x1FF8,
  0x1FF8, 0x1FF8, 0x1FF8, 0x1FF8, 0x1FF8, 0x1FF8, 0x1FF8, 0x1FF8,
  0x1FF8, 0x1FF8, 0x1FF8, 0x1FF8, 0x1FF8, 0x1FF8, 0x1FF8, 0x1FF8,
  0x1FF8, 0x1FF8, 0x1FF8, 0x1FF8, 0x1FF8, 0x1FF8, 0x1FF8, 0x1FF8,
  0x1FF8, 0xC739, 0x0842, 0x0942, 0x0942, 0x0942, 0x0942, 0x0942,
  0x0942, 0x0942, 0x0942, 0x0942, 0x0942, 0x0942, 0x0942, 0x0942,
  0x0942, 0x0942, 0x0942, 0x0942, 0x0942, 0x0942, 0x0942, 0x0942,
  0x0942, 0x0942, 0x0942, 0x0942, 0x0942, 0x0842, 0xE418, 0x1FF8,
  0x1FF8, 0x1FF8, 0x1FF8, 0x1FF8, 0x1FF8, 0x1FF8, 0x1FF8, 0x1FF8,
  0x1FF8, 0x1FF8, 0x1FF8, 0x1FF8, 0x1FF8, 0x1FF8, 0x1FF8, 0x1FF8,
  0x1FF8, 0x1FF8, 0x1FF8, 0x1FF8, 0x1FF8, 0x1FF8, 0x1FF8, 0x1FF8,
  0x1FF8, 0x1FF8, 0x1FF8, 0x1FF8, 0x1FF8, 0x1FF8, 0x8631, 0x0942,
  0x0942, 0x0942, 0x0942, 0x0942, 0x0942, 0x0942, 0x0942, 0x0942,
  0x0942, 0x0942, 0x0942, 0x0942, 0x0942, 0x0942, 0x0942, 0x0942,
  0x0942, 0x0942, 0x0942, 0x0942, 0x0942, 0x0942, 0x0942, 0x0942,
  0x0942, 0x0942, 0x0942, 0x2942, 0x0000, 0x1FF8, 0x1FF8, 0x1FF8,
  0x1FF8, 0x1FF8, 0x1FF8, 0x1FF8, 0x1FF8, 0x1FF8, 0x1FF8, 0x1FF8,
  0x1FF8, 0x1FF8, 0x1FF8, 0x1FF8, 0x1FF8, 0x1FF8, 0x1FF8, 0x1FF8,
  0x1FF8, 0x1FF8, 0x1FF8, 0x1FF8, 0x1FF8, 0x1FF8, 0x1FF8, 0x1FF8,
  0x1FF8, 0x1FF8, 0x1FF8, 0x0421, 0x0942, 0x0942, 0x0942, 0x0942,
  0x0942, 0x0942, 0x0942, 0x0942, 0x0942, 0x0942, 0x0942, 0x0942,
  0x0942, 0x0942, 0x0942, 0x0942, 0x0942, 0x0942, 0x0942, 0x0942,
  0x0942, 0x0942, 0x0942, 0x0942, 0x0942, 0x0942, 0x0942, 0x0942,
  0x0842, 0xA731, 0x1FF8, 0x1FF8, 0x1FF8, 0x1FF8, 0x1FF8, 0x1FF8,
  0x1FF8, 0x1FF8, 0x1FF8, 0x1FF8, 0x1FF8, 0x1FF8, 0x1FF8, 0x1FF8,
  0x1FF8, 0x1FF8, 0x1FF8, 0x1FF8, 0x1FF8, 0x1FF8, 0x1FF8, 0x1FF8,
  0x1FF8, 0x1FF8, 0x1FF8, 0x1FF8, 0x1FF8, 0x1FF8, 0x1FF8, 0x1FF8,
  0x6210, 0x0942, 0x0942, 0x0942, 0x0942, 0x0942, 0x0942, 0x0942,
  0x0942, 0x0942, 0x0942, 0x0942, 0x0942, 0x0942, 0x0942, 0x0942,
  0x0942, 0x0942, 0x0942, 0x0942, 0x0942, 0x0942, 0x0942, 0x0942,
  0x0942, 0x0942, 0x0942, 0x0942, 0x0942, 0x0942, 0x2942, 0x0000,
  0x1FF8, 0x1FF8, 0x1FF8, 0x1FF8, 0x1FF8, 0x1FF8, 0x1FF8, 0x1FF8,
  0x1FF8, 0x1FF8, 0x1FF8, 0x1FF8, 0x1FF8, 0x1FF8, 0x1FF8, 0x1FF8,
  0x1FF8, 0x1FF8, 0x1FF8, 0x1FF8, 0x1FF8, 0x1FF8, 0x1FF8, 0x1FF8,
  0x1FF8, 0x1FF8, 0x1FF8, 0x1FF8, 0x1FF8, 0x1FF8, 0x2942, 0x0942,
  0x0942, 0x0942, 0x0942, 0x0942, 0x0942, 0x0942, 0x0942, 0x0942,
  0x0942, 0x0942, 0x0942, 0x0942, 0x0942, 0x0942, 0x0942, 0x0942,
  0x0942, 0x0942, 0x0942, 0x0942, 0x0942, 0x0942, 0x0942, 0x0942,
  0x0942, 0x0942, 0x0942, 0x0842, 0xA731, 0x1FF8, 0x1FF8, 0x1FF8,
  0x1FF8, 0x1FF8, 0x1FF8, 0x1FF8, 0x1FF8, 0x1FF8, 0x1FF8, 0x1FF8,
  0x1FF8, 0x1FF8, 0x1FF8, 0x1FF8, 0x1FF8, 0x1FF8, 0x1FF8, 0x1FF8,
  0x1FF8, 0x1FF8, 0x1FF8, 0x1FF8, 0x1FF8, 0x1FF8, 0x1FF8, 0x1FF8,
  0x1FF8, 0x1FF8, 0x1FF8, 0x2108, 0x0942, 0x0942, 0x0942, 0x0942,
  0x0942, 0x0942, 0x0942, 0x0942, 0x0942, 0x0942, 0x0942, 0x0942,
  0x0942, 0x0942, 0x0942, 0x0942, 0x0942, 0x0942, 0x0942, 0x0942,
  0x0942, 0x0942, 0x0942, 0x0942, 0x0942, 0x0942, 0x0942, 0x0942,
  0x0942, 0x2942, 0x0000, 0x1FF8, 0x1FF8, 0x1FF8, 0x1FF8, 0x1FF8,
  0x1FF8, 0x1FF8, 0x1FF8, 0x1FF8, 0x1FF8, 0x1FF8, 0x1FF8, 0x1FF8,
  0x1FF8, 0x1FF8, 0x1FF8, 0x1FF8, 0x1FF8, 0x1FF8, 0x1FF8, 0x1FF8,
  0x1FF8, 0x1FF8, 0x1FF8, 0x1FF8, 0x1FF8, 0x1FF8, 0x1FF8, 0x1FF8,
  0x1FF8, 0x8631, 0x0942, 0x0942, 0x0942, 0x0942, 0x0942, 0x0942,
  0x0942, 0x0942, 0x0942, 0x0942, 0x0942, 0x0942, 0x0942, 0x0942,
  0x0942, 0x0942, 0x0942, 0x0942, 0x0942, 0x0942, 0x0942, 0x0942,
  0x0942, 0x0942, 0x0942, 0x0942, 0x0942, 0x0942, 0x0842, 0xE839,
  0x1FF8, 0x1FF8, 0x1FF8, 0x1FF8, 0x1FF8, 0x1FF8, 0x1FF8, 0x1FF8,
  0x1FF8, 0x1FF8, 0x1FF8, 0x1FF8, 0x1FF8, 0x1FF8, 0x1FF8, 0x1FF8,
  0x1FF8, 0x1FF8, 0x1FF8, 0x1FF8, 0x1FF8, 0x1FF8, 0x1FF8, 0x1FF8,
  0x1FF8, 0x1FF8, 0x1FF8, 0x1FF8, 0x1FF8, 0x1FF8, 0x1FF8, 0x2942,
  0x0942, 0x0942, 0x0942, 0x0942, 0x0942, 0x0942, 0x0942, 0x0942,
  0x0942, 0x0942, 0x0942, 0x0942, 0x0942, 0x0942, 0x0942, 0x0942,
  0x0942, 0x0942, 0x0942, 0x0942, 0x0942, 0x0942, 0x0942, 0x0942,
  0x0942, 0x0942, 0x0942, 0x0942, 0x0942, 0x0000, 0x1FF8, 0x1FF8,
  0x1FF8, 0x1FF8, 0x1FF8, 0x1FF8, 0x1FF8, 0x1FF8, 0x1FF8, 0x1FF8,
  0x1FF8, 0x1FF8, 0x1FF8, 0x1FF8, 0x1FF8, 0x1FF8, 0x1FF8, 0x1FF8,
  0x1FF8, 0x1FF8, 0x1FF8, 0x1FF8, 0x1FF8, 0x1FF8, 0x1FF8, 0x1FF8,
  0x1FF8, 0x1FF8, 0x1FF8, 0x1FF8, 0x0000, 0x2942, 0x0942, 0x0942,
  0x0942, 0x0942, 0x0942, 0x0942, 0x0942, 0x0942, 0x0942, 0x0942,
  0x0942, 0x0942, 0x0942, 0x0942, 0x0942, 0x0942, 0x0942, 0x0942,
  0x0942, 0x0942, 0x0942, 0x0942, 0x0942, 0x0942, 0x0942, 0x0942,
  0x0942, 0x0942, 0xE839, 0x1FF8, 0x1FF8, 0x1FF8, 0x1FF8, 0x1FF8,
  0x1FF8, 0x1FF8, 0x1FF8, 0x1FF8, 0x1FF8, 0x1FF8, 0x1FF8, 0x1FF8,
  0x1FF8, 0x1FF8, 0x1FF8, 0x1FF8, 0x1FF8, 0x1FF8, 0x1FF8, 0x1FF8,
  0x1FF8, 0x1FF8, 0x1FF8, 0x1FF8, 0x1FF8, 0x1FF8, 0x1FF8, 0x1FF8,
  0x1FF8, 0x1FF8, 0x4108, 0x0942, 0x0942, 0x0942, 0x0942, 0x0942,
  0x0942, 0x0942, 0x0942, 0x0942, 0x0942, 0x0942, 0x0942, 0x0942,
  0x0942, 0x0942, 0x0942, 0x0942, 0x0942, 0x0942, 0x0942, 0x0942,
  0x0942, 0x0942, 0x0942, 0x0942, 0x0942, 0x0942, 0x0942, 0x0942,
  0x0000, 0x1FF8, 0x1FF8, 0x1FF8, 0x1FF8, 0x1FF8, 0x1FF8, 0x1FF8,
  0x1FF8, 0x1FF8, 0x1FF8, 0x1FF8, 0x1FF8, 0x1FF8, 0x1FF8, 0x1FF8,
  0x1FF8, 0x1FF8, 0x1FF8, 0x1FF8, 0x1FF8, 0x1FF8, 0x1FF8, 0x1FF8,
  0x1FF8, 0x1FF8, 0x1FF8, 0x1FF8, 0x1FF8, 0x1FF8, 0x1FF8, 0x1FF8,
  0xE420, 0x0942, 0x0942, 0x0942, 0x0942, 0x0942, 0x0942, 0x0942,
  0x0942, 0x0942, 0x0942, 0x0942, 0x0942, 0x0942, 0x0942, 0x0942,
  0x0942, 0x0942, 0x0942, 0x0942, 0x0942, 0x0942, 0x0942, 0x0942,
  0x0942, 0x0942, 0x0942, 0x0942, 0x0942, 0x0942, 0x1FF8, 0x1FF8,
  0x1FF8, 0x1FF8, 0x1FF8, 0x1FF8, 0x1FF8, 0x1FF8, 0x1FF8, 0x1FF8,
  0x1FF8, 0x1FF8, 0x1FF8, 0x1FF8, 0x1FF8, 0x1FF8, 0x1FF8, 0x1FF8,
  0x1FF8, 0x1FF8, 0x1FF8, 0x1FF8, 0x1FF8, 0x1FF8, 0x1FF8, 0x1FF8,
  0x1FF8, 0x1FF8, 0x1FF8, 0x1FF8, 0x1FF8, 0x1FF8, 0x8631, 0x0942,
  0x0942, 0x0942, 0x0942, 0x0942, 0x0942, 0x0942, 0x0942, 0x0942,
  0x0942, 0x0942, 0x0942, 0x0942, 0x0942, 0x0942, 0x0942, 0x0942,
  0x0942, 0x0942, 0x0942, 0x0942, 0x0942, 0x0942, 0x0942, 0x0942,
  0x0942, 0x0942, 0x0942, 0x0000, 0x1FF8, 0x1FF8, 0x1FF8, 0x1FF8,
  0x1FF8, 0x1FF8, 0x1FF8, 0x1FF8, 0x1FF8, 0x1FF8, 0x1FF8, 0x1FF8,
  0x1FF8, 0x1FF8, 0x1FF8, 0x1FF8, 0x1FF8, 0x1FF8, 0x1FF8, 0x1FF8,
  0x1FF8, 0x1FF8, 0x1FF8, 0x1FF8, 0x1FF8, 0x1FF8, 0x1FF8, 0x1FF8,
  0x1FF8, 0x1FF8, 0x1FF8, 0x1FF8, 0xE839, 0x0942, 0x0942, 0x0942,
  0x0942, 0x0942, 0x0942, 0x0942, 0x0942, 0x0942, 0x0942, 0x0942,
  0x0942, 0x0942, 0x0942, 0x0942, 0x0942, 0x0942, 0x0942, 0x0942,
  0x0942, 0x0942, 0x0942, 0x0942, 0x0942, 0x0942, 0x0942, 0x0942,
  0x2942, 0x1FF8, 0x1FF8, 0x1FF8, 0x1FF8, 0x1FF8, 0x1FF8, 0x1FF8,
  0x1FF8, 0x1FF8, 0x1FF8, 0x1FF8, 0x1FF8, 0x1FF8, 0x1FF8, 0x1FF8,
  0x1FF8, 0x1FF8, 0x1FF8, 0x1FF8, 0x1FF8, 0x1FF8, 0x1FF8, 0x1FF8,
  0x1FF8, 0x1FF8, 0x1FF8, 0x1FF8, 0x1FF8, 0x1FF8, 0x1FF8, 0x1FF8,
  0x1FF8, 0x1FF8, 0x2942, 0x0942, 0x0942, 0x0942, 0x0942, 0x0942,
  0x0942, 0x0942, 0x0942, 0x0942, 0x0942, 0x0942, 0x0942, 0x0942,
  0x0942, 0x0942, 0x0942, 0x0942, 0x0942, 0x0942, 0x0942, 0x0942,
  0x0942, 0x0942, 0x0942, 0x0942, 0x0942, 0x0942, 0x6208, 0x1FF8,
  0x1FF8, 0x1FF8, 0x1FF8, 0x1FF8, 0x1FF8, 0x1FF8, 0x1FF8, 0x1FF8,
  0x1FF8, 0x1FF8, 0x1FF8, 0x1FF8, 0x1FF8, 0x1FF8, 0x1FF8, 0x1FF8,
  0x1FF8, 0x1FF8, 0x1FF8, 0x1FF8, 0x1FF8, 0x1FF8, 0x1FF8, 0x1FF8,
  0x1FF8, 0x1FF8, 0x1FF8, 0x1FF8, 0x1FF8, 0x1FF8, 0x1FF8, 0x0000,
  0x2942, 0x0942, 0x0942, 0x0942, 0x0942, 0x0942, 0x0942, 0x0942,
  0x0942, 0x0942, 0x0942, 0x0942, 0x0942, 0x0942, 0x0942, 0x0942,
  0x0942, 0x0942, 0x0942, 0x0942, 0x0942, 0x0942, 0x0942, 0x0942,
  0x0942, 0x0942, 0x0942, 0x2942, 0x1FF8, 0x1FF8, 0x1FF8, 0x1FF8,
  0x1FF8, 0x1FF8, 0x1FF8, 0x1FF8, 0x1FF8, 0x1FF8, 0x1FF8, 0x1FF8,
  0x1FF8, 0x1FF8, 0x1FF8, 0x1FF8, 0x1FF8, 0x1FF8, 0x1FF8, 0x1FF8,
  0x1FF8, 0x1FF8, 0x1FF8, 0x1FF8, 0x1FF8, 0x1FF8, 0x1FF8, 0x1FF8,
  0x1FF8, 0x1FF8, 0x1FF8, 0x1FF8, 0x1FF8, 0x0000, 0x2942, 0x0942,
  0x0942, 0x0942, 0x0942, 0x0942, 0x0942, 0x0942, 0x0942, 0x0942,
  0x0942, 0x0942, 0x0942, 0x0942, 0x0942, 0x0942, 0x0942, 0x0942,
  0x0942, 0x0942, 0x0942, 0x0942, 0x0942, 0x0942, 0x0942, 0x0942,
  0x0842, 0xC318, 0x1FF8, 0x1FF8, 0x1FF8, 0x1FF8, 0x1FF8, 0x1FF8,
  0x1FF8, 0x1FF8, 0x1FF8, 0x1FF8, 0x1FF8, 0x1FF8, 0x1FF8, 0x1FF8,
  0x1FF8, 0x1FF8, 0x1FF8, 0x1FF8, 0x1FF8, 0x1FF8, 0x1FF8, 0x1FF8,
  0x1FF8, 0x1FF8, 0x1FF8, 0x1FF8, 0x1FF8, 0x1FF8, 0x1FF8, 0x1FF8,
  0x1FF8, 0x1FF8, 0x1FF8, 0x4108, 0x0942, 0x0942, 0x0942, 0x0942,
  0x0942, 0x0942, 0x0942, 0x0942, 0x0942, 0x0942, 0x0942, 0x0942,
  0x0942, 0x0942, 0x0942, 0x0942, 0x0942, 0x0942, 0x0942, 0x0942,
  0x0942, 0x0942, 0x0942, 0x0942, 0x0942, 0x0942, 0x2942, 0x0000,
  0x1FF8, 0x1FF8, 0x1FF8, 0x1FF8, 0x1FF8, 0x1FF8, 0x1FF8, 0x1FF8,
  0x1FF8, 0x1FF8, 0x1FF8, 0x1FF8, 0x1FF8, 0x1FF8, 0x1FF8, 0x1FF8,
  0x1FF8, 0x1FF8, 0x1FF8, 0x1FF8, 0x1FF8, 0x1FF8, 0x1FF8, 0x1FF8,
  0x1FF8, 0x1FF8, 0x1FF8, 0x1FF8, 0x1FF8, 0x1FF8, 0x1FF8, 0x1FF8,
  0x1FF8, 0x6208, 0x0942, 0x0942, 0x0942, 0x0942, 0x0942, 0x0942,
  0x0942, 0x0942, 0x0942, 0x0942, 0x0942, 0x0942, 0x0942, 0x0942,
  0x0942, 0x0942, 0x0942, 0x0942, 0x0942, 0x0942, 0x0942, 0x0942,
  0x0942, 0x0942, 0x0942, 0x0842, 0xA731, 0x1FF8, 0x1FF8, 0x1FF8,
  0x1FF8, 0x1FF8, 0x1FF8, 0x1FF8, 0x1FF8, 0x1FF8, 0x1FF8, 0x1FF8,
  0x1FF8, 0x1FF8, 0x1FF8, 0x1FF8, 0x1FF8, 0x1FF8, 0x1FF8, 0x1FF8,
  0x1FF8, 0x1FF8, 0x1FF8, 0x1FF8, 0x1FF8, 0x1FF8, 0x1FF8, 0x1FF8,
  0x1FF8, 0x1FF8, 0x1FF8, 0x1FF8, 0x1FF8, 0x1FF8, 0x1FF8, 0xA310,
  0x0942, 0x0942, 0x0942, 0x0942, 0x0942, 0x0942, 0x0942, 0x0942,
  0x0942, 0x0942, 0x0942, 0x0942, 0x0942, 0x0942, 0x0942, 0x0942,
  0x0942, 0x0942, 0x0942, 0x0942, 0x0942, 0x0942, 0x0942, 0x0942,
  0x0942, 0x0842, 0x0000, 0x1FF8, 0x1FF8, 0x1FF8, 0x1FF8, 0x1FF8,
  0x1FF8, 0x1FF8, 0x1FF8, 0x1FF8, 0x1FF8, 0x1FF8, 0x1FF8, 0x1FF8,
  0x1FF8, 0x1FF8, 0x1FF8, 0x1FF8, 0x1FF8, 0x1FF8, 0x1FF8, 0x1FF8,
  0x1FF8, 0x1FF8, 0x1FF8, 0x1FF8, 0x1FF8, 0x1FF8, 0x1FF8, 0x1FF8,
  0x1FF8, 0x1FF8, 0x1FF8, 0x1FF8, 0x1FF8, 0xA318, 0x0942, 0x0942,
  0x0942, 0x0942, 0x0942, 0x0942, 0x0942, 0x0942, 0x0942, 0x0942,
  0x0942, 0x0942, 0x0942, 0x0942, 0x0942, 0x0942, 0x0942, 0x0942,
  0x0942, 0x0942, 0x0942, 0x0942, 0x0942, 0x0942, 0x0942, 0x0942,
  0x0000, 0x1FF8, 0x1FF8, 0x1FF8, 0x1FF8, 0x1FF8, 0x1FF8, 0x1FF8,
  0x1FF8, 0x1FF8, 0x1FF8, 0x1FF8, 0x1FF8, 0x1FF8, 0x1FF8, 0x1FF8,
  0x1FF8, 0x1FF8, 0x1FF8, 0x1FF8, 0x1FF8, 0x1FF8, 0x1FF8, 0x1FF8,
  0x1FF8, 0x1FF8, 0x1FF8, 0x1FF8, 0x1FF8, 0x1FF8, 0x1FF8, 0x1FF8,
  0x1FF8, 0x1FF8, 0x1FF8, 0xC318, 0x0842, 0x0942, 0x0942, 0x0942,
  0x0942, 0x0942, 0x0942, 0x0942, 0x0942, 0x0942, 0x0942, 0x0942,
  0x0942, 0x0942, 0x0942, 0x0942, 0x0942, 0x0942, 0x0942, 0x0942,
  0x0942, 0x0942, 0x0942, 0x0942, 0x0942, 0x6629, 0x1FF8, 0x1FF8,
  0x1FF8, 0x1FF8, 0x1FF8, 0x1FF8, 0x1FF8, 0x1FF8, 0x1FF8, 0x1FF8,
  0x1FF8, 0x1FF8, 0x1FF8, 0x1FF8, 0x1FF8, 0x1FF8, 0x1FF8, 0x1FF8,
  0x1FF8, 0x1FF8, 0x1FF8, 0x1FF8, 0x1FF8, 0x1FF8, 0x1FF8, 0x1FF8,
  0x1FF8, 0x1FF8, 0x1FF8, 0x1FF8, 0x1FF8, 0x1FF8, 0x1FF8, 0x1FF8,
  0x1FF8, 0xC318, 0x0842, 0x0942, 0x0942, 0x0942, 0x0942, 0x0942,
  0x0942, 0x0942, 0x0942, 0x0942, 0x0942, 0x0942, 0x0942, 0x0942,
  0x0942, 0x0942, 0x0942, 0x0942, 0x0942, 0x0942, 0x0942, 0x0942,
  0x0942, 0x0942, 0x0942, 0x8210, 0x1FF8, 0x1FF8, 0x1FF8, 0x1FF8,
  0x1FF8, 0x1FF8, 0x1FF8, 0x1FF8, 0x1FF8, 0x1FF8, 0x1FF8, 0x1FF8,
  0x1FF8, 0x1FF8, 0x1FF8, 0x1FF8, 0x1FF8, 0x1FF8, 0x1FF8, 0x1FF8,
  0x1FF8, 0x1FF8, 0x1FF8, 0x1FF8, 0x1FF8, 0x1FF8, 0x1FF8, 0x1FF8,
  0x1FF8, 0x1FF8, 0x1FF8, 0x1FF8, 0x1FF8, 0x1FF8, 0x1FF8, 0xA318,
  0x0942, 0x0942, 0x0942, 0x0942, 0x0942, 0x0942, 0x0942, 0x0942,
  0x0942, 0x0942, 0x0942, 0x0942, 0x0942, 0x0942, 0x0942, 0x0942,
  0x0942, 0x0942, 0x0942, 0x0942, 0x0942, 0x0942, 0x0942, 0x0942,
  0x0942, 0x6108, 0x1FF8, 0x1FF8, 0x1FF8, 0x1FF8, 0x1FF8, 0x1FF8,
  0x1FF8, 0x1FF8, 0x1FF8, 0x1FF8, 0x1FF8, 0x1FF8, 0x1FF8, 0x1FF8,
  0x1FF8, 0x1FF8, 0x1FF8, 0x1FF8, 0x1FF8, 0x1FF8, 0x1FF8, 0x1FF8,
  0x1FF8, 0x1FF8, 0x1FF8, 0x1FF8, 0x1FF8, 0x1FF8, 0x1FF8, 0x1FF8,
  0x1FF8, 0x1FF8, 0x1FF8, 0x1FF8, 0x1FF8, 0xA310, 0x0942, 0x0942,
  0x0942, 0x0942, 0x0942, 0x0942, 0x0942, 0x0942, 0x0942, 0x0942,
  0x0942, 0x0942, 0x0942, 0x0942, 0x0942, 0x0942, 0x0942, 0x0942,
  0x0942, 0x0942, 0x0942, 0x0942, 0x0942, 0x0942, 0x0942, 0x2000,
  0x1FF8, 0x1FF8, 0x1FF8, 0x1FF8, 0x1FF8, 0x1FF8, 0x1FF8, 0x1FF8,
  0x1FF8, 0x1FF8, 0x1FF8, 0x1FF8, 0x1FF8, 0x1FF8, 0x1FF8, 0x1FF8,
  0x1FF8, 0x1FF8, 0x1FF8, 0x1FF8, 0x1FF8, 0x1FF8, 0x1FF8, 0x1FF8,
  0x1FF8, 0x1FF8, 0x1FF8, 0x1FF8, 0x1FF8, 0x1FF8, 0x1FF8, 0x1FF8,
  0x1FF8, 0x1FF8, 0x1FF8, 0x4108, 0x0842, 0x0942, 0x0942, 0x0942,
  0x0942, 0x0942, 0x0942, 0x0942, 0x0942, 0x0942, 0x0942, 0x0942,
  0x0942, 0x0942, 0x0942, 0x0942, 0x0942, 0x0942, 0x0942, 0x0942,
  0x0942, 0x0942, 0x0942, 0x0942, 0x0942, 0x0000, 0x1FF8, 0x1FF8,
  0x1FF8, 0x1FF8, 0x1FF8, 0x1FF8, 0x1FF8, 0x1FF8, 0x1FF8, 0x1FF8,
  0x1FF8, 0x1FF8, 0x1FF8, 0x1FF8, 0x1FF8, 0x1FF8, 0x1FF8, 0x1FF8,
  0x1FF8, 0x1FF8, 0x1FF8, 0x1FF8, 0x1FF8, 0x1FF8, 0x1FF8, 0x1FF8,
  0x1FF8, 0x1FF8, 0x1FF8, 0x1FF8, 0x1FF8, 0x1FF8, 0x1FF8, 0x1FF8,
  0x1FF8, 0x2000, 0x0942, 0x0942, 0x0942, 0x0942, 0x0942, 0x0942,
  0x0942, 0x0942, 0x0942, 0x0942, 0x0942, 0x0942, 0x0942, 0x0942,
  0x0942, 0x0942, 0x0942, 0x0942, 0x0942, 0x0942, 0x0942, 0x0942,
  0x0942, 0x0942, 0x0942, 0x0000, 0x1FF8, 0x1FF8, 0x1FF8, 0x1FF8,
  0x1FF8, 0x1FF8, 0x1FF8, 0x1FF8, 0x1FF8, 0x1FF8, 0x1FF8, 0x1FF8,
  0x1FF8, 0x1FF8, 0x1FF8, 0x1FF8, 0x1FF8, 0x1FF8, 0x1FF8, 0x1FF8,
  0x1FF8, 0x1FF8, 0x1FF8, 0x1FF8, 0x1FF8, 0x1FF8, 0x1FF8, 0x1FF8,
  0x1FF8, 0x1FF8, 0x1FF8, 0x1FF8, 0x1FF8, 0x1FF8, 0x1FF8, 0x4108,
  0x0942, 0x0942, 0x0942, 0x0942, 0x0942, 0x0942, 0x0942, 0x0942,
  0x0942, 0x0942, 0x0942, 0x0942, 0x0942, 0x0942, 0x0942, 0x0942,
  0x0942, 0x0942, 0x0942, 0x0942, 0x0942, 0x0942, 0x0942, 0x0942,
  0x0942, 0x0000, 0x1FF8, 0x1FF8, 0x1FF8, 0x1FF8, 0x1FF8, 0x1FF8,
  0x1FF8, 0x1FF8, 0x1FF8, 0x1FF8, 0x1FF8, 0x1FF8, 0x1FF8, 0x1FF8,
  0x1FF8, 0x1FF8, 0x1FF8, 0x1FF8, 0x1FF8, 0x1FF8, 0x1FF8, 0x1FF8,
  0x1FF8, 0x1FF8, 0x1FF8, 0x1FF8, 0x1FF8, 0x1FF8, 0x1FF8, 0x1FF8,
  0x1FF8, 0x1FF8, 0x1FF8, 0x1FF8, 0x1FF8, 0x2000, 0x0942, 0x0942,
  0x0942, 0x0942, 0x0942, 0x0942, 0x0942, 0x0942, 0x0942, 0x0942,
  0x0942, 0x0942, 0x0942, 0x0942, 0x0942, 0x0942, 0x0942, 0x0942,
  0x0942, 0x0942, 0x0942, 0x0942, 0x0942, 0x0942, 0x0942, 0x8210,
  0x1FF8, 0x1FF8, 0x1FF8, 0x1FF8, 0x1FF8, 0x1FF8, 0x1FF8, 0x1FF8,
  0x1FF8, 0x1FF8, 0x1FF8, 0x1FF8, 0x1FF8, 0x1FF8, 0x1FF8, 0x1FF8,
  0x1FF8, 0x1FF8, 0x1FF8, 0x1FF8, 0x1FF8, 0x1FF8, 0x1FF8, 0x1FF8,
  0x1FF8, 0x1FF8, 0x1FF8, 0x1FF8, 0x1FF8, 0x1FF8, 0x1FF8, 0x1FF8,
  0x1FF8, 0x1FF8, 0x1FF8, 0x0000, 0x0942, 0x0942, 0x0942, 0x0942,
  0x0942, 0x0942, 0x0942, 0x0942, 0x0942, 0x0942, 0x0942, 0x0942,
  0x0942, 0x0942, 0x0942, 0x0942, 0x0942, 0x0942, 0x0942, 0x0942,
  0x0942, 0x0942, 0x0942, 0x0942, 0x0942, 0x2521, 0x1FF8, 0x1FF8,
  0x1FF8, 0x1FF8, 0x1FF8, 0x1FF8, 0x1FF8, 0x1FF8, 0x1FF8, 0x1FF8,
  0x1FF8, 0x1FF8, 0x1FF8, 0x1FF8, 0x1FF8, 0x1FF8, 0x1FF8, 0x1FF8,
  0x1FF8, 0x1FF8, 0x1FF8, 0x1FF8, 0x1FF8, 0x1FF8, 0x1FF8, 0x1FF8,
  0x1FF8, 0x1FF8, 0x1FF8, 0x1FF8, 0x1FF8, 0x1FF8, 0x1FF8, 0x1FF8,
  0x1FF8, 0x0000, 0x0942, 0x0942, 0x0942, 0x0942, 0x0942, 0x0942,
  0x0942, 0x0942, 0x0942, 0x0942, 0x0942, 0x0942, 0x0942, 0x0942,
  0x0942, 0x0942, 0x0942, 0x0942, 0x0942, 0x0942, 0x0942, 0x0942,
  0x0942, 0x0942, 0x0942, 0xC739, 0x1FF8, 0x1FF8, 0x1FF8, 0x1FF8,
  0x1FF8, 0x1FF8, 0x1FF8, 0x1FF8, 0x1FF8, 0x1FF8, 0x1FF8, 0x1FF8,
  0x1FF8, 0x1FF8, 0x1FF8, 0x1FF8, 0x1FF8, 0x1FF8, 0x1FF8, 0x1FF8,
  0x1FF8, 0x1FF8, 0x1FF8, 0x1FF8, 0x1FF8, 0x1FF8, 0x1FF8, 0x1FF8,
  0x1FF8, 0x1FF8, 0x1FF8, 0x1FF8, 0x1FF8, 0x1FF8, 0x1FF8, 0x0000,
  0x0942, 0x0942, 0x0942, 0x0942, 0x0942, 0x0942, 0x0942, 0x0942,
  0x0942, 0x0942, 0x0942, 0x0942, 0x0942, 0x0942, 0x0942, 0x0942,
  0x0942, 0x0942, 0x0942, 0x0942, 0x0942, 0x0942, 0x0942, 0x0942,
  0x0942, 0xE839, 0x1FF8, 0x1FF8, 0x1FF8, 0x1FF8, 0x1FF8, 0x1FF8,
  0x1FF8, 0x1FF8, 0x1FF8, 0x1FF8, 0x1FF8, 0x1FF8, 0x1FF8, 0x1FF8,
  0x1FF8, 0x1FF8, 0x1FF8, 0x1FF8, 0x1FF8, 0x1FF8, 0x1FF8, 0x1FF8,
  0x1FF8, 0x1FF8, 0x1FF8, 0x1FF8, 0x1FF8, 0x1FF8, 0x1FF8, 0x1FF8,
  0x1FF8, 0x1FF8, 0x1FF8, 0x1FF8, 0x1FF8, 0x0000, 0x2942, 0x0942,
  0x0942, 0x0942, 0x0942, 0x0942, 0x0942, 0x0942, 0x0942, 0x0942,
  0x0942, 0x0942, 0x0942, 0x0942, 0x0942, 0x0942, 0x0942, 0x0942,
  0x0942, 0x0942, 0x0942, 0x0942, 0x0942, 0x0942, 0x0942, 0x0942,
  0xC318, 0x1FF8, 0x1FF8, 0x1FF8, 0x1FF8, 0x1FF8, 0x1FF8, 0x1FF8,
  0x1FF8, 0x1FF8, 0x1FF8, 0x1FF8, 0x1FF8, 0x1FF8, 0x1FF8, 0x1FF8,
  0x1FF8, 0x1FF8, 0x1FF8, 0x1FF8, 0x1FF8, 0x1FF8, 0x1FF8, 0x1FF8,
  0x1FF8, 0x1FF8, 0x1FF8, 0x1FF8, 0x1FF8, 0x1FF8, 0x1FF8, 0x1FF8,
  0x1FF8, 0x1FF8, 0x1FF8, 0x0000, 0x2942, 0x0942, 0x0942, 0x0942,
  0x0942, 0x0942, 0x0942, 0x0942, 0x0942, 0x0942, 0x0942, 0x0942,
  0x0942, 0x0942, 0x0942, 0x0942, 0x0942, 0x0942, 0x0942, 0x0942,
  0x0942, 0x0942, 0x0942, 0x0942, 0x0942, 0x0942, 0x0942, 0x0000,
  0x1FF8, 0x1FF8, 0x1FF8, 0x1FF8, 0x1FF8, 0x1FF8, 0x1FF8, 0x1FF8,
  0x1FF8, 0x1FF8, 0x1FF8, 0x1FF8, 0x1FF8, 0x1FF8, 0x1FF8, 0x1FF8,
  0x1FF8, 0x1FF8, 0x1FF8, 0x1FF8, 0x1FF8, 0x1FF8, 0x1FF8, 0x1FF8,
  0x1FF8, 0x1FF8, 0x1FF8, 0x1FF8, 0x1FF8, 0x1FF8, 0x1FF8, 0x1FF8,
  0x1FF8, 0x0000, 0x0942, 0x0942, 0x0942, 0x0942, 0x0942, 0x0942,
  0x0942, 0x0942, 0x0942, 0x0942, 0x0942, 0x0942, 0x0942, 0x0942,
  0x0942, 0x0942, 0x0942, 0x0942, 0x0942, 0x0942, 0x0942, 0x0942,
  0x0942, 0x0942, 0x0942, 0x0942, 0x0842, 0x083A, 0x0000, 0x1FF8,
  0x1FF8, 0x1FF8, 0x1FF8, 0x1FF8, 0x1FF8, 0x1FF8, 0x1FF8, 0x1FF8,
  0x1FF8, 0x1FF8, 0x1FF8, 0x1FF8, 0x1FF8, 0x1FF8, 0x1FF8, 0x1FF8,
  0x1FF8, 0x1FF8, 0x1FF8, 0x1FF8, 0x1FF8, 0x1FF8, 0x1FF8, 0x1FF8,
  0x1FF8, 0x1FF8, 0x1FF8, 0x1FF8, 0x1FF8, 0x1FF8, 0x1FF8, 0x0000,
  0x0942, 0x0942, 0x0942, 0x0942, 0x0942, 0x0942, 0x0942, 0x0942,
  0x0942, 0x0942, 0x0942, 0x0942, 0x0942, 0x0942, 0x0942, 0x0942,
  0x0942, 0x0942, 0x0942, 0x0942, 0x0942, 0x0942, 0x0942, 0x0942,
  0x0942, 0x0942, 0x0942, 0x0842, 0xA731, 0x1FF8, 0x1FF8, 0x1FF8,
  0x1FF8, 0x1FF8, 0x1FF8, 0x1FF8, 0x1FF8, 0x1FF8, 0x1FF8, 0x1FF8,
  0x1FF8, 0x1FF8, 0x1FF8, 0x1FF8, 0x1FF8, 0x1FF8, 0x1FF8, 0x1FF8,
  0x1FF8, 0x1FF8, 0x1FF8, 0x1FF8, 0x1FF8, 0x1FF8, 0x1FF8, 0x1FF8,
  0x1FF8, 0x1FF8, 0x1FF8, 0x1FF8, 0x1FF8, 0x0000, 0x2942, 0x0942,
  0x0942, 0x0942, 0x0942, 0x0942, 0x0942, 0x0942, 0x0942, 0x0942,
  0x0942, 0x0942, 0x0942, 0x0942, 0x0942, 0x0942, 0x0942, 0x0942,
  0x0942, 0x0942, 0x0942, 0x0942, 0x0942, 0x0942, 0x0942, 0x0942,
  0x0942, 0x0942, 0x0942, 0x6629, 0x1FF8, 0x1FF8, 0x1FF8, 0x1FF8,
  0x1FF8, 0x1FF8, 0x1FF8, 0x1FF8, 0x1FF8, 0x1FF8, 0x1FF8, 0x1FF8,
  0x1FF8, 0x1FF8, 0x1FF8, 0x1FF8, 0x1FF8, 0x1FF8, 0x1FF8, 0x1FF8,
  0x1FF8, 0x1FF8, 0x1FF8, 0x1FF8, 0x1FF8, 0x1FF8, 0x1FF8, 0x1FF8,
  0x1FF8, 0x1FF8, 0x1FF8, 0x1FF8, 0x4942, 0x0942, 0x0942, 0x0942,
  0x0942, 0x0942, 0x0942, 0x0942, 0x0942, 0x0942, 0x0942, 0x0942,
  0x0942, 0x0942, 0x0942, 0x0942, 0x0942, 0x0942, 0x0942, 0x0942,
  0x0942, 0x0942, 0x0942, 0x0942, 0x0942, 0x0942, 0x0942, 0x0942,
  0x0942, 0x0842, 0x6629, 0x1FF8, 0x1FF8, 0x1FF8, 0x1FF8, 0x1FF8,
  0x1FF8, 0x1FF8, 0x1FF8, 0x1FF8, 0x1FF8, 0x1FF8, 0x1FF8, 0x1FF8,
  0x1FF8, 0x1FF8, 0x1FF8, 0x1FF8, 0x1FF8, 0x1FF8, 0x1FF8, 0x1FF8,
  0x1FF8, 0x1FF8, 0x1FF8, 0x1FF8, 0x1FF8, 0x1FF8, 0x1FF8, 0x1FF8,
  0x1FF8, 0x1FF8, 0x0942, 0x0942, 0x0942, 0x0942, 0x0942, 0x0942,
  0x0942, 0x0942, 0x0942, 0x0942, 0x0942, 0x0942, 0x0942, 0x0942,
  0x0942, 0x0942, 0x0942, 0x0942, 0x0942, 0x0942, 0x0942, 0x0942,
  0x0942, 0x0942, 0x0942, 0x0942, 0x0942, 0x0942, 0x0942, 0x0942,
  0x0942, 0xC739, 0x0000, 0x1FF8, 0x1FF8, 0x1FF8, 0x1FF8, 0x1FF8,
  0x1FF8, 0x1FF8, 0x1FF8, 0x1FF8, 0x1FF8, 0x1FF8, 0x1FF8, 0x1FF8,
  0x1FF8, 0x1FF8, 0x1FF8, 0x1FF8, 0x1FF8, 0x1FF8, 0x1FF8, 0x1FF8,
  0x1FF8, 0x1FF8, 0x1FF8, 0x1FF8, 0x1FF8, 0x1FF8, 0x1FF8, 0x1FF8,
  0xE839, 0x0942, 0x0942, 0x0942, 0x0942, 0x0942, 0x0942, 0x0942,
  0x0942, 0x0942, 0x0942, 0x0942, 0x0942, 0x0942, 0x0942, 0x0942,
  0x0942, 0x0942, 0x0942, 0x0942, 0x0942, 0x0942, 0x0942, 0x0942,
  0x0942, 0x0942, 0x0942, 0x0942, 0x0942, 0x0942, 0x0942, 0x0842,
  0x0942, 0x6208, 0x1FF8, 0x1FF8, 0x1FF8, 0x1FF8, 0x1FF8, 0x1FF8,
  0x1FF8, 0x1FF8, 0x1FF8, 0x1FF8, 0x1FF8, 0x1FF8, 0x1FF8, 0x1FF8,
  0x1FF8, 0x1FF8, 0x1FF8, 0x1FF8, 0x1FF8, 0x1FF8, 0x1FF8, 0x1FF8,
  0x1FF8, 0x1FF8, 0x1FF8, 0x1FF8, 0x1FF8, 0x1FF8, 0x0842, 0x0942,
  0x0942, 0x0942, 0x0942, 0x0942, 0x0942, 0x0942, 0x0942, 0x0942,
  0x0942, 0x0942, 0x0942, 0x0942, 0x0942, 0x0942, 0x0942, 0x0942,
  0x0942, 0x0942, 0x0942, 0x0942, 0x0942, 0x0942, 0x0942, 0x0942,
  0x0942, 0x0942, 0x0942, 0x0942, 0x0942, 0x0942, 0x0942, 0x0942,
  0x0421, 0x0000, 0x1FF8, 0x1FF8, 0x1FF8, 0x1FF8, 0x1FF8, 0x1FF8,
  0x1FF8, 0x1FF8, 0x1FF8, 0x1FF8, 0x1FF8, 0x1FF8, 0x1FF8, 0x1FF8,
  0x1FF8, 0x1FF8, 0x1FF8, 0x1FF8, 0x1FF8, 0x1FF8, 0x1FF8, 0x1FF8,
  0x1FF8, 0x1FF8, 0x1FF8, 0x1FF8, 0xC731, 0x0942, 0x0942, 0x0942,
  0x0942, 0x0942, 0x0942, 0x0942, 0x0942, 0x0942, 0x0942, 0x0942,
  0x0942, 0x0942, 0x0942, 0x0942, 0x0942, 0x0942, 0x0942, 0x0942,
  0x0942, 0x0942, 0x0942, 0x0942, 0x0942, 0x0942, 0x0942, 0x0942,
  0x0942, 0x0942, 0x0942, 0x0942, 0x0942, 0x0942, 0x0942, 0x0942,
  0x0000, 0x1FF8, 0x1FF8, 0x1FF8, 0x1FF8, 0x1FF8, 0x1FF8, 0x1FF8,
  0x1FF8, 0x1FF8, 0x1FF8, 0x1FF8, 0x1FF8, 0x1FF8, 0x1FF8, 0x1FF8,
  0x1FF8, 0x1FF8, 0x1FF8, 0x1FF8, 0x1FF8, 0x1FF8, 0x1FF8, 0x1FF8,
  0x1FF8, 0x1FF8, 0xE418, 0x0842, 0x0942, 0x0942, 0x0942, 0x0942,
  0x0942, 0x0942, 0x0942, 0x0942, 0x0942, 0x0942, 0x0942, 0x0942,
  0x0942, 0x0942, 0x0942, 0x0942, 0x0942, 0x0942, 0x0942, 0x0942,
  0x0942, 0x0942, 0x0942, 0x0942, 0x0942, 0x0942, 0x0942, 0x0942,
  0x0942, 0x0942, 0x0942, 0x0942, 0x0942, 0x0942, 0x0942, 0xE318,
  0x1FF8, 0x1FF8, 0x1FF8, 0x1FF8, 0x1FF8, 0x1FF8, 0x1FF8, 0x1FF8,
  0x1FF8, 0x1FF8, 0x1FF8, 0x1FF8, 0x1FF8, 0x1FF8, 0x1FF8, 0x1FF8,
  0x1FF8, 0x1FF8, 0x1FF8, 0x1FF8, 0x1FF8, 0x1FF8, 0x1FF8, 0x1FF8,
  0x0000, 0x0942, 0x0942, 0x0942, 0x0942, 0x0942, 0x0942, 0x0942,
  0x0942, 0x0942, 0x0942, 0x0942, 0x0942, 0x0942, 0x0942, 0x0942,
  0x0942, 0x0942, 0x0942, 0x0942, 0x0942, 0x0942, 0x0942, 0x0942,
  0x0942, 0x0942, 0x0942, 0x0942, 0x0942, 0x0942, 0x0942, 0x0942,
  0x0942, 0x0942, 0x0942, 0x0942, 0x0942, 0x0842, 0xC739, 0x0000,
  0x1FF8, 0x1FF8, 0x1FF8, 0x1FF8, 0x1FF8, 0x1FF8, 0x1FF8, 0x1FF8,
  0x1FF8, 0x1FF8, 0x1FF8, 0x1FF8, 0x1FF8, 0x1FF8, 0x1FF8, 0x1FF8,
  0x1FF8, 0x1FF8, 0x1FF8, 0x1FF8, 0x1FF8, 0x1FF8, 0x0000, 0x2942,
  0x0942, 0x0942, 0x0942, 0x0942, 0x0942, 0x0942, 0x0942, 0x0942,
  0x0942, 0x0942, 0x0942, 0x0942, 0x0942, 0x0942, 0x0942, 0x0942,
  0x0942, 0x0942, 0x0942, 0x0942, 0x0942, 0x0942, 0x0942, 0x0942,
  0x0942, 0x0942, 0x0942, 0x0942, 0x0942, 0x0942, 0x0942, 0x0942,
  0x0942, 0x0942, 0x0942, 0x0942, 0x0842, 0x0942, 0x6629, 0x0000,
  0x1FF8, 0x1FF8, 0x1FF8, 0x1FF8, 0x1FF8, 0x1FF8, 0x1FF8, 0x1FF8,
  0x1FF8, 0x1FF8, 0x1FF8, 0x1FF8, 0x1FF8, 0x1FF8, 0x1FF8, 0x1FF8,
  0x1FF8, 0x1FF8, 0x1FF8, 0x1FF8, 0x1FF8, 0xC739, 0x0942, 0x0942,
  0x0942, 0x0942, 0x0942, 0x0942, 0x0942, 0x0942, 0x0942, 0x0942,
  0x0942, 0x0942, 0x0942, 0x0942, 0x0942, 0x0942, 0x0942, 0x0942,
  0x0942, 0x0942, 0x0942, 0x0942, 0x0942, 0x0942, 0x0942, 0x0942,
  0x0942, 0x0942, 0x0942, 0x0942, 0x0942, 0x0942, 0x0942, 0x0942,
  0x0942, 0x0942, 0x0942, 0x0942, 0x0842, 0x2942, 0x4529, 0x0000,
  0x1FF8, 0x1FF8, 0x1FF8, 0x1FF8, 0x1FF8, 0x1FF8, 0x1FF8, 0x1FF8,
  0x1FF8, 0x1FF8, 0x1FF8, 0x1FF8, 0x1FF8, 0x1FF8, 0x1FF8, 0x1FF8,
  0x1FF8, 0x1FF8, 0x1FF8, 0x8210, 0x0942, 0x0942, 0x0942, 0x0942,
  0x0942, 0x0942, 0x0942, 0x0942, 0x0942, 0x0942, 0x0942, 0x0942,
  0x0942, 0x0942, 0x0942, 0x0942, 0x0942, 0x0942, 0x0942, 0x0942,
  0x0942, 0x0942, 0x0942, 0x0942, 0x0942, 0x0942, 0x0942, 0x0942,
  0x0942, 0x0942, 0x0942, 0x0942, 0x0942, 0x0942, 0x0942, 0x0942,
  0x0942, 0x0942, 0x0942, 0x0942, 0x0842, 0x0942, 0xC739, 0x2108,
  0x0000, 0x1FF8, 0x1FF8, 0x1FF8, 0x1FF8, 0x1FF8, 0x1FF8, 0x1FF8,
  0x1FF8, 0x1FF8, 0x1FF8, 0x1FF8, 0x1FF8, 0x1FF8, 0x1FF8, 0x1FF8,
  0x1FF8, 0x0000, 0x0942, 0x0942, 0x0942, 0x0942, 0x0942, 0x0942,
  0x0942, 0x0942, 0x0942, 0x0942, 0x0942, 0x0942, 0x0942, 0x0942,
  0x0942, 0x0942, 0x0942, 0x0942, 0x0942, 0x0942, 0x0942, 0x0942,
  0x0942, 0x0942, 0x0942, 0x0942, 0x0942, 0x0942, 0x0942, 0x0942,
  0x0942, 0x0942, 0x0942, 0x0942, 0x0942, 0x0942, 0x0942, 0x0942,
  0x0942, 0x0942, 0x0942, 0x0942, 0x0842, 0x0842, 0x0942, 0x6629,
  0x0000, 0x1FF8, 0x1FF8, 0x1FF8, 0x1FF8, 0x1FF8, 0x1FF8, 0x1FF8,
  0x1FF8, 0x1FF8, 0x1FF8, 0x1FF8, 0x1FF8, 0x1FF8, 0x1FF8, 0x1FF8,
  0xE418, 0x0942, 0x0942, 0x0942, 0x0942, 0x0942, 0x0942, 0x0942,
  0x0942, 0x0942, 0x0942, 0x0942, 0x0942, 0x0942, 0x0942, 0x0942,
  0x0942, 0x0942, 0x0942, 0x0942, 0x0942, 0x0942, 0x0942, 0x0942,
  0x0942, 0x0942, 0x0942, 0x0942, 0x0942, 0x0942, 0x0942, 0x0942,
  0x0942, 0x0942, 0x0942, 0x0942, 0x0942, 0x0942, 0x0942, 0x0942,
  0x0942, 0x0942, 0x0942, 0x0942, 0x0942, 0x0942, 0x0942, 0x083A,
  0xC318, 0x0000, 0x1FF8, 0x1FF8, 0x1FF8, 0x1FF8, 0x1FF8, 0x1FF8,
  0x1FF8, 0x1FF8, 0x1FF8, 0x1FF8, 0x1FF8, 0x1FF8, 0x0000, 0x083A,
  0x0942, 0x0942, 0x0942, 0x0942, 0x0942, 0x0942, 0x0942, 0x0942,
  0x0942, 0x0942, 0x0942, 0x0942, 0x0942, 0x0942, 0x0942, 0x0942,
  0x0942, 0x0942, 0x0942, 0x0942, 0x0942, 0x0942, 0x0942, 0x0942,
  0x0942, 0x0942, 0x0942, 0x0942, 0x0942, 0x0942, 0x0942, 0x0942,
  0x0942, 0x0942, 0x0942, 0x0942, 0x0942, 0x0942, 0x0942, 0x0942,
  0x0942, 0x0942, 0x0942, 0x0942, 0x0942, 0x0942, 0x0842, 0x2942,
  0x6629, 0x0000, 0x1FF8, 0x1FF8, 0x1FF8, 0x1FF8, 0x1FF8, 0x1FF8,
  0x1FF8, 0x1FF8, 0x1FF8, 0x1FF8, 0x1FF8, 0x8210, 0x0942, 0x0942,
  0x0942, 0x0942, 0x0942, 0x0942, 0x0942, 0x0942, 0x0942, 0x0942,
  0x0942, 0x0942, 0x0942, 0x0942, 0x0942, 0x0942, 0x0942, 0x0942,
  0x0942, 0x0942, 0x0942, 0x0942, 0x0942, 0x0942, 0x0942, 0x0942,
  0x0942, 0x0942, 0x0942, 0x0942, 0x0942, 0x0942, 0x0942, 0x0942,
  0x0942, 0x0942, 0x0942, 0x0942, 0x0942, 0x0942, 0x0942, 0x0942,
  0x0942, 0x0942, 0x0942, 0x0942, 0x0942, 0x0942, 0x0842, 0x0942,
  0xC739, 0x4108, 0x1FF8, 0x1FF8, 0x1FF8, 0x1FF8, 0x1FF8, 0x1FF8,
  0x1FF8, 0x1FF8, 0x1FF8, 0x1FF8, 0x8631, 0x0942, 0x0942, 0x0942,
  0x0942, 0x0942, 0x0942, 0x0942, 0x0942, 0x0942, 0x0942, 0x0942,
  0x0942, 0x0942, 0x0942, 0x0942, 0x0942, 0x0942, 0x0942, 0x0942,
  0x0942, 0x0942, 0x0942, 0x0942, 0x0942, 0x0942, 0x0942, 0x0942,
  0x0942, 0x0942, 0x0942, 0x0942, 0x0942, 0x0942, 0x0942, 0x0942,
  0x0942, 0x0942, 0x0942, 0x0942, 0x0942, 0x0942, 0x0942, 0x0942,
  0x0942, 0x0942, 0x0942, 0x0942, 0x0942, 0x0942, 0x0842, 0x0942,
  0x2942, 0x2521, 0x2000, 0x1FF8, 0x1FF8, 0x1FF8, 0x1FF8, 0x1FF8,
  0x1FF8, 0x1FF8, 0x0000, 0x2942, 0x0842, 0x0942, 0x0942, 0x0942,
  0x0942, 0x0942, 0x0942, 0x0942, 0x0942, 0x0942, 0x0942, 0x0942,
  0x0942, 0x0942, 0x0942, 0x0942, 0x0942, 0x0942, 0x0942, 0x0942,
  0x0942, 0x0942, 0x0942, 0x0942, 0x0942, 0x0942, 0x0942, 0x0942,
  0x0942, 0x0942, 0x0942, 0x0942, 0x0942, 0x0942, 0x0942, 0x0942,
  0x0942, 0x0942, 0x0942, 0x0942, 0x0942, 0x0942, 0x0942, 0x0942,
  0x0942, 0x0942, 0x0942, 0x0942, 0x0942, 0x0942, 0x0942, 0x0842,
  0x0000, 0x1FF8, 0x1FF8, 0x1FF8, 0x1FF8, 0x1FF8, 0x1FF8, 0x1FF8,
  0x1FF8, 0x2000, 0x2942, 0x0842, 0x0942, 0x0942, 0x0942, 0x0942,
  0x0942, 0x0942, 0x0942, 0x0942, 0x0942, 0x0942, 0x0942, 0x0942,
  0x0942, 0x0942, 0x0942, 0x0942, 0x0942, 0x0942, 0x0942, 0x0942,
  0x0942, 0x0942, 0x0942, 0x0942, 0x0942, 0x0942, 0x0942, 0x0942,
  0x0942, 0x0942, 0x0942, 0x0942, 0x0942, 0x0942, 0x0942, 0x0942,
  0x0942, 0x0942, 0x0942, 0x0942, 0x0942, 0x0942, 0x0942, 0x0942,
  0x0942, 0x0942, 0x0942, 0x0942, 0x0942, 0x2942, 0x0000, 0x1FF8,
  0x1FF8, 0x1FF8, 0x1FF8, 0x1FF8, 0x1FF8, 0x1FF8, 0x1FF8, 0x1FF8,
  0x0000, 0x4942, 0x0842, 0x0942, 0x0942, 0x0942, 0x0942, 0x0942,
  0x0942, 0x0942, 0x0942, 0x0942, 0x0942, 0x0942, 0x0942, 0x0942,
  0x0942, 0x0942, 0x0942, 0x0942, 0x0942, 0x0942, 0x0942, 0x0942,
  0x0942, 0x0942, 0x0942, 0x0942, 0x0942, 0x0942, 0x0942, 0x0942,
  0x0942, 0x0942, 0x0942, 0x0942, 0x0942, 0x0942, 0x0942, 0x0942,
  0x0942, 0x0942, 0x0942, 0x0942, 0x0942, 0x0942, 0x0942, 0x0942,
  0x0942, 0x0942, 0x0842, 0x2521, 0x1FF8, 0x1FF8, 0x1FF8, 0x1FF8,
  0x1FF8, 0x1FF8, 0x1FF8, 0x1FF8, 0x1FF8, 0x1FF8, 0x1FF8, 0x0000,
  0xE839, 0x0842, 0x0942, 0x0942, 0x0942, 0x0942, 0x0942, 0x0942,
  0x0942, 0x0942, 0x0942, 0x0942, 0x0942, 0x0942, 0x0942, 0x0942,
  0x0942, 0x0942, 0x0942, 0x0942, 0x0942, 0x0942, 0x0942, 0x0942,
  0x0942, 0x0942, 0x0942, 0x0942, 0x0942, 0x0942, 0x0942, 0x0942,
  0x0942, 0x0942, 0x0942, 0x0942, 0x0942, 0x0942, 0x0942, 0x0942,
  0x0942, 0x0942, 0x0942, 0x0942, 0x0942, 0x0942, 0x0942, 0x0942,
  0x0942, 0x0000, 0x1FF8, 0x1FF8, 0x1FF8, 0x1FF8, 0x1FF8, 0x1FF8,
  0x1FF8, 0x1FF8, 0x1FF8, 0x1FF8, 0x1FF8, 0x1FF8, 0x0000, 0x8631,
  0x0942, 0x0942, 0x0942, 0x0942, 0x0942, 0x0942, 0x0942, 0x0942,
  0x0942, 0x0942, 0x0942, 0x0942, 0x0942, 0x0942, 0x0942, 0x0942,
  0x0942, 0x0942, 0x0942, 0x0942, 0x0942, 0x0942, 0x0942, 0x0942,
  0x0942, 0x0942, 0x0942, 0x0942, 0x0942, 0x0942, 0x0942, 0x0942,
  0x0942, 0x0942, 0x0942, 0x0942, 0x0942, 0x0942, 0x0942, 0x0942,
  0x0942, 0x0942, 0x0942, 0x0942, 0x0942, 0x0942, 0xA731, 0x1FF8,
  0x1FF8, 0x1FF8, 0x1FF8, 0x1FF8, 0x1FF8, 0x1FF8, 0x1FF8, 0x1FF8,
  0x1FF8, 0x1FF8, 0x1FF8, 0x1FF8, 0x1FF8, 0x1FF8, 0x8210, 0x0942,
  0x0942, 0x0942, 0x0942, 0x0942, 0x0942, 0x0942, 0x0942, 0x0942,
  0x0942, 0x0942, 0x0942, 0x0942, 0x0942, 0x0942, 0x0942, 0x0942,
  0x0942, 0x0942, 0x0942, 0x0942, 0x0942, 0x0942, 0x0942, 0x0942,
  0x0942, 0x0942, 0x0942, 0x0942, 0x0942, 0x0942, 0x0942, 0x0942,
  0x0942, 0x0942, 0x0942, 0x0942, 0x0942, 0x0942, 0x0942, 0x0942,
  0x0942, 0x0942, 0x0942, 0x0842, 0x2000, 0x1FF8, 0x1FF8, 0x1FF8,
  0x1FF8, 0x1FF8, 0x1FF8, 0x1FF8, 0x1FF8, 0x1FF8, 0x1FF8, 0x1FF8,
  0x1FF8, 0x1FF8, 0x1FF8, 0x1FF8, 0x1FF8, 0x0000, 0xE839, 0x0842,
  0x0942, 0x0942, 0x0942, 0x0942, 0x0942, 0x0942, 0x0942, 0x0942,
  0x0942, 0x0942, 0x0942, 0x0942, 0x0942, 0x0942, 0x0942, 0x0942,
  0x0942, 0x0942, 0x0942, 0x0942, 0x0942, 0x0942, 0x0942, 0x0942,
  0x0942, 0x0942, 0x0942, 0x0942, 0x0942, 0x0942, 0x0942, 0x0942,
  0x0942, 0x0942, 0x0942, 0x0942, 0x0942, 0x0942, 0x0942, 0x0942,
  0x0942, 0xE839, 0x1FF8, 0x1FF8, 0x1FF8, 0x1FF8, 0x1FF8, 0x1FF8,
  0x1FF8, 0x1FF8, 0x1FF8, 0x1FF8, 0x1FF8, 0x1FF8, 0x1FF8, 0x1FF8,
  0x1FF8, 0x1FF8, 0x1FF8, 0x1FF8, 0x0000, 0x4529, 0x0942, 0x0842,
  0x0942, 0x0942, 0x0942, 0x0942, 0x0942, 0x0942, 0x0942, 0x0942,
  0x0942, 0x0942, 0x0942, 0x0942, 0x0942, 0x0942, 0x0942, 0x0942,
  0x0942, 0x0942, 0x0942, 0x0942, 0x0942, 0x0942, 0x0942, 0x0942,
  0x0942, 0x0942, 0x0942, 0x0942, 0x0942, 0x0942, 0x0942, 0x0942,
  0x0942, 0x0942, 0x0942, 0x0942, 0x0942, 0x0942, 0x0842, 0x6108,
  0x1FF8, 0x1FF8, 0x1FF8, 0x1FF8, 0x1FF8, 0x1FF8, 0x1FF8, 0x1FF8,
  0x1FF8, 0x1FF8, 0x1FF8, 0x1FF8, 0x1FF8, 0x1FF8, 0x1FF8, 0x1FF8,
  0x1FF8, 0x1FF8, 0x1FF8, 0x1FF8, 0x2108, 0x2942, 0x0842, 0x0942,
  0x0942, 0x0942, 0x0942, 0x0942, 0x0942, 0x0942, 0x0942, 0x0942,
  0x0942, 0x0942, 0x0942, 0x0942, 0x0942, 0x0942, 0x0942, 0x0942,
  0x0942, 0x0942, 0x0942, 0x0942, 0x0942, 0x0942, 0x0942, 0x0942,
  0x0942, 0x0942, 0x0942, 0x0942, 0x0942, 0x0942, 0x0942, 0x0942,
  0x0942, 0x0942, 0x0942, 0x0942, 0xE839, 0x1FF8, 0x1FF8, 0x1FF8,
  0x1FF8, 0x1FF8, 0x1FF8, 0x1FF8, 0x1FF8, 0x1FF8, 0x1FF8, 0x1FF8,
  0x1FF8, 0x1FF8, 0x1FF8, 0x1FF8, 0x1FF8, 0x1FF8, 0x1FF8, 0x1FF8,
  0x1FF8, 0x1FF8, 0x1FF8, 0x0000, 0xA731, 0x0842, 0x0942, 0x0942,
  0x0942, 0x0942, 0x0942, 0x0942, 0x0942, 0x0942, 0x0942, 0x0942,
  0x0942, 0x0942, 0x0942, 0x0942, 0x0942, 0x0942, 0x0942, 0x0942,
  0x0942, 0x0942, 0x0942, 0x0942, 0x0942, 0x0942, 0x0942, 0x0942,
  0x0942, 0x0942, 0x0942, 0x0942, 0x0942, 0x0942, 0x0942, 0x0942,
  0x0942, 0x0842, 0x4108, 0x1FF8, 0x1FF8, 0x1FF8, 0x1FF8, 0x1FF8,
  0x1FF8, 0x1FF8, 0x1FF8, 0x1FF8, 0x1FF8, 0x1FF8, 0x1FF8, 0x1FF8,
  0x1FF8, 0x1FF8, 0x1FF8, 0x1FF8, 0x1FF8, 0x1FF8, 0x1FF8, 0x1FF8,
  0x1FF8, 0x1FF8, 0x1FF8, 0xE318, 0x2942, 0x0842, 0x0942, 0x0942,
  0x0942, 0x0942, 0x0942, 0x0942, 0x0942, 0x0942, 0x0942, 0x0942,
  0x0942, 0x0942, 0x0942, 0x0942, 0x0942, 0x0942, 0x0942, 0x0942,
  0x0942, 0x0942, 0x0942, 0x0942, 0x0942, 0x0942, 0x0942, 0x0942,
  0x0942, 0x0942, 0x0942, 0x0942, 0x0942, 0x0942, 0x0842, 0xC839,
  0x1FF8, 0x1FF8, 0x1FF8, 0x1FF8, 0x1FF8, 0x1FF8, 0x1FF8, 0x1FF8,
  0x1FF8, 0x1FF8, 0x1FF8, 0x1FF8, 0x1FF8, 0x1FF8, 0x1FF8, 0x1FF8,
  0x1FF8, 0x1FF8, 0x1FF8, 0x1FF8, 0x1FF8, 0x1FF8, 0x1FF8, 0x1FF8,
  0x1FF8, 0x1FF8, 0x0000, 0x4942, 0x0842, 0x0942, 0x0942, 0x0942,
  0x0942, 0x0942, 0x0942, 0x0942, 0x0942, 0x0942, 0x0942, 0x0942,
  0x0942, 0x0942, 0x0942, 0x0942, 0x0942, 0x0942, 0x0942, 0x0942,
  0x0942, 0x0942, 0x0942, 0x0942, 0x0942, 0x0942, 0x0942, 0x0942,
  0x0942, 0x0942, 0x0942, 0x0942, 0x0942, 0x0000, 0x1FF8, 0x1FF8,
  0x1FF8, 0x1FF8, 0x1FF8, 0x1FF8, 0x1FF8, 0x1FF8, 0x1FF8, 0x1FF8,
  0x1FF8, 0x1FF8, 0x1FF8, 0x1FF8, 0x1FF8, 0x1FF8, 0x1FF8, 0x1FF8,
  0x1FF8, 0x1FF8, 0x1FF8, 0x1FF8, 0x1FF8, 0x1FF8, 0x1FF8, 0x1FF8,
  0x1FF8, 0x0000, 0xE839, 0x0942, 0x0942, 0x0942, 0x0942, 0x0942,
  0x0942, 0x0942, 0x0942, 0x0942, 0x0942, 0x0942, 0x0942, 0x0942,
  0x0942, 0x0942, 0x0942, 0x0942, 0x0942, 0x0942, 0x0942, 0x0942,
  0x0942, 0x0942, 0x0942, 0x0942, 0x0942, 0x0942, 0x0942, 0x0942,
  0x0942, 0x0842, 0x4529, 0x1FF8, 0x1FF8, 0x1FF8, 0x1FF8, 0x1FF8,
  0x1FF8, 0x1FF8, 0x1FF8, 0x1FF8, 0x1FF8, 0x1FF8, 0x1FF8, 0x1FF8,
  0x1FF8, 0x1FF8, 0x1FF8, 0x1FF8, 0x1FF8, 0x1FF8, 0x1FF8, 0x1FF8,
  0x1FF8, 0x1FF8, 0x1FF8, 0x1FF8, 0x1FF8, 0x1FF8, 0x1FF8, 0x1FF8,
  0x0000, 0xE839, 0x0842, 0x0942, 0x0942, 0x0942, 0x0942, 0x0942,
  0x0942, 0x0942, 0x0942, 0x0942, 0x0942, 0x0942, 0x0942, 0x0942,
  0x0942, 0x0942, 0x0942, 0x0942, 0x0942, 0x0942, 0x0942, 0x0942,
  0x0942, 0x0942, 0x0942, 0x0942, 0x0942, 0x0942, 0x0942, 0x2942,
  0x0000, 0x1FF8, 0x1FF8, 0x1FF8, 0x1FF8, 0x1FF8, 0x1FF8, 0x1FF8,
  0x1FF8, 0x1FF8, 0x1FF8, 0x1FF8, 0x1FF8, 0x1FF8, 0x1FF8, 0x1FF8,
  0x1FF8, 0x1FF8, 0x1FF8, 0x1FF8, 0x1FF8, 0x1FF8, 0x1FF8, 0x1FF8,
  0x1FF8, 0x1FF8, 0x1FF8, 0x1FF8, 0x1FF8, 0x1FF8, 0x1FF8, 0x0000,
  0xA731, 0x0842, 0x0942, 0x0942, 0x0942, 0x0942, 0x0942, 0x0942,
  0x0942, 0x0942, 0x0942, 0x0942, 0x0942, 0x0942, 0x0942, 0x0942,
  0x0942, 0x0942, 0x0942, 0x0942, 0x0942, 0x0942, 0x0942, 0x0942,
  0x0942, 0x0942, 0x0942, 0x0942, 0x0942, 0x6210, 0x1FF8, 0x1FF8,
  0x1FF8, 0x1FF8, 0x1FF8, 0x1FF8, 0x1FF8, 0x1FF8, 0x1FF8, 0x1FF8,
  0x1FF8, 0x1FF8, 0x1FF8, 0x1FF8, 0x1FF8, 0x1FF8, 0x1FF8, 0x1FF8,
  0x1FF8, 0x1FF8, 0x1FF8, 0x1FF8, 0x1FF8, 0x1FF8, 0x1FF8, 0x1FF8,
  0x1FF8, 0x1FF8, 0x1FF8, 0x1FF8, 0x1FF8, 0x1FF8, 0x0000, 0xE839,
  0x0842, 0x0942, 0x0942, 0x0942, 0x0942, 0x0942, 0x0942, 0x0942,
  0x0942, 0x0942, 0x0942, 0x0942, 0x0942, 0x0942, 0x0942, 0x0942,
  0x0942, 0x0942, 0x0942, 0x0942, 0x0942, 0x0942, 0x0942, 0x0942,
  0x0942, 0x0942, 0xC739, 0x1FF8, 0x1FF8, 0x1FF8, 0x1FF8, 0x1FF8,
  0x1FF8, 0x1FF8, 0x1FF8, 0x1FF8, 0x1FF8, 0x1FF8, 0x1FF8, 0x1FF8,
  0x1FF8, 0x1FF8, 0x1FF8, 0x1FF8, 0x1FF8, 0x1FF8, 0x1FF8, 0x1FF8,
  0x1FF8, 0x1FF8, 0x1FF8, 0x1FF8, 0x1FF8, 0x1FF8, 0x1FF8, 0x1FF8,
  0x1FF8, 0x1FF8, 0x1FF8, 0x1FF8, 0x1FF8, 0x0000, 0x083A, 0x0942,
  0x0942, 0x0942, 0x0942, 0x0942, 0x0942, 0x0942, 0x0942, 0x0942,
  0x0942, 0x0942, 0x0942, 0x0942, 0x0942, 0x0942, 0x0942, 0x0942,
  0x0942, 0x0942, 0x0942, 0x0942, 0x0942, 0x0942, 0x0942, 0x0942,
  0x0000, 0x1FF8, 0x1FF8, 0x1FF8, 0x1FF8, 0x1FF8, 0x1FF8, 0x1FF8,
  0x1FF8, 0x1FF8, 0x1FF8, 0x1FF8, 0x1FF8, 0x1FF8, 0x1FF8, 0x1FF8,
  0x1FF8, 0x1FF8, 0x1FF8, 0x1FF8, 0x1FF8, 0x1FF8, 0x1FF8, 0x1FF8,
  0x1FF8, 0x1FF8, 0x1FF8, 0x1FF8, 0x1FF8, 0x1FF8, 0x1FF8, 0x1FF8,
  0x1FF8, 0x1FF8, 0x1FF8, 0x1FF8, 0x0000, 0x2942, 0x0942, 0x0942,
  0x0942, 0x0942, 0x0942, 0x0942, 0x0942, 0x0942, 0x0942, 0x0942,
  0x0942, 0x0942, 0x0942, 0x0942, 0x0942, 0x0942, 0x0942, 0x0942,
  0x0942, 0x0942, 0x0942, 0x0942, 0x0842, 0xC318, 0x1FF8, 0x1FF8,
  0x1FF8, 0x1FF8, 0x1FF8, 0x1FF8, 0x1FF8, 0x1FF8, 0x1FF8, 0x1FF8,
  0x1FF8, 0x1FF8, 0x1FF8, 0x1FF8, 0x1FF8, 0x1FF8, 0x1FF8, 0x1FF8,
  0x1FF8, 0x1FF8, 0x1FF8, 0x1FF8, 0x1FF8, 0x1FF8, 0x1FF8, 0x1FF8,
  0x1FF8, 0x1FF8, 0x1FF8, 0x1FF8, 0x1FF8, 0x1FF8, 0x1FF8, 0x1FF8,
  0x1FF8, 0x1FF8, 0x1FF8, 0x0000, 0x0842, 0x0942, 0x0942, 0x0942,
  0x0942, 0x0942, 0x0942, 0x0942, 0x0942, 0x0942, 0x0942, 0x0942,
  0x0942, 0x0942, 0x0942, 0x0942, 0x0942, 0x0942, 0x0942, 0x0942,
  0x0942, 0x0842, 0x2942, 0x1FF8, 0x1FF8, 0x1FF8, 0x1FF8, 0x1FF8,
  0x1FF8, 0x1FF8, 0x1FF8, 0x1FF8, 0x1FF8, 0x1FF8, 0x1FF8, 0x1FF8,
  0x1FF8, 0x1FF8, 0x1FF8, 0x1FF8, 0x1FF8, 0x1FF8, 0x1FF8, 0x1FF8,
  0x1FF8, 0x1FF8, 0x1FF8, 0x1FF8, 0x1FF8, 0x1FF8, 0x1FF8, 0x1FF8,
  0x1FF8, 0x1FF8, 0x1FF8, 0x1FF8, 0x1FF8, 0x1FF8, 0x1FF8, 0x1FF8,
  0x1FF8, 0x1FF8, 0x6208, 0x2942, 0x0942, 0x0942, 0x0942, 0x0942,
  0x0942, 0x0942, 0x0942, 0x0942, 0x0942, 0x0942, 0x0942, 0x0942,
  0x0942, 0x0942, 0x0942, 0x0942, 0x0942, 0x0942, 0x0942, 0x2942,
  0x0000, 0x1FF8, 0x1FF8, 0x1FF8, 0x1FF8, 0x1FF8, 0x1FF8, 0x1FF8,
  0x1FF8, 0x1FF8, 0x1FF8, 0x1FF8, 0x1FF8, 0x1FF8, 0x1FF8, 0x1FF8,
  0x1FF8, 0x1FF8, 0x1FF8, 0x1FF8, 0x1FF8, 0x1FF8, 0x1FF8, 0x1FF8,
  0x1FF8, 0x1FF8, 0x1FF8, 0x1FF8, 0x1FF8, 0x1FF8, 0x1FF8, 0x1FF8,
  0x1FF8, 0x1FF8, 0x1FF8, 0x1FF8, 0x1FF8, 0x1FF8, 0x1FF8, 0x1FF8,
  0x1FF8, 0x0421, 0x0842, 0x0942, 0x0942, 0x0942, 0x0942, 0x0942,
  0x0942, 0x0942, 0x0942, 0x0942, 0x0942, 0x0942, 0x0942, 0x0942,
  0x0942, 0x0942, 0x0942, 0x0942, 0x0942, 0xC318, 0x1FF8, 0x1FF8,
  0x1FF8, 0x1FF8, 0x1FF8, 0x1FF8, 0x1FF8, 0x1FF8, 0x1FF8, 0x1FF8,
  0x1FF8, 0x1FF8, 0x1FF8, 0x1FF8, 0x1FF8, 0x1FF8, 0x1FF8, 0x1FF8,
  0x1FF8, 0x1FF8, 0x1FF8, 0x1FF8, 0x1FF8, 0x1FF8, 0x1FF8, 0x1FF8,
  0x1FF8, 0x1FF8, 0x1FF8, 0x1FF8, 0x1FF8, 0x1FF8, 0x1FF8, 0x1FF8,
  0x1FF8, 0x1FF8, 0x1FF8, 0x1FF8, 0x1FF8, 0x1FF8, 0x1FF8, 0x1FF8,
  0xC739, 0x0842, 0x0942, 0x0942, 0x0942, 0x0942, 0x0942, 0x0942,
  0x0942, 0x0942, 0x0942, 0x0942, 0x0942, 0x0942, 0x0942, 0x0942,
  0x0942, 0x0842, 0x6629, 0x1FF8, 0x1FF8, 0x1FF8, 0x1FF8, 0x1FF8,
  0x1FF8, 0x1FF8, 0x1FF8, 0x1FF8, 0x1FF8, 0x1FF8, 0x1FF8, 0x1FF8,
  0x1FF8, 0x1FF8, 0x1FF8, 0x1FF8, 0x1FF8, 0x1FF8, 0x1FF8, 0x1FF8,
  0x1FF8, 0x1FF8, 0x1FF8, 0x1FF8, 0x1FF8, 0x1FF8, 0x1FF8, 0x1FF8,
  0x1FF8, 0x1FF8, 0x1FF8, 0x1FF8, 0x1FF8, 0x1FF8, 0x1FF8, 0x1FF8,
  0x1FF8, 0x1FF8, 0x1FF8, 0x1FF8, 0x1FF8, 0x1FF8, 0x0000, 0x083A,
  0x0942, 0x0942, 0x0942, 0x0942, 0x0942, 0x0942, 0x0942, 0x0942,
  0x0942, 0x0942, 0x0942, 0x0942, 0x0942, 0x0942, 0x0942, 0xE839,
  0x1FF8, 0x1FF8, 0x1FF8, 0x1FF8, 0x1FF8, 0x1FF8, 0x1FF8, 0x1FF8,
  0x1FF8, 0x1FF8, 0x1FF8, 0x1FF8, 0x1FF8, 0x1FF8, 0x1FF8, 0x1FF8,
  0x1FF8, 0x1FF8, 0x1FF8, 0x1FF8, 0x1FF8, 0x1FF8, 0x1FF8, 0x1FF8,
  0x1FF8, 0x1FF8, 0x1FF8, 0x1FF8, 0x1FF8, 0x1FF8, 0x1FF8, 0x1FF8,
  0x1FF8, 0x1FF8, 0x1FF8, 0x1FF8, 0x1FF8, 0x1FF8, 0x1FF8, 0x1FF8,
  0x1FF8, 0x1FF8, 0x1FF8, 0x1FF8, 0x1FF8, 0x8210, 0x0942, 0x0942,
  0x0942, 0x0942, 0x0942, 0x0942, 0x0942, 0x0942, 0x0942, 0x0942,
  0x0942, 0x0942, 0x0942, 0x0842, 0xE839, 0x0000, 0x1FF8, 0x1FF8,
  0x1FF8, 0x1FF8, 0x1FF8, 0x1FF8, 0x1FF8, 0x1FF8, 0x1FF8, 0x1FF8,
  0x1FF8, 0x1FF8, 0x1FF8, 0x1FF8, 0x1FF8, 0x1FF8, 0x1FF8, 0x1FF8,
  0x1FF8, 0x1FF8, 0x1FF8, 0x1FF8, 0x1FF8, 0x1FF8, 0x1FF8, 0x1FF8,
  0x1FF8, 0x1FF8, 0x1FF8, 0x1FF8, 0x1FF8, 0x1FF8, 0x1FF8, 0x1FF8,
  0x1FF8, 0x1FF8, 0x1FF8, 0x1FF8, 0x1FF8, 0x1FF8, 0x1FF8, 0x1FF8,
  0x1FF8, 0x1FF8, 0x1FF8, 0x1FF8, 0xA731, 0x0842, 0x0942, 0x0942,
  0x0942, 0x0942, 0x0942, 0x0942, 0x0942, 0x0942, 0x0942, 0x0942,
  0x0842, 0xC839, 0x0000, 0x1FF8, 0x1FF8, 0x1FF8, 0x1FF8, 0x1FF8,
  0x1FF8, 0x1FF8, 0x1FF8, 0x1FF8, 0x1FF8, 0x1FF8, 0x1FF8, 0x1FF8,
  0x1FF8, 0x1FF8, 0x1FF8, 0x1FF8, 0x1FF8, 0x1FF8, 0x1FF8, 0x1FF8,
  0x1FF8, 0x1FF8, 0x1FF8, 0x1FF8, 0x1FF8, 0x1FF8, 0x1FF8, 0x1FF8,
  0x1FF8, 0x1FF8, 0x1FF8, 0x1FF8, 0x1FF8, 0x1FF8, 0x1FF8, 0x1FF8,
  0x1FF8, 0x1FF8, 0x1FF8, 0x1FF8, 0x1FF8, 0x1FF8, 0x1FF8, 0x1FF8,
  0x1FF8, 0x1FF8, 0x0000, 0x0942, 0x0942, 0x0942, 0x0942, 0x0942,
  0x0942, 0x0942, 0x0942, 0x0942, 0x0942, 0x0842, 0xA731, 0x0000,
  0x1FF8, 0x1FF8, 0x1FF8, 0x1FF8, 0x1FF8, 0x1FF8, 0x1FF8, 0x1FF8,
  0x1FF8, 0x1FF8, 0x1FF8, 0x1FF8, 0x1FF8, 0x1FF8, 0x1FF8, 0x1FF8,
  0x1FF8, 0x1FF8, 0x1FF8, 0x1FF8, 0x1FF8, 0x1FF8, 0x1FF8, 0x1FF8,
  0x1FF8, 0x1FF8, 0x1FF8, 0x1FF8, 0x1FF8, 0x1FF8, 0x1FF8, 0x1FF8,
  0x1FF8, 0x1FF8, 0x1FF8, 0x1FF8, 0x1FF8, 0x1FF8, 0x1FF8, 0x1FF8,
  0x1FF8, 0x1FF8, 0x1FF8, 0x1FF8, 0x1FF8, 0x1FF8, 0x1FF8, 0x1FF8,
  0x1FF8, 0x0421, 0x0942, 0x0942, 0x0942, 0x0942, 0x0942, 0x0942,
  0x0942, 0x0942, 0x0942, 0x8631, 0x1FF8, 0x1FF8, 0x1FF8, 0x1FF8,
  0x1FF8, 0x1FF8, 0x1FF8, 0x1FF8, 0x1FF8, 0x1FF8, 0x1FF8, 0x1FF8,
  0x1FF8, 0x1FF8, 0x1FF8, 0x1FF8, 0x1FF8, 0x1FF8, 0x1FF8, 0x1FF8,
  0x1FF8, 0x1FF8, 0x1FF8, 0x1FF8, 0x1FF8, 0x1FF8, 0x1FF8, 0x1FF8,
  0x1FF8, 0x1FF8, 0x1FF8, 0x1FF8, 0x1FF8, 0x1FF8, 0x1FF8, 0x1FF8,
  0x1FF8, 0x1FF8, 0x1FF8, 0x1FF8, 0x1FF8, 0x1FF8, 0x1FF8, 0x1FF8,
  0x1FF8, 0x1FF8, 0x1FF8, 0x1FF8, 0x1FF8, 0x1FF8, 0x1FF8, 0x0000,
  0xE839, 0x0942, 0x0942, 0x0942, 0x0942, 0x0942, 0x0942, 0x0842,
  0x8631, 0x1FF8, 0x1FF8, 0x1FF8, 0x1FF8, 0x1FF8, 0x1FF8, 0x1FF8,
  0x1FF8, 0x1FF8, 0x1FF8, 0x1FF8, 0x1FF8, 0x1FF8, 0x1FF8, 0x1FF8,
  0x1FF8, 0x1FF8, 0x1FF8, 0x1FF8, 0x1FF8, 0x1FF8, 0x1FF8, 0x1FF8,
  0x1FF8, 0x1FF8, 0x1FF8, 0x1FF8, 0x1FF8, 0x1FF8, 0x1FF8, 0x1FF8,
  0x1FF8, 0x1FF8, 0x1FF8, 0x1FF8, 0x1FF8, 0x1FF8, 0x1FF8, 0x1FF8,
  0x1FF8, 0x1FF8, 0x1FF8, 0x1FF8, 0x1FF8, 0x1FF8, 0x1FF8, 0x1FF8,
  0x1FF8, 0x1FF8, 0x1FF8, 0x1FF8, 0x1FF8, 0x1FF8, 0xA310, 0x0842,
  0x0942, 0x0942, 0x0942, 0x0942, 0x0942, 0x6629, 0x1FF8, 0x1FF8,
  0x1FF8, 0x1FF8, 0x1FF8, 0x1FF8, 0x1FF8, 0x1FF8, 0x1FF8, 0x1FF8,
  0x1FF8, 0x1FF8, 0x1FF8, 0x1FF8, 0x1FF8, 0x1FF8, 0x1FF8, 0x1FF8,
  0x1FF8, 0x1FF8, 0x1FF8, 0x1FF8, 0x1FF8, 0x1FF8, 0x1FF8, 0x1FF8,
  0x1FF8, 0x1FF8, 0x1FF8, 0x1FF8, 0x1FF8, 0x1FF8, 0x1FF8, 0x1FF8,
  0x1FF8, 0x1FF8, 0x1FF8, 0x1FF8, 0x1FF8, 0x1FF8, 0x1FF8, 0x1FF8,
  0x1FF8, 0x1FF8, 0x1FF8, 0x1FF8, 0x1FF8, 0x1FF8, 0x1FF8, 0x1FF8,
  0x1FF8, 0x1FF8, 0x1FF8, 0x1FF8, 0x0000, 0x0942, 0x0942, 0x0942,
  0x0942, 0x0942, 0x4529, 0x1FF8, 0x1FF8, 0x1FF8, 0x1FF8, 0x1FF8,
  0x1FF8, 0x1FF8, 0x1FF8, 0x1FF8, 0x1FF8, 0x1FF8, 0x1FF8, 0x1FF8,
  0x1FF8, 0x1FF8, 0x1FF8, 0x1FF8, 0x1FF8, 0x1FF8, 0x1FF8, 0x1FF8,
  0x1FF8, 0x1FF8, 0x1FF8, 0x1FF8, 0x1FF8, 0x1FF8, 0x1FF8, 0x1FF8,
  0x1FF8, 0x1FF8, 0x1FF8, 0x1FF8, 0x1FF8, 0x1FF8, 0x1FF8, 0x1FF8,
  0x1FF8, 0x1FF8, 0x1FF8, 0x1FF8, 0x1FF8, 0x1FF8, 0x1FF8, 0x1FF8,
  0x1FF8, 0x1FF8, 0x1FF8, 0x1FF8, 0x1FF8, 0x1FF8, 0x1FF8, 0x1FF8,
  0x1FF8, 0x1FF8, 0x1FF8, 0x2521, 0x0942, 0x0942, 0x0942, 0xE420,
  0x1FF8, 0x1FF8, 0x1FF8, 0x1FF8, 0x1FF8, 0x1FF8, 0x1FF8, 0x1FF8,
  0x1FF8, 0x1FF8, 0x1FF8, 0x1FF8, 0x1FF8, 0x1FF8, 0x1FF8, 0x1FF8,
  0x1FF8, 0x1FF8, 0x1FF8, 0x1FF8, 0x1FF8, 0x1FF8, 0x1FF8, 0x1FF8,
  0x1FF8, 0x1FF8, 0x1FF8, 0x1FF8, 0x1FF8, 0x1FF8, 0x1FF8, 0x1FF8,
  0x1FF8, 0x1FF8, 0x1FF8, 0x1FF8, 0x1FF8, 0x1FF8, 0x1FF8, 0x1FF8,
  0x1FF8, 0x1FF8, 0x1FF8, 0x1FF8, 0x1FF8, 0x1FF8, 0x1FF8, 0x1FF8,
  0x1FF8, 0x1FF8, 0x1FF8, 0x1FF8, 0x1FF8, 0x1FF8, 0x1FF8, 0x1FF8,
  0x1FF8, 0x0000, 0x0942, 0x0842, 0x6108, 0x1FF8, 0x1FF8, 0x1FF8,
  0x1FF8, 0x1FF8, 0x1FF8, 0x1FF8, 0x1FF8, 0x1FF8, 0x1FF8, 0x1FF8,
  0x1FF8, 0x1FF8, 0x1FF8, 0x1FF8, 0x1FF8, 0x1FF8, 0x1FF8, 0x1FF8,
  0x1FF8, 0x1FF8, 0x1FF8, 0x1FF8, 0x1FF8, 0x1FF8, 0x1FF8, 0x1FF8,
  0x1FF8, 0x1FF8, 0x1FF8, 0x1FF8, 0x1FF8, 0x1FF8, 0x1FF8, 0x1FF8,
  0x1FF8, 0x1FF8, 0x1FF8, 0x1FF8, 0x1FF8, 0x1FF8, 0x1FF8, 0x1FF8,
  0x1FF8, 0x1FF8, 0x1FF8, 0x1FF8, 0x1FF8, 0x1FF8, 0x1FF8, 0x1FF8,
  0x1FF8, 0x1FF8, 0x1FF8, 0x1FF8, 0x1FF8, 0x1FF8, 0x1FF8, 0x1FF8,
  0x6A4A, 0x0000, 0x1FF8, 0x1FF8, 0x1FF8, 0x1FF8, 0x1FF8, 0x1FF8,
  0x1FF8, 0x1FF8, 0x1FF8, 0x1FF8, 0x1FF8, 0x1FF8, 0x1FF8, 0x1FF8,
  0x1FF8, 0x1FF8, 0x1FF8, 0x1FF8, 0x1FF8, 0x1FF8, 0x1FF8, 0x1FF8,
  0x1FF8, 0x1FF8, 0x1FF8, 0x1FF8, 0x1FF8, 0x1FF8, 0x1FF8, 0x1FF8,
  0x1FF8, 0x1FF8, 0x1FF8, 0x1FF8, 0x1FF8, 0x1FF8, 0x1FF8, 0x1FF8,
  0x1FF8, 0x1FF8, 0x1FF8, 0x1FF8, 0x1FF8, 0x1FF8, 0x1FF8, 0x1FF8,
  0x1FF8, 0x1FF8, 0x1FF8, 0x1FF8, 0x1FF8, 0x1FF8, 0x1FF8, 0x1FF8,
  0x1FF8, 0x1FF8, 0x1FF8, 0x1FF8, 0x1FF8, 0x1FF8, 0x0000, 0x1FF8,
  0x1FF8, 0x1FF8, 0x1FF8, 0x1FF8, 0x1FF8, 0x1FF8, 0x1FF8, 0x1FF8,
  0x1FF8, 0x1FF8, 0x1FF8, 0x1FF8, 0x1FF8, 0x1FF8, 0x1FF8, 0x1FF8,
  0x1FF8, 0x1FF8, 0x1FF8, 0x1FF8, 0x1FF8, 0x1FF8, 0x1FF8, 0x1FF8,
  0x1FF8, 0x1FF8, 0x1FF8, 0x1FF8, 0x1FF8, 0x1FF8, 0x1FF8, 0x1FF8,
  0x1FF8, 0x1FF8, 0x1FF8, 0x1FF8, 0x1FF8, 0x1FF8, 0x1FF8, 0x1FF8,
  0x1FF8, 0x1FF8, 0x1FF8, 0x1FF8, 0x1FF8, 0x1FF8, 0x1FF8, 0x1FF8,
  0x1FF8, 0x1FF8, 0x1FF8, 0x1FF8, 0x1FF8, 0x1FF8, 0x1FF8, 0x1FF8,
  0x1FF8, 0x1FF8, 0x1FF8, 0x1FF8, 0x1FF8, 0x1FF8, 0x1FF8, 0x1FF8,
  0x1FF8, 0x1FF8, 0x1FF8, 0x1FF8, 0x1FF8, 0x1FF8, 0x1FF8, 0x1FF8,
  0x1FF8, 0x1FF8, 0x1FF8, 0x1FF8, 0x1FF8, 0x1FF8, 0x1FF8, 0x1FF8,
  0x1FF8, 0x1FF8, 0x1FF8, 0x1FF8, 0x1FF8, 0x1FF8,
};
static const shapoco::gfx2d::Texture tex_shirt_f = {
  shapoco::gfx2d::PixelFormat::RGB565_SWAPPED, 62, 117, 124, tex_shirt_fData,
};

alignas(4) static const uint16_t tex_tie_bData[] = {
  0x0000, 0x0000, 0x0000, 0x0000, 0x0000, 0x0000, 0x0000, 0x0000,
  0x0000, 0x0000, 0x0000, 0x0000, 0x0000, 0x0000, 0x0000, 0x0000,
  0x0000, 0x0000, 0x0000, 0x0000, 0x0000, 0x0000, 0x0000, 0x0000,
  0x0000, 0x0000, 0x0000, 0x0000, 0x0000, 0x0000, 0x0000, 0x0000,
  0x0000, 0x0000, 0x0000, 0x0000, 0x0000, 0x0000, 0x0000, 0x0000,
  0x0000, 0x0000, 0x0000, 0x0000, 0x0000, 0x0000, 0x0000, 0x0000,
  0x0000, 0x0000, 0x0000, 0x0000, 0x0000, 0x0000, 0x0000, 0x0000,
  0x0000, 0x0000, 0x0000, 0x0000, 0x0000, 0x0000, 0x0000, 0x0000,
  0x0000, 0x0000, 0x0000, 0x0000, 0x0000, 0x0000, 0x0000, 0x0000,
  0x0000, 0x0000, 0x0000, 0x0000, 0x0000, 0x0000, 0x0000, 0x0000,
  0x0000, 0x0000, 0x0000, 0x0000, 0x0000, 0x0000, 0x0000, 0x0000,
  0x0000, 0x1000, 0x2000, 0x4000, 0x4000, 0x6000, 0x5000, 0x5000,
  0x2000, 0x0000, 0x0000, 0x0000, 0x0000, 0x0000, 0x0000, 0x0000,
  0x0000, 0x0000, 0x0000, 0x0000, 0x0000, 0x0000, 0x0000, 0x0000,
  0x0000, 0x0000, 0x0000, 0x0000, 0x0000, 0x0000, 0x0000, 0x0000,
  0x0000, 0x0000, 0x0000, 0x0000, 0x0000, 0x0000, 0x0000, 0x0000,
  0x0000, 0x0000, 0x0000, 0x0000, 0x0000, 0x0000, 0x0000, 0x0000,
  0x0000, 0x0000, 0x0000, 0x0000, 0x0000, 0x0000, 0x0000, 0x0000,
  0x0000, 0x0000, 0x0000, 0x0000, 0x0000, 0x0000, 0x0000, 0x0000,
  0x0000, 0x0000, 0x0000, 0x2000, 0xB000, 0xF110, 0xF443, 0xE887,
  0xEBBA, 0xEDED, 0xEFFF, 0xEFFF, 0xEFFF, 0xFFFF, 0xFEEE, 0xEEFE,
  0xE9A9, 0xF555, 0xD010, 0xB000, 0x4000, 0x1000, 0x0000, 0x0000,
  0x0000, 0x0000, 0x0000, 0x0000, 0x0000, 0x0000, 0x0000, 0x0000,
  0x0000, 0x0000, 0x0000, 0x0000, 0x0000, 0x0000, 0x0000, 0x0000,
  0x0000, 0x0000, 0x0000, 0x0000, 0x0000, 0x0000, 0x0000, 0x0000,
  0x0000, 0x0000, 0x0000, 0x0000, 0x0000, 0x0000, 0x0000, 0x0000,
  0x0000, 0x0000, 0x0000, 0x0000, 0x0000, 0x0000, 0x0000, 0x0000,
  0x0000, 0x0000, 0x0000, 0x0000, 0x0000, 0x0000, 0x0000, 0x4000,
  0xD000, 0xF776, 0xFFFF, 0xCFFC, 0xAFE8, 0x9FE5, 0x8ED1, 0x7EE0,
  0x7DE0, 0x7BE0, 0x7AE0, 0x78E0, 0x77F0, 0x75F0, 0x73F0, 0x70F0,
  0x85F3, 0x98F7, 0xDDFD, 0xEFFF, 0xF898, 0xD010, 0x9000, 0x0000,
  0x0000, 0x0000, 0x0000, 0x0000, 0x0000, 0x0000, 0x0000, 0x0000,
  0x0000, 0x0000, 0x0000, 0x0000, 0x0000, 0x0000, 0x0000, 0x0000,
  0x0000, 0x0000, 0x0000, 0x0000, 0x0000, 0x0000, 0x0000, 0x0000,
  0x0000, 0x0000, 0x0000, 0x0000, 0x0000, 0x0000, 0x0000, 0x0000,
  0x0000, 0x0000, 0x0000, 0x0000, 0x0000, 0x0000, 0x0000, 0x0000,
  0x0000, 0x0000, 0x0000, 0x0000, 0xA000, 0xE544, 0xFFFF, 0xCFDB,
  0x7F90, 0x7FA0, 0x7FB0, 0x7FC0, 0x7FC0, 0x7ED0, 0x7EE0, 0x7DE0,
  0x7CE0, 0x7BE0, 0x79E0, 0x77E0, 0x76F0, 0x74F0, 0x73F0, 0x72F0,
  0x72F0, 0x72E1, 0x70E1, 0x83E5, 0xA7FA, 0xEFFF, 0xF899, 0xB000,
  0x0000, 0x0000, 0x0000, 0x0000, 0x0000, 0x0000, 0x0000, 0x0000,
  0x0000, 0x0000, 0x0000, 0x0000, 0x0000, 0x0000, 0x0000, 0x0000,
  0x0000, 0x0000, 0x0000, 0x0000, 0x0000, 0x0000, 0x0000, 0x0000,
  0x0000, 0x0000, 0x0000, 0x0000, 0x0000, 0x0000, 0x0000, 0x0000,
  0x0000, 0x0000, 0x0000, 0x0000, 0x0000, 0x0000, 0x0000, 0x0000,
  0x0000, 0xC000, 0xF877, 0xFFFF, 0x9FA6, 0x7F70, 0x7F90, 0x7FA0,
  0x7FA0, 0x7FB0, 0x7FC0, 0x7FC0, 0x7ED0, 0x7ED0, 0x7EE0, 0x7DE0,
  0x7CE0, 0x7AE0, 0x78E0, 0x76F0, 0x75F0, 0x74F0, 0x73F0, 0x72F0,
  0x72E1, 0x71E2, 0x71E4, 0x71E6, 0x70E8, 0x71EA, 0xA9FE, 0xE888,
  0x9000, 0x0000, 0x0000, 0x0000, 0x0000, 0x0000, 0x0000, 0x0000,
  0x0000, 0x0000, 0x0000, 0x0000, 0x0000, 0x0000, 0x0000, 0x0000,
  0x0000, 0x0000, 0x0000, 0x0000, 0x0000, 0x0000, 0x0000, 0x0000,
  0x0000, 0x0000, 0x0000, 0x0000, 0x0000, 0x0000, 0x0000, 0x0000,
  0x0000, 0x0000, 0x0000, 0x0000, 0x0000, 0x0000, 0x5000, 0xF766,
  0xFFFF, 0x8F62, 0x7F50, 0x7F60, 0x7F70, 0x7F80, 0x7F90, 0x7FA0,
  0x7FB0, 0x7FB0, 0x7FC0, 0x7FC0, 0x7ED0, 0x7EE0, 0x7DE0, 0x7CE0,
  0x7BE0, 0x79F0, 0x77F0, 0x76F0, 0x74F0, 0x73F0, 0x72F0, 0x72F1,
  0x71E2, 0x71E3, 0x71E5, 0x71E7, 0x71E9, 0x70EB, 0x70DC, 0xA7DE,
  0xF322, 0x1000, 0x0000, 0x0000, 0x0000, 0x0000, 0x0000, 0x0000,
  0x0000, 0x0000, 0x0000, 0x0000, 0x0000, 0x0000, 0x0000, 0x0000,
  0x0000, 0x0000, 0x0000, 0x0000, 0x0000, 0x0000, 0x0000, 0x0000,
  0x0000, 0x0000, 0x0000, 0x0000, 0x0000, 0x0000, 0x0000, 0x0000,
  0x0000, 0x0000, 0x0000, 0x0000, 0x0000, 0xE333, 0xCFCA, 0x7F30,
  0x7F40, 0x7F50, 0x7F60, 0x7F70, 0x7F80, 0x7F80, 0x7F90, 0x7FA0,
  0x7FB0, 0x7FC0, 0x7FC0, 0x7ED0, 0x7ED0, 0x7EE0, 0x7DE0, 0x7CE0,
  0x7AF0, 0x78F0, 0x76F0, 0x75F0, 0x73F0, 0x72F0, 0x72F0, 0x71E1,
  0x71E2, 0x71E4, 0x71E6, 0x71E9, 0x70EA, 0x70EC, 0x70DD, 0x70CE,
  0xD8AB, 0xB000, 0x0000, 0x0000, 0x0000, 0x0000, 0x0000, 0x0000,
  0x0000, 0x0000, 0x0000, 0x0000, 0x0000, 0x0000, 0x0000, 0x0000,
  0x0000, 0x0000, 0x0000, 0x0000, 0x0000, 0x0000, 0x0000, 0x0000,
  0x0000, 0x0000, 0x0000, 0x0000, 0x0000, 0x0000, 0x0000, 0x0000,
  0x0000, 0x0000, 0x0000, 0x0000, 0xFDDC, 0x7F20, 0x7F30, 0x7F40,
  0x7F50, 0x7F60, 0x7F60, 0x7F70, 0x7F80, 0x7F90, 0x7FA0, 0x7FA0,
  0x7FB0, 0x7FC0, 0x7FC0, 0x7ED0, 0x7ED0, 0x7DE0, 0x7CE0, 0x7BE0,
  0x79E0, 0x77F0, 0x75F0, 0x74F0, 0x73F0, 0x72F0, 0x72F1, 0x71F2,
  0x71E3, 0x71E5, 0x71E8, 0x70EA, 0x70EC, 0x70DD, 0x70CE, 0x70AE,
  0x95AE, 0xF444, 0x4000, 0x0000, 0x0000, 0x0000, 0x0000, 0x0000,
  0x0000, 0x0000, 0x0000, 0x0000, 0x0000, 0x0000, 0x0000, 0x0000,
  0x0000, 0x0000, 0x0000, 0x0000, 0x0000, 0x0000, 0x0000, 0x0000,
  0x0000, 0x0000, 0x0000, 0x0000, 0x0000, 0x0000, 0x0000, 0x0000,
  0x0000, 0x0000, 0xC111, 0xDFEE, 0x7F20, 0x7F30, 0x7F40, 0x7F50,
  0x7F50, 0x7F60, 0x7F70, 0x7F80, 0x7F80, 0x7F90, 0x7FA0, 0x7FB0,
  0x7FB0, 0x7FC0, 0x7ED0, 0x7ED0, 0x7EE0, 0x7DE0, 0x7CE0, 0x7AE0,
  0x78E0, 0x76F0, 0x75F0, 0x74F0, 0x72F0, 0x72F0, 0x72E1, 0x71E2,
  0x71E4, 0x71E7, 0x71F9, 0x70EB, 0x70DC, 0x70CE, 0x70BE, 0x709E,
  0x704F, 0xC79C, 0xC000, 0x0000, 0x0000, 0x0000, 0x0000, 0x0000,
  0x0000, 0x0000, 0x0000, 0x0000, 0x0000, 0x0000, 0x0000, 0x0000,
  0x0000, 0x0000, 0x0000, 0x0000, 0x0000, 0x0000, 0x0000, 0x0000,
  0x0000, 0x0000, 0x0000, 0x0000, 0x0000, 0x0000, 0x0000, 0x0000,
  0x0000, 0xE877, 0x8F54, 0x7F20, 0x7F30, 0x7F40, 0x7F40, 0x7F50,
  0x7F60, 0x7F60, 0x7F70, 0x7F80, 0x7F90, 0x7FA0, 0x7FA0, 0x7FB0,
  0x7FC0, 0x7FC0, 0x7ED0, 0x7ED0, 0x7DE0, 0x7CE0, 0x7BE0, 0x79E0,
  0x77F0, 0x76F0, 0x74F0, 0x73F0, 0x82D0, 0xA170, 0xD020, 0xE000,
  0xD000, 0xE010, 0xE021, 0xB054, 0x80AA, 0x80AD, 0x70AF, 0x707F,
  0x704F, 0x723F, 0xD325, 0xA010, 0x0000, 0x0000, 0x0000, 0x0000,
  0x0000, 0x0000, 0x0000, 0x0000, 0x0000, 0x0000, 0x0000, 0x0000,
  0x0000, 0x0000, 0x0000, 0x0000, 0x0000, 0x2F03, 0x8F03, 0x8F03,
  0x8F03, 0x2F03, 0x0000, 0x0000, 0x0000, 0x0000, 0x0000, 0x0000,
  0xFEEE, 0x7F00, 0x7F20, 0x7F20, 0x7F30, 0x7F40, 0x7F50, 0x7F50,
  0x7F60, 0x7F70, 0x7F70, 0x7F80, 0x7F90, 0x7FA0, 0x7FA0, 0x7FB0,
  0x7FC0, 0x7EC0, 0x7ED0, 0x7EE0, 0x7DE0, 0x7CE0, 0x7AE0, 0x79F0,
  0xA380, 0xF000, 0x9000, 0x1000, 0x0000, 0x0000, 0x0000, 0x0000,
  0x0000, 0x0000, 0x0000, 0x1000, 0x6000, 0xE011, 0xA047, 0x805E,
  0x723F, 0x742F, 0x760E, 0xB416, 0xD000, 0x3000, 0x0000, 0x0000,
  0x0000, 0x0000, 0x0000, 0x0000, 0x0000, 0x0000, 0x0000, 0x0000,
  0x0000, 0x0000, 0x4F03, 0x8F03, 0x7F03, 0x7F03, 0x7F03, 0x7F03,
  0x8F03, 0x1F03, 0x0000, 0x0000, 0x0000, 0x0000, 0xC222, 0xAF99,
  0x7F10, 0x7F20, 0x7F20, 0x7F30, 0x7F40, 0x7F40, 0x7F50, 0x7F60,
  0x7F60, 0x7F70, 0x7F80, 0x7F80, 0x7F90, 0x7FA0, 0x7FB0, 0x7FB0,
  0x7FC0, 0x7EC0, 0x7ED0, 0x7DE0, 0x7CE0, 0xD230, 0xB000, 0x1000,
  0x0000, 0x0000, 0x0000, 0x0000, 0x0000, 0x0000, 0x0000, 0x0000,
  0x0000, 0x0000, 0x0000, 0x0000, 0x0000, 0x0000, 0xA000, 0xD013,
  0x743F, 0x761F, 0x790E, 0x7D0F, 0x9A0A, 0xC404, 0xE000, 0x8000,
  0x4000, 0x4000, 0x4000, 0x2000, 0x4000, 0x4000, 0x0000, 0x1E03,
  0x8F03, 0x7F03, 0x7F03, 0x7F03, 0x7F03, 0x7F03, 0x7F03, 0x7F03,
  0x8F03, 0x0000, 0x0000, 0x0000, 0x0000, 0xF777, 0x7F00, 0x7F10,
  0x7F10, 0x7F20, 0x7F20, 0x7F30, 0x7F40, 0x7F50, 0x7F50, 0x7F60,
  0x7F60, 0x7F70, 0x7F80, 0x7F90, 0x7FA0, 0x7FA0, 0x7FB0, 0x7FB0,
  0x7EC0, 0x8DC0, 0xE110, 0x7000, 0x0000, 0x0000, 0x0000, 0x0000,
  0x0000, 0x0000, 0x0000, 0x0000, 0x0000, 0x0000, 0x0000, 0x0000,
  0x0000, 0x0000, 0x0000, 0x0000, 0x0000, 0x0000, 0x0000, 0x6000,
  0xD102, 0x790F, 0x7B0E, 0x7C0D, 0x7E0D, 0x7F0C, 0x7F0D, 0x8D08,
  0x8D06, 0x7F07, 0x7F07, 0x7F06, 0x7F05, 0xE200, 0x8F03, 0x7F03,
  0x7F03, 0x7F03, 0x7F03, 0x7F03, 0x7F03, 0x7F03, 0x7F03, 0x7F03,
  0x6F03, 0x0000, 0x0000, 0x6000, 0xFEEE, 0x7F00, 0x7F10, 0x7F10,
  0x7F20, 0x7F20, 0x7F30, 0x7F40, 0x7F40, 0x7F50, 0x7F50, 0x7F60,
  0x7F70, 0x7F80, 0x7F80, 0x7F90, 0x7FA0, 0x7FA0, 0x8DA0, 0xE110,
  0x5000, 0x0000, 0x0000, 0x0000, 0x0000, 0x0000, 0x0000, 0x0000,
  0x0000, 0x0000, 0x0000, 0x0000, 0x0000, 0x0000, 0x0000, 0x0000,
  0x0000, 0x0000, 0x0000, 0x0000, 0x0000, 0x0000, 0x0000, 0x0000,
  0xA000, 0x9609, 0x7C0E, 0x7D0D, 0x7E0C, 0x7E0B, 0x7F09, 0x7F08,
  0x7F07, 0x7F05, 0x7F05, 0x7F04, 0x7F04, 0xF000, 0x7F03, 0x7F03,
  0x7F03, 0x7F03, 0x7F03, 0x7F03, 0x7F03, 0x7F03, 0x7F03, 0x8F03,
  0x0000, 0x0000, 0x9000, 0xAF99, 0x7F00, 0x7F00, 0x7F10, 0x7F10,
  0x7F20, 0x7F20, 0x7F30, 0x7F40, 0x7F40, 0x7F50, 0x7F60, 0x7F60,
  0x7F70, 0x7F80, 0x7F80, 0x7FA0, 0xD220, 0x6000, 0x0000, 0x0000,
  0x0000, 0x0000, 0x0000, 0x0000, 0x0000, 0x0000, 0x0000, 0x0000,
  0x0000, 0x0000, 0x0000, 0x0000, 0x0000, 0x0000, 0x0000, 0x0000,
  0x0000, 0x0000, 0x0000, 0x0000, 0x0000, 0x0000, 0x0000, 0x0000,
  0x4000, 0xD203, 0x7E0F, 0x7E0C, 0x7E0B, 0x7F0A, 0x7F08, 0x7F07,
  0x7F06, 0x7F05, 0x7F04, 0x7F04, 0x8D03, 0x9B02, 0x7F03, 0x7F03,
  0x7F03, 0x7F03, 0x7F03, 0x7F03, 0x7F03, 0x7F03, 0x7F03, 0x0000,
  0x0000, 0x8111, 0xD000, 0xB600, 0x7F00, 0x7F10, 0x7F10, 0x7F20,
  0x7F20, 0x7F30, 0x7F40, 0x7F40, 0x7F50, 0x7F50, 0x7F60, 0x7F70,
  0x7F80, 0x9A50, 0xB000, 0x0000, 0x0000, 0x0000, 0x0000, 0x0000,
  0x0000, 0x0000, 0x0000, 0x0000, 0x0000, 0x0000, 0x0000, 0x0000,
  0x0000, 0x0000, 0x0000, 0x0000, 0x0000, 0x0000, 0x0000, 0x0000,
  0x0000, 0x0000, 0x0000, 0x0000, 0x0000, 0x0000, 0x0000, 0x0000,
  0x1000, 0xE000, 0x9A09, 0x7F0D, 0x7E0B, 0x7F09, 0x7F08, 0x7F06,
  0x7F05, 0x7F05, 0x7F04, 0x7F04, 0xE100, 0x7F03, 0x7F03, 0x7F03,
  0x7F03, 0x7F03, 0x7F03, 0x7F03, 0x7F03, 0x7F03, 0x0F00, 0x0000,
  0x0000, 0x0000, 0x0000, 0x5000, 0xD000, 0xC400, 0x9A10, 0x7F20,
  0x7F20, 0x7F30, 0x7F40, 0x7F40, 0x7F50, 0x7F60, 0x8E60, 0xE000,
  0x1000, 0x0000, 0x0000, 0x0000, 0x0000, 0x0000, 0x0000, 0x0000,
  0x0000, 0x0000, 0x0000, 0x0000, 0x0000, 0x0000, 0x0000, 0x0000,
  0x0000, 0x0000, 0x0000, 0x0000, 0x0000, 0x0000, 0x0000, 0x0000,
  0x0000, 0x0000, 0x0000, 0x0000, 0x0000, 0x0000, 0x0000, 0x0000,
  0x0000, 0x5000, 0xF101, 0x7F0B, 0x7F0A, 0x7F08, 0x7F07, 0x7F06,
  0x7F05, 0x7F04, 0x7F04, 0xE000, 0x7F03, 0x7F03, 0x7F03, 0x7F03,
  0x7F03, 0x7F03, 0x7F03, 0x7F03, 0x8F03, 0x0000, 0x0000, 0x0000,
  0x0000, 0x0000, 0x0000, 0x0000, 0x0000, 0x2000, 0x6000, 0xD000,
  0xD310, 0x9B30, 0x7F40, 0x8E50, 0xE000, 0x3000, 0x0000, 0x0000,
  0x0000, 0x0000, 0x0000, 0x0000, 0x0000, 0x0000, 0x0000, 0x0000,
  0x0000, 0x0000, 0x0000, 0x0000, 0x0000, 0x0000, 0x0000, 0x0000,
  0x0000, 0x0000, 0x0000, 0x0000, 0x0000, 0x0000, 0x0000, 0x0000,
  0x0000, 0x0000, 0x0000, 0x0000, 0x0000, 0x0000, 0x0000, 0x0000,
  0x0000, 0x0000, 0x4000, 0xC000, 0xC402, 0x7F08, 0x8E06, 0x7F06,
  0x7F06, 0x7F05, 0xD200, 0x7F04, 0x6F03, 0x5F03, 0x5F03, 0x4F03,
  0x5F03, 0x5F03, 0x1E02, 0x0000, 0x0000, 0x0000, 0x0000, 0x0000,
  0x0000, 0x0000, 0x0000, 0x0000, 0x0000, 0x0000, 0x0000, 0x0000,
  0x1000, 0xC000, 0x4000, 0x0000, 0x0000, 0x0000, 0x0000, 0x0000,
  0x0000, 0x0000, 0x0000, 0x0000, 0x0000, 0x0000, 0x0000, 0x0000,
  0x0000, 0x0000, 0x0000, 0x0000, 0x0000, 0x0000, 0x0000, 0x0000,
  0x0000, 0x0000, 0x0000, 0x0000, 0x0000, 0x0000, 0x0000, 0x0000,
  0x0000, 0x0000, 0x0000, 0x0000, 0x0000, 0x0000, 0x0000, 0x0000,
  0x0000, 0x0000, 0x0000, 0x0000, 0x1000, 0x7000, 0x8000, 0x6000,
  0x3000, 0x0000, 0x0000, 0x0000, 0x0000, 0x0000, 0x0000, 0x0000,
  0x0000, 0x0000, 0x0000, 0x0000, 0x0000, 0x0000, 0x0000, 0x0000,
  0x0000, 0x0000, 0x0000, 0x0000, 0x0000, 0x0000, 0x0000, 0x0000,
  0x0000, 0x0000, 0x0000, 0x0000, 0x0000, 0x0000, 0x0000, 0x0000,
  0x0000, 0x0000, 0x0000, 0x0000, 0x0000, 0x0000, 0x0000, 0x0000,
  0x0000, 0x0000, 0x0000, 0x0000, 0x0000, 0x0000, 0x0000, 0x0000,
  0x0000, 0x0000, 0x0000, 0x0000, 0x0000, 0x0000, 0x0000, 0x0000,
  0x0000, 0x0000, 0x0000, 0x0000, 0x0000, 0x0000, 0x0000, 0x0000,
  0x0000, 0x0000, 0x0000, 0x0000, 0x0000, 0x0000, 0x0000, 0x0000,
  0x0000, 0x0000, 0x0000, 0x0000, 0x0000, 0x0000, 0x0000, 0x0000,
  0x0000, 0x0000, 0x0000,
};
static const shapoco::gfx2d::Texture tex_tie_b = {
  shapoco::gfx2d::PixelFormat::ARGB4444, 71, 21, 142, tex_tie_bData,
};

alignas(4) static const uint16_t tex_tie_fData[] = {
  0x0000, 0x0000, 0x0000, 0x0000, 0x0000, 0x0000, 0x0000, 0x0000,
  0x0000, 0x0000, 0x0444, 0x0FFF, 0x0000, 0x0000, 0x0000, 0x0000,
  0x3000, 0x5000, 0x7100, 0x9222, 0xA443, 0xB445, 0xB555, 0xC556,
  0xD666, 0xD666, 0xD667, 0xE777, 0xE777, 0xE777, 0xD666, 0xB555,
  0x9323, 0x5000, 0x3000, 0x1000, 0x0000, 0x0000, 0x0000, 0x0000,
  0x0000, 0x0AAA, 0x0000, 0x0000, 0x0000, 0x0000, 0x0000, 0x0000,
  0x0000, 0x0000, 0x0000, 0x0000, 0x0000, 0x0000, 0x0000, 0x0000,
  0x0000, 0x0000, 0x0000, 0x0000, 0x0000, 0x0000, 0x0000, 0x0000,
  0x0000, 0x0000, 0x0000, 0x0000, 0x0000, 0x0000, 0x0000, 0x0000,
  0x0000, 0x0000, 0x0000, 0x0000, 0x0000, 0x0000, 0x0000, 0x0000,
  0x0000, 0x0000, 0x0000, 0x0000, 0x0000, 0x0000, 0x0000, 0x0000,
  0x0000, 0x0000, 0x0000, 0x0000, 0x0000, 0x0000, 0x0000, 0x0555,
  0x0000, 0x0000, 0x0000, 0x0000, 0x1000, 0x5000, 0x9344, 0xD667,
  0xF999, 0xFBBB, 0xFCCC, 0xFDDC, 0xEEDC, 0xDEDC, 0xDEDB, 0xCEEB,
  0xCEEA, 0xBEEA, 0xBDEA, 0xBDEA, 0xCDFB, 0xCEFC, 0xDEFC, 0xDDEC,
  0xEBCB, 0xFABA, 0xE898, 0xD777, 0xC666, 0x9444, 0x6111, 0x2000,
  0x0000, 0x0000, 0x0000, 0x0000, 0x0555, 0x0000, 0x0000, 0x0000,
  0x0000, 0x0000, 0x0000, 0x0000, 0x0000, 0x0000, 0x0000, 0x0000,
  0x0000, 0x0000, 0x0000, 0x0000, 0x0000, 0x0000, 0x0000, 0x0000,
  0x0000, 0x0000, 0x0000, 0x0000, 0x0000, 0x0000, 0x0000, 0x0000,
  0x0000, 0x0000, 0x0000, 0x0000, 0x0000, 0x0000, 0x0000, 0x0000,
  0x0000, 0x0000, 0x0000, 0x0000, 0x0000, 0x0000, 0x0000, 0x0000,
  0x0000, 0x0000, 0x0000, 0x0000, 0x0000, 0x0555, 0x0000, 0x0000,
  0x0000, 0x3000, 0x7122, 0xB455, 0xE778, 0xFAA9, 0xEDCB, 0xCFDB,
  0xBFEA, 0xAFE8, 0x9FD6, 0x8FC3, 0x8FC1, 0x7EC0, 0x7EC0, 0x7DC0,
  0x7CC0, 0x7BC0, 0x7AC0, 0x79C0, 0x78C0, 0x77C0, 0x77C0, 0x77C0,
  0x77D2, 0x88E4, 0x89E6, 0xAAE8, 0xBAD9, 0xCACA, 0xE9A9, 0xE888,
  0xD767, 0xA444, 0x5000, 0x1000, 0x0000, 0x0000, 0x0FFF, 0x0000,
  0x0000, 0x0000, 0x0000, 0x0000, 0x0000, 0x0000, 0x0000, 0x0000,
  0x0000, 0x0000, 0x0000, 0x0000, 0x0000, 0x0000, 0x0000, 0x0000,
  0x0000, 0x0000, 0x0000, 0x0000, 0x0000, 0x0000, 0x0000, 0x0000,
  0x0000, 0x0000, 0x0000, 0x0000, 0x0000, 0x0000, 0x0000, 0x0000,
  0x0000, 0x5000, 0x3000, 0x0000, 0x0000, 0x0000, 0x0000, 0x0000,
  0x0000, 0x0000, 0x0000, 0x0000, 0x0000, 0x0000, 0x2000, 0x8233,
  0xD667, 0xF999, 0xEBAA, 0xCEB9, 0xAFB7, 0x8FA3, 0x7F80, 0x7F70,
  0x7E70, 0x7E80, 0x7E90, 0x7EA0, 0x7EA0, 0x8EB0, 0x8EB0, 0x8EC0,
  0x8DC0, 0x8DC1, 0x8CC1, 0x8BC1, 0x8BC1, 0x8AD1, 0x89C1, 0x78C1,
  0x77C0, 0x76C0, 0x75B0, 0x74B0, 0x73B0, 0x74B2, 0x75D5, 0x87D9,
  0xA9DB, 0xCACC, 0xE9A9, 0xD666, 0x9333, 0x3000, 0x0000, 0x0000,
  0x0000, 0x0000, 0x0000, 0x0000, 0x0000, 0x0000, 0x0000, 0x0000,
  0x0000, 0x0000, 0x0000, 0x0000, 0x0000, 0x0000, 0x0000, 0x0000,
  0x0000, 0x0000, 0x0000, 0x0000, 0x0000, 0x0000, 0x0000, 0x0000,
  0x0000, 0x0000, 0x0000, 0x0000, 0x0000, 0x0555, 0x0000, 0x2000,
  0xB444, 0xC956, 0xA702, 0x9201, 0x2000, 0x0000, 0x0000, 0x0000,
  0x0000, 0x0000, 0x0000, 0x0000, 0x2000, 0x9222, 0xE777, 0xECAA,
  0xBFB9, 0x8F95, 0x7F61, 0x7F40, 0x7E50, 0x7E60, 0x8F70, 0x8F80,
  0x8F80, 0x8F90, 0x8F90, 0x8F90, 0x7FA0, 0x7FA0, 0x7FB0, 0x7EB0,
  0x7EB0, 0x7EC0, 0x7DC0, 0x7CC0, 0x7CC0, 0x7BC0, 0x7AC0, 0x79C1,
  0x78C1, 0x78C1, 0x87C1, 0x86C1, 0x86C2, 0x85B3, 0x84B3, 0x73B4,
  0x72B5, 0x72C7, 0x74DA, 0x97EC, 0xC8BB, 0xE788, 0xB555, 0x6100,
  0x0000, 0x0000, 0x0000, 0x0000, 0x0000, 0x0000, 0x0000, 0x0000,
  0x0000, 0x0000, 0x0000, 0x0000, 0x0000, 0x0000, 0x0000, 0x0000,
  0x0000, 0x0000, 0x0000, 0x0000, 0x0000, 0x0000, 0x0000, 0x0000,
  0x0000, 0x0000, 0x0000, 0x0000, 0x0FFF, 0x0000, 0x5010, 0xD656,
  0xAD68, 0x7F16, 0x7F06, 0x9C04, 0xB401, 0x3000, 0x0000, 0x0000,
  0x0000, 0x0000, 0x0F77, 0x0000, 0xA223, 0xFA99, 0x9F87, 0x7F40,
  0x7F20, 0x7E30, 0x7F40, 0x8F51, 0x8F60, 0x8F60, 0x7F60, 0x7F70,
  0x7F70, 0x7F80, 0x7F80, 0x7F90, 0x7F90, 0x7FA0, 0x7FA0, 0x7FB0,
  0x7EB0, 0x7EB0, 0x7EC0, 0x7DC0, 0x7DC0, 0x7CC0, 0x7BC0, 0x7AC0,
  0x7AC0, 0x79C1, 0x78C1, 0x77C1, 0x76C1, 0x76C2, 0x75C3, 0x85C4,
  0x84C5, 0x84B6, 0x73B7, 0x72B8, 0x71CA, 0x85ED, 0xB8DC, 0xD799,
  0xC555, 0x6211, 0x1000, 0x0000, 0x0000, 0x0055, 0x0000, 0x0000,
  0x0000, 0x0000, 0x0000, 0x0000, 0x0000, 0x0000, 0x0000, 0x0000,
  0x0000, 0x0000, 0x0000, 0x0000, 0x0000, 0x0000, 0x0000, 0x0000,
  0x0000, 0x0000, 0x0000, 0x0FFF, 0x0000, 0x8222, 0xE877, 0x9F58,
  0x7F04, 0x8E05, 0x8E05, 0x7F05, 0x8F05, 0xB401, 0x3000, 0x0000,
  0x0000, 0x0000, 0x0000, 0x2000, 0xE888, 0x9FA9, 0x7E00, 0x8F31,
  0x8F41, 0x8F41, 0x7F40, 0x7F40, 0x7F50, 0x7F50, 0x7F60, 0x7F60,
  0x7F70, 0x7F70, 0x7F80, 0x7F80, 0x7F90, 0x7F90, 0x7FA0, 0x7FA0,
  0x7FA0, 0x7EB0, 0x7EB0, 0x7EB0, 0x7EC0, 0x7DC0, 0x7CC0, 0x7CC0,
  0x7BC0, 0x7AC0, 0x79C1, 0x78C1, 0x77C1, 0x77C1, 0x76C2, 0x75C2,
  0x75C4, 0x74C5, 0x74C6, 0x83C7, 0x83C9, 0x72B9, 0x71CA, 0x73DD,
  0x96DD, 0xC488, 0xB234, 0x6100, 0x1000, 0x0000, 0x0000, 0x0000,
  0x0000, 0x0000, 0x0000, 0x0000, 0x0000, 0x0000, 0x0000, 0x0000,
  0x0000, 0x0000, 0x0000, 0x0000, 0x0000, 0x0000, 0x0000, 0x0000,
  0x0000, 0x0000, 0x0777, 0x0000, 0x9222, 0xEA89, 0x8F48, 0x7F04,
  0x8F05, 0x7F05, 0x7F05, 0x8E05, 0x7F05, 0x8E05, 0xB301, 0x2000,
  0x0000, 0x0555, 0x0000, 0x8222, 0xECAA, 0x7F22, 0x8F21, 0x7F31,
  0x7F31, 0x7F31, 0x7F40, 0x7F40, 0x7F40, 0x7F50, 0x7F50, 0x7F60,
  0x7F60, 0x7F60, 0x7F70, 0x7F70, 0x7F80, 0x7F80, 0x7F90, 0x7F90,
  0x7FA0, 0x7FA0, 0x7FA0, 0x7EB0, 0x7EB0, 0x7EB0, 0x7DC0, 0x7DC0,
  0x7CC0, 0x7BC0, 0x7AC0, 0x7AC1, 0x79C1, 0x78C1, 0x77C1, 0x76C2,
  0x85B2, 0x85B3, 0x74C4, 0x74C6, 0x74C8, 0x73D9, 0x73DB, 0x72DB,
  0x71DC, 0x62FF, 0x72DE, 0xA279, 0xA245, 0x7122, 0x3000, 0x0000,
  0x0000, 0x0000, 0x0000, 0x0000, 0x0000, 0x0000, 0x0000, 0x0000,
  0x0000, 0x0000, 0x0000, 0x0000, 0x0000, 0x0000, 0x0000, 0x0000,
  0x0777, 0x0000, 0x0000, 0x8211, 0xEB9A, 0x8F5A, 0x7E04, 0x8F06,
  0x7F05, 0x7F05, 0x7F05, 0x7F05, 0x8F05, 0x7F06, 0x9B04, 0x8100,
  0x0000, 0x0000, 0x1000, 0xD666, 0xBFAA, 0x7F00, 0x8F21, 0x7F21,
  0x7F21, 0x7F31, 0x7F31, 0x7F31, 0x7F40, 0x7F40, 0x7F50, 0x7F50,
  0x7F50, 0x7F60, 0x7F60, 0x7F70, 0x7F70, 0x7F80, 0x7F80, 0x7F90,
  0x7F90, 0x7FA0, 0x7FA0, 0x7FA0, 0x7FB0, 0x7EB0, 0x7EB0, 0x7EC0,
  0x7DC0, 0x7CC0, 0x7CC0, 0x7BC0, 0x7AC1, 0x89C1, 0x88C1, 0x77C1,
  0x77C2, 0x77D2, 0x75C3, 0x84A4, 0x9394, 0x9285, 0xA285, 0xA276,
  0xA176, 0xA176, 0xA166, 0xA167, 0xA167, 0xC156, 0xC134, 0x9123,
  0x5001, 0x1000, 0x0000, 0x0000, 0x0000, 0x0000, 0x0777, 0x0444,
  0x0444, 0x0444, 0x0444, 0x0555, 0x0FFF, 0x0000, 0x0000, 0x0000,
  0x0000, 0x1000, 0x7010, 0xE756, 0x9F7C, 0x7F05, 0x8F06, 0x7F05,
  0x7F05, 0x7F05, 0x7F05, 0x7F05, 0x8F05, 0x8E05, 0x7F06, 0xB401,
  0x0000, 0x0000, 0x6011, 0xFBAA, 0x8F34, 0x7F01, 0x7F11, 0x7F21,
  0x7F21, 0x7F21, 0x7F31, 0x7F31, 0x7F31, 0x7F40, 0x7F40, 0x7F40,
  0x7F50, 0x7F50, 0x7F60, 0x7F60, 0x7F70, 0x7F70, 0x7F80, 0x7F80,
  0x7F80, 0x7F90, 0x7F90, 0x7FA0, 0x7FA0, 0x7FA0, 0x7EB0, 0x7EB0,
  0x7EB0, 0x7DC0, 0x8DC0, 0x8CC0, 0x7CC0, 0x7CE0, 0x7BD1, 0x88B1,
  0x9691, 0xA361, 0xA231, 0x9120, 0x7010, 0x6000, 0x6000, 0x5000,
  0x5000, 0x5000, 0x5000, 0x4000, 0x4000, 0x5000, 0x8012, 0xB024,
  0xD024, 0xB013, 0x7002, 0x4000, 0x2000, 0x0000, 0x0000, 0x0000,
  0x0000, 0x0000, 0x0000, 0x0000, 0x0000, 0x0000, 0x3000, 0x6121,
  0xA444, 0xD767, 0xDB7A, 0xAA37, 0xB402, 0x8D06, 0x7F07, 0x8F06,
  0x7F05, 0x7F05, 0x8F05, 0x7F05, 0x7F05, 0x7F06, 0xA803, 0x8100,
  0x0FFF, 0x0000, 0xC555, 0xBE9A, 0x7F00, 0x8F12, 0x7F11, 0x7F11,
  0x7F21, 0x7F21, 0x7F21, 0x7F21, 0x7F31, 0x7F31, 0x7F41, 0x7F40,
  0x7F40, 0x7F50, 0x7F50, 0x7F60, 0x7F60, 0x7F60, 0x7F70, 0x7F70,
  0x7F80, 0x7F80, 0x7F90, 0x7F90, 0x7FA0, 0x7FA0, 0x7FA0, 0x8EB0,
  0x8EB0, 0x7FC0, 0x7FD0, 0x7ED0, 0x8BA0, 0xA770, 0xA440, 0x9220,
  0x8110, 0x5000, 0x1000, 0x0000, 0x0000, 0x0000, 0x0000, 0x0000,
  0x0000, 0x0000, 0x0000, 0x0000, 0x0000, 0x0000, 0x0000, 0x1000,
  0x5001, 0xA013, 0xC015, 0xB126, 0xA126, 0xA223, 0x9222, 0x8333,
  0x7332, 0x7332, 0x7333, 0x9343, 0xA444, 0xC656, 0xD767, 0xDA69,
  0xBD7B, 0x9F4C, 0x7F0B, 0x7F0A, 0x9B07, 0xC402, 0x8E07, 0x7F06,
  0x8F06, 0x7F05, 0x7F05, 0x8F05, 0x9A03, 0xB501, 0x7000, 0x0000,
  0x0000, 0x3000, 0xE988, 0x8F45, 0x7E01, 0x8F01, 0x7F01, 0x7F11,
  0x7F11, 0x7F11, 0x7F21, 0x7F21, 0x7F21, 0x7F31, 0x7F31, 0x7F40,
  0x7F40, 0x7F40, 0x7F50, 0x7F50, 0x7F50, 0x7F60, 0x7F60, 0x7F70,
  0x7F70, 0x7F80, 0x7F80, 0x7F80, 0x8F90, 0x8E90, 0x7FA0, 0x7FB0,
  0x7FB0, 0x8C90, 0xA870, 0xA540, 0x9220, 0x6000, 0x2000, 0x0000,
  0x0000, 0x0000, 0x0000, 0x0070, 0x0000, 0x0000, 0x0000, 0x0000,
  0x0000, 0x0000, 0x0000, 0x0000, 0x0000, 0x0000, 0x0005, 0x0000,
  0x0000, 0x0000, 0x4000, 0x9013, 0xA127, 0x833E, 0x943C, 0xA54A,
  0xB65A, 0xB75A, 0xB84A, 0xA94B, 0x9B4C, 0x8D3C, 0x7E1D, 0x7F0C,
  0x7F0B, 0x7E0A, 0x8E0A, 0x8E0A, 0x7F0B, 0xA805, 0xA603, 0x7F09,
  0x7F07, 0x8D05, 0xA803, 0xA401, 0x7100, 0x2000, 0x0000, 0x0000,
  0x0000, 0x9333, 0xDD9A, 0x7F00, 0x8F02, 0x7F02, 0x7F01, 0x7F01,
  0x7F11, 0x7F11, 0x7F11, 0x7F21, 0x7F21, 0x7F21, 0x7F31, 0x7F31,
  0x7F31, 0x7F40, 0x7F40, 0x7F50, 0x7F50, 0x7F50, 0x7F60, 0x7F60,
  0x7F60, 0x7F70, 0x8F70, 0x7E80, 0x7F90, 0x7FA0, 0x8D80, 0xA850,
  0xA530, 0x9210, 0x6000, 0x2000, 0x0000, 0x0000, 0x0000, 0x0000,
  0x0050, 0x0000, 0x0000, 0x0000, 0x0000, 0x0000, 0x0000, 0x0000,
  0x0000, 0x0000, 0x0000, 0x0000, 0x0000, 0x0000, 0x0000, 0x0000,
  0x0000, 0x0000, 0x0000, 0x0000, 0x6000, 0xB014, 0x9119, 0x731F,
  0x641F, 0x750E, 0x760D, 0x780C, 0x790B, 0x7A0B, 0x7C0B, 0x8D0B,
  0x8D0B, 0x8E0B, 0x8E0A, 0x7F0A, 0x7F0B, 0x7F0B, 0xD402, 0xB603,
  0xA502, 0x9201, 0x5000, 0x1000, 0x0000, 0x0000, 0x0000, 0x0000,
  0x1000, 0xD777, 0xAF78, 0x7F00, 0x8F02, 0x7F02, 0x7F02, 0x7F01,
  0x7F01, 0x7F11, 0x7F11, 0x7F11, 0x7F21, 0x7F21, 0x7F21, 0x7F31,
  0x7F31, 0x7F31, 0x7F40, 0x7F40, 0x7F40, 0x7F50, 0x7F50, 0x7F60,
  0x8F60, 0x8F60, 0x7F70, 0x7F80, 0x9B50, 0xB630, 0x9210, 0x6000,
  0x2000, 0x0000, 0x0000, 0x0000, 0x0FF0, 0x0000, 0x0000, 0x0000,
  0x0000, 0x0000, 0x0000, 0x0000, 0x0000, 0x0000, 0x0000, 0x0000,
  0x0000, 0x0000, 0x0000, 0x0000, 0x0000, 0x0000, 0x0000, 0x0000,
  0x0000, 0x0000, 0x0000, 0x0000, 0x0000, 0x2000, 0x7001, 0xB114,
  0xA218, 0x841C, 0x761E, 0x771D, 0x781C, 0x790B, 0x7B0B, 0x7C0B,
  0x7D0B, 0x7F0B, 0x7F0C, 0x8F0A, 0xA907, 0xA403, 0x7100, 0x4000,
  0x2000, 0x0000, 0x0000, 0x0000, 0x0000, 0x0000, 0x0000, 0x0000,
  0x5000, 0xEA99, 0x8F24, 0x7E01, 0x7F02, 0x7F02, 0x7F02, 0x7F02,
  0x7F01, 0x7F01, 0x7F11, 0x7F11, 0x7F11, 0x7F11, 0x7F21, 0x7F21,
  0x7F31, 0x7F31, 0x7F31, 0x7F40, 0x7F40, 0x7F40, 0x8F50, 0x7F50,
  0x7F60, 0x7F70, 0x9B40, 0xB420, 0x8100, 0x3000, 0x0000, 0x0000,
  0x0000, 0x0FF0, 0x0000, 0x0000, 0x0000, 0x0000, 0x0000, 0x0000,
  0x0000, 0x0000, 0x0000, 0x0000, 0x0000, 0x0000, 0x0000, 0x0000,
  0x0000, 0x0000, 0x0000, 0x0000, 0x0000, 0x0000, 0x0000, 0x0000,
  0x0000, 0x0000, 0x0000, 0x0000, 0x0000, 0x0000, 0x0000, 0x2000,
  0x7000, 0xA103, 0xA205, 0xA408, 0x860A, 0x880B, 0x7B0C, 0x7C0B,
  0x8C0A, 0x9A08, 0xA705, 0xA302, 0x6000, 0x2000, 0x0000, 0x0000,
  0x0000, 0x0F00, 0x0000, 0x0000, 0x0000, 0x0000, 0x0000, 0x0000,
  0xA444, 0xCD9A, 0x7F00, 0x8F02, 0x7F02, 0x7F02, 0x7F02, 0x7F02,
  0x7F02, 0x7F02, 0x7F01, 0x7F01, 0x7F11, 0x7F11, 0x7F11, 0x7F21,
  0x7F21, 0x7F21, 0x7F31, 0x7F31, 0x7F31, 0x8F40, 0x7F50, 0x7F50,
  0x9B30, 0xB520, 0x8100, 0x2000, 0x0000, 0x0000, 0x0FF0, 0x0000,
  0x0000, 0x0000, 0x0000, 0x0000, 0x0000, 0x0000, 0x0000, 0x0000,
  0x0000, 0x0000, 0x0000, 0x0000, 0x0000, 0x0000, 0x0000, 0x0000,
  0x0000, 0x0000, 0x0000, 0x0000, 0x0000, 0x0000, 0x0000, 0x0000,
  0x0000, 0x0000, 0x0000, 0x0000, 0x0000, 0x0000, 0x0000, 0x0000,
  0x0000, 0x0000, 0x3000, 0x6000, 0x8102, 0xA203, 0xA303, 0xA303,
  0x9302, 0x7101, 0x4000, 0x0000, 0x0000, 0x0000, 0x0000, 0x0000,
  0x0000, 0x0000, 0x0000, 0x0000, 0x0000, 0x0000, 0x0000, 0x0000,
  0xE555, 0xAF77, 0x7F00, 0x8F02, 0x8F01, 0x7F02, 0x7F02, 0x7F02,
  0x7F02, 0x7F02, 0x7F02, 0x7F01, 0x7F01, 0x7F11, 0x7F11, 0x7F11,
  0x7F21, 0x7F21, 0x7F21, 0x8F31, 0x7F31, 0x7F41, 0x9A20, 0xB410,
  0x7100, 0x3000, 0x0000, 0x0000, 0x0000, 0x0000, 0x0000, 0x0000,
  0x0000, 0x0000, 0x0000, 0x0000, 0x0000, 0x0000, 0x0000, 0x0000,
  0x0000, 0x0000, 0x0000, 0x0000, 0x0000, 0x0000, 0x0000, 0x0000,
  0x0000, 0x0000, 0x0000, 0x0000, 0x0000, 0x0000, 0x0000, 0x0000,
  0x0000, 0x0000, 0x0000, 0x0000, 0x0000, 0x0000, 0x0000, 0x0000,
  0x0000, 0x0000, 0x0000, 0x0000, 0x0000, 0x1000, 0x1000, 0x1000,
  0x0000, 0x0000, 0x0000, 0x0000, 0x0000, 0x0000, 0x0000, 0x0000,
  0x0000, 0x0000, 0x0000, 0x0000, 0x0000, 0x0000, 0x0000, 0x0000,
  0x5010, 0xB300, 0xAA01, 0x7F02, 0x7F02, 0x8F01, 0x8F01, 0x7F02,
  0x7F02, 0x7F02, 0x7F02, 0x7F02, 0x7F01, 0x7F01, 0x7F11, 0x7F11,
  0x7F11, 0x7F21, 0x8E21, 0x7F21, 0x8E21, 0xB510, 0x8100, 0x2000,
  0x0000, 0x0000, 0x0700, 0x0000, 0x0000, 0x0000, 0x0000, 0x0000,
  0x0000, 0x0000, 0x0000, 0x0000, 0x0000, 0x0000, 0x0000, 0x0000,
  0x0000, 0x0000, 0x0000, 0x0000, 0x0000, 0x0000, 0x0000, 0x0000,
  0x0000, 0x0000, 0x0000, 0x0000, 0x0000, 0x0000, 0x0000, 0x0000,
  0x0000, 0x0000, 0x0000, 0x0000, 0x0000, 0x0000, 0x0000, 0x0000,
  0x0000, 0x0000, 0x0000, 0x0000, 0x0007, 0x0000, 0x0000, 0x0000,
  0x0000, 0x0500, 0x0000, 0x0000, 0x0000, 0x0000, 0x0000, 0x0000,
  0x0000, 0x0000, 0x0000, 0x0000, 0x0000, 0x0000, 0x0000, 0x0000,
  0x0000, 0x1000, 0x8100, 0xB500, 0x9B01, 0x7F02, 0x7F02, 0x7F02,
  0x8F01, 0x8F01, 0x7F02, 0x7F02, 0x7F02, 0x7F01, 0x7F01, 0x7F11,
  0x7F11, 0x7F11, 0x7F21, 0x9A11, 0xA300, 0x4000, 0x0000, 0x0000,
  0x0000, 0x0000, 0x0000, 0x0000, 0x0000, 0x0000, 0x0000, 0x0000,
  0x0000, 0x0000, 0x0000, 0x0000, 0x0000, 0x0000, 0x0000, 0x0000,
  0x0000, 0x0000, 0x0000, 0x0000, 0x0000, 0x0000, 0x0000, 0x0000,
  0x0000, 0x0000, 0x0000, 0x0000, 0x0000, 0x0000, 0x0000, 0x0000,
  0x0000, 0x0000, 0x0000, 0x0000, 0x0000, 0x0000, 0x0000, 0x0000,
  0x0000, 0x0000, 0x0000, 0x0000, 0x0000, 0x0000, 0x0000, 0x0000,
  0x0000, 0x0000, 0x0000, 0x0000, 0x0000, 0x0000, 0x0000, 0x0000,
  0x0000, 0x0000, 0x0000, 0x0000, 0x0000, 0x0000, 0x0000, 0x0000,
  0x0000, 0x0000, 0x0000, 0x3000, 0x8100, 0xB500, 0x9A01, 0x8F01,
  0x7F02, 0x7F02, 0x7F02, 0x8F01, 0x8F01, 0x8F01, 0x7F01, 0x8F01,
  0x7F01, 0x7F11, 0xA701, 0x9100, 0x1000, 0x0000, 0x0000, 0x0000,
  0x0000, 0x0000, 0x0000, 0x0000, 0x0000, 0x0000, 0x0000, 0x0000,
  0x0000, 0x0000, 0x0000, 0x0000, 0x0000, 0x0000, 0x0000, 0x0000,
  0x0000, 0x0000, 0x0000, 0x0000, 0x0000, 0x0000, 0x0000, 0x0000,
  0x0000, 0x0000, 0x0000, 0x0000, 0x0000, 0x0000, 0x0000, 0x0000,
  0x0000, 0x0000, 0x0000, 0x0000, 0x0000, 0x0000, 0x0000, 0x0000,
  0x0000, 0x0000, 0x0000, 0x0000, 0x0000, 0x0000, 0x0000, 0x0000,
  0x0000, 0x0000, 0x0000, 0x0000, 0x0000, 0x0000, 0x0000, 0x0000,
  0x0000, 0x0000, 0x0000, 0x0000, 0x0000, 0x0000, 0x0000, 0x0000,
  0x0000, 0x0000, 0x0000, 0x0000, 0x0000, 0x2000, 0x7100, 0xA300,
  0xA701, 0x9A01, 0x8E01, 0x7F02, 0x7F02, 0x7F02, 0x7F02, 0x7F02,
  0x8F01, 0xB500, 0x6000, 0x0000, 0x0000, 0x0000, 0x0000, 0x0000,
  0x0000, 0x0000, 0x0000, 0x0000, 0x0000, 0x0000, 0x0000, 0x0000,
  0x0000, 0x0000, 0x0000, 0x0000, 0x0000, 0x0000, 0x0000, 0x0000,
  0x0000, 0x0000, 0x0000, 0x0000, 0x0000, 0x0000, 0x0000, 0x0000,
  0x0000, 0x0000, 0x0000, 0x0000, 0x0000, 0x0000, 0x0000, 0x0000,
  0x0000, 0x0000, 0x0000, 0x0000, 0x0000, 0x0000, 0x0000, 0x0000,
  0x0000, 0x0000, 0x0000, 0x0000, 0x0000, 0x0000, 0x0000, 0x0000,
  0x0000, 0x0000, 0x0000, 0x0000, 0x0000, 0x0000, 0x0000, 0x0000,
  0x0000, 0x0000, 0x0000, 0x0000, 0x0000, 0x0000, 0x0000, 0x0000,
  0x0000, 0x0000, 0x0000, 0x0000, 0x0500, 0x0000, 0x0000, 0x1000,
  0x4000, 0x7100, 0x9300, 0xA500, 0xA801, 0x9A01, 0x8D01, 0x8E01,
  0xB400, 0x4000, 0x0000, 0x0700, 0x0000, 0x0000, 0x0000, 0x0000,
  0x0000, 0x0000, 0x0000, 0x0000, 0x0000, 0x0000, 0x0000, 0x0000,
  0x0000, 0x0000, 0x0000, 0x0000, 0x0000, 0x0000, 0x0000, 0x0000,
  0x0000, 0x0000, 0x0000, 0x0000, 0x0000, 0x0000, 0x0000, 0x0000,
  0x0000, 0x0000, 0x0000, 0x0000, 0x0000, 0x0000, 0x0000, 0x0000,
  0x0000, 0x0000, 0x0000, 0x0000, 0x0000, 0x0000, 0x0000, 0x0000,
  0x0000, 0x0000, 0x0000, 0x0000, 0x0000, 0x0000, 0x0000, 0x0000,
  0x0000, 0x0000, 0x0000, 0x0000, 0x0000, 0x0000, 0x0000, 0x0000,
  0x0000, 0x0000, 0x0000, 0x0000, 0x0000, 0x0000, 0x0000, 0x0000,
  0x0000, 0x0000, 0x0000, 0x0000, 0x0000, 0x0000, 0x0000, 0x0000,
  0x0000, 0x0000, 0x0000, 0x2000, 0x5000, 0x7100, 0x9200, 0xB200,
  0x4000, 0x0000, 0x0000, 0x0000, 0x0000, 0x0000, 0x0000, 0x0000,
  0x0000, 0x0000, 0x0000, 0x0000, 0x0000, 0x0000, 0x0000, 0x0000,
  0x0000, 0x0000, 0x0000, 0x0000, 0x0000, 0x0000, 0x0000, 0x0000,
  0x0000, 0x0000, 0x0000, 0x0000, 0x0000, 0x0000, 0x0000, 0x0000,
  0x0000, 0x0000, 0x0000, 0x0000, 0x0000, 0x0000, 0x0000, 0x0000,
  0x0000, 0x0000, 0x0000, 0x0000, 0x0000, 0x0000, 0x0000, 0x0000,
  0x0000, 0x0000, 0x0000, 0x0000, 0x0000, 0x0000, 0x0000, 0x0000,
  0x0000, 0x0000, 0x0000, 0x0000, 0x0000, 0x0000, 0x0000, 0x0000,
  0x0000, 0x0000, 0x0000, 0x0000, 0x0000, 0x0000, 0x0000, 0x0000,
};
static const shapoco::gfx2d::Texture tex_tie_f = {
  shapoco::gfx2d::PixelFormat::ARGB4444, 88, 23, 176, tex_tie_fData,
};

alignas(4) static const uint16_t tex_hair_ahoData[] = {
  0x1FF8, 0x1FF8, 0x1FF8, 0x1FF8, 0x1FF8, 0x1FF8, 0x1FF8, 0x1FF8,
  0x1FF8, 0x1FF8, 0x1FF8, 0x1FF8, 0x1FF8, 0x1FF8, 0x1FF8, 0x1FF8,
  0x1FF8, 0x1FF8, 0x1FF8, 0x1FF8, 0x1FF8, 0x1FF8, 0x1FF8, 0x1FF8,
  0x1FF8, 0x1FF8, 0x1FF8, 0x0000, 0x1FF8, 0x1FF8, 0x1FF8, 0x1FF8,
  0x1FF8, 0x1FF8, 0x1FF8, 0x1FF8, 0x1FF8, 0x1FF8, 0x1FF8, 0x1FF8,
  0x1FF8, 0x1FF8, 0x1FF8, 0x1FF8, 0x1FF8, 0x1FF8, 0x1FF8, 0x1FF8,
  0x1FF8, 0x1FF8, 0x1FF8, 0x1FF8, 0x1FF8, 0x1FF8, 0x0000, 0x2CA4,
  0x31F6, 0x1FF8, 0x1FF8, 0x0000, 0x1FF8, 0x1FF8, 0x1FF8, 0x1FF8,
  0x1FF8, 0x1FF8, 0x1FF8, 0x1FF8, 0x1FF8, 0x1FF8, 0x1FF8, 0x1FF8,
  0x1FF8, 0x1FF8, 0x1FF8, 0x1FF8, 0x1FF8, 0x1FF8, 0x1FF8, 0x1FF8,
  0x0000, 0x065A, 0xD2FD, 0xD1ED, 0x32F6, 0x1FF8, 0x1FF8, 0x1FF8,
  0x1FF8, 0x0549, 0x2651, 0x1FF8, 0x1FF8, 0x1FF8, 0x1FF8, 0x1FF8,
  0x1FF8, 0x1FF8, 0x1FF8, 0x1FF8, 0x1FF8, 0x1FF8, 0x1FF8, 0x1FF8,
  0x1FF8, 0x1FF8, 0x2008, 0x2441, 0x0ECC, 0xF0E4, 0x30E5, 0x70E5,
  0x52FE, 0x1FF8, 0x1FF8, 0x1FF8, 0x1FF8, 0x1FF8, 0x1FF8, 0x8328,
  0x71FB, 0xE989, 0x2108, 0x0000, 0x1FF8, 0x1FF8, 0x1FF8, 0x1FF8,
  0x1FF8, 0x1FF8, 0x0000, 0x0000, 0x0441, 0xECAA, 0xEFDB, 0x50EC,
  0x70E4, 0xB0E4, 0x10E5, 0x50E5, 0x91E5, 0x1FF8, 0x1FF8, 0x1FF8,
  0x1FF8, 0x1FF8, 0x1FF8, 0x1FF8, 0x1FF8, 0xA330, 0x70F3, 0x30E3,
  0x30E3, 0x0FDB, 0x50EB, 0x2FDB, 0x2FDB, 0x91F3, 0x90EB, 0xB0F3,
  0xB0E3, 0xB0E3, 0xF0E3, 0x10E4, 0x50E4, 0x90E4, 0xF0E4, 0x30E5,
  0x50DD, 0x1FF8, 0x1FF8, 0x1FF8, 0x1FF8, 0x1FF8, 0x1FF8, 0x1FF8,
  0x1FF8, 0x1FF8, 0x1FF8, 0x0000, 0xEED2, 0x2FE3, 0x2FE3, 0x2FE3,
  0x4FE3, 0x50E3, 0x70E3, 0x6FE3, 0x90E3, 0xB0E3, 0xD0E3, 0x10E4,
  0x30E4, 0x90E4, 0xD0E4, 0x51ED, 0x6439, 0x1FF8, 0x1FF8, 0x1FF8,
  0x1FF8, 0x1FF8, 0x1FF8, 0x1FF8, 0x1FF8, 0x1FF8, 0x1FF8, 0x1FF8,
  0x1FF8, 0x1FF8, 0xC879, 0x2FE3, 0x50E3, 0x50E3, 0x70E3, 0x70E3,
  0x90E3, 0xB0E3, 0xD0E3, 0xF0E3, 0x30E4, 0x70E4, 0xD0E4, 0x8ECC,
  0x0000, 0x1FF8, 0x1FF8, 0x1FF8, 0x1FF8, 0x1FF8, 0x1FF8, 0x1FF8,
  0x1FF8, 0x1FF8, 0x1FF8, 0x1FF8, 0x1FF8, 0x1FF8, 0x1FF8, 0x1FF8,
  0x0008, 0x4A9A, 0x90F3, 0x70E3, 0x90E3, 0xB0E3, 0xD0E3, 0xF0E3,
  0x30E4, 0x70E4, 0xADB3, 0x0000, 0x1FF8, 0x1FF8, 0x1FF8, 0x1FF8,
  0x1FF8, 0x1FF8, 0x1FF8, 0x1FF8, 0x1FF8, 0x1FF8, 0x1FF8, 0x1FF8,
  0x1FF8, 0x1FF8, 0x1FF8, 0x1FF8, 0x1FF8, 0x1FF8, 0x1FF8, 0x0000,
  0x0441, 0x2DC3, 0x11F4, 0xEFDB, 0x6DBB, 0x6549, 0x2008, 0x1FF8,
  0x1FF8, 0x1FF8, 0x1FF8, 0x1FF8, 0x1FF8, 0x1FF8, 0x1FF8, 0x1FF8,
  0x1FF8, 0x1FF8, 0x1FF8, 0x1FF8, 0x1FF8, 0x1FF8, 0x1FF8, 0x1FF8,
  0x1FF8, 0x1FF8, 0x1FF8, 0x1FF8, 0x1FF8, 0x1FF8, 0x1FF8, 0x1FF8,
  0x1FF8, 0x1FF8, 0x1FF8, 0x1FF8, 0x1FF8, 0x1FF8, 0x1FF8, 0x1FF8,
  0x1FF8, 0x1FF8, 0x1FF8, 0x1FF8, 0x1FF8, 0x1FF8, 0x1FF8,
};
static const shapoco::gfx2d::Texture tex_hair_aho = {
  shapoco::gfx2d::PixelFormat::RGB565_SWAPPED, 29, 11, 58, tex_hair_ahoData,
};

alignas(4) static const uint16_t tex_hair_front_bData[] = {
  0x1FF8, 0x1FF8, 0x1FF8, 0x1FF8, 0x1FF8, 0x1FF8, 0x1FF8, 0x1FF8,
  0x1FF8, 0x1FF8, 0x1FF8, 0x1FF8, 0x1FF8, 0x1FF8, 0x1FF8, 0x1FF8,
  0x1FF8, 0x1FF8, 0x1FF8, 0x1FF8, 0x1FF8, 0x1FF8, 0x1FF8, 0x1FF8,
  0x1FF8, 0x1FF8, 0x1FF8, 0x1FF8, 0x1FF8, 0x1FF8, 0x1FF8, 0x1FF8,
  0x1FF8, 0x1FF8, 0x1FF8, 0x1FF8, 0x1FF8, 0x1FF8, 0x1FF8, 0x1FF8,
  0x1FF8, 0x1FF8, 0x1FF8, 0x1FF8, 0x1FF8, 0x1FF8, 0x1FF8, 0x1FF8,
  0x1FF8, 0x1FF8, 0x1FF8, 0x1FF8, 0x1FF8, 0x1FF8, 0x1FF8, 0x1FF8,
  0x1FF8, 0x1FF8, 0x0000, 0x0000, 0xE210, 0x8953, 0xCC6C, 0xCE85,
  0x9096, 0xCF85, 0xCC6C, 0x8953, 0x8421, 0x0000, 0x0000, 0x1FF8,
  0x1FF8, 0x1FF8, 0x1FF8, 0x1FF8, 0x1FF8, 0x1FF8, 0x1FF8, 0x1FF8,
  0x1FF8, 0x1FF8, 0x1FF8, 0x1FF8, 0x1FF8, 0x1FF8, 0x1FF8, 0x1FF8,
  0x1FF8, 0x1FF8, 0x1FF8, 0x1FF8, 0x1FF8, 0x1FF8, 0x1FF8, 0x1FF8,
  0x1FF8, 0x1FF8, 0x1FF8, 0x1FF8, 0x1FF8, 0x2000, 0x642A, 0x4B6E,
  0x6D7F, 0xD097, 0xF4B7, 0xF4B7, 0xF4B7, 0xF4B7, 0xF4B7, 0xF4B7,
  0xF4B7, 0xF4B7, 0xF4B7, 0xF4BF, 0x0E8F, 0x2E9F, 0x2864, 0x6108,
  0x1FF8, 0x1FF8, 0x1FF8, 0x1FF8, 0x1FF8, 0x1FF8, 0x1FF8, 0x1FF8,
  0x1FF8, 0x1FF8, 0x1FF8, 0x1FF8, 0x1FF8, 0x1FF8, 0x1FF8, 0x1FF8,
  0x1FF8, 0x1FF8, 0x1FF8, 0x1FF8, 0x1FF8, 0x1FF8, 0x1FF8, 0x1FF8,
  0x1FF8, 0x4000, 0x6A5D, 0x4D7F, 0x0C77, 0x2C77, 0x2D7F, 0x2C7F,
  0xD19F, 0xF4B7, 0xF4B7, 0xF4B7, 0xF4B7, 0xF4B7, 0xF4B7, 0xF4B7,
  0xF4BF, 0x91A7, 0xED8E, 0xCD96, 0xCE9E, 0xAEAE, 0xF0BE, 0x297C,
  0x0000, 0x1FF8, 0x1FF8, 0x1FF8, 0x1FF8, 0x1FF8, 0x1FF8, 0x1FF8,
  0x1FF8, 0x1FF8, 0x1FF8, 0x1FF8, 0x1FF8, 0x1FF8, 0x1FF8, 0x1FF8,
  0x1FF8, 0x1FF8, 0x1FF8, 0x1FF8, 0x1FF8, 0x0000, 0xEA65, 0x8D87,
  0x4D7F, 0xA643, 0xA108, 0x0000, 0x2000, 0x0000, 0x0000, 0x0000,
  0x0000, 0x2532, 0x4D7D, 0x73AF, 0xF5C7, 0xF4BF, 0xF4BF, 0xF4C7,
  0xCD96, 0xCE9E, 0xCEA6, 0xAEAE, 0x8FB6, 0x6FC6, 0xB0D6, 0x50D6,
  0xE541, 0x1FF8, 0x1FF8, 0x1FF8, 0x1FF8, 0x1FF8, 0x1FF8, 0x1FF8,
  0x1FF8, 0x1FF8, 0x1FF8, 0x1FF8, 0x1FF8, 0x1FF8, 0x1FF8, 0x1FF8,
  0x1FF8, 0x1FF8, 0xA52A, 0xEF97, 0x484C, 0x0000, 0x1FF8, 0x1FF8,
  0x1FF8, 0x1FF8, 0x1FF8, 0x0000, 0x8439, 0x8A83, 0x73D6, 0x74CE,
  0x33C6, 0xF5DE, 0x50AD, 0xF8FF, 0xF6EF, 0xF6DF, 0x0E97, 0xCE9E,
  0xAEAE, 0x8FB6, 0x8FBE, 0x70CE, 0x50D6, 0x50DE, 0x30DE, 0xD2F6,
  0x51EE, 0x1FF8, 0x1FF8, 0x1FF8, 0x1FF8, 0x1FF8, 0x1FF8, 0x1FF8,
  0x1FF8, 0x1FF8, 0x1FF8, 0x1FF8, 0x1FF8, 0x1FF8, 0x0000, 0xC95C,
  0x8643, 0x1FF8, 0x1FF8, 0x1FF8, 0x1FF8, 0x1FF8, 0x0000, 0xE541,
  0x31E6, 0x31EE, 0x31EE, 0x31E6, 0x31E6, 0x76FF, 0xF8FF, 0xF8FF,
  0xF8FF, 0xF8FF, 0xF8FF, 0xF8FF, 0xF9FF, 0x10E6, 0x31EE, 0x50DE,
  0x50D6, 0x50CE, 0x50D6, 0x50DE, 0x31E6, 0x31E6, 0x31E6, 0x31EE,
  0x1FF8, 0x1FF8, 0x1FF8, 0x1FF8, 0x1FF8, 0x1FF8, 0x1FF8, 0x1FF8,
  0x1FF8, 0x1FF8, 0x1FF8, 0x1FF8, 0x8432, 0x1FF8, 0x1FF8, 0x1FF8,
  0x1FF8, 0x1FF8, 0x1FF8, 0x054A, 0xD3FE, 0x31E6, 0x31E6, 0x31EE,
  0x31EE, 0x31EE, 0x31EE, 0x10E6, 0xB7FF, 0xF8FF, 0xF8FF, 0xF8FF,
  0xF8FF, 0xF8FF, 0xF8FF, 0xB7FF, 0x31EE, 0x31EE, 0x31E6, 0x31E6,
  0x31EE, 0x31E6, 0x31E6, 0x31E6, 0x31E6, 0x31E6, 0x31EE, 0x31EE,
  0x1FF8, 0x1FF8, 0x1FF8, 0x1FF8, 0x1FF8, 0x1FF8, 0x1FF8, 0x1FF8,
  0x1FF8, 0xA110, 0x1FF8, 0x1FF8, 0x1FF8, 0x1FF8, 0x1FF8, 0x0000,
  0x8FD5, 0x31E6, 0x31EE, 0x31EE, 0x31EE, 0x31EE, 0x31EE, 0x31E6,
  0x31EE, 0x31EE, 0xF0E5, 0xD7FF, 0xF8FF, 0xF8FF, 0xF8FF, 0xF8FF,
  0xF8FF, 0xF8FF, 0xD7FF, 0x11E6, 0x31EE, 0x31EE, 0x31EE, 0x31EE,
  0x31EE, 0x31EE, 0x31EE, 0x31EE, 0x31EE, 0x31EE, 0x51EE, 0x31EE,
  0x1FF8, 0x1FF8, 0x1FF8, 0x1FF8, 0x1FF8, 0x1FF8, 0x1FF8, 0x1FF8,
  0x1FF8, 0x1FF8, 0x1FF8, 0x1FF8, 0x8110, 0x11E6, 0x31E6, 0x31EE,
  0x31EE, 0x31E6, 0x31EE, 0x51EE, 0x31EE, 0xCA8B, 0x0321, 0x2008,
  0x4118, 0x4BB3, 0x2FD4, 0xEDD3, 0x2ED4, 0x4ED4, 0x0ECC, 0x30DD,
  0xF5F6, 0x76FF, 0x51EE, 0x31E6, 0x31E6, 0x31EE, 0x31EE, 0x31EE,
  0x31EE, 0x31EE, 0x31EE, 0x31EE, 0x31EE, 0x31EE, 0x31E6, 0x1FF8,
  0x1FF8, 0x1FF8, 0x1FF8, 0x1FF8, 0x1FF8, 0x1FF8, 0x1FF8, 0x1FF8,
  0x1FF8, 0x0000, 0xD0DD, 0x31EE, 0x31EE, 0x31EE, 0x51EE, 0x4EC5,
  0xC218, 0x8218, 0x888A, 0xCDD3, 0x8CC3, 0x6BBB, 0x6BBB, 0x6BBB,
  0x6BBB, 0x6BBB, 0x6BBB, 0x6BBB, 0x6BBB, 0x6BBB, 0x6BBB, 0x6BBB,
  0x0BB3, 0xEDC3, 0xF0E5, 0x51EE, 0x31EE, 0x31EE, 0x31EE, 0x31EE,
  0x31EE, 0x31EE, 0x31EE, 0x31EE, 0x31EE, 0x31EE, 0x1FF8, 0x1FF8,
  0x1FF8, 0x1FF8, 0x1FF8, 0x1FF8, 0x1FF8, 0x1FF8, 0x1FF8, 0x6FCD,
  0x31EE, 0x31EE, 0xD0DD, 0x0321, 0xA220, 0xEAA2, 0x8CC3, 0x6BBB,
  0x6BBB, 0x6BBB, 0x6BBB, 0x6BBB, 0x6BBB, 0x6CBB, 0x6BBB, 0x6BBB,
  0x6BBB, 0x6BBB, 0x6BBB, 0x6BBB, 0x6BBB, 0x6BBB, 0x6BBB, 0x6BBB,
  0x6BBB, 0x2BBB, 0x2DC4, 0xF0E5, 0x31EE, 0x31E6, 0x31EE, 0x31EE,
  0x31EE, 0x31EE, 0x31EE, 0x31E6, 0x11E6, 0x1FF8, 0x1FF8, 0x1FF8,
  0x1FF8, 0x1FF8, 0x1FF8, 0x1FF8, 0x297B, 0x31EE, 0x11E6, 0xE541,
  0x0000, 0x0AAB, 0x6BBB, 0x8CC3, 0x4BBB, 0x0AAB, 0x277A, 0x0339,
  0x6118, 0x2110, 0x0000, 0x0000, 0x0000, 0x2008, 0x0000, 0x6118,
  0xE330, 0x8551, 0x6882, 0x8CC3, 0x6CBB, 0x6BBB, 0x6BBB, 0x6BBB,
  0x6BBB, 0x6BBB, 0x4BBB, 0x90DD, 0x31E6, 0x31EE, 0x31EE, 0x31EE,
  0x31EE, 0x31EE, 0x92F6, 0x1FF8, 0x1FF8, 0x1FF8, 0x1FF8, 0x1FF8,
  0x1FF8, 0x8110, 0x31EE, 0xB2FE, 0xC218, 0xA559, 0xACCB, 0xC661,
  0x0000, 0x1FF8, 0x1FF8, 0x1FF8, 0x1FF8, 0x1FF8, 0x1FF8, 0x1FF8,
  0x1FF8, 0x1FF8, 0x1FF8, 0x1FF8, 0x1FF8, 0x1FF8, 0x1FF8, 0x1FF8,
  0x1FF8, 0x1FF8, 0x0000, 0xA220, 0x0AAB, 0x6BBB, 0x6BBB, 0x6BBB,
  0x2BB3, 0x71EE, 0x31EE, 0x31EE, 0x31EE, 0x31EE, 0x31EE, 0x31EE,
  0x31E6, 0x31E6, 0x1FF8, 0x1FF8, 0x1FF8, 0x1FF8, 0x1FF8, 0x8CAC,
  0xD0DD, 0x0000, 0x898A, 0x8118, 0x1FF8, 0x1FF8, 0x1FF8, 0x1FF8,
  0x1FF8, 0x1FF8, 0x1FF8, 0x1FF8, 0x1FF8, 0x1FF8, 0x1FF8, 0x1FF8,
  0x1FF8, 0x1FF8, 0x1FF8, 0x1FF8, 0x1FF8, 0x1FF8, 0x1FF8, 0x1FF8,
  0x1FF8, 0x1FF8, 0x1FF8, 0x0008, 0x4449, 0x6CBB, 0x4DCC, 0x31E6,
  0x31EE, 0x31EE, 0x31EE, 0x31EE, 0x31EE, 0x31EE, 0x31EE, 0xD0DD,
  0x1FF8, 0x1FF8, 0x1FF8, 0x1FF8, 0x0000, 0xF3FE, 0x0000, 0x277A,
  0x1FF8, 0x1FF8, 0x1FF8, 0x1FF8, 0x1FF8, 0x1FF8, 0x1FF8, 0x1FF8,
  0x1FF8, 0x1FF8, 0x1FF8, 0x1FF8, 0x1FF8, 0x1FF8, 0x1FF8, 0x1FF8,
  0x1FF8, 0x1FF8, 0x1FF8, 0x1FF8, 0x1FF8, 0x1FF8, 0x1FF8, 0x1FF8,
  0x1FF8, 0x1FF8, 0x1FF8, 0x1FF8, 0x8439, 0x31EE, 0x51EE, 0x31EE,
  0x31EE, 0x31EE, 0x31EE, 0x31EE, 0x31EE, 0x72F6, 0x0000, 0x1FF8,
  0x1FF8, 0x1FF8, 0x0321, 0x4008, 0x0000, 0x1FF8, 0x1FF8, 0x1FF8,
  0x1FF8, 0x1FF8, 0x1FF8, 0x1FF8, 0x1FF8, 0x1FF8, 0x1FF8, 0x1FF8,
  0x1FF8, 0x1FF8, 0x1FF8, 0x1FF8, 0x1FF8, 0x1FF8, 0x1FF8, 0x1FF8,
  0x1FF8, 0x1FF8, 0x1FF8, 0x1FF8, 0x1FF8, 0x1FF8, 0x1FF8, 0x1FF8,
  0x1FF8, 0x1FF8, 0x1FF8, 0x1FF8, 0x0000, 0xAA8B, 0x92F6, 0x51EE,
  0x31E6, 0x31E6, 0x31E6, 0x31E6, 0x0000, 0x1FF8, 0x1FF8, 0x1FF8,
  0x8439, 0x1FF8, 0x1FF8, 0x1FF8, 0x1FF8, 0x1FF8, 0x1FF8, 0x1FF8,
  0x1FF8, 0x1FF8, 0x1FF8, 0x1FF8, 0x1FF8, 0x1FF8, 0x1FF8, 0x1FF8,
  0x1FF8, 0x1FF8, 0x1FF8, 0x1FF8, 0x1FF8, 0x1FF8, 0x1FF8, 0x1FF8,
  0x1FF8, 0x1FF8, 0x1FF8, 0x1FF8, 0x1FF8, 0x1FF8, 0x1FF8, 0x1FF8,
  0x1FF8, 0x1FF8, 0x1FF8, 0x1FF8, 0x1FF8, 0x0000, 0x4108, 0x6431,
  0xE549, 0x4431, 0x4108, 0x1FF8, 0x1FF8, 0x1FF8, 0x1FF8, 0x1FF8,
  0x1FF8, 0x1FF8, 0x1FF8, 0x1FF8, 0x1FF8, 0x1FF8, 0x1FF8, 0x1FF8,
  0x1FF8, 0x1FF8, 0x1FF8, 0x1FF8, 0x1FF8, 0x1FF8, 0x1FF8, 0x1FF8,
  0x1FF8, 0x1FF8, 0x1FF8, 0x1FF8, 0x1FF8, 0x1FF8, 0x1FF8, 0x1FF8,
  0x1FF8, 0x1FF8, 0x1FF8, 0x1FF8, 0x1FF8, 0x1FF8, 0x1FF8, 0x1FF8,
  0x1FF8, 0x1FF8, 0x1FF8, 0x1FF8, 0x1FF8, 0x1FF8, 0x1FF8, 0x1FF8,
  0x1FF8, 0x1FF8,
};
static const shapoco::gfx2d::Texture tex_hair_front_b = {
  shapoco::gfx2d::PixelFormat::RGB565_SWAPPED, 46, 19, 92, tex_hair_front_bData,
};

alignas(4) static const uint16_t tex_hair_front_fData[] = {
  0x1FF8, 0x1FF8, 0x1FF8, 0x1FF8, 0x1FF8, 0x1FF8, 0x1FF8, 0x1FF8,
  0x1FF8, 0x1FF8, 0x1FF8, 0x1FF8, 0x1FF8, 0x1FF8, 0x1FF8, 0x1FF8,
  0x1FF8, 0x1FF8, 0x1FF8, 0x1FF8, 0x1FF8, 0x1FF8, 0x1FF8, 0x1FF8,
  0x1FF8, 0x1FF8, 0x1FF8, 0x1FF8, 0x1FF8, 0x1FF8, 0x1FF8, 0x1FF8,
  0x1FF8, 0x1FF8, 0x1FF8, 0x1FF8, 0x1FF8, 0x1FF8, 0x1FF8, 0x1FF8,
  0x1FF8, 0x1FF8, 0x1FF8, 0x1FF8, 0x1FF8, 0x1FF8, 0x1FF8, 0x1FF8,
  0x1FF8, 0x1FF8, 0x1FF8, 0x1FF8, 0x1FF8, 0x1FF8, 0x1FF8, 0x1FF8,
  0x1FF8, 0x1FF8, 0x1FF8, 0x31E6, 0x31EE, 0x72F6, 0x31EE, 0x31E6,
  0x31EE, 0x31EE, 0x31EE, 0x51EE, 0x92F6, 0x96FF, 0x1FF8, 0x1FF8,
  0x1FF8, 0x1FF8, 0x1FF8, 0x1FF8, 0x1FF8, 0x1FF8, 0x1FF8, 0x1FF8,
  0x1FF8, 0x1FF8, 0x1FF8, 0x1FF8, 0x1FF8, 0x1FF8, 0x1FF8, 0x1FF8,
  0x1FF8, 0x1FF8, 0x1FF8, 0x1FF8, 0x1FF8, 0x1FF8, 0x1FF8, 0x1FF8,
  0x1FF8, 0x1FF8, 0x1FF8, 0x1FF8, 0x1FF8, 0x1FF8, 0x1FF8, 0x1FF8,
  0x51EE, 0x31EE, 0x31EE, 0x31EE, 0x31EE, 0x31EE, 0x31EE, 0x31EE,
  0x31EE, 0x31EE, 0x31EE, 0xCFE5, 0xF8FF, 0x74F6, 0xEAB2, 0x1FF8,
  0x1FF8, 0x1FF8, 0x1FF8, 0x1FF8, 0x1FF8, 0x1FF8, 0x1FF8, 0x1FF8,
  0x1FF8, 0x1FF8, 0x1FF8, 0x1FF8, 0x1FF8, 0x1FF8, 0x1FF8, 0x1FF8,
  0x1FF8, 0x1FF8, 0x1FF8, 0x1FF8, 0x1FF8, 0x1FF8, 0x1FF8, 0x1FF8,
  0x1FF8, 0x1FF8, 0x1FF8, 0x1FF8, 0x1FF8, 0x31E6, 0x31E6, 0x31EE,
  0x31EE, 0x31EE, 0x31EE, 0x31EE, 0x31EE, 0x31EE, 0x31EE, 0x31EE,
  0x31EE, 0xD8FF, 0xF8FF, 0xF8FF, 0xF9FF, 0xCCC3, 0x4BBB, 0x1FF8,
  0x1FF8, 0x1FF8, 0x1FF8, 0x1FF8, 0x1FF8, 0x1FF8, 0x1FF8, 0x1FF8,
  0x1FF8, 0x1FF8, 0x1FF8, 0x1FF8, 0x1FF8, 0x1FF8, 0x1FF8, 0x1FF8,
  0x1FF8, 0x1FF8, 0x1FF8, 0x1FF8, 0x1FF8, 0x1FF8, 0x1FF8, 0x1FF8,
  0x1FF8, 0x1FF8, 0x34FF, 0x31EE, 0x31EE, 0x31EE, 0x31EE, 0x31EE,
  0x31EE, 0x31EE, 0x31EE, 0x31EE, 0x31EE, 0xF0E5, 0xF8FF, 0xF8FF,
  0xF8FF, 0xF8FF, 0xF8FF, 0xF8FF, 0x71DD, 0x4BBB, 0x6CBB, 0x1FF8,
  0x1FF8, 0x1FF8, 0x1FF8, 0x1FF8, 0x1FF8, 0x1FF8, 0x1FF8, 0x1FF8,
  0x1FF8, 0x1FF8, 0x1FF8, 0x1FF8, 0x1FF8, 0x1FF8, 0x1FF8, 0x1FF8,
  0x1FF8, 0x1FF8, 0x1FF8, 0x1FF8, 0x1FF8, 0x1FF8, 0x31E6, 0x31EE,
  0x31EE, 0x31EE, 0x31EE, 0x31EE, 0x31EE, 0x31EE, 0x31EE, 0x31EE,
  0x31EE, 0x31EE, 0x51EE, 0xF8FF, 0xF8FF, 0xF8FF, 0xF8FF, 0xF8FF,
  0xF8FF, 0xF8FF, 0xF8FF, 0xD0E5, 0x4BBB, 0xCDCB, 0x1FF8, 0x1FF8,
  0x1FF8, 0x1FF8, 0x1FF8, 0x1FF8, 0x1FF8, 0x1FF8, 0x1FF8, 0x1FF8,
  0x1FF8, 0x1FF8, 0x1FF8, 0x1FF8, 0x1FF8, 0x1FF8, 0x1FF8, 0x1FF8,
  0x1FF8, 0x1FF8, 0x8118, 0x72F6, 0x31EE, 0x31EE, 0x31EE, 0x31EE,
  0x31EE, 0x31EE, 0x31EE, 0x31EE, 0x31EE, 0x31EE, 0x31EE, 0x72EE,
  0xF9FF, 0xF8FF, 0xF8FF, 0xF8FF, 0xF8FF, 0xF8FF, 0xF8FF, 0xF8FF,
  0xF8FF, 0xF8FF, 0x2FDD, 0x6BBB, 0xCDCB, 0x52F5, 0x1FF8, 0x1FF8,
  0x1FF8, 0x1FF8, 0x1FF8, 0x1FF8, 0x1FF8, 0x1FF8, 0x1FF8, 0x1FF8,
  0x1FF8, 0x1FF8, 0x1FF8, 0x1FF8, 0x1FF8, 0x1FF8, 0x1FF8, 0x1FF8,
  0xB0DD, 0x31E6, 0x31EE, 0x31EE, 0x31EE, 0x31EE, 0x31EE, 0x31EE,
  0x31EE, 0x31EE, 0x31EE, 0x11E6, 0xF4F6, 0xF8FF, 0xF8FF, 0xF8FF,
  0xF8FF, 0xF8FF, 0xF8FF, 0xF8FF, 0xF8FF, 0xF8FF, 0xF8FF, 0xF8FF,
  0xF9FF, 0x8CBB, 0x4BBB, 0xD1EC, 0x53F5, 0x1FF8, 0x1FF8, 0x1FF8,
  0x1FF8, 0x1FF8, 0x1FF8, 0x1FF8, 0x1FF8, 0x1FF8, 0x1FF8, 0x1FF8,
  0x1FF8, 0x1FF8, 0x1FF8, 0x1FF8, 0x1FF8, 0x2329, 0x31EE, 0x31EE,
  0x31EE, 0x31EE, 0x31EE, 0x31EE, 0x31EE, 0x31EE, 0x31EE, 0x31E6,
  0x10E6, 0xB7FF, 0xF8FF, 0xF8FF, 0xF8FF, 0xF8FF, 0xF8FF, 0xF8FF,
  0xF8FF, 0xF8FF, 0xF8FF, 0xF8FF, 0xF8FF, 0xF8FF, 0xF8FF, 0x76F7,
  0x0BB3, 0x4BB3, 0x53FD, 0x94FD, 0x6CBB, 0x1FF8, 0x1FF8, 0x1FF8,
  0x1FF8, 0x1FF8, 0x1FF8, 0x1FF8, 0x1FF8, 0x1FF8, 0x1FF8, 0x1FF8,
  0x1FF8, 0x1FF8, 0x1FF8, 0x10E6, 0x31EE, 0x31EE, 0x31EE, 0x31EE,
  0x31EE, 0x31EE, 0x31EE, 0x31EE, 0x31EE, 0x92EE, 0xF9FF, 0xF8FF,
  0xF8FF, 0xF8FF, 0xF8FF, 0xF8FF, 0xF8FF, 0xF8FF, 0xF8FF, 0xF8FF,
  0xF8FF, 0xF8FF, 0xF8FF, 0xF8FF, 0xF8FF, 0x76F7, 0x2DCC, 0x6BBB,
  0x4BB3, 0x6BBB, 0x6BBB, 0x6BBB, 0x1FF8, 0x1FF8, 0x1FF8, 0x1FF8,
  0x1FF8, 0x1FF8, 0x1FF8, 0x1FF8, 0x1FF8, 0x1FF8, 0x1FF8, 0x1FF8,
  0x6431, 0x31EE, 0x31EE, 0x31EE, 0x31EE, 0x31EE, 0x31EE, 0x31EE,
  0x31EE, 0x31EE, 0x14F7, 0xF8FF, 0xF8FF, 0xF8FF, 0xF8FF, 0xF8FF,
  0xF8FF, 0xF8FF, 0xF8FF, 0xF8FF, 0x97F7, 0x77EF, 0xF8FF, 0xF8FF,
  0x55F7, 0x51EE, 0x11E6, 0x31EE, 0x71EE, 0x4BBB, 0x6BBB, 0x6BBB,
  0x6BBB, 0x6BBB, 0xACCB, 0x1FF8, 0x1FF8, 0x1FF8, 0x1FF8, 0x1FF8,
  0x1FF8, 0x1FF8, 0x1FF8, 0x1FF8, 0x1FF8, 0x1FF8, 0xF0DD, 0x31EE,
  0x31EE, 0x31EE, 0x31EE, 0x31EE, 0x31EE, 0x31E6, 0x51EE, 0xF8FF,
  0xF8FF, 0xF8FF, 0xF8FF, 0xF8FF, 0xF8FF, 0xF8FF, 0xF8FF, 0xF8FF,
  0xF8FF, 0xF8FF, 0xF8FF, 0xFAFF, 0xE962, 0x71F6, 0x31E6, 0x31EE,
  0x31EE, 0x31EE, 0x31EE, 0x2DC4, 0x6BBB, 0x6BBB, 0x6BBB, 0x0772,
  0x6BBB, 0x8CC3, 0x1FF8, 0x1FF8, 0x1FF8, 0x1FF8, 0x1FF8, 0x1FF8,
  0x1FF8, 0x1FF8, 0x1FF8, 0x6110, 0x31EE, 0x31EE, 0x31EE, 0x31EE,
  0x31EE, 0x31E6, 0x51EE, 0xB7FF, 0xF8FF, 0xF8FF, 0xF8FF, 0xF8FF,
  0xF8FF, 0xF8FF, 0xF8FF, 0xF8FF, 0xF8FF, 0xF8FF, 0xF8FF, 0xF8FF,
  0x35F7, 0x51EE, 0x51EE, 0xC220, 0xF0E5, 0x31E6, 0x31EE, 0x31EE,
  0x31EE, 0x6FDD, 0x6BBB, 0x6BBB, 0x6BBB, 0xACCB, 0xE330, 0x6CBB,
  0xACCB, 0x1FF8, 0x1FF8, 0x1FF8, 0x1FF8, 0x1FF8, 0x1FF8, 0x1FF8,
  0x1FF8, 0xADB4, 0x31EE, 0x31EE, 0x31EE, 0x31E6, 0x31E6, 0x15F7,
  0xF9FF, 0xF8FF, 0xF8FF, 0xF8FF, 0xF8FF, 0xF5DE, 0xF8FF, 0xF8FF,
  0xF8FF, 0xF8FF, 0xF8FF, 0xF8FF, 0xB7FF, 0x11EE, 0x31EE, 0x31EE,
  0x31EE, 0x71EE, 0xA441, 0x6DC4, 0x51EE, 0x31EE, 0x31EE, 0x71EE,
  0x6BBB, 0x6BBB, 0x6BBB, 0x6BBB, 0x6882, 0x688A, 0x6BBB, 0x6BBB,
  0x1FF8, 0x1FF8, 0x1FF8, 0x1FF8, 0x1FF8, 0x1FF8, 0x0000, 0x31E6,
  0x31EE, 0x31EE, 0x10E6, 0xB3F6, 0xF9FF, 0xF8FF, 0xF8FF, 0xF8FF,
  0xD8F7, 0xF8FF, 0xF8FF, 0xD8F7, 0xFAFF, 0xF8FF, 0xF8FF, 0xF8FF,
  0xF8FF, 0x92EE, 0x31EE, 0x31EE, 0x31EE, 0x31EE, 0x31EE, 0x31EE,
  0x51EE, 0x665A, 0xEAAA, 0x71EE, 0x31E6, 0x31E6, 0x0BB3, 0x6BBB,
  0x6BBB, 0x6BBB, 0x6CBB, 0xE330, 0xACCB, 0x6BBB, 0x1FF8, 0x1FF8,
  0x1FF8, 0x1FF8, 0x1FF8, 0x1FF8, 0xA218, 0x31E6, 0x11E6, 0x92EE,
  0xF8FF, 0xF8FF, 0xF8FF, 0xF8FF, 0xF8FF, 0xF9FF, 0xB1B5, 0xF8FF,
  0xF8FF, 0xF8FF, 0xE96A, 0xF8FF, 0xF8FF, 0xB3F6, 0x31E6, 0x31EE,
  0x31EE, 0x31EE, 0x31EE, 0x31EE, 0x31EE, 0x31EE, 0x31EE, 0x31EE,
  0xA762, 0x0AAB, 0x2FD5, 0x31E6, 0x0DC4, 0x6BBB, 0x6BBB, 0x6BBB,
  0x6BBB, 0x6BBB, 0x0000, 0xCDD3, 0x1FF8, 0x1FF8, 0x1FF8, 0x1FF8,
  0x1FF8, 0x1FF8, 0x4BA4, 0x76F7, 0xF8FF, 0xF8FF, 0x76EF, 0xF8FF,
  0xF8FF, 0xF8FF, 0xF8FF, 0xF8FF, 0xAB73, 0xFAFF, 0xF8FF, 0xF8FF,
  0x8E94, 0x93EE, 0x10E6, 0x31EE, 0x31EE, 0x31EE, 0x31EE, 0x31EE,
  0x31EE, 0x31EE, 0x31EE, 0x31EE, 0x31EE, 0x31EE, 0x51EE, 0xC541,
  0x2BAB, 0xACC3, 0x0FD5, 0x6BBB, 0x6BBB, 0x6BBB, 0x6BBB, 0x6BBB,
  0xA992, 0xE330, 0x1FF8, 0x1FF8, 0x1FF8, 0x1FF8, 0x1FF8, 0x1FF8,
  0xFAFF, 0xF8FF, 0xF8FF, 0xF8FF, 0xF5DE, 0xD8FF, 0xF8FF, 0xF8FF,
  0xF8FF, 0xF8FF, 0x0F9D, 0xD5DE, 0xF9FF, 0x55F7, 0x71F6, 0x4449,
  0x92EE, 0x31EE, 0x31EE, 0x31EE, 0x31EE, 0x31EE, 0x31EE, 0x31EE,
  0x31EE, 0x31EE, 0x31EE, 0x31EE, 0x31EE, 0x92F6, 0x4108, 0xCDD3,
  0x4BBB, 0x6BBB, 0x6BBB, 0x6BBB, 0x6BBB, 0x6BBB, 0x6BBB, 0xA992,
  0x1FF8, 0x1FF8, 0x1FF8, 0x1FF8, 0x1FF8, 0x1FF8, 0xFAFF, 0xF8FF,
  0xF8FF, 0x36E7, 0xFAFF, 0xF8FF, 0xF8FF, 0xF8FF, 0xF8FF, 0xF8FF,
  0x2963, 0x8110, 0x51EE, 0x31E6, 0x31EE, 0xADB4, 0x8BB3, 0x31EE,
  0x31EE, 0x31EE, 0x31EE, 0x31EE, 0x31EE, 0x31EE, 0x31EE, 0x31EE,
  0x31EE, 0x31EE, 0x31EE, 0x31EE, 0x10E6, 0x8220, 0x6CBB, 0x6BBB,
  0x6BBB, 0x6BBB, 0x6BBB, 0x6BBB, 0x6BBB, 0x6CBB, 0x0000, 0x1FF8,
  0x1FF8, 0x1FF8, 0x1FF8, 0x4108, 0xF9FF, 0xF8FF, 0xF8FF, 0x0F9D,
  0xF9FF, 0xF8FF, 0xF8FF, 0xF8FF, 0xF9FF, 0x14F7, 0x0329, 0x1FF8,
  0x8CAC, 0x31EE, 0x31EE, 0x72F6, 0x2331, 0x6DCC, 0x31EE, 0x31EE,
  0x31EE, 0x31EE, 0x31EE, 0x31EE, 0x31EE, 0x31EE, 0x31EE, 0x11E6,
  0x31E6, 0x31EE, 0x31E6, 0x8FD5, 0x888A, 0x6BBB, 0x6BBB, 0x6BBB,
  0x6BBB, 0x6BBB, 0x6BBB, 0x6BBB, 0x0772, 0x1FF8, 0x1FF8, 0x1FF8,
  0x1FF8, 0x6110, 0xF9FF, 0xF8FF, 0xF8FF, 0xA852, 0xF8FF, 0xF8FF,
  0xF9FF, 0x15F7, 0x10E6, 0x51EE, 0x8110, 0x1FF8, 0x0000, 0xF0DD,
  0x31EE, 0x31EE, 0x92F6, 0xA661, 0xAECC, 0x31EE, 0x31EE, 0x31EE,
  0x31EE, 0x31EE, 0x31EE, 0x31EE, 0x31EE, 0x51EE, 0xD0E5, 0x31E6,
  0x31EE, 0x31E6, 0x4652, 0x8CC3, 0x6BBB, 0x6BBB, 0x6BBB, 0x6BBB,
  0x6BBB, 0x6BBB, 0x8CC3, 0x0000, 0x1FF8, 0x1FF8, 0x1FF8, 0x4108,
  0xF9FF, 0xF8FF, 0xF9FF, 0x6108, 0xB7FF, 0x72EE, 0x11E6, 0x31EE,
  0x31EE, 0x51EE, 0x0000, 0x1FF8, 0x1FF8, 0x8218, 0x92F6, 0x31EE,
  0x31EE, 0x6983, 0x0AAB, 0x8ECC, 0x31EE, 0x31EE, 0x31EE, 0x31EE,
  0x31EE, 0x31EE, 0x31EE, 0x31EE, 0x31E6, 0x8ECC, 0x31EE, 0x31EE,
  0x92F6, 0xC220, 0x6BBB, 0x6BBB, 0x6BBB, 0x6BBB, 0x6BBB, 0x6BBB,
  0x6BBB, 0xC228, 0x1FF8, 0x1FF8, 0x1FF8, 0x0000, 0xF8FF, 0xF8FF,
  0x96FF, 0x0000, 0x31E6, 0x31EE, 0x31EE, 0x71EE, 0x31EE, 0x31EE,
  0x0000, 0x1FF8, 0x1FF8, 0x1FF8, 0x665A, 0x31EE, 0x31EE, 0x92F6,
  0x8110, 0x8CC3, 0xAECC, 0x31EE, 0x31EE, 0x31EE, 0x31EE, 0x31EE,
  0x31EE, 0x31EE, 0x31E6, 0x51EE, 0x2DC4, 0x51EE, 0x31EE, 0xF0DD,
  0x898A, 0x6BBB, 0x6BBB, 0x6BBB, 0x6BBB, 0x6BBB, 0x6BBB, 0x487A,
  0x1FF8, 0x1FF8, 0x1FF8, 0x0000, 0x72EE, 0x10E6, 0xB2FE, 0x6110,
  0x92F6, 0x31EE, 0x11E6, 0x11E6, 0x31EE, 0x31EE, 0x0000, 0x1FF8,
  0x1FF8, 0x1FF8, 0x1FF8, 0x465A, 0x51EE, 0x31EE, 0x11E6, 0x4118,
  0x8CC3, 0xACBB, 0x71EE, 0x31E6, 0x31EE, 0x31EE, 0x31EE, 0x31EE,
  0x31EE, 0x31E6, 0xB0DD, 0xCCC3, 0x51EE, 0x31EE, 0xE541, 0x6CC3,
  0x6BBB, 0x6BBB, 0x6BBB, 0x6BBB, 0x6BBB, 0xCDD3, 0x1FF8, 0x1FF8,
  0x1FF8, 0x1FF8, 0xD2FE, 0x31EE, 0x11E6, 0x1FF8, 0x92F6, 0x31EE,
  0x31E6, 0xCED4, 0x31E6, 0x71EE, 0x0000, 0x1FF8, 0x1FF8, 0x1FF8,
  0x1FF8, 0x1FF8, 0xC541, 0x31EE, 0x31E6, 0x72F6, 0x0331, 0x6CBB,
  0x2BB3, 0x10E6, 0x31E6, 0x31EE, 0x31EE, 0x31EE, 0x31EE, 0x31EE,
  0x31EE, 0x6DCC, 0x4BBB, 0x92EE, 0x51EE, 0x076A, 0x6BBB, 0x6BBB,
  0x6BBB, 0x6BBB, 0x6BBB, 0x6CBB, 0x0000, 0x1FF8, 0x1FF8, 0x1FF8,
  0xF0DD, 0x31EE, 0x4EC5, 0x1FF8, 0x0EBD, 0x31EE, 0x51EE, 0x6BBB,
  0x31EE, 0x72F6, 0x4110, 0x1FF8, 0x1FF8, 0x1FF8, 0x1FF8, 0x1FF8,
  0x1FF8, 0x6110, 0x92F6, 0x31EE, 0x11E6, 0xC330, 0x8CC3, 0x6BBB,
  0x2FDD, 0x51EE, 0x31EE, 0x31EE, 0x31EE, 0x31EE, 0x31EE, 0x51EE,
  0x4BBB, 0x4BBB, 0x0ED5, 0x4331, 0xACCB, 0x6BBB, 0x6BBB, 0x6BBB,
  0x6BBB, 0x6BBB, 0x6118, 0x1FF8, 0x1FF8, 0x1FF8, 0xCA93, 0x31E6,
  0xEDBC, 0x1FF8, 0xA76A, 0x31EE, 0x31E6, 0xACBB, 0x92EE, 0x71F6,
  0x8110, 0x1FF8, 0x1FF8, 0x1FF8, 0x1FF8, 0x1FF8, 0x1FF8, 0x1FF8,
  0x0000, 0xEB93, 0x92F6, 0xF0E5, 0x0339, 0x6CBB, 0x6BBB, 0x6BBB,
  0x51EE, 0x31EE, 0x31E6, 0x31EE, 0x31EE, 0x31EE, 0xF0E5, 0x0BB3,
  0x6BBB, 0x2BAB, 0xA559, 0x6BBB, 0x6BBB, 0x6BBB, 0x6BBB, 0x6BBB,
  0x4449, 0x1FF8, 0x1FF8, 0x1FF8, 0x6110, 0x31EE, 0x4ECD, 0x1FF8,
  0x4108, 0x92F6, 0x31EE, 0x90DD, 0x4DCC, 0x31EE, 0x2008, 0x1FF8,
  0x1FF8, 0x1FF8, 0x1FF8, 0x1FF8, 0x1FF8, 0x1FF8, 0x1FF8, 0x1FF8,
  0x0000, 0x0B94, 0x51EE, 0x4118, 0x8CC3, 0x6BBB, 0x4BBB, 0xCCC3,
  0x71EE, 0x31EE, 0x31E6, 0x31EE, 0x31EE, 0x0FD5, 0x6BBB, 0x6CBB,
  0xA220, 0x6BBB, 0x6BBB, 0x6BBB, 0x6BBB, 0x6BBB, 0xA659, 0x1FF8,
  0x1FF8, 0x1FF8, 0x0000, 0xD2FE, 0x51EE, 0x1FF8, 0x1FF8, 0xEDBC,
  0x31EE, 0x31E6, 0x0BB3, 0xF0E5, 0x665A, 0x1FF8, 0x1FF8, 0x1FF8,
  0x1FF8, 0x1FF8, 0x1FF8, 0x1FF8, 0x1FF8, 0x1FF8, 0x1FF8, 0x1FF8,
  0x0000, 0x2652, 0x4108, 0xCDCB, 0x6BBB, 0x6BBB, 0x6BBB, 0xACBB,
  0x31E6, 0x51EE, 0x31E6, 0x31EE, 0xCCC3, 0x6BBB, 0xACCB, 0x8551,
  0x6BBB, 0x6BBB, 0x6BBB, 0x6BBB, 0x6882, 0x1FF8, 0x1FF8, 0x1FF8,
  0x1FF8, 0xAA8B, 0xB2FE, 0x1FF8, 0x1FF8, 0x0000, 0x31EE, 0x31EE,
  0x0DC4, 0x8CBB, 0x0B94, 0x1FF8, 0x1FF8, 0x1FF8, 0x1FF8, 0x1FF8,
  0x1FF8, 0x1FF8, 0x1FF8, 0x1FF8, 0x1FF8, 0x1FF8, 0x1FF8, 0x1FF8,
  0x1FF8, 0x0000, 0x0339, 0x6BBB, 0x6BBB, 0x6BBB, 0x6BBB, 0x4BBB,
  0x8DCC, 0x51EE, 0x92EE, 0x4BBB, 0x6BBB, 0x2441, 0x6BBB, 0x6BBB,
  0x6BBB, 0x6BBB, 0xA992, 0x1FF8, 0x1FF8, 0x1FF8, 0x1FF8, 0x0000,
  0x31EE, 0x4008, 0x1FF8, 0x1FF8, 0xEDBC, 0x31EE, 0x51EE, 0x4BBB,
  0x8BAB, 0x1FF8, 0x1FF8, 0x1FF8, 0x1FF8, 0x1FF8, 0x1FF8, 0x1FF8,
  0x1FF8, 0x1FF8, 0x1FF8, 0x1FF8, 0x1FF8, 0x1FF8, 0x1FF8, 0x1FF8,
  0x1FF8, 0xA220, 0x6BBB, 0x6BBB, 0x6BBB, 0x6BBB, 0x6BBB, 0x6BBB,
  0x4BBB, 0x0DC4, 0x6BBB, 0xACCB, 0x6549, 0x6BBB, 0x6BBB, 0x6BBB,
  0xEAA2, 0x1FF8, 0x1FF8, 0x1FF8, 0x1FF8, 0x1FF8, 0xD0DD, 0x2B9C,
  0x1FF8, 0x1FF8, 0x0000, 0xF0E5, 0x31EE, 0xCED4, 0xACCB, 0x1FF8,
  0x1FF8, 0x1FF8, 0x1FF8, 0x1FF8, 0x1FF8, 0x1FF8, 0x1FF8, 0x1FF8,
  0x1FF8, 0x1FF8, 0x1FF8, 0x1FF8, 0x1FF8, 0x1FF8, 0x1FF8, 0x1FF8,
  0x1FF8, 0x0339, 0xCDCB, 0x6BBB, 0x6BBB, 0x6BBB, 0x6BBB, 0x6BBB,
  0x6BBB, 0x6BBB, 0x6549, 0xCDD3, 0x6BBB, 0x6BBB, 0xC99A, 0x1FF8,
  0x1FF8, 0x1FF8, 0x1FF8, 0x1FF8, 0x6110, 0x54FF, 0x1FF8, 0x1FF8,
  0x1FF8, 0x0000, 0xF3FE, 0x51EE, 0x8CBB, 0x0000, 0x1FF8, 0x1FF8,
  0x1FF8, 0x1FF8, 0x1FF8, 0x1FF8, 0x1FF8, 0x1FF8, 0x1FF8, 0x1FF8,
  0x1FF8, 0x1FF8, 0x1FF8, 0x1FF8, 0x1FF8, 0x1FF8, 0x1FF8, 0x1FF8,
  0x0000, 0x4449, 0xCDCB, 0x6CBB, 0x6BBB, 0x6BBB, 0x6BBB, 0x6BBB,
  0x2BB3, 0x8551, 0x6BBB, 0x6BBB, 0xA992, 0x1FF8, 0x1FF8, 0x1FF8,
  0x1FF8, 0x1FF8, 0x1FF8, 0x0000, 0xC76A, 0x1FF8, 0x1FF8, 0x1FF8,
  0x0000, 0xD0DD, 0x11E6, 0x2882, 0x1FF8, 0x1FF8, 0x1FF8, 0x1FF8,
  0x1FF8, 0x1FF8, 0x1FF8, 0x1FF8, 0x1FF8, 0x1FF8, 0x1FF8, 0x1FF8,
  0x1FF8, 0x1FF8, 0x1FF8, 0x1FF8, 0x1FF8, 0x1FF8, 0x1FF8, 0x1FF8,
  0x1FF8, 0x0000, 0x6118, 0x4BB3, 0x8CC3, 0x6BBB, 0x6CBB, 0xA220,
  0x6BBB, 0x6BBB, 0xA882, 0x1FF8, 0x1FF8, 0x1FF8, 0x1FF8, 0x1FF8,
  0x1FF8, 0x1FF8, 0x2329, 0x1FF8, 0x1FF8, 0x1FF8, 0x1FF8, 0x0000,
  0x6983, 0x72FE, 0x6118, 0x1FF8, 0x1FF8, 0x1FF8, 0x1FF8, 0x1FF8,
  0x1FF8, 0x1FF8, 0x1FF8, 0x1FF8, 0x1FF8, 0x1FF8, 0x1FF8, 0x1FF8,
  0x1FF8, 0x1FF8, 0x1FF8, 0x1FF8, 0x1FF8, 0x1FF8, 0x1FF8, 0x1FF8,
  0x1FF8, 0x1FF8, 0x0000, 0x6551, 0xEA9A, 0xCDD3, 0x2772, 0x6CBB,
  0xE330, 0x1FF8, 0x1FF8, 0x1FF8, 0x1FF8, 0x1FF8, 0x1FF8, 0x1FF8,
  0x1FF8, 0x2000, 0x1FF8, 0x1FF8, 0x1FF8, 0x1FF8, 0x1FF8, 0x0000,
  0x8439, 0x1FF8, 0x1FF8, 0x1FF8, 0x1FF8, 0x1FF8, 0x1FF8, 0x1FF8,
  0x1FF8, 0x1FF8, 0x1FF8, 0x1FF8, 0x1FF8, 0x1FF8, 0x1FF8, 0x1FF8,
  0x1FF8, 0x1FF8, 0x1FF8, 0x1FF8, 0x1FF8, 0x1FF8, 0x1FF8, 0x1FF8,
  0x1FF8, 0x1FF8, 0x1FF8, 0x1FF8, 0x0000, 0x0000, 0x0000, 0x1FF8,
  0x1FF8, 0x1FF8, 0x1FF8, 0x1FF8, 0x1FF8, 0x1FF8, 0x1FF8, 0x1FF8,
  0x1FF8, 0x1FF8, 0x1FF8, 0x1FF8, 0x1FF8, 0x1FF8, 0x1FF8, 0x1FF8,
  0x1FF8, 0x1FF8, 0x1FF8, 0x1FF8, 0x1FF8, 0x1FF8, 0x1FF8, 0x1FF8,
  0x1FF8, 0x1FF8, 0x1FF8, 0x1FF8, 0x1FF8, 0x1FF8, 0x1FF8, 0x1FF8,
  0x1FF8, 0x1FF8, 0x1FF8, 0x1FF8, 0x1FF8, 0x1FF8, 0x1FF8, 0x1FF8,
  0x1FF8, 0x1FF8, 0x1FF8, 0x1FF8, 0x1FF8, 0x1FF8,
};
static const shapoco::gfx2d::Texture tex_hair_front_f = {
  shapoco::gfx2d::PixelFormat::RGB565_SWAPPED, 46, 37, 92, tex_hair_front_fData,
};

alignas(4) static const uint16_t tex_eyes_backData[] = {
  0x1FF8, 0x1FF8, 0x1FF8, 0x1FF8, 0x1FF8, 0xD8CD, 0x1FF8, 0x1FF8,
  0x1FF8, 0x1FF8, 0x1FF8, 0x1FF8, 0x1FF8, 0x1FF8, 0x1FF8, 0x1FF8,
  0x1FF8, 0x1FF8, 0x1FF8, 0x1FF8, 0x1FF8, 0x1FF8, 0x1FF8, 0x1FF8,
  0x1FF8, 0x1FF8, 0x1FF8, 0x1FF8, 0x1FF8, 0x1FF8, 0x1FF8, 0x1FF8,
  0x1FF8, 0x1FF8, 0x1FF8, 0x1FF8, 0x1FF8, 0x1FF8, 0xF5BC, 0x94B4,
  0x94B4, 0x94B4, 0x94B4, 0x1FF8, 0x1FF8, 0x1FF8, 0x1FF8, 0x1FF8,
  0x1FF8, 0x1FF8, 0x1FF8, 0x1FF8, 0x1FF8, 0x1FF8, 0x1FF8, 0x1FF8,
  0x1FF8, 0x1FF8, 0xFCE6, 0x73AC, 0x32AC, 0x73B4, 0xB4B4, 0x94B4,
  0x1FF8, 0x1FF8, 0x1FF8, 0x1FF8, 0x1FF8, 0x1FF8, 0x1FF8, 0x1FF8,
  0x94B4, 0x94B4, 0x94B4, 0x94B4, 0x94B4, 0x94B4, 0xF5C4, 0x1FF8,
  0x1FF8, 0x1FF8, 0x1FF8, 0x1FF8, 0x1FF8, 0x1FF8, 0x1FF8, 0x1FF8,
  0x1FF8, 0x1FF8, 0x1FF8, 0x1FF8, 0x94B4, 0x94B4, 0x94B4, 0x94B4,
  0x94B4, 0x94B4, 0x94B4, 0x94B4, 0x1FF8, 0x1FF8, 0x1FF8, 0x1FF8,
  0x1FF8, 0x1FF8, 0xF5BC, 0x94B4, 0x94B4, 0x94B4, 0x94B4, 0x73B4,
  0x74B4, 0x94B4, 0x16C5, 0x1FF8, 0x1FF8, 0x1FF8, 0x1FF8, 0x1FF8,
  0x1FF8, 0x1FF8, 0x1FF8, 0x1FF8, 0x1FF8, 0x1FF8, 0x1FF8, 0x94B4,
  0x94B4, 0x94B4, 0x94B4, 0x94B4, 0x94B4, 0x94B4, 0x94B4, 0x94B4,
  0x1FF8, 0x1FF8, 0x1FF8, 0x1FF8, 0x1FF8, 0x94B4, 0x94B4, 0x94B4,
  0x97CD, 0xFCE6, 0x9EF7, 0xFFFF, 0x9EF7, 0xF5BC, 0xD5BC, 0x1FF8,
  0x1FF8, 0x1FF8, 0x1FF8, 0x1FF8, 0x1FF8, 0x1FF8, 0x1FF8, 0x1FF8,
  0x1FF8, 0x94B4, 0x94B4, 0x94B4, 0x94B4, 0x94B4, 0x94B4, 0x94B4,
  0x94B4, 0x94B4, 0x94B4, 0xF5C4, 0x1FF8, 0x1FF8, 0x1FF8, 0x94B4,
  0x94B4, 0xB7CD, 0xFFFF, 0xFFFF, 0xFFFF, 0xFFFF, 0xFFFF, 0xFFFF,
  0xFFFF, 0xFFFF, 0x94B4, 0x1FF8, 0x1FF8, 0x1FF8, 0x1FF8, 0x1FF8,
  0x1FF8, 0x1FF8, 0x1FF8, 0x1FF8, 0xD5BC, 0x94B4, 0x32AC, 0x39D6,
  0xFFFF, 0xDEFF, 0x1CEF, 0x5ADE, 0xF5BC, 0x73AC, 0x94B4, 0x94B4,
  0x1FF8, 0x1FF8, 0x1FF8, 0x97C5, 0xFFFF, 0xFFFF, 0xFFFF, 0xFFFF,
  0xFFFF, 0xFFFF, 0xFFFF, 0xFFFF, 0xFFFF, 0xFFFF, 0x1FF8, 0x1FF8,
  0x1FF8, 0x1FF8, 0x1FF8, 0x1FF8, 0x1FF8, 0x1FF8, 0x1FF8, 0x32AC,
  0x7DF7, 0xFFFF, 0xFFFF, 0xFFFF, 0xFFFF, 0xFFFF, 0xFFFF, 0xFFFF,
  0xFFFF, 0x36BD, 0xD5BC, 0x1FF8, 0x1FF8, 0x1FF8, 0xFFFF, 0xFFFF,
  0xFFFF, 0xFFFF, 0xFFFF, 0xFFFF, 0xFFFF, 0xFFFF, 0xFFFF, 0xFFFF,
  0xFFFF, 0x1FF8, 0x1FF8, 0x1FF8, 0x1FF8, 0x1FF8, 0x1FF8, 0x1FF8,
  0x1FF8, 0x1FF8, 0xFFFF, 0xFFFF, 0xFFFF, 0xFFFF, 0xFFFF, 0xFFFF,
  0xFFFF, 0xFFFF, 0xFFFF, 0xFFFF, 0xFFFF, 0xF8CD, 0x1FF8, 0x1FF8,
  0x1FF8, 0xFFFF, 0xFFFF, 0xFFFF, 0xFFFF, 0xFFFF, 0xFFFF, 0xFFFF,
  0xFFFF, 0xFFFF, 0xFFFF, 0xFFFF, 0xFFFF, 0x1FF8, 0x1FF8, 0x1FF8,
  0x1FF8, 0x1FF8, 0x1FF8, 0x1FF8, 0x1FF8, 0xFFFF, 0xFFFF, 0xFFFF,
  0xFFFF, 0xFFFF, 0xFFFF, 0xFFFF, 0xFFFF, 0xFFFF, 0xFFFF, 0xFFFF,
  0xFFFF, 0x36BD, 0x1FF8, 0x1FF8, 0xFFFF, 0xFFFF, 0xFFFF, 0xFFFF,
  0xFFFF, 0xFFFF, 0xFFFF, 0xFFFF, 0xFFFF, 0xFFFF, 0xFFFF, 0xFFFF,
  0x1FF8, 0x1FF8, 0x1FF8, 0x1FF8, 0x1FF8, 0x1FF8, 0x1FF8, 0x1FF8,
  0xFFFF, 0xFFFF, 0xFFFF, 0xFFFF, 0xFFFF, 0xFFFF, 0xFFFF, 0xFFFF,
  0xFFFF, 0xFFFF, 0xFFFF, 0xFFFF, 0xDFFF, 0x1FF8, 0x1FF8, 0x1FF8,
  0xFFFF, 0xFFFF, 0xFFFF, 0xFFFF, 0xFFFF, 0xFFFF, 0xFFFF, 0xFFFF,
  0xFFFF, 0xFFFF, 0xFFFF, 0x1FF8, 0x1FF8, 0x1FF8, 0x1FF8, 0x1FF8,
  0x1FF8, 0x1FF8, 0x1FF8, 0xFFFF, 0xFFFF, 0xFFFF, 0xFFFF, 0xFFFF,
  0xFFFF, 0xFFFF, 0xFFFF, 0xFFFF, 0xFFFF, 0xFFFF, 0xFFFF, 0xFFFF,
  0x1FF8, 0x1FF8, 0x1FF8, 0xFFFF, 0xFFFF, 0xFFFF, 0xFFFF, 0xFFFF,
  0xFFFF, 0xFFFF, 0xFFFF, 0xFFFF, 0xFFFF, 0xFFFF, 0x1FF8, 0x1FF8,
  0x1FF8, 0x1FF8, 0x1FF8, 0x1FF8, 0x1FF8, 0x1FF8, 0x1FF8, 0xFFFF,
  0xFFFF, 0xFFFF, 0xFFFF, 0xFFFF, 0xFFFF, 0xFFFF, 0xFFFF, 0xFFFF,
  0xFFFF, 0xFFFF, 0xFFFF, 0x1FF8, 0x1FF8, 0x1FF8, 0x1FF8, 0xFFFF,
  0xFFFF, 0xFFFF, 0xFFFF, 0xFFFF, 0xFFFF, 0xFFFF, 0xFFFF, 0xFFFF,
  0x1FF8, 0x1FF8, 0x1FF8, 0x1FF8, 0x1FF8, 0x1FF8, 0x1FF8, 0x1FF8,
  0x1FF8, 0x1FF8, 0xFFFF, 0xFFFF, 0xFFFF, 0xFFFF, 0xFFFF, 0xFFFF,
  0xFFFF, 0xFFFF, 0xFFFF, 0xFFFF, 0xFFFF, 0xFFFF, 0x1FF8, 0x1FF8,
  0x1FF8, 0x1FF8, 0x1FF8, 0xFFFF, 0xFFFF, 0xFFFF, 0xFFFF, 0xFFFF,
  0xFFFF, 0xFFFF, 0xFFFF, 0x1FF8, 0x1FF8, 0x1FF8, 0x1FF8, 0x1FF8,
  0x1FF8, 0x1FF8, 0x1FF8, 0x1FF8, 0x1FF8, 0x1FF8, 0xFFFF, 0xFFFF,
  0xFFFF, 0xFFFF, 0xFFFF, 0xFFFF, 0xFFFF, 0xFFFF, 0xFFFF, 0xFFFF,
  0x1FF8, 0x1FF8, 0x1FF8, 0x1FF8, 0x1FF8, 0x1FF8, 0x1FF8, 0xFFFF,
  0xFFFF, 0xFFFF, 0xFFFF, 0xFFFF, 0xFFFF, 0x1FF8, 0x1FF8, 0x1FF8,
  0x1FF8, 0x1FF8, 0x1FF8, 0x1FF8, 0x1FF8, 0x1FF8, 0x1FF8, 0x1FF8,
  0x1FF8, 0xFFFF, 0xFFFF, 0xFFFF, 0xFFFF, 0xFFFF, 0xFFFF, 0xFFFF,
  0xFFFF, 0xFFFF, 0xFFFF, 0x1FF8, 0x1FF8, 0x1FF8, 0x1FF8, 0x1FF8,
  0x1FF8, 0x1FF8, 0x1FF8, 0x1FF8, 0x1FF8, 0x1FF8, 0x1FF8, 0x1FF8,
  0x1FF8, 0x1FF8, 0x1FF8, 0x1FF8, 0x1FF8, 0x1FF8, 0x1FF8, 0x1FF8,
  0x1FF8, 0x1FF8, 0x1FF8, 0x1FF8, 0x1FF8, 0xFFFF, 0xFFFF, 0xFFFF,
  0xFFFF, 0xFFFF, 0xFFFF, 0xFFFF, 0xFFFF, 0x1FF8, 0x1FF8, 0x1FF8,
  0x1FF8, 0x1FF8, 0x1FF8, 0x1FF8, 0x1FF8, 0x1FF8, 0x1FF8, 0x1FF8,
  0x1FF8, 0x1FF8, 0x1FF8, 0x1FF8, 0x1FF8, 0x1FF8, 0x1FF8, 0x1FF8,
  0x1FF8, 0x1FF8, 0x1FF8, 0x1FF8, 0x1FF8, 0x1FF8, 0x1FF8, 0x1FF8,
  0x1FF8, 0xFFFF, 0xFFFF, 0xFFFF, 0xFFFF, 0xFFFF, 0xFFFF, 0x1FF8,
  0x1FF8, 0x1FF8, 0x1FF8, 0x1FF8, 0x1FF8, 0x1FF8, 0x1FF8, 0x1FF8,
  0x1FF8, 0x1FF8, 0x1FF8, 0x1FF8, 0x1FF8, 0x1FF8, 0x1FF8, 0x1FF8,
  0x1FF8, 0x1FF8, 0x1FF8, 0x1FF8, 0x1FF8, 0x1FF8, 0x1FF8, 0x1FF8,
  0x1FF8, 0x1FF8, 0x1FF8, 0x1FF8, 0x1FF8, 0x1FF8, 0x1FF8, 0x1FF8,
  0x1FF8, 0x1FF8, 0x1FF8, 0x1FF8, 0x1FF8, 0x1FF8,
};
static const shapoco::gfx2d::Texture tex_eyes_back = {
  shapoco::gfx2d::PixelFormat::RGB565_SWAPPED, 35, 18, 70, tex_eyes_backData,
};

alignas(4) static const uint16_t tex_irisData[] = {
  0x1FF8, 0x1FF8, 0x1FF8, 0x0000, 0x1FF8, 0x1FF8, 0x1FF8, 0x1FF8,
  0x1FF8, 0x1FF8, 0x1FF8, 0x1FF8, 0x1FF8, 0x1FF8, 0x1FF8, 0x1FF8,
  0x1FF8, 0x1FF8, 0x1FF8, 0x1FF8, 0x1FF8, 0x1FF8, 0x1FF8, 0x4200,
  0x1FF8, 0x1FF8, 0x1FF8, 0x1FF8, 0x1FF8, 0x1FF8, 0x0000, 0x8D32,
  0x924B, 0x8D32, 0x2100, 0x1FF8, 0x1FF8, 0x1FF8, 0x1FF8, 0x1FF8,
  0x1FF8, 0x1FF8, 0x1FF8, 0x1FF8, 0x1FF8, 0x1FF8, 0x1FF8, 0x1FF8,
  0x1FF8, 0x1FF8, 0x0000, 0x924B, 0xD34B, 0x103B, 0x2100, 0x1FF8,
  0x1FF8, 0x1FF8, 0x1FF8, 0x8821, 0x924B, 0x924B, 0x924B, 0xB24B,
  0x1FF8, 0x1FF8, 0x1FF8, 0x1FF8, 0x1FF8, 0x1FF8, 0x1FF8, 0x1FF8,
  0x1FF8, 0x1FF8, 0x1FF8, 0x1FF8, 0x1FF8, 0x1FF8, 0x0000, 0x7243,
  0x7243, 0x924B, 0x924B, 0xD34B, 0x0000, 0x1FF8, 0x1FF8, 0x1FF8,
  0x0F3B, 0x924B, 0x924B, 0xC839, 0xB34B, 0xE921, 0x1FF8, 0x1FF8,
  0x1FF8, 0x1FF8, 0x1FF8, 0x1FF8, 0x1FF8, 0x1FF8, 0x1FF8, 0x1FF8,
  0x1FF8, 0x1FF8, 0x1FF8, 0xC410, 0x7243, 0x924B, 0x924B, 0x924B,
  0x924B, 0xCE3A, 0x1FF8, 0x1FF8, 0x1FF8, 0x5143, 0x7143, 0xD75C,
  0xADE3, 0x0782, 0xDB65, 0x1FF8, 0x1FF8, 0x1FF8, 0x1FF8, 0x1FF8,
  0x1FF8, 0x1FF8, 0x1FF8, 0x1FF8, 0x1FF8, 0x1FF8, 0x1FF8, 0x1FF8,
  0xCE3A, 0x7243, 0x924B, 0xA308, 0x8308, 0x7143, 0x5143, 0x2100,
  0x1FF8, 0x1FF8, 0x4B2A, 0x7D66, 0x0E2B, 0x8CDB, 0xCDEB, 0x8522,
  0x0000, 0x1FF8, 0x1FF8, 0x1FF8, 0x1FF8, 0x1FF8, 0x1FF8, 0x1FF8,
  0x1FF8, 0x1FF8, 0x1FF8, 0x1FF8, 0x1FF8, 0x5043, 0x5143, 0x544C,
  0xADE3, 0xEDF3, 0x4609, 0x3C66, 0xC821, 0x1FF8, 0x1FF8, 0x4611,
  0x7D6E, 0x231A, 0xCABA, 0x8CDB, 0x8228, 0x683C, 0x1FF8, 0x1FF8,
  0x1FF8, 0x1FF8, 0x1FF8, 0x1FF8, 0x1FF8, 0x1FF8, 0x1FF8, 0x1FF8,
  0x1FF8, 0x1FF8, 0x7143, 0xFB65, 0xE911, 0x8CDB, 0x8CDB, 0xC228,
  0x0511, 0x0922, 0x1FF8, 0x1FF8, 0x0000, 0x9E6E, 0xC83C, 0xA431,
  0xCDE3, 0xC108, 0x2B4E, 0x1FF8, 0x1FF8, 0x1FF8, 0x1FF8, 0x1FF8,
  0x1FF8, 0x1FF8, 0x1FF8, 0x1FF8, 0x1FF8, 0x1FF8, 0x1FF8, 0xF654,
  0xDB65, 0x0B4E, 0x8CE3, 0x8CDB, 0x8671, 0xCC56, 0x0000, 0x1FF8,
  0x1FF8, 0x1FF8, 0xF654, 0x0423, 0xED5E, 0x0422, 0xCA4D, 0x6A45,
  0x1FF8, 0x1FF8, 0x1FF8, 0x1FF8, 0x1FF8, 0x1FF8, 0x1FF8, 0x1FF8,
  0x1FF8, 0x1FF8, 0x1FF8, 0x1FF8, 0x2511, 0x703B, 0x8D5F, 0xAABA,
  0x8CDB, 0x676A, 0x0D5F, 0x0100, 0x1FF8, 0x1FF8, 0x1FF8, 0x0000,
  0x0411, 0x0D5F, 0xAC56, 0xAC56, 0xA83C, 0x1FF8, 0x1FF8, 0x1FF8,
  0x1FF8, 0x1FF8, 0x1FF8, 0x1FF8, 0x1FF8, 0x1FF8, 0x1FF8, 0x1FF8,
  0x1FF8, 0x0000, 0xAE2A, 0x2D5F, 0x041A, 0xEABA, 0x0523, 0x2D5F,
  0x0000, 0x1FF8, 0x1FF8, 0x1FF8, 0x1FF8, 0xC408, 0x462B, 0x8E67,
  0xEB4D, 0x0000, 0x1FF8, 0x1FF8, 0x1FF8, 0x1FF8, 0x1FF8, 0x1FF8,
  0x1FF8, 0x1FF8, 0x1FF8, 0x1FF8, 0x1FF8, 0x1FF8, 0x1FF8, 0x2611,
  0xAC56, 0xCC56, 0x2C5E, 0xCC56, 0x262B, 0x1FF8, 0x1FF8, 0x1FF8,
  0x1FF8, 0x1FF8, 0x1FF8, 0x1FF8, 0x1FF8, 0x1FF8, 0x1FF8, 0x1FF8,
  0x1FF8, 0x1FF8, 0x1FF8, 0x1FF8, 0x1FF8, 0x1FF8, 0x1FF8, 0x1FF8,
  0x1FF8, 0x1FF8, 0x1FF8, 0x1FF8, 0x1FF8, 0xC108, 0x8E5F, 0x8C56,
  0x672B, 0x1FF8, 0x1FF8, 0x1FF8, 0x1FF8, 0x1FF8, 0x1FF8, 0x1FF8,
  0x1FF8, 0x1FF8, 0x1FF8, 0x1FF8, 0x1FF8, 0x1FF8, 0x1FF8, 0x1FF8,
  0x1FF8, 0x1FF8, 0x1FF8, 0x1FF8, 0x1FF8, 0x1FF8, 0x1FF8, 0x1FF8,
  0x1FF8, 0x1FF8, 0x1FF8, 0x0000, 0x1FF8, 0x1FF8, 0x1FF8, 0x1FF8,
  0x1FF8,
};
static const shapoco::gfx2d::Texture tex_iris = {
  shapoco::gfx2d::PixelFormat::RGB565_SWAPPED, 29, 13, 58, tex_irisData,
};

alignas(4) static const uint16_t tex_eye_highlightData[] = {
  0x1FF8, 0x1FF8, 0x1FF8, 0x1FF8, 0x1FF8, 0x1FF8, 0x1FF8, 0x1FF8,
  0x1FF8, 0x1FF8, 0x1FF8, 0x1FF8, 0x1FF8, 0x1FF8, 0x1FF8, 0x1FF8,
  0x1FF8, 0x1FF8, 0x1FF8, 0x1FF8, 0x1FF8, 0x1FF8, 0x1FF8, 0x1FF8,
  0x1FF8, 0x1FF8, 0x1FF8, 0x1FF8, 0x1FF8, 0x1FF8, 0x1FF8, 0x1FF8,
  0x1FF8, 0x1FF8, 0x1FF8, 0x1FF8, 0x1FF8, 0x1FF8, 0x1FF8, 0x1FF8,
  0x1FF8, 0x1FF8, 0x1FF8, 0x1FF8, 0x1FF8, 0x1FF8, 0x1FF8, 0x1FF8,
  0xFFFF, 0xFFFF, 0x1FF8, 0x1FF8, 0x1FF8, 0x1FF8, 0x1FF8, 0x1FF8,
  0x1FF8, 0x1FF8, 0x1FF8, 0x1FF8, 0x1FF8, 0x1FF8, 0x1FF8, 0x1FF8,
  0x1FF8, 0x1FF8, 0x1FF8, 0x1FF8, 0x1FF8, 0x1FF8, 0x1FF8, 0x1FF8,
  0x1FF8, 0x1FF8, 0x1FF8, 0x1FF8, 0xFFFF, 0xFFFF, 0x1FF8, 0x1FF8,
  0x1FF8, 0x1FF8, 0x1FF8, 0x1FF8, 0xFFFF, 0xFFFF, 0x1FF8, 0x1FF8,
  0x1FF8, 0x1FF8, 0x1FF8, 0x1FF8, 0x1FF8, 0x1FF8, 0x1FF8, 0x1FF8,
  0x1FF8, 0x1FF8, 0x1FF8, 0x1FF8, 0x1FF8, 0x1FF8, 0x1FF8, 0x1FF8,
  0x1FF8, 0x1FF8, 0x1FF8, 0x1FF8, 0x1FF8, 0x1FF8, 0x1FF8, 0x1FF8,
  0xFFFF, 0xFFFF, 0x1FF8, 0x1FF8, 0x1FF8, 0x1FF8, 0x1FF8, 0x1FF8,
  0x1FF8, 0x1FF8, 0x1FF8, 0x1FF8, 0x1FF8, 0x1FF8, 0x1FF8, 0x1FF8,
  0x1FF8, 0x1FF8, 0x1FF8, 0x1FF8, 0x1FF8, 0x1FF8, 0x1FF8, 0x1FF8,
  0x1FF8, 0x1FF8, 0x1FF8, 0x1FF8, 0x1FF8, 0xFFFF, 0x1FF8, 0x1FF8,
  0x1FF8, 0x1FF8, 0x1FF8, 0x1FF8, 0x1FF8, 0x1FF8, 0x1FF8, 0x1FF8,
  0x1FF8, 0x1FF8, 0x1FF8, 0x1FF8, 0x1FF8, 0x1FF8, 0x1FF8, 0x1FF8,
  0x1FF8, 0x1FF8, 0x1FF8, 0x1FF8, 0x1FF8, 0x1FF8, 0x1FF8, 0x1FF8,
  0x1FF8, 0x1FF8, 0x1FF8, 0x1FF8, 0x1FF8, 0x1FF8, 0x1FF8, 0x1FF8,
  0x1FF8, 0x1FF8, 0x1FF8, 0x1FF8, 0x1FF8, 0x1FF8, 0x1FF8, 0x1FF8,
  0x1FF8, 0x1FF8, 0x1FF8, 0x1FF8, 0x1FF8, 0x1FF8, 0x1FF8, 0x1FF8,
  0x1FF8, 0x1FF8, 0x1FF8, 0x1FF8, 0x1FF8, 0x1FF8, 0x1FF8, 0x1FF8,
  0x1FF8, 0x1FF8, 0x1FF8, 0x1FF8, 0x1FF8, 0x1FF8, 0x1FF8, 0x1FF8,
  0x1FF8, 0x1FF8, 0x1FF8, 0x1FF8, 0x1FF8, 0x1FF8, 0x1FF8, 0x1FF8,
  0x1FF8, 0x1FF8, 0x1FF8, 0x1FF8, 0x1FF8, 0x1FF8, 0x1FF8, 0x1FF8,
  0x1FF8, 0x1FF8, 0x1FF8, 0x1FF8, 0x1FF8, 0x1FF8, 0x1FF8, 0x1FF8,
  0x1FF8, 0x1FF8, 0x1FF8, 0x1FF8, 0x1FF8, 0x1FF8, 0x1FF8, 0x1FF8,
  0x1FF8, 0x1FF8, 0x1FF8, 0x1FF8, 0x1FF8, 0x1FF8, 0x1FF8, 0x1FF8,
  0x1FF8, 0x1FF8, 0x1FF8, 0x1FF8, 0x1FF8, 0x1FF8, 0x1FF8, 0x1FF8,
  0x1FF8, 0x1FF8, 0x1FF8, 0xFFFF, 0x1FF8, 0x1FF8, 0x1FF8, 0x1FF8,
  0x1FF8, 0x1FF8, 0x1FF8, 0x1FF8, 0x1FF8, 0x1FF8, 0x1FF8, 0x1FF8,
  0x1FF8, 0x1FF8, 0x1FF8, 0x1FF8, 0x1FF8, 0x1FF8, 0xFFFF, 0xFFFF,
  0x1FF8, 0x1FF8, 0x1FF8, 0x1FF8, 0x1FF8, 0x1FF8, 0x1FF8, 0x1FF8,
  0xFFFF, 0x1FF8, 0x1FF8, 0x1FF8, 0x1FF8, 0x1FF8, 0x1FF8, 0x1FF8,
  0x1FF8, 0x1FF8, 0x1FF8, 0x1FF8, 0x1FF8, 0x1FF8, 0x1FF8, 0x1FF8,
  0x1FF8, 0x1FF8, 0x1FF8, 0x1FF8,
};
static const shapoco::gfx2d::Texture tex_eye_highlight = {
  shapoco::gfx2d::PixelFormat::RGB565_SWAPPED, 28, 11, 56, tex_eye_highlightData,
};

alignas(4) static const uint16_t tex_eyelashes_openData[] = {
  0x1FF8, 0x1FF8, 0x1FF8, 0x1FF8, 0x1FF8, 0x1FF8, 0x1FF8, 0x1FF8,
  0x1FF8, 0x1FF8, 0x1FF8, 0x1FF8, 0x1FF8, 0x1FF8, 0x1FF8, 0x1FF8,
  0x1FF8, 0x1FF8, 0x1FF8, 0x1FF8, 0x1FF8, 0x1FF8, 0x1FF8, 0x1FF8,
  0x1FF8, 0x1FF8, 0x1FF8, 0x1FF8, 0x1FF8, 0x1FF8, 0x1FF8, 0x1FF8,
  0x1FF8, 0x1FF8, 0x1FF8, 0x1FF8, 0x1FF8, 0x1FF8, 0x1FF8, 0x1FF8,
  0x1FF8, 0x1FF8, 0x1FF8, 0x1FF8, 0x1FF8, 0x1FF8, 0x1FF8, 0x1FF8,
  0x1FF8, 0x1FF8, 0x1FF8, 0x0000, 0x6110, 0x1FF8, 0x1FF8, 0x1FF8,
  0x1FF8, 0x1FF8, 0x1FF8, 0x1FF8, 0x1FF8, 0x1FF8, 0x1FF8, 0x1FF8,
  0x1FF8, 0x1FF8, 0x1FF8, 0x1FF8, 0x1FF8, 0x1FF8, 0x1FF8, 0x1FF8,
  0x8110, 0xAA8B, 0xCDB4, 0x4CA4, 0x0000, 0x1FF8, 0x1FF8, 0x1FF8,
  0x1FF8, 0x1FF8, 0x1FF8, 0x1FF8, 0x1FF8, 0x1FF8, 0x1FF8, 0x1FF8,
  0x1FF8, 0x1FF8, 0x1FF8, 0x1FF8, 0x1FF8, 0x1FF8, 0x51EE, 0x8983,
  0xCDB4, 0xB2FE, 0x1FF8, 0x1FF8, 0x1FF8, 0x1FF8, 0x1FF8, 0x1FF8,
  0x1FF8, 0x1FF8, 0x1FF8, 0x1FF8, 0x1FF8, 0x1FF8, 0x1FF8, 0x1FF8,
  0x1FF8, 0x1FF8, 0x0329, 0xE86A, 0x8110, 0x1FF8, 0x1FF8, 0x0000,
  0x6110, 0x1FF8, 0x1FF8, 0x1FF8, 0x1FF8, 0x1FF8, 0x1FF8, 0x1FF8,
  0x1FF8, 0x1FF8, 0x1FF8, 0x1FF8, 0x1FF8, 0x1FF8, 0x1FF8, 0x1FF8,
  0xA118, 0x1FF8, 0x1FF8, 0x1FF8, 0x1FF8, 0x0221, 0x1FF8, 0x1FF8,
  0x1FF8, 0x1FF8, 0x1FF8, 0x1FF8, 0x1FF8, 0x1FF8, 0x1FF8, 0x1FF8,
  0x1FF8, 0x1FF8, 0x1FF8, 0x1FF8, 0x1FF8, 0x1FF8, 0x1FF8, 0x1FF8,
  0x1FF8, 0x1FF8, 0x1FF8, 0x1FF8, 0x1FF8, 0x1FF8, 0x1FF8, 0x1FF8,
  0x1FF8, 0x1FF8, 0x1FF8, 0x1FF8, 0x1FF8, 0x1FF8, 0x1FF8, 0x1FF8,
  0x1FF8, 0x0000, 0x1FF8, 0x1FF8, 0x1FF8, 0x1FF8, 0x1FF8, 0x1FF8,
  0x1FF8, 0x1FF8, 0x1FF8, 0x1FF8, 0x1FF8, 0x1FF8, 0x1FF8, 0x1FF8,
  0x1FF8, 0x1FF8, 0x1FF8, 0x1FF8, 0x1FF8, 0x0000, 0x1FF8, 0x1FF8,
  0x1FF8, 0x1FF8, 0x1FF8, 0x1FF8, 0x1FF8, 0x1FF8, 0x0000, 0x1FF8,
  0x1FF8, 0x1FF8, 0x1FF8, 0x1FF8, 0x1FF8, 0x1FF8, 0x1FF8, 0x1FF8,
  0x1FF8, 0x1FF8, 0x1FF8, 0x1FF8, 0xAA8B, 0x1FF8, 0x1FF8, 0x1FF8,
  0x1FF8, 0x1FF8, 0x1FF8, 0x1FF8, 0x1FF8, 0x1FF8, 0x1FF8, 0x1FF8,
  0x1FF8, 0x1FF8, 0x1FF8, 0x1FF8, 0x1FF8, 0x1FF8, 0x1FF8, 0x1FF8,
  0x0000, 0x8762, 0x1FF8, 0x1FF8, 0x1FF8, 0x1FF8, 0x1FF8, 0x1FF8,
  0x1FF8, 0x31EE, 0x0000, 0x1FF8, 0x1FF8, 0x1FF8, 0x1FF8, 0x1FF8,
  0x1FF8, 0x1FF8, 0x1FF8, 0x1FF8, 0x1FF8, 0x1FF8, 0x1FF8, 0x4652,
  0x92FE, 0x0000, 0x1FF8, 0x1FF8, 0x1FF8, 0x1FF8, 0x1FF8, 0x1FF8,
  0x1FF8, 0x1FF8, 0x1FF8, 0x1FF8, 0x1FF8, 0x1FF8, 0x1FF8, 0x1FF8,
  0x1FF8, 0x1FF8, 0x1FF8, 0x1FF8, 0x72F6, 0x4EC5, 0x2000, 0x1FF8,
  0x1FF8, 0x1FF8, 0x1FF8, 0x6110, 0x92F6, 0x6110, 0x1FF8, 0x1FF8,
  0x1FF8, 0x1FF8, 0x1FF8, 0x1FF8, 0x1FF8, 0x1FF8, 0x1FF8, 0x1FF8,
  0x1FF8, 0x1FF8, 0x0000, 0x92F6, 0x51EE, 0x8983, 0x8CAC, 0x6439,
  0x0000, 0x1FF8, 0x1FF8, 0x1FF8, 0x1FF8, 0x1FF8, 0x1FF8, 0x1FF8,
  0x1FF8, 0x1FF8, 0x1FF8, 0x1FF8, 0x1FF8, 0x1FF8, 0x1FF8, 0xAA8B,
  0x31EE, 0x72F6, 0x11E6, 0x51EE, 0x31EE, 0xCDB4, 0x2B9C, 0x31EE,
  0xE549, 0x1FF8, 0x1FF8, 0x1FF8, 0x1FF8, 0x1FF8, 0x1FF8, 0x1FF8,
  0x1FF8, 0x1FF8, 0x1FF8, 0x1FF8, 0x1FF8, 0x1FF8, 0xA762, 0x51EE,
  0xB2FE, 0x6FCD, 0xB2FE, 0x72F6, 0x8439, 0x1FF8, 0x1FF8, 0x1FF8,
  0x1FF8, 0x1FF8, 0x1FF8, 0x1FF8, 0x1FF8, 0x1FF8, 0x1FF8, 0x1FF8,
  0x1FF8, 0x1FF8, 0x2EC5, 0x11E6, 0xE220, 0x0000, 0x1FF8, 0x1FF8,
  0x0000, 0xCDB4, 0x71F6, 0xAFD5, 0x1FF8, 0x1FF8, 0x1FF8, 0x1FF8,
  0x1FF8, 0x1FF8, 0x1FF8, 0x1FF8, 0x1FF8, 0x1FF8, 0x1FF8, 0x1FF8,
  0xE872, 0xB2FE, 0xC541, 0x1FF8, 0x1FF8, 0x1FF8, 0x0000, 0x4CA4,
  0x4C9C, 0x1FF8, 0x1FF8, 0x1FF8, 0x1FF8, 0x1FF8, 0x1FF8, 0x1FF8,
  0x1FF8, 0x1FF8, 0x1FF8, 0x1FF8, 0x1FF8, 0xF0DD, 0x0000, 0x1FF8,
  0x1FF8, 0x1FF8, 0x1FF8, 0x1FF8, 0x1FF8, 0x6431, 0x72F6, 0xC220,
  0x1FF8, 0x1FF8, 0x1FF8, 0x1FF8, 0x1FF8, 0x1FF8, 0x0000, 0x0000,
  0x0000, 0x0000, 0xA218, 0x72F6, 0x0329, 0x1FF8, 0x1FF8, 0x1FF8,
  0x1FF8, 0x1FF8, 0x1FF8, 0x8110, 0xAA8B, 0x1FF8, 0x1FF8, 0x1FF8,
  0x1FF8, 0x1FF8, 0x1FF8, 0x1FF8, 0x1FF8, 0x1FF8, 0x1FF8, 0x1FF8,
  0x2008, 0x1FF8, 0x1FF8, 0x1FF8, 0x1FF8, 0x1FF8, 0x1FF8, 0x1FF8,
  0x1FF8, 0x4331, 0xF3FE, 0x0000, 0x1FF8, 0x1FF8, 0x1FF8, 0x1FF8,
  0x1FF8, 0x1FF8, 0xE220, 0xD3FE, 0x51EE, 0x72F6, 0xB0DD, 0x1FF8,
  0x1FF8, 0x1FF8, 0x1FF8, 0x1FF8, 0x1FF8, 0x1FF8, 0x1FF8, 0x0000,
  0x8218, 0x1FF8, 0x1FF8, 0x1FF8, 0x1FF8, 0x1FF8, 0x1FF8, 0x1FF8,
  0x1FF8, 0x1FF8, 0x1FF8, 0x1FF8, 0x1FF8, 0x1FF8, 0x1FF8, 0x1FF8,
  0x1FF8, 0x1FF8, 0x1FF8, 0x1FF8, 0x1FF8, 0xE86A, 0x0EBD, 0x1FF8,
  0x1FF8, 0x1FF8, 0x1FF8, 0x1FF8, 0x1FF8, 0x1FF8, 0x0000, 0xE86A,
  0x31EE, 0xAA8B, 0x1FF8, 0x1FF8, 0x1FF8, 0x1FF8, 0x1FF8, 0x1FF8,
  0x1FF8, 0x1FF8, 0x1FF8, 0x0000, 0x1FF8, 0x1FF8, 0x1FF8, 0x1FF8,
  0x1FF8, 0x1FF8, 0x1FF8, 0x1FF8, 0x1FF8, 0x1FF8, 0x1FF8, 0x1FF8,
  0x1FF8, 0x1FF8, 0x1FF8, 0x1FF8, 0x1FF8, 0x1FF8, 0x1FF8, 0x1FF8,
  0x1FF8, 0xD3FE, 0xC220, 0x1FF8, 0x1FF8, 0x1FF8, 0x1FF8, 0x1FF8,
  0x1FF8, 0x1FF8, 0x1FF8, 0x4108, 0x8CAC, 0x1FF8, 0x1FF8, 0x1FF8,
  0x1FF8, 0x1FF8, 0x1FF8, 0x1FF8, 0x1FF8, 0x1FF8, 0x1FF8, 0x0000,
  0x1FF8, 0x1FF8, 0x1FF8, 0x1FF8, 0x1FF8, 0x1FF8, 0x1FF8, 0x1FF8,
  0x1FF8, 0x1FF8, 0x1FF8, 0x1FF8, 0x1FF8, 0x1FF8, 0x1FF8, 0x1FF8,
  0x1FF8, 0x1FF8, 0x1FF8, 0x1FF8, 0x0329, 0xF3FE, 0x0000, 0x1FF8,
  0x1FF8, 0x1FF8, 0x1FF8, 0x1FF8, 0x1FF8, 0x1FF8, 0x1FF8, 0xF0DD,
  0x1FF8, 0x1FF8, 0x1FF8, 0x1FF8, 0x1FF8, 0x1FF8, 0x1FF8, 0x1FF8,
  0x1FF8, 0x1FF8, 0x1FF8, 0x1FF8, 0x1FF8, 0x1FF8, 0x1FF8, 0x1FF8,
  0x1FF8, 0x1FF8, 0x1FF8, 0x1FF8, 0x1FF8, 0x1FF8, 0x1FF8, 0x1FF8,
  0x1FF8, 0x1FF8, 0x1FF8, 0x1FF8, 0x1FF8, 0x1FF8, 0x1FF8, 0x1FF8,
  0x51EE, 0x92F6, 0x0000, 0x1FF8, 0x1FF8, 0x1FF8, 0x1FF8, 0x1FF8,
  0x1FF8, 0x1FF8, 0xC220, 0x1FF8, 0x1FF8, 0x1FF8, 0x1FF8, 0x1FF8,
  0x1FF8, 0x1FF8, 0x1FF8, 0x1FF8, 0x1FF8, 0x1FF8, 0x1FF8, 0x1FF8,
  0x1FF8, 0x1FF8, 0x1FF8, 0x1FF8, 0x1FF8, 0x1FF8, 0x1FF8, 0x1FF8,
  0x1FF8, 0x1FF8, 0x1FF8, 0x1FF8, 0x1FF8, 0x1FF8, 0x1FF8, 0x1FF8,
  0x1FF8, 0x1FF8, 0x1FF8, 0x6CA4, 0x31E6, 0x51EE, 0xC86A, 0x0000,
  0x1FF8, 0x1FF8, 0x1FF8, 0x1FF8, 0x1FF8, 0x1FF8, 0x0000, 0x1FF8,
  0x1FF8, 0x1FF8, 0x1FF8, 0x1FF8, 0x1FF8, 0x1FF8, 0x1FF8, 0x1FF8,
  0x1FF8, 0x1FF8, 0x1FF8, 0x1FF8, 0x1FF8, 0x1FF8, 0x1FF8, 0x1FF8,
  0x1FF8, 0x1FF8, 0x1FF8, 0x1FF8, 0x1FF8, 0x1FF8, 0x1FF8, 0x1FF8,
  0x1FF8, 0x1FF8, 0x1FF8, 0x1FF8, 0x1FF8, 0x1FF8, 0x054A, 0xB2FE,
  0x8110, 0x8118, 0x0000, 0x1FF8, 0x1FF8, 0x1FF8, 0x1FF8, 0x1FF8,
  0x1FF8, 0x1FF8, 0x1FF8, 0x1FF8, 0x1FF8, 0x1FF8, 0x1FF8, 0x1FF8,
  0x1FF8, 0x1FF8, 0x1FF8, 0x1FF8, 0x1FF8, 0x1FF8, 0x1FF8, 0x1FF8,
  0x1FF8, 0x1FF8, 0x1FF8, 0x1FF8, 0x1FF8, 0x1FF8, 0x1FF8, 0x1FF8,
  0x1FF8, 0x1FF8, 0x1FF8, 0x1FF8, 0x1FF8, 0x1FF8, 0x1FF8, 0x1FF8,
  0x1FF8, 0x8439, 0x4EC5, 0x1FF8, 0x1FF8, 0x1FF8, 0x1FF8, 0x1FF8,
  0x1FF8, 0x1FF8, 0x1FF8, 0x1FF8, 0x1FF8, 0x1FF8, 0x1FF8, 0x1FF8,
  0x1FF8, 0x1FF8, 0x1FF8, 0x1FF8, 0x1FF8, 0x1FF8, 0x1FF8, 0x1FF8,
  0x1FF8, 0x1FF8, 0x1FF8, 0x1FF8, 0x1FF8, 0x1FF8, 0x1FF8, 0x1FF8,
  0x1FF8, 0x1FF8, 0x1FF8, 0x1FF8, 0x1FF8, 0x1FF8, 0x1FF8, 0x1FF8,
  0x1FF8, 0x1FF8, 0x1FF8, 0x1FF8, 0x665A, 0x51EE, 0x0000, 0x1FF8,
  0x1FF8, 0x1FF8, 0x1FF8, 0x1FF8, 0x1FF8, 0x1FF8, 0x1FF8, 0x0000,
  0x0000, 0x1FF8, 0x1FF8, 0x1FF8, 0x1FF8, 0x1FF8, 0x1FF8, 0x1FF8,
  0x1FF8, 0x1FF8, 0x1FF8, 0x1FF8, 0x1FF8, 0x1FF8, 0x1FF8, 0x1FF8,
  0x1FF8, 0x1FF8, 0x1FF8, 0x1FF8, 0x1FF8, 0x1FF8, 0x1FF8, 0x1FF8,
  0x1FF8, 0x1FF8, 0x1FF8, 0x1FF8, 0x1FF8, 0x1FF8, 0x1FF8, 0xA439,
  0xADAC, 0xEB93, 0x1FF8, 0x1FF8, 0x1FF8, 0x1FF8, 0x1FF8, 0x1FF8,
  0x1FF8, 0x1FF8, 0x1FF8, 0x1FF8, 0x1FF8, 0x1FF8, 0x1FF8, 0x1FF8,
  0x1FF8, 0x1FF8, 0x1FF8, 0x1FF8, 0x1FF8, 0x1FF8, 0x1FF8, 0x1FF8,
  0x1FF8, 0x1FF8, 0x1FF8, 0x1FF8, 0x1FF8, 0x1FF8, 0x1FF8, 0x1FF8,
  0x1FF8, 0x1FF8, 0x1FF8, 0x1FF8, 0x1FF8, 0x1FF8, 0x1FF8, 0x1FF8,
  0x1FF8, 0x1FF8, 0x1FF8, 0x1FF8, 0x1FF8, 0x1FF8, 0x1FF8, 0x1FF8,
  0x1FF8, 0x1FF8, 0x1FF8, 0x1FF8, 0x1FF8, 0x1FF8, 0x1FF8, 0x1FF8,
  0x1FF8, 0x1FF8, 0x1FF8, 0x1FF8, 0x1FF8, 0x1FF8, 0x1FF8, 0x1FF8,
  0x1FF8, 0x1FF8, 0x1FF8, 0x1FF8, 0x1FF8, 0x1FF8, 0x1FF8, 0x1FF8,
  0x1FF8, 0x1FF8, 0x1FF8, 0x1FF8, 0x1FF8, 0x1FF8, 0x1FF8, 0x1FF8,
  0x1FF8, 0x1FF8, 0x1FF8, 0x1FF8, 0x0000, 0x0000, 0x1FF8, 0x1FF8,
  0x1FF8, 0x1FF8,
};
static const shapoco::gfx2d::Texture tex_eyelashes_open = {
  shapoco::gfx2d::PixelFormat::RGB565_SWAPPED, 43, 22, 86, tex_eyelashes_openData,
};

alignas(4) static const uint16_t tex_mouth_noseData[] = {
  0x1FF8, 0x1FF8, 0x0551, 0xA330, 0x8220, 0x2659, 0x0551, 0x8338,
  0x1FF8, 0x1FF8, 0x1FF8, 0x1FF8, 0x6220, 0x4BAA, 0xEA91, 0x4769,
  0x8DBA, 0xEECA, 0x2FD3, 0x2FCB, 0xADB2, 0xC989, 0xC440, 0x1FF8,
  0x6220, 0x4BA2, 0x2659, 0x2EC3, 0x32E4, 0x72E4, 0xB3EC, 0xB3EC,
  0xB3F4, 0x73EC, 0x70D3, 0xC438, 0x1FF8, 0xA438, 0x4A8A, 0xD4F4,
  0x93EC, 0x93EC, 0x93EC, 0x93EC, 0x93EC, 0x93EC, 0xB3EC, 0x8651,
  0x1FF8, 0x1FF8, 0x2972, 0xF4FC, 0x72E4, 0x93EC, 0x93EC, 0x93EC,
  0x93EC, 0x93EC, 0x52E4, 0x0431, 0x1FF8, 0x1FF8, 0xC328, 0x32DC,
  0xD4FC, 0x72E4, 0x93EC, 0x93EC, 0x93E4, 0x15FD, 0x2DA3, 0x1FF8,
  0x1FF8, 0x1FF8, 0x1FF8, 0x2539, 0xD0C3, 0xD4F4, 0x93EC, 0x93EC,
  0xB3EC, 0x6EB3, 0xC328, 0x1FF8, 0x1FF8, 0x1FF8, 0x1FF8, 0x1FF8,
  0x8218, 0x8A82, 0x72E4, 0xB4F4, 0x2DA3, 0x1FF8, 0x1FF8, 0x1FF8,
};
static const shapoco::gfx2d::Texture tex_mouth_nose = {
  shapoco::gfx2d::PixelFormat::RGB565_SWAPPED, 12, 8, 24, tex_mouth_noseData,
};

alignas(4) static const uint16_t tex_hair_side_fData[] = {
  0x1FF8, 0x1FF8, 0x1FF8, 0x1FF8, 0x1FF8, 0x1FF8, 0x1FF8, 0x1FF8,
  0x1FF8, 0x1FF8, 0x1FF8, 0x1FF8, 0x1FF8, 0x1FF8, 0x1FF8, 0x1FF8,
  0x1FF8, 0x1FF8, 0x1FF8, 0x1FF8, 0x1FF8, 0x1FF8, 0x1FF8, 0x1FF8,
  0x1FF8, 0x1FF8, 0x1FF8, 0x0321, 0xB7F7, 0xF8FF, 0x1FF8, 0x1FF8,
  0x1FF8, 0x1FF8, 0x1FF8, 0x1FF8, 0x1FF8, 0x1FF8, 0x1FF8, 0x1FF8,
  0x1FF8, 0x1FF8, 0x1FF8, 0x1FF8, 0x1FF8, 0x1FF8, 0x1FF8, 0x1FF8,
  0x1FF8, 0x1FF8, 0x1FF8, 0x1FF8, 0x1FF8, 0x1FF8, 0x1FF8, 0x1FF8,
  0x0000, 0x76EF, 0xF8FF, 0xF8FF, 0x1FF8, 0x1FF8, 0x1FF8, 0x1FF8,
  0x1FF8, 0x1FF8, 0x1FF8, 0x1FF8, 0x1FF8, 0x1FF8, 0x1FF8, 0x1FF8,
  0x1FF8, 0x1FF8, 0x1FF8, 0x1FF8, 0x1FF8, 0x1FF8, 0x1FF8, 0x1FF8,
  0x1FF8, 0x1FF8, 0x1FF8, 0x1FF8, 0x1FF8, 0x2D84, 0xF8FF, 0xF8FF,
  0xFAFF, 0xF8FF, 0x1FF8, 0x1FF8, 0x1FF8, 0x1FF8, 0x1FF8, 0x1FF8,
  0x1FF8, 0x1FF8, 0x1FF8, 0x1FF8, 0x1FF8, 0x1FF8, 0x1FF8, 0x1FF8,
  0x1FF8, 0x1FF8, 0x1FF8, 0x1FF8, 0x1FF8, 0x1FF8, 0x1FF8, 0x1FF8,
  0x1FF8, 0x6110, 0xF9FF, 0xF8FF, 0xF8FF, 0xF8FF, 0xF8FF, 0x1FF8,
  0x1FF8, 0x1FF8, 0x1FF8, 0x1FF8, 0x1FF8, 0x1FF8, 0x1FF8, 0x1FF8,
  0x1FF8, 0x1FF8, 0x1FF8, 0x1FF8, 0x1FF8, 0x1FF8, 0x1FF8, 0x1FF8,
  0x1FF8, 0x1FF8, 0x1FF8, 0x1FF8, 0x1FF8, 0x0321, 0xF9FF, 0xF8FF,
  0xF8FF, 0xF8FF, 0xF8FF, 0xF8FF, 0x1FF8, 0x1FF8, 0x1FF8, 0x1FF8,
  0x1FF8, 0x1FF8, 0x1FF8, 0x1FF8, 0x1FF8, 0x1FF8, 0x1FF8, 0x1FF8,
  0x1FF8, 0x1FF8, 0x1FF8, 0x1FF8, 0x1FF8, 0x1FF8, 0x1FF8, 0x1FF8,
  0x1FF8, 0x0963, 0x15F7, 0x56FF, 0xF8FF, 0xF8FF, 0xF8FF, 0xFAFF,
  0x1FF8, 0x1FF8, 0x1FF8, 0x1FF8, 0x1FF8, 0x1FF8, 0x1FF8, 0x1FF8,
  0x1FF8, 0x1FF8, 0x1FF8, 0x1FF8, 0x1FF8, 0x1FF8, 0x1FF8, 0x1FF8,
  0x1FF8, 0x1FF8, 0x1FF8, 0x1FF8, 0x1FF8, 0xD0DD, 0x31E6, 0x31E6,
  0x10E6, 0xB3F6, 0xF8FF, 0xF9FF, 0xF8FF, 0x1FF8, 0x1FF8, 0x1FF8,
  0x1FF8, 0x1FF8, 0x1FF8, 0x1FF8, 0x1FF8, 0x1FF8, 0x1FF8, 0x1FF8,
  0x1FF8, 0x1FF8, 0x1FF8, 0x1FF8, 0x1FF8, 0x1FF8, 0x1FF8, 0x1FF8,
  0x0000, 0x72F6, 0x31EE, 0x31EE, 0x31EE, 0x31E6, 0x31EE, 0xB3F6,
  0xFBFF, 0x1FF8, 0x1FF8, 0x1FF8, 0x1FF8, 0x1FF8, 0x1FF8, 0x1FF8,
  0x1FF8, 0x1FF8, 0x1FF8, 0x1FF8, 0x1FF8, 0x1FF8, 0x1FF8, 0x1FF8,
  0x1FF8, 0x1FF8, 0x1FF8, 0x1FF8, 0x8110, 0x31EE, 0x31EE, 0x31EE,
  0x31EE, 0x31EE, 0x31EE, 0x31E6, 0xD2FE, 0x1FF8, 0x1FF8, 0x1FF8,
  0x1FF8, 0x1FF8, 0x1FF8, 0x1FF8, 0x1FF8, 0x1FF8, 0x1FF8, 0x1FF8,
  0x1FF8, 0x1FF8, 0x1FF8, 0x1FF8, 0x1FF8, 0x1FF8, 0x1FF8, 0x1FF8,
  0xD0DD, 0x31EE, 0x31EE, 0x31EE, 0x31EE, 0x31EE, 0x31EE, 0x31EE,
  0xD3FE, 0x1FF8, 0x1FF8, 0x1FF8, 0x1FF8, 0x1FF8, 0x1FF8, 0x1FF8,
  0x1FF8, 0x1FF8, 0x1FF8, 0x1FF8, 0x1FF8, 0x1FF8, 0x1FF8, 0x1FF8,
  0x1FF8, 0x1FF8, 0x1FF8, 0x4108, 0x31EE, 0x31EE, 0x31EE, 0x31EE,
  0x31EE, 0x31EE, 0x31EE, 0x31EE, 0x4EC5, 0x1FF8, 0x1FF8, 0x1FF8,
  0x1FF8, 0x1FF8, 0x1FF8, 0x1FF8, 0x1FF8, 0x1FF8, 0x1FF8, 0x1FF8,
  0x1FF8, 0x1FF8, 0x1FF8, 0x1FF8, 0x1FF8, 0x1FF8, 0x1FF8, 0xD0DD,
  0x31EE, 0x31EE, 0x31EE, 0x31EE, 0x31EE, 0x31EE, 0x31EE, 0x31EE,
  0xE872, 0x1FF8, 0x1FF8, 0x1FF8, 0x1FF8, 0x1FF8, 0x1FF8, 0x1FF8,
  0x1FF8, 0x1FF8, 0x1FF8, 0x1FF8, 0x1FF8, 0x1FF8, 0x1FF8, 0x1FF8,
  0x1FF8, 0x1FF8, 0x0873, 0x31EE, 0x31EE, 0x31EE, 0x31EE, 0x31EE,
  0x31EE, 0x31EE, 0x31EE, 0x72F6, 0x8439, 0x1FF8, 0x1FF8, 0x1FF8,
  0x1FF8, 0x1FF8, 0x1FF8, 0x1FF8, 0x1FF8, 0x1FF8, 0x1FF8, 0x1FF8,
  0x1FF8, 0x1FF8, 0x1FF8, 0x1FF8, 0x1FF8, 0x0000, 0x92F6, 0x31EE,
  0x31EE, 0x31EE, 0x31EE, 0x31EE, 0x31EE, 0x31EE, 0x31EE, 0xD3FE,
  0x8118, 0x1FF8, 0x1FF8, 0x1FF8, 0x1FF8, 0x1FF8, 0x1FF8, 0x1FF8,
  0x1FF8, 0x1FF8, 0x1FF8, 0x1FF8, 0x1FF8, 0x1FF8, 0x1FF8, 0x1FF8,
  0x1FF8, 0x71F6, 0x31EE, 0x31EE, 0x31EE, 0x31EE, 0x31EE, 0x31EE,
  0x31EE, 0x31EE, 0x31EE, 0xD0DD, 0x1FF8, 0x1FF8, 0x1FF8, 0x1FF8,
  0x1FF8, 0x1FF8, 0x1FF8, 0x1FF8, 0x1FF8, 0x1FF8, 0x1FF8, 0x1FF8,
  0x1FF8, 0x1FF8, 0x1FF8, 0x1FF8, 0x0EBD, 0x31EE, 0x31EE, 0x31EE,
  0x31EE, 0x31EE, 0x31EE, 0x31EE, 0x31EE, 0x31EE, 0x51EE, 0x875A,
  0x1FF8, 0x1FF8, 0x1FF8, 0x1FF8, 0x1FF8, 0x1FF8, 0x1FF8, 0x1FF8,
  0x1FF8, 0x1FF8, 0x1FF8, 0x1FF8, 0x1FF8, 0x1FF8, 0x1FF8, 0x4652,
  0x31E6, 0x31EE, 0x31EE, 0x31EE, 0x31EE, 0x31EE, 0x31EE, 0x31EE,
  0x31EE, 0x31EE, 0xD2FE, 0x2008, 0x1FF8, 0x1FF8, 0x1FF8, 0x1FF8,
  0x1FF8, 0x1FF8, 0x1FF8, 0x1FF8, 0x1FF8, 0x1FF8, 0x1FF8, 0x1FF8,
  0x1FF8, 0x1FF8, 0x4008, 0x31E6, 0x31EE, 0x31EE, 0x31EE, 0x31EE,
  0x31EE, 0x31EE, 0x31EE, 0x31EE, 0x31EE, 0x31E6, 0x8A83, 0x1FF8,
  0x1FF8, 0x1FF8, 0x1FF8, 0x1FF8, 0x1FF8, 0x1FF8, 0x1FF8, 0x1FF8,
  0x1FF8, 0x1FF8, 0x1FF8, 0x1FF8, 0x1FF8, 0x0000, 0x31EE, 0x31EE,
  0x31EE, 0x31EE, 0x31EE, 0x31EE, 0x31EE, 0x31EE, 0x31EE, 0x31EE,
  0x31EE, 0x72F6, 0x0000, 0x1FF8, 0x1FF8, 0x1FF8, 0x1FF8, 0x1FF8,
  0x1FF8, 0x1FF8, 0x1FF8, 0x1FF8, 0x1FF8, 0x1FF8, 0x1FF8, 0x1FF8,
  0x0000, 0x51EE, 0x31EE, 0x31EE, 0x31EE, 0x31EE, 0x31EE, 0x31EE,
  0x31EE, 0x31EE, 0x31EE, 0x31EE, 0x31EE, 0xC541, 0x1FF8, 0x1FF8,
  0x1FF8, 0x1FF8, 0x1FF8, 0x1FF8, 0x1FF8, 0x1FF8, 0x1FF8, 0x1FF8,
  0x1FF8, 0x1FF8, 0x1FF8, 0x0000, 0x92FE, 0x31EE, 0x31EE, 0x31EE,
  0x31EE, 0x31EE, 0x31EE, 0x31EE, 0x31EE, 0x31EE, 0x31EE, 0x31EE,
  0x8FCD, 0x1FF8, 0x1FF8, 0x1FF8, 0x1FF8, 0x1FF8, 0x1FF8, 0x1FF8,
  0x1FF8, 0x1FF8, 0x1FF8, 0x1FF8, 0x1FF8, 0x1FF8, 0x0000, 0xB2FE,
  0x31EE, 0x31EE, 0x31EE, 0x31EE, 0x31EE, 0x31EE, 0x31EE, 0x31EE,
  0x31EE, 0x31EE, 0x31EE, 0x31EE, 0x1FF8, 0x1FF8, 0x1FF8, 0x1FF8,
  0x1FF8, 0x1FF8, 0x1FF8, 0x1FF8, 0x1FF8, 0x1FF8, 0x1FF8, 0x1FF8,
  0x1FF8, 0x0000, 0x71EE, 0x31EE, 0x31EE, 0x31EE, 0x31EE, 0x31EE,
  0x31EE, 0x31EE, 0x31EE, 0x31EE, 0x31EE, 0x31EE, 0x31EE, 0x2008,
  0x1FF8, 0x1FF8, 0x1FF8, 0x1FF8, 0x1FF8, 0x1FF8, 0x1FF8, 0x1FF8,
  0x1FF8, 0x1FF8, 0x1FF8, 0x1FF8, 0x0000, 0x31EE, 0x31EE, 0x31EE,
  0x31EE, 0x31EE, 0x31EE, 0x31EE, 0x31EE, 0x31EE, 0x31EE, 0x31EE,
  0x31EE, 0x51EE, 0x4108, 0x1FF8, 0x1FF8, 0x1FF8, 0x1FF8, 0x1FF8,
  0x1FF8, 0x1FF8, 0x1FF8, 0x1FF8, 0x1FF8, 0x1FF8, 0x1FF8, 0x0000,
  0x72EE, 0x31EE, 0x31EE, 0x31EE, 0x31E6, 0x31E6, 0x31EE, 0x31EE,
  0x31EE, 0x31EE, 0x31EE, 0x31EE, 0x92F6, 0x0000, 0x1FF8, 0x1FF8,
  0x1FF8, 0x1FF8, 0x1FF8, 0x1FF8, 0x1FF8, 0x1FF8, 0x1FF8, 0x1FF8,
  0x1FF8, 0x1FF8, 0x6110, 0xF4F6, 0x31EE, 0x31EE, 0x31EE, 0xD0E5,
  0x31EE, 0x31EE, 0x31EE, 0x31EE, 0x31EE, 0x31EE, 0x31EE, 0x72F6,
  0x0000, 0x1FF8, 0x1FF8, 0x1FF8, 0x1FF8, 0x1FF8, 0x1FF8, 0x1FF8,
  0x1FF8, 0x1FF8, 0x1FF8, 0x1FF8, 0x1FF8, 0xC85A, 0xF8FF, 0x10E6,
  0x31EE, 0x31EE, 0x0FD5, 0x31EE, 0x31EE, 0x31EE, 0x31EE, 0x31EE,
  0x31EE, 0x31EE, 0x51EE, 0x1FF8, 0x1FF8, 0x1FF8, 0x1FF8, 0x1FF8,
  0x1FF8, 0x1FF8, 0x1FF8, 0x1FF8, 0x1FF8, 0x1FF8, 0x1FF8, 0x1FF8,
  0x94D6, 0xF8FF, 0x14F7, 0x31E6, 0x31E6, 0xACBB, 0x51EE, 0x31EE,
  0x31EE, 0x31EE, 0x31EE, 0x31EE, 0x31EE, 0x51EE, 0x1FF8, 0x1FF8,
  0x1FF8, 0x1FF8, 0x1FF8, 0x1FF8, 0x1FF8, 0x1FF8, 0x1FF8, 0x1FF8,
  0x1FF8, 0x1FF8, 0x1FF8, 0xF8FF, 0xF8FF, 0xF8FF, 0x15F7, 0x31EE,
  0x4BBB, 0x51EE, 0x31EE, 0x31EE, 0x31EE, 0x31EE, 0x31EE, 0x31EE,
  0x697B, 0x1FF8, 0x1FF8, 0x1FF8, 0x1FF8, 0x1FF8, 0x1FF8, 0x1FF8,
  0x1FF8, 0x1FF8, 0x1FF8, 0x1FF8, 0x1FF8, 0x6108, 0xF8FF, 0xF8FF,
  0xF8FF, 0xF8FF, 0xF9FF, 0xADC3, 0x31EE, 0x31E6, 0x31E6, 0x11E6,
  0x10E6, 0x31E6, 0xB7FF, 0x4108, 0x1FF8, 0x1FF8, 0x1FF8, 0x1FF8,
  0x1FF8, 0x1FF8, 0x1FF8, 0x1FF8, 0x1FF8, 0x1FF8, 0x1FF8, 0x1FF8,
  0xD5DE, 0xF8FF, 0xF8FF, 0xF8FF, 0xF8FF, 0xD4FD, 0x12F5, 0xF9FF,
  0xF9FF, 0xD8FF, 0xF8FF, 0xF8FF, 0xF8FF, 0xF9FF, 0x1FF8, 0x1FF8,
  0x1FF8, 0x1FF8, 0x1FF8, 0x1FF8, 0x1FF8, 0x1FF8, 0x1FF8, 0x1FF8,
  0x1FF8, 0x1FF8, 0x2008, 0xF9FF, 0xF8FF, 0xF8FF, 0xF8FF, 0xF8FF,
  0x53F5, 0x12F5, 0xF8FF, 0xF8FF, 0xF8FF, 0xF8FF, 0xF8FF, 0xF8FF,
  0x53CE, 0x1FF8, 0x1FF8, 0x1FF8, 0x1FF8, 0x1FF8, 0x1FF8, 0x1FF8,
  0x1FF8, 0x1FF8, 0x1FF8, 0x1FF8, 0x1FF8, 0xCE94, 0xF8FF, 0xF8FF,
  0xF8FF, 0xF8FF, 0xD4FD, 0x53F5, 0x32F5, 0xF8FF, 0xF8FF, 0xF8FF,
  0xF8FF, 0xF8FF, 0xF8FF, 0xE318, 0x1FF8, 0x1FF8, 0x1FF8, 0x1FF8,
  0x1FF8, 0x1FF8, 0x1FF8, 0x1FF8, 0x1FF8, 0x1FF8, 0x1FF8, 0x0000,
  0xFAFF, 0xF8FF, 0xF8FF, 0xF8FF, 0xD8FF, 0x32F5, 0x53F5, 0x14FE,
  0xF8FF, 0xF8FF, 0xF8FF, 0xF9FF, 0xF9FF, 0x96FF, 0x1FF8, 0x1FF8,
  0x1FF8, 0x1FF8, 0x1FF8, 0x1FF8, 0x1FF8, 0x1FF8, 0x1FF8, 0x1FF8,
  0x1FF8, 0x1FF8, 0xAE94, 0xF8FF, 0xF8FF, 0xF8FF, 0xF8FF, 0x53F5,
  0x53F5, 0x53F5, 0xD8FF, 0xD7FF, 0x55F7, 0x72EE, 0x10E6, 0x31E6,
  0x2008, 0x1FF8, 0x1FF8, 0x1FF8, 0x1FF8, 0x1FF8, 0x1FF8, 0x1FF8,
  0x1FF8, 0x1FF8, 0x1FF8, 0x1FF8, 0x0000, 0xF9FF, 0xF8FF, 0xF8FF,
  0xF8FF, 0x77FF, 0x53F5, 0x6FDC, 0x4BBB, 0x11E6, 0x31E6, 0x31EE,
  0x31EE, 0x31EE, 0x8FD5, 0x0000, 0x1FF8, 0x1FF8, 0x1FF8, 0x1FF8,
  0x1FF8, 0x1FF8, 0x1FF8, 0x1FF8, 0x1FF8, 0x1FF8, 0x1FF8, 0x97EF,
  0xF8FF, 0xF8FF, 0x96FF, 0xF3F6, 0x2BB3, 0x6BBB, 0x6BBB, 0x71EE,
  0x31EE, 0x31EE, 0x31EE, 0x31EE, 0x11E6, 0x0008, 0x1FF8, 0x1FF8,
  0x1FF8, 0x1FF8, 0x1FF8, 0x1FF8, 0x1FF8, 0x1FF8, 0x1FF8, 0x1FF8,
  0x1FF8, 0x6B6B, 0xF8FF, 0x14F7, 0xF0E5, 0x31E6, 0x8ECC, 0x6BBB,
  0x6BBB, 0x4DCC, 0x31E6, 0x31EE, 0x31EE, 0x31EE, 0x31EE, 0x4118,
  0xC228, 0x1FF8, 0x1FF8, 0x1FF8, 0x1FF8, 0x1FF8, 0x1FF8, 0x1FF8,
  0x1FF8, 0x1FF8, 0x1FF8, 0x0000, 0x94DE, 0x10E6, 0x31EE, 0x31EE,
  0x92EE, 0x6BBB, 0x6BBB, 0xCCC3, 0x51EE, 0x31EE, 0x31EE, 0x31EE,
  0x31EE, 0x497B, 0x6CC3, 0x1FF8, 0x1FF8, 0x1FF8, 0x1FF8, 0x1FF8,
  0x1FF8, 0x1FF8, 0x1FF8, 0x1FF8, 0x1FF8, 0x1FF8, 0x8F9C, 0x4B9C,
  0x31EE, 0x31EE, 0x31E6, 0xCCC3, 0x6BBB, 0xCCC3, 0x71EE, 0x31EE,
  0x31EE, 0x31EE, 0x31E6, 0x2ECD, 0xA661, 0xA559, 0x1FF8, 0x1FF8,
  0x1FF8, 0x1FF8, 0x1FF8, 0x1FF8, 0x1FF8, 0x1FF8, 0x1FF8, 0x1FF8,
  0xE320, 0x8FA4, 0xB2FE, 0x31EE, 0x31EE, 0x31E6, 0x6BBB, 0x6BBB,
  0x71EE, 0x31EE, 0x31EE, 0x31EE, 0x31EE, 0x92F6, 0x6220, 0xCDD3,
  0x0000, 0x1FF8, 0x1FF8, 0x1FF8, 0x1FF8, 0x1FF8, 0x1FF8, 0x1FF8,
  0x1FF8, 0x1FF8, 0x0000, 0x55DE, 0x6110, 0x72F6, 0x31EE, 0x31E6,
  0xCCC3, 0x2BBB, 0x11E6, 0x31E6, 0x31EE, 0x31EE, 0x31EE, 0x51EE,
  0x6431, 0x6BBB, 0x6882, 0x1FF8, 0x1FF8, 0x1FF8, 0x1FF8, 0x1FF8,
  0x1FF8, 0x1FF8, 0x1FF8, 0x1FF8, 0x1FF8, 0xF2A4, 0x35D6, 0x2000,
  0x31EE, 0x31EE, 0x51EE, 0x2BB3, 0x6FDD, 0x31E6, 0x31EE, 0x31EE,
  0x31EE, 0x31EE, 0xCA8B, 0xEAA2, 0x6BBB, 0x0000, 0x1FF8, 0x1FF8,
  0x1FF8, 0x1FF8, 0x1FF8, 0x1FF8, 0x1FF8, 0x1FF8, 0x1FF8, 0x8631,
  0x94BD, 0x52B5, 0x2331, 0x31EE, 0x31E6, 0xD0E5, 0xAED4, 0x31EE,
  0x31EE, 0x31EE, 0x31EE, 0x31EE, 0x92F6, 0xC661, 0x6BBB, 0xEAA2,
  0x1FF8, 0x1FF8, 0x1FF8, 0x1FF8, 0x1FF8, 0x1FF8, 0x1FF8, 0x1FF8,
  0x1FF8, 0x1FF8, 0x75B5, 0x74B5, 0x484A, 0x497B, 0x31E6, 0x31EE,
  0xACBB, 0x51EE, 0x31EE, 0x31EE, 0x31EE, 0x31EE, 0x92F6, 0x4000,
  0x6BBB, 0x6CBB, 0x0000, 0x1FF8, 0x1FF8, 0x1FF8, 0x1FF8, 0x1FF8,
  0x1FF8, 0x1FF8, 0x1FF8, 0x1FF8, 0x6108, 0x56AD, 0x75B5, 0x0000,
  0x4CA4, 0x31E6, 0x31EE, 0x4DCC, 0x31EE, 0x31EE, 0x31EE, 0x31EE,
  0x31E6, 0x875A, 0x8CC3, 0x6BBB, 0x6BBB, 0x1FF8, 0x1FF8, 0x1FF8,
  0x1FF8, 0x1FF8, 0x1FF8, 0x1FF8, 0x1FF8, 0x1FF8, 0x1FF8, 0xF17B,
  0x56A5, 0x56AD, 0x0000, 0x71C5, 0x31E6, 0x71EE, 0x11E6, 0x31EE,
  0x31EE, 0x31EE, 0x31EE, 0x51EE, 0x4449, 0x6BBB, 0x6BBB, 0xA559,
  0x1FF8, 0x1FF8, 0x1FF8, 0x1FF8, 0x1FF8, 0x1FF8, 0x1FF8, 0x1FF8,
  0x1FF8, 0x1FF8, 0x589D, 0x369D, 0x97AD, 0x1FF8, 0xD4C5, 0x31E6,
  0x11E6, 0x51EE, 0x31EE, 0x31EE, 0x31EE, 0x31E6, 0x0873, 0xACCB,
  0x6BBB, 0x8CC3, 0x0000, 0x1FF8, 0x1FF8, 0x1FF8, 0x1FF8, 0x1FF8,
  0x1FF8, 0x1FF8, 0x1FF8, 0x1FF8, 0x0000, 0xF78C, 0x1795, 0x99AD,
  0x1FF8, 0x53AD, 0x31E6, 0x90DD, 0x31EE, 0x31EE, 0x31EE, 0x31EE,
  0x51EE, 0xA228, 0x6BBB, 0x6BBB, 0x6CBB, 0x1FF8, 0x1FF8, 0x1FF8,
  0x1FF8, 0x1FF8, 0x1FF8, 0x1FF8, 0x1FF8, 0x1FF8, 0x1FF8, 0x4721,
  0xD884, 0xF88C, 0x1895, 0x1FF8, 0xD39C, 0x31EE, 0x90DD, 0x31E6,
  0x31EE, 0x31EE, 0x31E6, 0xD0DD, 0x0AAB, 0x6BBB, 0x6BBB, 0xC661,
  0x1FF8, 0x1FF8, 0x1FF8, 0x1FF8, 0x1FF8, 0x1FF8, 0x1FF8, 0x1FF8,
  0x1FF8, 0x1FF8, 0xCE4A, 0xB97C, 0xD97C, 0xB784, 0x1FF8, 0x5284,
  0x31EE, 0x6FDD, 0x31E6, 0x31EE, 0x31EE, 0x31EE, 0x2B9C, 0xACCB,
  0x6BBB, 0x6BBB, 0x0000, 0x1FF8, 0x1FF8, 0x1FF8, 0x1FF8, 0x1FF8,
  0x1FF8, 0x1FF8, 0x1FF8, 0x1FF8, 0x1FF8, 0xB45B, 0x9974, 0xB974,
  0xD97C, 0x1FF8, 0x906B, 0x31EE, 0x11EE, 0x31EE, 0x31EE, 0x31EE,
  0x31E6, 0xC86A, 0x6CBB, 0x6BBB, 0x8CC3, 0x0000, 0x1FF8, 0x1FF8,
  0x1FF8, 0x1FF8, 0x1FF8, 0x1FF8, 0x1FF8, 0x1FF8, 0x1FF8, 0x1FF8,
  0x386C, 0x9A6C, 0x9A6C, 0x1C7D, 0x1FF8, 0xCD52, 0x31EE, 0x2B9C,
  0x31EE, 0x31EE, 0x31EE, 0x31E6, 0x4652, 0x6BBB, 0x6BBB, 0x6BBB,
  0x1FF8, 0x1FF8, 0x1FF8, 0x1FF8, 0x1FF8, 0x1FF8, 0x1FF8, 0x1FF8,
  0x1FF8, 0x1FF8, 0x1FF8, 0x1764, 0x7A64, 0x7A6C, 0xFC7C, 0x1FF8,
  0x2521, 0x31EE, 0xADB4, 0xF0DD, 0x31EE, 0x31EE, 0x31E6, 0xE86A,
  0x6CBB, 0x6BBB, 0xEA9A, 0x1FF8, 0x1FF8, 0x1FF8, 0x1FF8, 0x1FF8,
  0x1FF8, 0x1FF8, 0x1FF8, 0x1FF8, 0x1FF8, 0x1FF8, 0xB65B, 0x5B64,
  0x5B64, 0xBC6C, 0x1FF8, 0x0000, 0x31EE, 0xD0DD, 0x8983, 0x31E6,
  0x31EE, 0x31E6, 0x6CA4, 0x4BBB, 0x6BBB, 0x477A, 0x1FF8, 0x1FF8,
  0x1FF8, 0x1FF8, 0x1FF8, 0x1FF8, 0x1FF8, 0x1FF8, 0x1FF8, 0x1FF8,
  0x1FF8, 0x334B, 0x5B5C, 0x5B5C, 0x7B64, 0x1FF8, 0x1FF8, 0xF0E5,
  0x31EE, 0x0000, 0xB2FE, 0x31EE, 0x31EE, 0xB0D5, 0x688A, 0x6BBB,
  0xE669, 0x1FF8, 0x1FF8, 0x1FF8, 0x1FF8, 0x1FF8, 0x1FF8, 0x1FF8,
  0x1FF8, 0x1FF8, 0x1FF8, 0x1FF8, 0xEC29, 0x3B5C, 0x3C54, 0x3B5C,
  0x0000, 0x1FF8, 0x8CAC, 0x31EE, 0xA439, 0x497B, 0x31E6, 0x31EE,
  0x31E6, 0x8228, 0x6BBB, 0x076A, 0x1FF8, 0x1FF8, 0x1FF8, 0x1FF8,
  0x1FF8, 0x1FF8, 0x1FF8, 0x1FF8, 0x1FF8, 0x1FF8, 0x1FF8, 0xC510,
  0x3C54, 0x3C54, 0x3C54, 0x0000, 0x1FF8, 0x2329, 0x51EE, 0xF0DD,
  0x1FF8, 0x92F6, 0x31EE, 0x31EE, 0x8441, 0xACCB, 0x888A, 0x1FF8,
  0x1FF8, 0x1FF8, 0x1FF8, 0x1FF8, 0x1FF8, 0x1FF8, 0x1FF8, 0x1FF8,
  0x1FF8, 0x1FF8, 0x2100, 0x7E5C, 0x1C54, 0x1C54, 0x2F2A, 0x1FF8,
  0x1FF8, 0xF0E5, 0x72F6, 0x8118, 0x4331, 0xD3FE, 0x31EE, 0xB2FE,
  0xE669, 0x2AAB, 0x1FF8, 0x1FF8, 0x1FF8, 0x1FF8, 0x1FF8, 0x1FF8,
  0x1FF8, 0x1FF8, 0x1FF8, 0x1FF8, 0x1FF8, 0x1FF8, 0xD94B, 0x1C4C,
  0x1C4C, 0xFB4B, 0x1FF8, 0x1FF8, 0xE549, 0x51EE, 0xADB4, 0x1FF8,
  0x0329, 0xD3FE, 0x31EE, 0x2772, 0xACCB, 0x0000, 0x1FF8, 0x1FF8,
  0x1FF8, 0x1FF8, 0x1FF8, 0x1FF8, 0x1FF8, 0x1FF8, 0x1FF8, 0x1FF8,
  0x1FF8, 0x4208, 0x1C4C, 0x1D4C, 0x7F54, 0x0000, 0x1FF8, 0x1FF8,
  0x6FCD, 0x92F6, 0xE220, 0x1FF8, 0x8110, 0xF0DD, 0xB2F6, 0xA220,
  0x2BAB, 0x1FF8, 0x1FF8, 0x1FF8, 0x1FF8, 0x1FF8, 0x1FF8, 0x1FF8,
  0x1FF8, 0x1FF8, 0x1FF8, 0x1FF8, 0x0000, 0xBA43, 0xFD4B, 0x1D4C,
  0x8B19, 0x1FF8, 0x1FF8, 0x4108, 0xB2FE, 0xF0E5, 0x1FF8, 0x1FF8,
  0x1FF8, 0xC218, 0x4CB4, 0x2441, 0x1FF8, 0x1FF8, 0x1FF8, 0x1FF8,
  0x1FF8, 0x1FF8, 0x1FF8, 0x1FF8, 0x1FF8, 0x1FF8, 0x1FF8, 0x1FF8,
  0x0000, 0xFC4B, 0xFD43, 0xDB43, 0x1FF8, 0x1FF8, 0x1FF8, 0xC220,
  0xF3FE, 0xC86A, 0x1FF8, 0x1FF8, 0x1FF8, 0x1FF8, 0x0000, 0x0000,
  0x0000, 0x1FF8, 0x1FF8, 0x1FF8, 0x1FF8, 0x1FF8, 0x1FF8, 0x1FF8,
  0x1FF8, 0x1FF8, 0x1FF8, 0x1FF8, 0x2811, 0xFD43, 0x1D4C, 0x4919,
  0x1FF8, 0x1FF8, 0x1FF8, 0xA218, 0xB2FE, 0x8439, 0x1FF8, 0x1FF8,
  0x1FF8, 0x1FF8, 0x1FF8, 0x1FF8, 0x1FF8, 0x1FF8, 0x1FF8, 0x1FF8,
  0x1FF8, 0x1FF8, 0x1FF8, 0x1FF8, 0x1FF8, 0x1FF8, 0x1FF8, 0x1FF8,
  0xB32A, 0xFD43, 0xDB43, 0x1FF8, 0x1FF8, 0x1FF8, 0x1FF8, 0x0000,
  0x8CAC, 0x0329, 0x1FF8, 0x1FF8, 0x1FF8, 0x1FF8, 0x1FF8, 0x1FF8,
  0x1FF8, 0x1FF8, 0x1FF8, 0x1FF8, 0x1FF8, 0x1FF8, 0x1FF8, 0x1FF8,
  0x1FF8, 0x1FF8, 0x1FF8, 0x1FF8, 0xCD21, 0xFD43, 0xB332, 0x1FF8,
  0x1FF8, 0x1FF8, 0x1FF8, 0x1FF8, 0x0000, 0x0000, 0x1FF8, 0x1FF8,
  0x1FF8, 0x1FF8, 0x1FF8, 0x1FF8, 0x1FF8, 0x1FF8, 0x1FF8, 0x1FF8,
  0x1FF8, 0x1FF8, 0x1FF8, 0x1FF8, 0x1FF8, 0x1FF8, 0x1FF8, 0x1FF8,
  0x0000, 0x3E4C, 0x8A21, 0x1FF8, 0x1FF8, 0x1FF8, 0x1FF8, 0x1FF8,
  0x1FF8, 0x1FF8, 0x1FF8, 0x1FF8, 0x1FF8, 0x1FF8, 0x1FF8, 0x1FF8,
  0x1FF8, 0x1FF8, 0x1FF8, 0x1FF8, 0x1FF8, 0x1FF8, 0x1FF8, 0x1FF8,
  0x1FF8, 0x1FF8, 0x1FF8, 0x1FF8, 0x1FF8, 0xAB21, 0x6208, 0x1FF8,
  0x1FF8, 0x1FF8, 0x1FF8, 0x1FF8, 0x1FF8, 0x1FF8, 0x1FF8, 0x1FF8,
  0x1FF8, 0x1FF8, 0x1FF8, 0x1FF8, 0x1FF8, 0x1FF8, 0x1FF8, 0x1FF8,
  0x1FF8, 0x1FF8, 0x1FF8, 0x1FF8, 0x1FF8, 0x1FF8, 0x1FF8, 0x1FF8,
  0x1FF8, 0x1FF8, 0x1FF8, 0x1FF8, 0x1FF8, 0x1FF8, 0x1FF8, 0x1FF8,
  0x1FF8, 0x1FF8, 0x1FF8, 0x1FF8, 0x1FF8, 0x1FF8, 0x1FF8, 0x1FF8,
  0x1FF8, 0x1FF8,
};
static const shapoco::gfx2d::Texture tex_hair_side_f = {
  shapoco::gfx2d::PixelFormat::RGB565_SWAPPED, 27, 70, 54, tex_hair_side_fData,
};

alignas(4) static const uint16_t tex_l_hoodieData[] = {
  0x1FF8, 0x1FF8, 0x1FF8, 0x1FF8, 0x1FF8, 0x1FF8, 0x1FF8, 0x1FF8,
  0x1FF8, 0x1FF8, 0x1FF8, 0x1FF8, 0x1FF8, 0x1FF8, 0x1FF8, 0x1FF8,
  0x1FF8, 0x1FF8, 0x1FF8, 0x1FF8, 0x1FF8, 0x1FF8, 0x1FF8, 0x1FF8,
  0x1FF8, 0x1FF8, 0x1FF8, 0x1FF8, 0x1FF8, 0x1FF8, 0x1FF8, 0x1FF8,
  0x1FF8, 0x1FF8, 0x1FF8, 0x1FF8, 0x1FF8, 0x1FF8, 0x1FF8, 0x1FF8,
  0x1FF8, 0x1FF8, 0x1FF8, 0x1FF8, 0x1FF8, 0x1FF8, 0x1FF8, 0x1FF8,
  0x1FF8, 0x1FF8, 0x1FF8, 0x1FF8, 0x1FF8, 0x1FF8, 0x1FF8, 0x1FF8,
  0x1FF8, 0x1FF8, 0x1FF8, 0x1FF8, 0x1FF8, 0x1FF8, 0x1FF8, 0x1FF8,
  0x1FF8, 0x1FF8, 0x1FF8, 0x1FF8, 0x1FF8, 0x1FF8, 0x1FF8, 0x1FF8,
  0x1FF8, 0x1FF8, 0x1FF8, 0x1FF8, 0x1FF8, 0x1FF8, 0x1FF8, 0x1FF8,
  0x1FF8, 0x1FF8, 0x1FF8, 0x1FF8, 0x1FF8, 0x1FF8, 0x1FF8, 0x1FF8,
  0x1FF8, 0x1FF8, 0x1FF8, 0x1FF8, 0x1FF8, 0x1FF8, 0x1FF8, 0x1FF8,
  0x1FF8, 0x1FF8, 0x1FF8, 0x1FF8, 0x1FF8, 0x1FF8, 0x1FF8, 0x1FF8,
  0x1FF8, 0x1FF8, 0x1FF8, 0x1FF8, 0x1FF8, 0x1FF8, 0x1FF8, 0x1FF8,
  0x1FF8, 0x1FF8, 0x1FF8, 0x1FF8, 0x1FF8, 0x1FF8, 0x0000, 0x0000,
  0x0000, 0x0000, 0xE420, 0xA318, 0x6529, 0x494A, 0xAA52, 0x2D6B,
  0x2842, 0xE420, 0x0000, 0x1FF8, 0x1FF8, 0x1FF8, 0x1FF8, 0x1FF8,
  0x1FF8, 0x1FF8, 0x1FF8, 0x1FF8, 0x1FF8, 0x1FF8, 0x1FF8, 0x1FF8,
  0x1FF8, 0x1FF8, 0x1FF8, 0x1FF8, 0x1FF8, 0x1FF8, 0x1FF8, 0x1FF8,
  0x1FF8, 0x1FF8, 0x1FF8, 0x1FF8, 0x1FF8, 0x1FF8, 0x1FF8, 0x1FF8,
  0x1FF8, 0x1FF8, 0x1FF8, 0x1FF8, 0x1FF8, 0x1FF8, 0x1FF8, 0x1FF8,
  0x1FF8, 0x1FF8, 0x1FF8, 0x1FF8, 0x1FF8, 0x1FF8, 0x1FF8, 0x1FF8,
  0x1FF8, 0x1FF8, 0x1FF8, 0x1FF8, 0x1FF8, 0x1FF8, 0x1FF8, 0x1FF8,
  0x1FF8, 0x1FF8, 0x1FF8, 0x1FF8, 0x1FF8, 0x1FF8, 0x1FF8, 0x0000,
  0x0000, 0x0000, 0x8631, 0x718C, 0xFBDE, 0xDFFF, 0xFFFF, 0xFFFF,
  0xFFFF, 0xFFFF, 0xFFFF, 0xFFFF, 0xFFFF, 0xFFFF, 0xFFFF, 0xFFFF,
  0xFFFF, 0xFFFF, 0xFFFF, 0xFFFF, 0xFFFF, 0xFFFF, 0x18C6, 0x2D6B,
  0x0421, 0x0000, 0x1FF8, 0x1FF8, 0x1FF8, 0x1FF8, 0x1FF8, 0x1FF8,
  0x1FF8, 0x1FF8, 0x1FF8, 0x1FF8, 0x1FF8, 0x1FF8, 0x1FF8, 0x1FF8,
  0x1FF8, 0x1FF8, 0x1FF8, 0x1FF8, 0x1FF8, 0x1FF8, 0x1FF8, 0x1FF8,
  0x1FF8, 0x1FF8, 0x1FF8, 0x1FF8, 0x1FF8, 0x1FF8, 0x1FF8, 0x1FF8,
  0x1FF8, 0x1FF8, 0x1FF8, 0x1FF8, 0x1FF8, 0x1FF8, 0x1FF8, 0x1FF8,
  0x1FF8, 0x1FF8, 0x1FF8, 0x1FF8, 0x1FF8, 0x1FF8, 0x1FF8, 0x1FF8,
  0x1FF8, 0x1FF8, 0x0000, 0xA318, 0x8631, 0x9294, 0xF7BD, 0xDBDE,
  0xFFFF, 0xFFFF, 0xFFFF, 0xFFFF, 0xFFFF, 0xFFFF, 0xFFFF, 0xFFFF,
  0xFFFF, 0xFFFF, 0xFFFF, 0xFFFF, 0xFFFF, 0xFFFF, 0xFFFF, 0xFFFF,
  0xFFFF, 0xFFFF, 0xFFFF, 0xFFFF, 0xFFFF, 0xFFFF, 0xFFFF, 0xFFFF,
  0xFFFF, 0xFFFF, 0xFFFF, 0xFFFF, 0xCF7B, 0x2000, 0x1FF8, 0x1FF8,
  0x1FF8, 0x1FF8, 0x1FF8, 0x1FF8, 0x1FF8, 0x1FF8, 0x1FF8, 0x1FF8,
  0x1FF8, 0x1FF8, 0x1FF8, 0x1FF8, 0x1FF8, 0x1FF8, 0x1FF8, 0x1FF8,
  0x1FF8, 0x1FF8, 0x1FF8, 0x1FF8, 0x1FF8, 0x1FF8, 0x1FF8, 0x1FF8,
  0x1FF8, 0x1FF8, 0x1FF8, 0x1FF8, 0x1FF8, 0x1FF8, 0x1FF8, 0x1FF8,
  0x1FF8, 0x1FF8, 0x1FF8, 0x1FF8, 0x1FF8, 0x1FF8, 0x1FF8, 0x0000,
  0xE420, 0x75AD, 0xFFFF, 0xFFFF, 0xFFFF, 0xFFFF, 0xFFFF, 0xFFFF,
  0xFFFF, 0xFFFF, 0xFFFF, 0xFFFF, 0xFFFF, 0xFFFF, 0xFFFF, 0xFFFF,
  0xFFFF, 0xFFFF, 0xFFFF, 0xFFFF, 0xFFFF, 0xFFFF, 0xFFFF, 0xFFFF,
  0xFFFF, 0xFFFF, 0xFFFF, 0xFFFF, 0xFFFF, 0xFFFF, 0xFFFF, 0xFFFF,
  0xFFFF, 0xFFFF, 0xFFFF, 0xFFFF, 0xFFFF, 0xFFFF, 0xFFFF, 0xF39C,
  0x0000, 0x1FF8, 0x1FF8, 0x1FF8, 0x1FF8, 0x1FF8, 0x1FF8, 0x1FF8,
  0x1FF8, 0x1FF8, 0x1FF8, 0x1FF8, 0x1FF8, 0x1FF8, 0x1FF8, 0x1FF8,
  0x1FF8, 0x1FF8, 0x1FF8, 0x1FF8, 0x1FF8, 0x1FF8, 0x1FF8, 0x1FF8,
  0x1FF8, 0x1FF8, 0x1FF8, 0x1FF8, 0x1FF8, 0x1FF8, 0x1FF8, 0x1FF8,
  0x1FF8, 0x1FF8, 0x1FF8, 0x1FF8, 0x0000, 0x0000, 0x75AD, 0xFFFF,
  0xFFFF, 0xFFFF, 0xFFFF, 0xFFFF, 0xFFFF, 0xFFFF, 0xFFFF, 0xFFFF,
  0xFFFF, 0xFFFF, 0xFFFF, 0xFFFF, 0xFFFF, 0xFFFF, 0xFFFF, 0x17C6,
  0x3084, 0xAA52, 0x4529, 0xE318, 0x8210, 0xC318, 0x0421, 0x8631,
  0xCB5A, 0x518C, 0x96B5, 0x3CE7, 0xBEF7, 0xFFFF, 0xFFFF, 0xFFFF,
  0xFFFF, 0xFFFF, 0xFFFF, 0xFFFF, 0xFFFF, 0xFFFF, 0xFFFF, 0xFFFF,
  0xFFFF, 0xFFFF, 0xCB5A, 0x0000, 0x1FF8, 0x1FF8, 0x1FF8, 0x1FF8,
  0x1FF8, 0x1FF8, 0x1FF8, 0x1FF8, 0x1FF8, 0x1FF8, 0x1FF8, 0x1FF8,
  0x1FF8, 0x1FF8, 0x1FF8, 0x1FF8, 0x1FF8, 0x1FF8, 0x1FF8, 0x1FF8,
  0x1FF8, 0x1FF8, 0x1FF8, 0x1FF8, 0x1FF8, 0x1FF8, 0x1FF8, 0x1FF8,
  0x1FF8, 0x1FF8, 0x0000, 0xEB5A, 0x58C6, 0xFFFF, 0xFFFF, 0xFFFF,
  0xFFFF, 0xFFFF, 0xFFFF, 0xFFFF, 0xFFFF, 0xFFFF, 0xFFFF, 0xFFFF,
  0xFFFF, 0x9DEF, 0x75AD, 0x294A, 0x2000, 0x2521, 0x1184, 0x18BE,
  0xFCD6, 0x1DDF, 0xDBD6, 0xFCDE, 0xFCD6, 0xDBD6, 0xFCDE, 0xDCD6,
  0xFCDE, 0x1DDF, 0x3DDF, 0x5DE7, 0xDBD6, 0x39BE, 0x728C, 0xA731,
  0xA318, 0x8E73, 0xDBDE, 0xFFFF, 0xFFFF, 0xFFFF, 0xFFFF, 0xFFFF,
  0xFFFF, 0xFFFF, 0xFFFF, 0xFFFF, 0xFFFF, 0x0000, 0x1FF8, 0x1FF8,
  0x1FF8, 0x1FF8, 0x1FF8, 0x1FF8, 0x1FF8, 0x1FF8, 0x1FF8, 0x1FF8,
  0x1FF8, 0x1FF8, 0x1FF8, 0x1FF8, 0x1FF8, 0x1FF8, 0x1FF8, 0x1FF8,
  0x1FF8, 0x1FF8, 0x1FF8, 0x1FF8, 0x1FF8, 0x1FF8, 0x1FF8, 0x1FF8,
  0x1FF8, 0x2529, 0xFBDE, 0xFFFF, 0xFFFF, 0xFFFF, 0xFFFF, 0xFFFF,
  0xFFFF, 0xFFFF, 0xFFFF, 0xFFFF, 0xFFFF, 0x9DF7, 0x55AD, 0xA631,
  0x4108, 0x2D63, 0x39C6, 0x7ACE, 0x39C6, 0x39C6, 0x9BCE, 0xDBD6,
  0xDBD6, 0xDBD6, 0xDBD6, 0xDBD6, 0xDBD6, 0xDBD6, 0xDBD6, 0xDBD6,
  0xDBD6, 0xDBD6, 0xDBD6, 0xDBD6, 0xDBD6, 0xDBD6, 0xDBD6, 0xDBD6,
  0xDBD6, 0xDCD6, 0xDBD6, 0xBBD6, 0xCC5A, 0x6210, 0xB294, 0xFFFF,
  0xFFFF, 0xFFFF, 0xFFFF, 0xFFFF, 0xFFFF, 0xFFFF, 0xFFFF, 0xC739,
  0x0000, 0x1FF8, 0x1FF8, 0x1FF8, 0x1FF8, 0x1FF8, 0x1FF8, 0x1FF8,
  0x1FF8, 0x1FF8, 0x1FF8, 0x1FF8, 0x1FF8, 0x1FF8, 0x1FF8, 0x1FF8,
  0x1FF8, 0x1FF8, 0x1FF8, 0x1FF8, 0x1FF8, 0x1FF8, 0x1FF8, 0x1FF8,
  0x4108, 0x1BDF, 0xFFFF, 0xFFFF, 0xFFFF, 0xFFFF, 0xFFFF, 0xFFFF,
  0xFFFF, 0xFFFF, 0xFFFF, 0x96B5, 0x2000, 0xEC5A, 0xB7B5, 0x7ACE,
  0x39C6, 0x39C6, 0x39C6, 0x39C6, 0x39C6, 0x39C6, 0xDBD6, 0xDBD6,
  0xDBD6, 0xDBD6, 0xDBD6, 0xDBD6, 0xDBD6, 0xDBD6, 0xDBD6, 0xDBD6,
  0xDBD6, 0xDBD6, 0xDBD6, 0xDBD6, 0xDBD6, 0xDBD6, 0xDBD6, 0xDBD6,
  0xDBD6, 0xDBD6, 0xDBD6, 0xDBD6, 0xDBD6, 0xDBD6, 0xDBD6, 0x1DDF,
  0x6E6B, 0x0421, 0xDAD6, 0xFFFF, 0xFFFF, 0xFFFF, 0xFFFF, 0xFFFF,
  0xFFFF, 0xB294, 0x1FF8, 0x1FF8, 0x1FF8, 0x1FF8, 0x1FF8, 0x1FF8,
  0x1FF8, 0x1FF8, 0x1FF8, 0x1FF8, 0x1FF8, 0x1FF8, 0x1FF8, 0x1FF8,
  0x1FF8, 0x1FF8, 0x1FF8, 0x1FF8, 0x1FF8, 0x1FF8, 0x1FF8, 0x1FF8,
  0x4D6B, 0xFFFF, 0xFFFF, 0xFFFF, 0xFFFF, 0xFFFF, 0xFFFF, 0xDFFF,
  0x96B5, 0xC739, 0x8210, 0x728C, 0x7ACE, 0x5ACE, 0x39C6, 0x39C6,
  0x39C6, 0x39C6, 0x39C6, 0x39C6, 0x39C6, 0x9BCE, 0xDBD6, 0xDBD6,
  0xDBD6, 0xDBD6, 0xDBD6, 0xDBD6, 0xDBD6, 0xDBD6, 0xDBD6, 0xDBD6,
  0xDBD6, 0xDBD6, 0xDBD6, 0xDBD6, 0xDBD6, 0xDBD6, 0xDBD6, 0xDBD6,
  0xDBD6, 0xDBD6, 0xDBD6, 0xDBD6, 0xDBD6, 0xDBD6, 0xDBD6, 0xDBD6,
  0xDBD6, 0xDBD6, 0xFCD6, 0x76AD, 0x2421, 0x34A5, 0xFFFF, 0xFFFF,
  0xFFFF, 0xFFFF, 0xFFFF, 0xDBDE, 0x0000, 0x1FF8, 0x1FF8, 0x1FF8,
  0x1FF8, 0x1FF8, 0x1FF8, 0x1FF8, 0x1FF8, 0x1FF8, 0x1FF8, 0x1FF8,
  0x1FF8, 0x1FF8, 0x1FF8, 0x1FF8, 0x1FF8, 0x1FF8, 0x1FF8, 0x0000,
  0x3CE7, 0xFFFF, 0xFFFF, 0xFFFF, 0xFFFF, 0xFFFF, 0x79CE, 0x4108,
  0xAF73, 0x19C6, 0xDCD6, 0xDCD6, 0xDBD6, 0xDBD6, 0xDBD6, 0x9BCE,
  0x39C6, 0x39C6, 0x39C6, 0x39C6, 0x39C6, 0xBBD6, 0xDBD6, 0xDBD6,
  0xDBD6, 0xDBD6, 0xDBD6, 0xDBD6, 0xDBD6, 0xDBD6, 0xDBD6, 0xDBD6,
  0xDBD6, 0xDBD6, 0xDBD6, 0xDBD6, 0xDBD6, 0xDBD6, 0xDBD6, 0xDBD6,
  0xDBD6, 0xBBD6, 0xDBD6, 0xDBD6, 0xDBD6, 0xDBD6, 0xDBD6, 0xDBD6,
  0xDBD6, 0xDBD6, 0xDBD6, 0xDBD6, 0xDBD6, 0xDBD6, 0x3DDF, 0x8631,
  0x1BDF, 0xFFFF, 0xFFFF, 0xFFFF, 0xFFFF, 0xFFFF, 0x0000, 0x1FF8,
  0x1FF8, 0x1FF8, 0x1FF8, 0x1FF8, 0x1FF8, 0x1FF8, 0x1FF8, 0x1FF8,
  0x1FF8, 0x1FF8, 0x1FF8, 0x1FF8, 0x1FF8, 0x1FF8, 0x1FF8, 0x2000,
  0xFFFF, 0xFFFF, 0xFFFF, 0xFFFF, 0xDFFF, 0xCB5A, 0x083A, 0xBBCE,
  0x5ACE, 0x39C6, 0x39C6, 0x39C6, 0x39C6, 0x5ACE, 0xDCD6, 0xDBD6,
  0xDBD6, 0xDBD6, 0x7ACE, 0x19C6, 0x5ACE, 0xDBD6, 0xDBD6, 0xDBD6,
  0xDBD6, 0xDBD6, 0xDBD6, 0xDBD6, 0xDBD6, 0xDBD6, 0x7ACE, 0x5ACE,
  0x39C6, 0x39C6, 0x39C6, 0x39C6, 0x39C6, 0x39C6, 0x39C6, 0x39C6,
  0x39C6, 0x39C6, 0x39C6, 0x39C6, 0x39C6, 0x39C6, 0x39C6, 0x39C6,
  0x39C6, 0x39C6, 0x5ACE, 0x9BCE, 0xDBD6, 0xDBD6, 0xDBD6, 0xDBD6,
  0x1CDF, 0xF49C, 0x8D73, 0xFFFF, 0xFFFF, 0xFFFF, 0xFFFF, 0x5DEF,
  0x0000, 0x1FF8, 0x1FF8, 0x1FF8, 0x1FF8, 0x1FF8, 0x1FF8, 0x1FF8,
  0x1FF8, 0x1FF8, 0x1FF8, 0x1FF8, 0x1FF8, 0x1FF8, 0x1FF8, 0x1FF8,
  0xD294, 0xFFFF, 0xFFFF, 0xFFFF, 0xD7BD, 0x8629, 0x5EE7, 0xDBD6,
  0xDBD6, 0x39C6, 0x39C6, 0x39C6, 0x39C6, 0x39C6, 0x39C6, 0x39C6,
  0x7ACE, 0xDBD6, 0xDBD6, 0xDBD6, 0xDBD6, 0xDBD6, 0xDBD6, 0xDBD6,
  0xDBD6, 0xDBD6, 0xDBD6, 0x9BCE, 0x5AC6, 0x39C6, 0x39C6, 0x39C6,
  0x39C6, 0x39C6, 0x39C6, 0x39C6, 0x39C6, 0x39C6, 0x39C6, 0x39C6,
  0x39C6, 0x39C6, 0x39C6, 0x39C6, 0x39C6, 0x39C6, 0x39C6, 0x39C6,
  0x39C6, 0x39C6, 0x39C6, 0x39C6, 0x39C6, 0x39C6, 0x19C6, 0x5ACE,
  0xBBD6, 0xDBD6, 0xDBD6, 0xFCDE, 0xE420, 0xFFFF, 0xFFFF, 0xFFFF,
  0xFFFF, 0x3CE7, 0x1FF8, 0x1FF8, 0x1FF8, 0x1FF8, 0x1FF8, 0x1FF8,
  0x1FF8, 0x1FF8, 0x1FF8, 0x1FF8, 0x1FF8, 0x1FF8, 0x1FF8, 0x1FF8,
  0x1FF8, 0xFFFF, 0xFFFF, 0xFFFF, 0xBEF7, 0x6629, 0xDBD6, 0xDBD6,
  0xDBD6, 0xDBD6, 0x5ACE, 0x39C6, 0x39C6, 0x39C6, 0x39C6, 0x39C6,
  0x39C6, 0x39C6, 0x19C6, 0xBBD6, 0xDBD6, 0xDBD6, 0xDBD6, 0xDBD6,
  0xDBD6, 0xBBCE, 0x5AC6, 0x39C6, 0x39C6, 0x39C6, 0x39C6, 0x39C6,
  0x39C6, 0x39C6, 0x39C6, 0x39C6, 0x39C6, 0x39C6, 0x39C6, 0x39C6,
  0x39C6, 0x39C6, 0x39C6, 0x39C6, 0x39C6, 0x39C6, 0x39C6, 0x39C6,
  0x39C6, 0x39C6, 0x39C6, 0x39C6, 0x39C6, 0x39C6, 0x39C6, 0x39C6,
  0x39C6, 0x39C6, 0x19C6, 0x5ACE, 0xBBD6, 0xDBD6, 0xA318, 0xFFFF,
  0xFFFF, 0xFFFF, 0xFFFF, 0xBEF7, 0x1FF8, 0x1FF8, 0x1FF8, 0x1FF8,
  0x1FF8, 0x1FF8, 0x1FF8, 0x1FF8, 0x1FF8, 0x1FF8, 0x1FF8, 0x1FF8,
  0x1FF8, 0x4529, 0xFFFF, 0xFFFF, 0xFFFF, 0xC739, 0x5EE7, 0xDBD6,
  0xDBD6, 0xDBD6, 0xDBD6, 0xBBD6, 0x39C6, 0x39C6, 0x39C6, 0x39C6,
  0x39C6, 0x39C6, 0x39C6, 0x39C6, 0x39C6, 0xBBD6, 0xDBD6, 0xDBD6,
  0xBBD6, 0x19C6, 0x39C6, 0x39C6, 0x39C6, 0x39C6, 0x39C6, 0x39C6,
  0x39C6, 0x39C6, 0x39C6, 0x39C6, 0x39C6, 0x39C6, 0x39C6, 0x39C6,
  0x39C6, 0x39C6, 0x39C6, 0x39C6, 0x39C6, 0x39C6, 0x39C6, 0x39C6,
  0x39C6, 0x39C6, 0x39C6, 0x39C6, 0x39C6, 0x39C6, 0x39C6, 0x39C6,
  0x39C6, 0x39C6, 0x39C6, 0x39C6, 0x39C6, 0x39C6, 0x39C6, 0x9BD6,
  0xA731, 0xFFFF, 0xFFFF, 0xFFFF, 0xFFFF, 0x1084, 0x1FF8, 0x1FF8,
  0x1FF8, 0x1FF8, 0x1FF8, 0x1FF8, 0x1FF8, 0x1FF8, 0x1FF8, 0x1FF8,
  0x1FF8, 0x1FF8, 0x38C6, 0xFFFF, 0xFFFF, 0xDFFF, 0x0C63, 0xDBD6,
  0xDBD6, 0xDBD6, 0xDBD6, 0xDBD6, 0xDBD6, 0x39C6, 0x39C6, 0x39C6,
  0x39C6, 0x39C6, 0x39C6, 0x39C6, 0x39C6, 0x39C6, 0x39C6, 0x9BCE,
  0xDBD6, 0xDBD6, 0xDBD6, 0x7ACE, 0x19C6, 0x39C6, 0x39C6, 0x39C6,
  0x39C6, 0x39C6, 0x39C6, 0x39C6, 0x39C6, 0x39C6, 0x39C6, 0x39C6,
  0x39C6, 0x39C6, 0x39C6, 0x39C6, 0x39C6, 0x39C6, 0x39C6, 0x39C6,
  0x39C6, 0x39C6, 0x39C6, 0x39C6, 0x39C6, 0x39C6, 0x39C6, 0x39C6,
  0x39C6, 0x39C6, 0x39C6, 0x39C6, 0x39C6, 0x39C6, 0x39C6, 0x39C6,
  0x39C6, 0x7ACE, 0x0842, 0x9DEF, 0xFFFF, 0xFFFF, 0xFFFF, 0x4529,
  0x1FF8, 0x1FF8, 0x1FF8, 0x1FF8, 0x1FF8, 0x1FF8, 0x1FF8, 0x1FF8,
  0x1FF8, 0x1FF8, 0x1FF8, 0xFFFF, 0xFFFF, 0xFFFF, 0x718C, 0x9ACE,
  0xDBD6, 0xDBD6, 0xDBD6, 0xDBD6, 0xDBD6, 0xDBD6, 0x9ACE, 0x39C6,
  0x39C6, 0x39C6, 0x39C6, 0x39C6, 0x39C6, 0x39C6, 0x39C6, 0x39C6,
  0x39C6, 0x9BCE, 0xDBD6, 0xDBD6, 0xDBD6, 0xDBD6, 0x9ACE, 0x39C6,
  0x39C6, 0x39C6, 0x39C6, 0x39C6, 0x39C6, 0x39C6, 0x39C6, 0x39C6,
  0x39C6, 0x39C6, 0x39C6, 0x39C6, 0x39C6, 0x39C6, 0x39C6, 0x39C6,
  0x39C6, 0x39C6, 0x39C6, 0x39C6, 0x39C6, 0x39C6, 0x39C6, 0x39C6,
  0x39C6, 0x39C6, 0x39C6, 0x39C6, 0x39C6, 0x39C6, 0x39C6, 0x39C6,
  0x19C6, 0x7ACE, 0xDBD6, 0x1CDF, 0xA310, 0xFFFF, 0xFFFF, 0xFFFF,
  0xDEF7, 0x8210, 0x1FF8, 0x1FF8, 0x1FF8, 0x1FF8, 0x1FF8, 0x1FF8,
  0x1FF8, 0x1FF8, 0x1FF8, 0x0000, 0xFFFF, 0xFFFF, 0xFFFF, 0xE420,
  0xDCD6, 0xDBD6, 0xDBD6, 0xDBD6, 0xDBD6, 0xDBD6, 0xDBD6, 0xDBD6,
  0x39C6, 0x39C6, 0x39C6, 0x39C6, 0x39C6, 0x39C6, 0x39C6, 0x39C6,
  0x39C6, 0x39C6, 0x39C6, 0xBBD6, 0xDBD6, 0xDBD6, 0xDBD6, 0xDBD6,
  0xDBD6, 0x7ACE, 0x39C6, 0x39C6, 0x39C6, 0x39C6, 0x39C6, 0x39C6,
  0x39C6, 0x39C6, 0x39C6, 0x39C6, 0x39C6, 0x39C6, 0x39C6, 0x39C6,
  0x39C6, 0x39C6, 0x39C6, 0x39C6, 0x39C6, 0x39C6, 0x39C6, 0x39C6,
  0x39C6, 0x39C6, 0x39C6, 0x39C6, 0x39C6, 0x39C6, 0x39C6, 0x7ACE,
  0xDBD6, 0xDBD6, 0xDBD6, 0xDBD6, 0xDBD6, 0x1CDF, 0x2842, 0xFFFF,
  0xFFFF, 0xFFFF, 0xDFFF, 0x1FF8, 0x1FF8, 0x1FF8, 0x1FF8, 0x1FF8,
  0x1FF8, 0x1FF8, 0x1FF8, 0x1FF8, 0xCB5A, 0xFFFF, 0xFFFF, 0xBEF7,
  0x149D, 0xDBD6, 0xDBD6, 0xDBD6, 0xDBD6, 0xDBD6, 0xDBD6, 0xDBD6,
  0xDBD6, 0x9BCE, 0x39C6, 0x39C6, 0x39C6, 0x39C6, 0x39C6, 0x39C6,
  0x39C6, 0x39C6, 0x39C6, 0x39C6, 0x39C6, 0x9BCE, 0xDBD6, 0xDBD6,
  0xDBD6, 0xDBD6, 0xDBD6, 0xBBD6, 0x5ACE, 0x39C6, 0x39C6, 0x39C6,
  0x39C6, 0x39C6, 0x39C6, 0x39C6, 0x39C6, 0x39C6, 0x39C6, 0x39C6,
  0x39C6, 0x39C6, 0x39C6, 0x39C6, 0x39C6, 0x39C6, 0x39C6, 0x39C6,
  0x39C6, 0x39C6, 0x39C6, 0x39C6, 0x39C6, 0x7ACE, 0xDBD6, 0xDBD6,
  0xDBD6, 0xDBD6, 0xDBD6, 0xDBD6, 0xDBD6, 0xDBD6, 0xDBD6, 0xF8BD,
  0xB294, 0xFFFF, 0xFFFF, 0xFFFF, 0x494A, 0x1FF8, 0x1FF8, 0x1FF8,
  0x1FF8, 0x1FF8, 0x1FF8, 0x1FF8, 0x1FF8, 0x59CE, 0xFFFF, 0xFFFF,
  0x18C6, 0x9BCE, 0xDBD6, 0xBBD6, 0xDBD6, 0xDBD6, 0xDBD6, 0xDBD6,
  0xDBD6, 0xDBD6, 0xDBD6, 0x9ACE, 0x39C6, 0x39C6, 0x39C6, 0x39C6,
  0x39C6, 0x39C6, 0x39C6, 0x39C6, 0x39C6, 0x39C6, 0x39C6, 0x9ACE,
  0xDBD6, 0xDBD6, 0xDBD6, 0xDBD6, 0xDBD6, 0xDBD6, 0xBBD6, 0x39C6,
  0x39C6, 0x39C6, 0x39C6, 0x39C6, 0x39C6, 0x39C6, 0x39C6, 0x39C6,
  0x39C6, 0x39C6, 0x39C6, 0x39C6, 0x39C6, 0x39C6, 0x39C6, 0x39C6,
  0x39C6, 0x39C6, 0x39C6, 0x7ACE, 0xDBD6, 0xDBD6, 0xDBD6, 0xDBD6,
  0xDBD6, 0xDBD6, 0xDBD6, 0xDBD6, 0xDBD6, 0xDBD6, 0xDBD6, 0xDBD6,
  0xDBD6, 0x75AD, 0xFBDE, 0xFFFF, 0xFFFF, 0xFFFF, 0x1FF8, 0x1FF8,
  0x1FF8, 0x1FF8, 0x1FF8, 0x1FF8, 0x1FF8, 0x1FF8, 0xBEF7, 0xFFFF,
  0xFFFF, 0x894A, 0x1CDF, 0xDBD6, 0xDBD6, 0xBBD6, 0xDBD6, 0xDBD6,
  0xDBD6, 0xDBD6, 0xDBD6, 0xDBD6, 0xDBD6, 0xBBCE, 0x19C6, 0x39C6,
  0x39C6, 0x39C6, 0x39C6, 0x39C6, 0x39C6, 0x39C6, 0x39C6, 0x39C6,
  0x39C6, 0x7ACE, 0xDBD6, 0xDBD6, 0xDBD6, 0xDBD6, 0xDBD6, 0xDBD6,
  0xDBD6, 0xDBD6, 0x39C6, 0x39C6, 0x39C6, 0x39C6, 0x39C6, 0x39C6,
  0x39C6, 0x39C6, 0x39C6, 0x39C6, 0x39C6, 0x39C6, 0x39C6, 0x39C6,
  0x39C6, 0x39C6, 0xDBD6, 0xDBD6, 0xDBD6, 0xDBD6, 0xDBD6, 0xDBD6,
  0xDBD6, 0xDBD6, 0xDBD6, 0xDBD6, 0xDBD6, 0xDBD6, 0xDBD6, 0xDBD6,
  0xDBD6, 0xDBD6, 0xFCDE, 0xBAD6, 0xFFFF, 0xFFFF, 0xFFFF, 0xCB5A,
  0x1FF8, 0x1FF8, 0x1FF8, 0x1FF8, 0x1FF8, 0x1FF8, 0x1FF8, 0xFFFF,
  0xFFFF, 0xFFFF, 0x4108, 0xDBD6, 0xDBD6, 0xDBD6, 0xDBD6, 0xDBD6,
  0xDBD6, 0xDBD6, 0xDBD6, 0xDBD6, 0xDBD6, 0xDBD6, 0xDBD6, 0xDBD6,
  0x7ACE, 0x39C6, 0x39C6, 0x39C6, 0x39C6, 0x39C6, 0x39C6, 0x39C6,
  0x39C6, 0x39C6, 0x39C6, 0x9BCE, 0xDBD6, 0xDBD6, 0xDBD6, 0xDBD6,
  0xDBD6, 0xDBD6, 0xDBD6, 0xDBD6, 0xDBD6, 0x5ACE, 0x39C6, 0x39C6,
  0x39C6, 0x39C6, 0x39C6, 0x39C6, 0x39C6, 0x39C6, 0x39C6, 0x39C6,
  0x7ACE, 0xDBD6, 0xDBD6, 0xDBD6, 0xDBD6, 0xDBD6, 0xDBD6, 0xDBD6,
  0xDBD6, 0xDBD6, 0xDBD6, 0xDBD6, 0xDBD6, 0xDBD6, 0xDBD6, 0xDBD6,
  0xDBD6, 0xDBD6, 0xDBD6, 0xDBD6, 0x5DE7, 0xFFFF, 0xFFFF, 0xFFFF,
  0xDFFF, 0x1FF8, 0x1FF8, 0x1FF8, 0x1FF8, 0x1FF8, 0x1FF8, 0x0000,
  0xFFFF, 0xFFFF, 0xFFFF, 0x2521, 0xBBCE, 0xBBD6, 0xDBD6, 0xDBD6,
  0xDBD6, 0xDBD6, 0xBBD6, 0xDBD6, 0xDBD6, 0xDBD6, 0xDBD6, 0xDBD6,
  0xDBD6, 0xDBD6, 0xDBD6, 0x9ACE, 0x39C6, 0x39C6, 0x39C6, 0x39C6,
  0x39C6, 0x39C6, 0x39C6, 0x39C6, 0x39C6, 0xDBD6, 0xDBD6, 0xDBD6,
  0xDBD6, 0xDBD6, 0xDBD6, 0xDBD6, 0xDBD6, 0xDBD6, 0xDBD6, 0xBBD6,
  0x5ACE, 0x19C6, 0x39C6, 0x5ACE, 0x9ACE, 0xBBD6, 0xDBD6, 0xDBD6,
  0xDBD6, 0xDBD6, 0xDBD6, 0xDBD6, 0xDBD6, 0xDBD6, 0xDBD6, 0xDBD6,
  0xDBD6, 0xDBD6, 0xDBD6, 0xDBD6, 0xDBD6, 0xDBD6, 0xDBD6, 0xDBD6,
  0xDBD6, 0xDBD6, 0xDBD6, 0xDBD6, 0xDBD6, 0xDBD6, 0xFFFF, 0xFFFF,
  0xFFFF, 0xFFFF, 0x0842, 0x1FF8, 0x1FF8, 0x1FF8, 0x1FF8, 0x1FF8,
  0x0000, 0xFFFF, 0xFFFF, 0xFFFF, 0xAF73, 0xBBD6, 0xBBD6, 0xBBD6,
  0xBBD6, 0xDBD6, 0xDBD6, 0xDBD6, 0xDBD6, 0xDBD6, 0xDBD6, 0xDBD6,
  0xDBD6, 0xDBD6, 0xDBD6, 0xDBD6, 0xDBD6, 0xDBD6, 0x7ACE, 0x39C6,
  0x39C6, 0x39C6, 0x39C6, 0x39C6, 0x39C6, 0x39C6, 0x39C6, 0xDBD6,
  0xDBD6, 0xDBD6, 0xDBD6, 0xDBD6, 0xBBD6, 0xDBD6, 0xDBD6, 0xDBD6,
  0xDBD6, 0xDBD6, 0xDBD6, 0xDBD6, 0xDBD6, 0xDBD6, 0xDBD6, 0xDBD6,
  0xDBD6, 0xDBD6, 0xDBD6, 0xDBD6, 0xDBD6, 0xDBD6, 0xDBD6, 0xDBD6,
  0xDBD6, 0xDBD6, 0xDBD6, 0xDBD6, 0xDBD6, 0xDBD6, 0xDBD6, 0xDBD6,
  0xDBD6, 0xDBD6, 0xDBD6, 0xDBD6, 0xDBD6, 0xDBD6, 0xDBD6, 0x3DE7,
  0xFFFF, 0xFFFF, 0xFFFF, 0xA739, 0x1FF8, 0x1FF8, 0x1FF8, 0x1FF8,
  0x1FF8, 0xE420, 0xFFFF, 0xFFFF, 0xDFFF, 0x97AD, 0xBBCE, 0xBBD6,
  0xBBD6, 0xBBD6, 0xBBD6, 0xDBD6, 0xDBD6, 0xDBD6, 0xDBD6, 0xBBD6,
  0xDBD6, 0xDBD6, 0xDBD6, 0xDBD6, 0xDBD6, 0xDBD6, 0xDBD6, 0xDBD6,
  0xDBD6, 0x9BCE, 0x39C6, 0x39C6, 0x39C6, 0x39C6, 0x39C6, 0x39C6,
  0x5AC6, 0xDBD6, 0xDBD6, 0xDBD6, 0xDBD6, 0x39C6, 0x5AC6, 0xDBD6,
  0xDBD6, 0xDBD6, 0xDBD6, 0xDBD6, 0xDBD6, 0xDBD6, 0xDBD6, 0xDBD6,
  0xDBD6, 0xDBD6, 0xDBD6, 0xDBD6, 0xDBD6, 0xDBD6, 0xDBD6, 0xDBD6,
  0xDBD6, 0xDBD6, 0xDBD6, 0xDBD6, 0xDBD6, 0xDBD6, 0xDBD6, 0xDBD6,
  0xDBD6, 0xDBD6, 0xDBD6, 0xDBD6, 0xDBD6, 0xDBD6, 0xDBD6, 0xDBD6,
  0x1CDF, 0xC739, 0xFFFF, 0xFFFF, 0x14A5, 0xFFFF, 0x1FF8, 0x1FF8,
  0x1FF8, 0x1FF8, 0x494A, 0xFFFF, 0xFFFF, 0xB294, 0xFCDE, 0x7ACE,
  0x9BCE, 0xBBCE, 0xBBD6, 0xBBD6, 0xBBD6, 0xBBD6, 0xDBD6, 0xDBD6,
  0xDBD6, 0xDBD6, 0xDBD6, 0xDBD6, 0xDBD6, 0xDBD6, 0xDBD6, 0xDBD6,
  0xDBD6, 0xDBD6, 0xDBD6, 0xDBD6, 0xDBD6, 0x7ACE, 0x19C6, 0x39C6,
  0x39C6, 0x39C6, 0x9BCE, 0xDBD6, 0xDBD6, 0xDBD6, 0x39C6, 0x39C6,
  0x39C6, 0x5AC6, 0xDBD6, 0xDBD6, 0xDBD6, 0xDBD6, 0xDBD6, 0xDBD6,
  0xDBD6, 0xDBD6, 0xDBD6, 0xDBD6, 0xDBD6, 0xDBD6, 0xDBD6, 0xDBD6,
  0xDBD6, 0xDBD6, 0xDBD6, 0xDBD6, 0xDBD6, 0xDBD6, 0xDBD6, 0xDBD6,
  0xDBD6, 0xDBD6, 0xDBD6, 0xDBD6, 0xDBD6, 0xDBD6, 0xDBD6, 0xDBD6,
  0x5EE7, 0x7ACE, 0x0842, 0xBEF7, 0x2529, 0xFFFF, 0xFFFF, 0x1FF8,
  0x1FF8, 0x1FF8, 0x1FF8, 0x2D6B, 0xFFFF, 0xFFFF, 0x494A, 0x19C6,
  0x19C6, 0x19C6, 0x19C6, 0x19C6, 0x9ACE, 0xDBD6, 0xBBD6, 0xBBD6,
  0xDBD6, 0xDBD6, 0xDBD6, 0xDBD6, 0xDBD6, 0xDBD6, 0xDBD6, 0xDBD6,
  0xDBD6, 0xDBD6, 0xDBD6, 0xDBD6, 0xDBD6, 0xDBD6, 0xDBD6, 0xDBD6,
  0xDBD6, 0x7ACE, 0x39C6, 0x19C6, 0xDBD6, 0xDBD6, 0xDBD6, 0x9BCE,
  0x39C6, 0x39C6, 0x39C6, 0x39C6, 0x39C6, 0xBBD6, 0xDBD6, 0xDBD6,
  0xDBD6, 0xDBD6, 0xDBD6, 0xDBD6, 0xDBD6, 0xDBD6, 0xDBD6, 0xDBD6,
  0xDBD6, 0xDBD6, 0xDBD6, 0xDBD6, 0xDBD6, 0xDBD6, 0xDBD6, 0xDBD6,
  0xDBD6, 0xDBD6, 0xDBD6, 0xDBD6, 0xDBD6, 0xDBD6, 0xDBD6, 0xDBD6,
  0xDBD6, 0x1CDF, 0xD7B5, 0xF07B, 0x79CE, 0xFFFF, 0xFFFF, 0xFFFF,
  0x1FF8, 0x1FF8, 0x1FF8, 0x1FF8, 0x518C, 0xFFFF, 0xFFFF, 0xC318,
  0x19C6, 0x19C6, 0x19C6, 0x19C6, 0x19C6, 0x19C6, 0x19C6, 0x9BCE,
  0xBBD6, 0xBBD6, 0xBBD6, 0xDBD6, 0xDBD6, 0xDBD6, 0xDBD6, 0xBBD6,
  0xDBD6, 0xDBD6, 0xDBD6, 0xDBD6, 0xDBD6, 0xDBD6, 0xDBD6, 0xDBD6,
  0xDBD6, 0xDBD6, 0xDBD6, 0xDBD6, 0xDBD6, 0xDBD6, 0xDBD6, 0xDBD6,
  0xDBD6, 0x39C6, 0x39C6, 0x39C6, 0x39C6, 0x39C6, 0x39C6, 0xDCD6,
  0xDBD6, 0xDBD6, 0xDBD6, 0xDBD6, 0xDBD6, 0xDBD6, 0xDBD6, 0xDBD6,
  0xDBD6, 0xDBD6, 0xDBD6, 0xDBD6, 0xDBD6, 0xDBD6, 0xDBD6, 0xDBD6,
  0xDBD6, 0xDBD6, 0xDBD6, 0xDBD6, 0xDBD6, 0xDBD6, 0xDBD6, 0xDBD6,
  0xDBD6, 0xDBD6, 0xDBD6, 0xDBD6, 0x5EE7, 0x8631, 0xFFFF, 0xFFFF,
  0xFFFF, 0xFFFF, 0x1FF8, 0x1FF8, 0x1FF8, 0x14A5, 0xFFFF, 0xFFFF,
  0x2100, 0x9ACE, 0x19C6, 0x19C6, 0x19C6, 0x19C6, 0x19C6, 0x19C6,
  0x19C6, 0x5AC6, 0xDBD6, 0xBBD6, 0xBBD6, 0xBBD6, 0xDBD6, 0xDBD6,
  0xDBD6, 0xDBD6, 0xBBD6, 0xDBD6, 0xDBD6, 0xDBD6, 0xDBD6, 0xDBD6,
  0xDBD6, 0xDBD6, 0xDBD6, 0xDBD6, 0xDBD6, 0xDBD6, 0xDBD6, 0xDBD6,
  0xDBD6, 0xDBD6, 0x39C6, 0x39C6, 0x39C6, 0x39C6, 0x39C6, 0x39C6,
  0x39C6, 0xDBD6, 0xDBD6, 0xDBD6, 0xDBD6, 0xDBD6, 0xDBD6, 0xDBD6,
  0xDBD6, 0xDBD6, 0xDBD6, 0xDBD6, 0xDBD6, 0xDBD6, 0xDBD6, 0xDBD6,
  0xDBD6, 0xDBD6, 0xDBD6, 0xDBD6, 0xDBD6, 0xDBD6, 0xDBD6, 0xDBD6,
  0xDBD6, 0xDBD6, 0xDBD6, 0xDBD6, 0xDBD6, 0xDBD6, 0x2521, 0xDFF7,
  0xFFFF, 0xFFFF, 0xFFFF, 0x1FF8, 0x1FF8, 0x1FF8, 0x17BE, 0xFFFF,
  0xFFFF, 0xA210, 0x9BCE, 0x7ACE, 0xF8BD, 0x19C6, 0x19C6, 0x19C6,
  0x19C6, 0x19C6, 0x19C6, 0x39C6, 0xBBD6, 0xBBD6, 0xBBD6, 0xBBD6,
  0xBBD6, 0xDBD6, 0xDBD6, 0xDBD6, 0xDBD6, 0xBBD6, 0xDBD6, 0xDBD6,
  0xDBD6, 0xDBD6, 0xDBD6, 0xDBD6, 0xDBD6, 0xDBD6, 0xDBD6, 0xDBD6,
  0xDBD6, 0xDBD6, 0xDBD6, 0x7ACE, 0x39C6, 0x39C6, 0x39C6, 0x39C6,
  0x39C6, 0x39C6, 0x39C6, 0x9BCE, 0xDBD6, 0xDBD6, 0xDBD6, 0xDBD6,
  0xDBD6, 0xDBD6, 0xDBD6, 0xDBD6, 0xDBD6, 0xDBD6, 0xDBD6, 0xDBD6,
  0xDBD6, 0xDBD6, 0xDBD6, 0xDBD6, 0xDBD6, 0xDBD6, 0xDBD6, 0xDBD6,
  0xDBD6, 0xDBD6, 0xDBD6, 0xDBD6, 0xDBD6, 0xDBD6, 0xDBD6, 0x76AD,
  0x7ACE, 0xFFFF, 0xFFFF, 0xFFFF, 0x1FF8, 0x1FF8, 0x1FF8, 0xB6B5,
  0xFFFF, 0xFFFF, 0x4529, 0x9BCE, 0x9BCE, 0xBBCE, 0x7AC6, 0x19C6,
  0x19C6, 0x19C6, 0x19C6, 0x19C6, 0x19C6, 0x39C6, 0xBBCE, 0xBBD6,
  0xBBD6, 0xBBD6, 0xBBD6, 0xBBD6, 0xDBD6, 0xDBD6, 0xDBD6, 0xDBD6,
  0xBBD6, 0xDBD6, 0xDBD6, 0xDBD6, 0xDBD6, 0xDBD6, 0xDBD6, 0xDBD6,
  0xDBD6, 0xDBD6, 0xDBD6, 0xDBD6, 0xDBD6, 0x39C6, 0x39C6, 0x39C6,
  0x39C6, 0x39C6, 0x39C6, 0x39C6, 0x39C6, 0x5ACE, 0xDBD6, 0xDBD6,
  0xDBD6, 0xDBD6, 0xDBD6, 0xDBD6, 0xDBD6, 0xDBD6, 0xDBD6, 0xDBD6,
  0xDBD6, 0xDBD6, 0xDBD6, 0xDBD6, 0xDBD6, 0xDBD6, 0xDBD6, 0xDBD6,
  0xDBD6, 0xDBD6, 0xDBD6, 0xDBD6, 0xDBD6, 0xDBD6, 0xDBD6, 0xDBD6,
  0xDCD6, 0x35A5, 0x7DE7, 0xFFFF, 0xFFFF, 0xFFFF, 0x1FF8, 0x1FF8,
  0x79CE, 0xFFFF, 0xFFFF, 0x0C5B, 0x9BCE, 0x9BCE, 0x9BCE, 0x9BCE,
  0x9BCE, 0x9BCE, 0x19C6, 0xF9BD, 0x19C6, 0x19C6, 0x19C6, 0x19C6,
  0xDBD6, 0xBBD6, 0xBBD6, 0xBBD6, 0xBBD6, 0xBBD6, 0xDBD6, 0xDBD6,
  0xDBD6, 0xDBD6, 0xDBD6, 0xBBD6, 0xDBD6, 0xDBD6, 0xDBD6, 0xDBD6,
  0xDBD6, 0xDBD6, 0xDBD6, 0xDBD6, 0xDBD6, 0xDBD6, 0x39C6, 0x39C6,
  0x39C6, 0x39C6, 0x39C6, 0x39C6, 0x39C6, 0x39C6, 0x39C6, 0x39C6,
  0xDBD6, 0xDBD6, 0xDBD6, 0xDBD6, 0xDBD6, 0xDBD6, 0xDBD6, 0xDBD6,
  0xDBD6, 0xDBD6, 0xDBD6, 0xDBD6, 0xDBD6, 0xDBD6, 0xDBD6, 0xDBD6,
  0xDBD6, 0xDBD6, 0xDBD6, 0xDBD6, 0xDBD6, 0xDBD6, 0xDBD6, 0xDBD6,
  0xDBD6, 0x1CDF, 0x6529, 0xBBD6, 0xFFFF, 0xFFFF, 0xFCD6, 0x1FF8,
  0x1FF8, 0x9AD6, 0xFFFF, 0xFFFF, 0xF07B, 0x9BCE, 0x9BCE, 0x9BCE,
  0x9BCE, 0x9BCE, 0x9BCE, 0x9BCE, 0xBBCE, 0x7ACE, 0x19C6, 0xF9BD,
  0x19C6, 0x19C6, 0xBBD6, 0xBBCE, 0xBBD6, 0xBBD6, 0xBBD6, 0xBBD6,
  0xBBD6, 0xDBD6, 0xDBD6, 0xDBD6, 0xDBD6, 0xDBD6, 0xBBD6, 0xDBD6,
  0xDBD6, 0xDBD6, 0xDBD6, 0xDBD6, 0xDBD6, 0xDBD6, 0xDBD6, 0x7ACE,
  0x39C6, 0x39C6, 0x39C6, 0x39C6, 0x39C6, 0x39C6, 0x39C6, 0x39C6,
  0x39C6, 0x39C6, 0xDBD6, 0xDBD6, 0xDBD6, 0xDBD6, 0xDBD6, 0xDBD6,
  0xDBD6, 0xDBD6, 0xDBD6, 0xDBD6, 0xDBD6, 0xDBD6, 0xDBD6, 0xDBD6,
  0xDBD6, 0xDBD6, 0xDBD6, 0xDBD6, 0xDBD6, 0xDBD6, 0xDBD6, 0xDBD6,
  0xDBD6, 0xDBD6, 0xDBD6, 0x6108, 0xFCDE, 0xBBD6, 0xDBD6, 0xDBD6,
  0xDBD6, 0x1FF8, 0xBEF7, 0xFFFF, 0xDEF7, 0x159D, 0x7BCE, 0x7BCE,
  0x9BCE, 0x9BCE, 0x9BCE, 0x9BCE, 0x9BCE, 0x9BCE, 0x9BCE, 0x9BCE,
  0xBBCE, 0x9BCE, 0x5AC6, 0x19C6, 0xBBCE, 0xBBCE, 0xBBD6, 0xBBCE,
  0xBBD6, 0xBBD6, 0xBBD6, 0xBBD6, 0xBBD6, 0xDBD6, 0xDBD6, 0xDBD6,
  0xDBD6, 0xDBD6, 0xDBD6, 0xDBD6, 0xDBD6, 0xDBD6, 0xDBD6, 0xDBD6,
  0xDBD6, 0x39C6, 0x39C6, 0x39C6, 0x39C6, 0x39C6, 0x39C6, 0x39C6,
  0x59C6, 0xDBD6, 0xDBD6, 0xDBD6, 0xDBD6, 0xDBD6, 0xDBD6, 0xDBD6,
  0xDBD6, 0xDBD6, 0xDBD6, 0xDBD6, 0xDBD6, 0xDBD6, 0xDBD6, 0xDBD6,
  0xDBD6, 0xDBD6, 0xDBD6, 0xDBD6, 0xDBD6, 0xDBD6, 0xDBD6, 0xDBD6,
  0xDBD6, 0xDBD6, 0xDBD6, 0xDBD6, 0xCF7B, 0xFCD6, 0xFCDE, 0xDBD6,
  0xDBD6, 0xDBD6, 0x1FF8, 0xDFFF, 0xFFFF, 0xFFFF, 0xD49C, 0x19BE,
  0x7AC6, 0x7AC6, 0x7BCE, 0x9BCE, 0x9BCE, 0x9BCE, 0x9BCE, 0x9BCE,
  0x9BCE, 0x9BCE, 0xBBCE, 0xBBCE, 0xBBCE, 0xBBCE, 0xBBCE, 0xBBCE,
  0xBBCE, 0xBBCE, 0xBBCE, 0xBBD6, 0xBBD6, 0xBBD6, 0xBBD6, 0xBBD6,
  0xDBD6, 0xDBD6, 0xDBD6, 0xDBD6, 0xDBD6, 0xBBD6, 0xDBD6, 0xDBD6,
  0xDBD6, 0xDBD6, 0x19C6, 0x39C6, 0x39C6, 0x39C6, 0x5AC6, 0xBBCE,
  0xDBD6, 0xDBD6, 0xDBD6, 0xDBD6, 0xDBD6, 0xDBD6, 0xDBD6, 0xDBD6,
  0xDBD6, 0xDBD6, 0xDBD6, 0xDBD6, 0xDBD6, 0xDBD6, 0xDBD6, 0xDBD6,
  0xDBD6, 0xDBD6, 0xDBD6, 0xDBD6, 0xDBD6, 0xDBD6, 0xDBD6, 0xDBD6,
  0xDBD6, 0xDBD6, 0xDBD6, 0xDBD6, 0xDBD6, 0x7ACE, 0x1FF8, 0x1FF8,
  0x1FF8, 0x1FF8, 0x1FF8, 0x1FF8, 0xFFFF, 0xFFFF, 0xFFFF, 0x97AD,
  0xD8BD, 0x19BE, 0x7AC6, 0x7AC6, 0x7AC6, 0x7BCE, 0x9BCE, 0x9BCE,
  0x9BCE, 0x9BCE, 0x9BCE, 0x9BCE, 0x9BCE, 0x9BCE, 0x9BCE, 0x9BCE,
  0xBBCE, 0xBBCE, 0xBBCE, 0xBBCE, 0xBBCE, 0xBBD6, 0xBBD6, 0xBBD6,
  0xBBD6, 0xBBD6, 0xBBD6, 0xBBD6, 0xDBD6, 0xDBD6, 0xDBD6, 0xDBD6,
  0xBBD6, 0xDBD6, 0xDBD6, 0xBBD6, 0x9ACE, 0xDBD6, 0xDBD6, 0xDBD6,
  0xDBD6, 0xDBD6, 0xDBD6, 0xDBD6, 0xDBD6, 0xDBD6, 0xDBD6, 0xDBD6,
  0xDBD6, 0xDBD6, 0xDBD6, 0xDBD6, 0xDBD6, 0xDBD6, 0xDBD6, 0xDBD6,
  0xDBD6, 0xDBD6, 0xDBD6, 0xDBD6, 0xDBD6, 0xDBD6, 0xDBD6, 0xDBD6,
  0xDBD6, 0x5EE7, 0xDBD6, 0x5DE7, 0xDBD6, 0xDBD6, 0xFCD6, 0x1FF8,
  0x1FF8, 0x1FF8, 0x1FF8, 0x1FF8, 0x1FF8, 0xFFFF, 0xFFFF, 0xFFFF,
  0xB7B5, 0xF8BD, 0xD8BD, 0xF9BD, 0x7AC6, 0x7AC6, 0x7AC6, 0x7BCE,
  0x7BCE, 0x9BCE, 0x9BCE, 0x9BCE, 0x9BCE, 0x9BCE, 0x9BCE, 0x9BCE,
  0x9BCE, 0x9BCE, 0x9BCE, 0xBBCE, 0xBBCE, 0xBBCE, 0xBBCE, 0xBBCE,
  0xBBD6, 0xBBD6, 0xBBD6, 0xBBD6, 0xBBD6, 0xBBD6, 0xBBD6, 0xDBD6,
  0xDBD6, 0xDBD6, 0xDBD6, 0xDBD6, 0xBBD6, 0xDBD6, 0xDBD6, 0xDBD6,
  0xDBD6, 0xDBD6, 0xDBD6, 0xDBD6, 0xDBD6, 0xDBD6, 0xDBD6, 0xDBD6,
  0xDBD6, 0xDBD6, 0xDBD6, 0xDBD6, 0xDBD6, 0xDBD6, 0xDBD6, 0xDBD6,
  0xDBD6, 0xDBD6, 0xDBD6, 0xDBD6, 0xDBD6, 0xDBD6, 0xDBD6, 0xDBD6,
  0xDBD6, 0xDBD6, 0x9BCE, 0xC739, 0xCB5A, 0xE418, 0xAA52, 0xBBD6,
  0x2000, 0x1FF8, 0x1FF8, 0x1FF8, 0x1FF8, 0x1FF8, 0xDEF7, 0xFFFF,
  0xFFFF, 0xB8B5, 0x7AC6, 0xD8B5, 0xD8B5, 0x19BE, 0x7AC6, 0x7AC6,
  0x7AC6, 0x7AC6, 0x7AC6, 0x7BCE, 0x9BCE, 0x9BCE, 0x9BCE, 0x9BCE,
  0x9BCE, 0x9BCE, 0x9BCE, 0x9BCE, 0xBBCE, 0xBBCE, 0xBBCE, 0xBBCE,
  0xBBCE, 0xBBCE, 0xBBCE, 0xBBCE, 0xBBD6, 0xBBD6, 0xBBD6, 0xBBD6,
  0xBBD6, 0xBBD6, 0xDBD6, 0xBBD6, 0xDBD6, 0xDBD6, 0xDBD6, 0xDBD6,
  0xDBD6, 0xDBD6, 0xDBD6, 0xDBD6, 0xDBD6, 0xDBD6, 0xDBD6, 0xDBD6,
  0xDBD6, 0xDBD6, 0xDBD6, 0xDBD6, 0xDBD6, 0xDBD6, 0xDBD6, 0xDBD6,
  0xDBD6, 0xDBD6, 0xDBD6, 0xDBD6, 0xDBD6, 0xDBD6, 0xDBD6, 0xDBD6,
  0xDBD6, 0xDBD6, 0xDBD6, 0x5EE7, 0x6E6B, 0xDBD6, 0xDBD6, 0xFCDE,
  0xD7B5, 0x0000, 0x1FF8, 0x1FF8, 0x1FF8, 0x1FF8, 0x1FF8, 0x5CE7,
  0xFFFF, 0xFFFF, 0xF8B5, 0x5AC6, 0xF9BD, 0xD8B5, 0xD8B5, 0xF9BD,
  0x7AC6, 0x7AC6, 0x7AC6, 0x7AC6, 0x7AC6, 0x7BCE, 0x7BCE, 0x9BCE,
  0x9BCE, 0x9BCE, 0x9BCE, 0x9BCE, 0x9BCE, 0x9BCE, 0x9BCE, 0xBBCE,
  0x9BCE, 0xBBCE, 0xBBCE, 0xBBCE, 0xBBCE, 0xBBCE, 0xBBCE, 0xBBCE,
  0xBBD6, 0xBBD6, 0xBBD6, 0xBBD6, 0xBBD6, 0xDBD6, 0xDBD6, 0xDBD6,
  0xDBD6, 0xDBD6, 0xDBD6, 0xDBD6, 0xDBD6, 0xDBD6, 0xDBD6, 0xDBD6,
  0xDBD6, 0xDBD6, 0xDBD6, 0xDBD6, 0xDBD6, 0xDBD6, 0xDBD6, 0xDBD6,
  0xDBD6, 0xDBD6, 0xDBD6, 0xDBD6, 0xDBD6, 0xDBD6, 0xDBD6, 0xDBD6,
  0xDBD6, 0xDBD6, 0xDBD6, 0xDBD6, 0x3DDF, 0x0842, 0xDBD6, 0xDBD6,
  0xDBD6, 0xDBD6, 0x8E6B, 0x1FF8, 0x1FF8, 0x1FF8, 0x1FF8, 0x1FF8,
  0x96B5, 0xFFFF, 0xFFFF, 0x359D, 0x5AC6, 0x5AC6, 0xB8B5, 0xB8B5,
  0xD8B5, 0xD8BD, 0x7AC6, 0x7AC6, 0x7AC6, 0x7AC6, 0x7AC6, 0x7AC6,
  0x7AC6, 0x7BCE, 0x9BCE, 0x9BCE, 0x9BCE, 0x9BCE, 0x9BCE, 0x9BCE,
  0x9BCE, 0x9BCE, 0xBBCE, 0x9BCE, 0xBBCE, 0xBBCE, 0xBBCE, 0xBBCE,
  0xBBCE, 0xBBCE, 0xBBCE, 0xBBD6, 0xBBD6, 0xBBD6, 0xBBD6, 0xBBD6,
  0xBBD6, 0xBBD6, 0xDBD6, 0xDBD6, 0xDBD6, 0xDBD6, 0xDBD6, 0xBBD6,
  0xDBD6, 0xDBD6, 0xDBD6, 0xDBD6, 0xDBD6, 0xDBD6, 0xDBD6, 0xDBD6,
  0xDBD6, 0xDBD6, 0xDBD6, 0xDBD6, 0xDBD6, 0xDBD6, 0xDBD6, 0xDBD6,
  0xDBD6, 0xDBD6, 0xDBD6, 0xDBD6, 0xDBD6, 0xDBD6, 0x6108, 0xFCD6,
  0xDBD6, 0xDBD6, 0xDBD6, 0x19BE, 0x1FF8, 0x1FF8, 0x1FF8, 0x1FF8,
  0x1FF8, 0xB294, 0xFFFF, 0xFFFF, 0xD494, 0x3ABE, 0x3ABE, 0xD8B5,
  0xB8B5, 0xB8B5, 0xB8B5, 0xD8BD, 0x7AC6, 0x5AC6, 0x7AC6, 0x7AC6,
  0x7AC6, 0x7AC6, 0x7AC6, 0x7BCE, 0x7AC6, 0x9BCE, 0x9BCE, 0x9BCE,
  0x9BCE, 0x9BCE, 0x9BCE, 0x9BCE, 0x9BCE, 0x9BCE, 0xBBCE, 0xBBCE,
  0xBBCE, 0xBBCE, 0xBBCE, 0xBBCE, 0xBBCE, 0xBBD6, 0xBBCE, 0xBBD6,
  0xBBD6, 0xBBD6, 0xBBD6, 0xBBD6, 0xBBD6, 0xBBD6, 0xDBD6, 0xBBD6,
  0xDBD6, 0xBBD6, 0x9BCE, 0x7ACE, 0x7ACE, 0x7ACE, 0x1CDF, 0xDBD6,
  0xFCD6, 0xDBD6, 0xDBD6, 0xDBD6, 0xDBD6, 0xDBD6, 0xDBD6, 0xDBD6,
  0xDBD6, 0xDBD6, 0xDBD6, 0xDBD6, 0xDBD6, 0xDBD6, 0xDBD6, 0x4D6B,
  0xDBD6, 0xDBD6, 0xDBD6, 0xDBD6, 0xBBD6, 0x1FF8, 0x1FF8, 0x1FF8,
  0x1FF8, 0x1FF8, 0x718C, 0xFFFF, 0xFFFF, 0xD073, 0x3ABE, 0x3ABE,
  0x3ABE, 0xB8B5, 0xB8B5, 0xB8B5, 0xB8B5, 0xD8B5, 0x5AC6, 0x5AC6,
  0x7AC6, 0x5AC6, 0x7AC6, 0x7AC6, 0x7AC6, 0x7AC6, 0x7AC6, 0x7BCE,
  0x9BCE, 0x9BCE, 0x9BCE, 0x9BCE, 0x9BCE, 0x9BCE, 0x9BCE, 0x9BCE,
  0x9BCE, 0xBBCE, 0x9BCE, 0xBBCE, 0xBBCE, 0xBBCE, 0xBBCE, 0xBBCE,
  0xBBCE, 0xBBCE, 0xBBD6, 0xBBD6, 0xBBD6, 0xBBD6, 0xDBD6, 0xFCD6,
  0xFCD6, 0x7ACE, 0xB193, 0xF193, 0xF193, 0xD293, 0xF293, 0xD193,
  0xD293, 0xB193, 0xD193, 0xB4A4, 0xB7BD, 0x7ACE, 0x3DDF, 0xDBD6,
  0xDBD6, 0xDBD6, 0xDBD6, 0xDBD6, 0xDBD6, 0xDBD6, 0xDBD6, 0xDBD6,
  0x59C6, 0x56A5, 0xDBD6, 0xDBD6, 0xDBD6, 0x1DDF, 0x0000, 0x1FF8,
  0x1FF8, 0x1FF8, 0x1FF8, 0x8E73, 0xFFFF, 0xFFFF, 0x0D5B, 0x3ABE,
  0x3ABE, 0x3ABE, 0xD8B5, 0xB8B5, 0xB8B5, 0xB8B5, 0xB8B5, 0xB8B5,
  0x5AC6, 0x5AC6, 0x5AC6, 0x5AC6, 0xD8B5, 0x19BE, 0x3AC6, 0x5AC6,
  0x7AC6, 0x7AC6, 0x7BCE, 0x9BCE, 0x9BCE, 0x9BCE, 0x9BCE, 0x9BCE,
  0x9BCE, 0x9BCE, 0x9BCE, 0x9BCE, 0x9BCE, 0xBBCE, 0x9BCE, 0xBBCE,
  0xBBCE, 0xBBCE, 0xBBCE, 0xBBCE, 0xBBCE, 0xBBCE, 0x7ACE, 0xD193,
  0xD193, 0xD193, 0xF193, 0xF193, 0xF193, 0xF193, 0xF193, 0xF193,
  0xF193, 0xF193, 0xF293, 0xF193, 0xF193, 0xF293, 0xF293, 0xB193,
  0xD193, 0x36B5, 0x1CDF, 0xDBD6, 0xDBD6, 0xDBD6, 0xDBD6, 0xDBD6,
  0xDBD6, 0x3DDF, 0x2421, 0xDBD6, 0xDBD6, 0xDBD6, 0xFCD6, 0x0000,
  0x1FF8, 0x1FF8, 0x1FF8, 0x1FF8, 0xCB5A, 0xFFFF, 0xFFFF, 0xCB52,
  0x19BE, 0x19BE, 0x3ABE, 0x3ABE, 0xB8B5, 0xB8B5, 0xB8B5, 0xB8B5,
  0xB8B5, 0xB8B5, 0x5AC6, 0x5AC6, 0x5AC6, 0x5AC6, 0xD8B5, 0xD8BD,
  0xD8BD, 0xD8BD, 0xF8BD, 0xD8BD, 0xF9BD, 0x39BE, 0x7AC6, 0x7BCE,
  0x9BCE, 0x9BCE, 0x9BCE, 0x9BCE, 0x9BCE, 0x9BCE, 0x9BCE, 0x9BCE,
  0xBBCE, 0x9BCE, 0xBBCE, 0xBBCE, 0xBBCE, 0xBBCE, 0xBBCE, 0xF5AC,
  0xD193, 0xD193, 0xD193, 0xD193, 0xF193, 0xF193, 0xF193, 0xF193,
  0xF193, 0xF193, 0xF193, 0xF193, 0xF193, 0xF193, 0xF193, 0xF193,
  0xF293, 0xF293, 0xF293, 0xD193, 0xF293, 0x9BCE, 0xDBD6, 0xDBD6,
  0xDBD6, 0xDBD6, 0xDBD6, 0x0421, 0x1DDF, 0xDBD6, 0xDBD6, 0xDCD6,
  0xA210, 0x1FF8, 0x1FF8, 0x1FF8, 0x1FF8, 0x8631, 0xFFFF, 0xFFFF,
  0xC731, 0x19BE, 0x19BE, 0x19BE, 0x3ABE, 0x19BE, 0x98B5, 0x98B5,
  0xB8B5, 0xB8B5, 0xB8B5, 0xB8B5, 0x3AC6, 0x5AC6, 0x5AC6, 0x39BE,
  0xD8B5, 0xD8B5, 0xD8BD, 0xD8BD, 0xD8BD, 0xD8BD, 0xD8BD, 0xF8BD,
  0xF8BD, 0xD8BD, 0x19BE, 0x7AC6, 0x9BCE, 0x9BCE, 0x9BCE, 0x9BCE,
  0x9BCE, 0x9BCE, 0x9BCE, 0x9BCE, 0xBBCE, 0x9BCE, 0xBBCE, 0xBBCE,
  0xF293, 0xD193, 0xD193, 0xD193, 0xD193, 0xD193, 0xD193, 0xD193,
  0xD193, 0xF193, 0xD193, 0xF193, 0xF193, 0xF193, 0xF193, 0xF193,
  0xF193, 0xF193, 0xF193, 0xF193, 0xF193, 0xF193, 0xB193, 0x539C,
  0xBBCE, 0xBBD6, 0xDBD6, 0xDBD6, 0xD7B5, 0x7ACE, 0xDBD6, 0xDBD6,
  0xDBD6, 0xCB52, 0x1FF8, 0x1FF8, 0x1FF8, 0x1FF8, 0x2529, 0xFFFF,
  0xFFFF, 0xC318, 0x19BE, 0x19BE, 0x19BE, 0x19BE, 0x19BE, 0xD8B5,
  0x97B5, 0x98B5, 0x98B5, 0xB8B5, 0xB8B5, 0x98B5, 0x5AC6, 0x5AC6,
  0x5AC6, 0x19BE, 0xB8B5, 0xD8B5, 0xD8BD, 0xD8BD, 0xD8BD, 0xD8BD,
  0xD8BD, 0xF8BD, 0xD8BD, 0xF8BD, 0xF8BD, 0xF9BD, 0xF9BD, 0x19C6,
  0x9BCE, 0x9BCE, 0x9BCE, 0x9BCE, 0x9BCE, 0x9BCE, 0x9BCE, 0x9BCE,
  0xBBCE, 0xB193, 0xD193, 0xD193, 0xD193, 0xD193, 0xD193, 0xD193,
  0xD193, 0xD193, 0xD193, 0xD193, 0xD193, 0xD193, 0xF193, 0xF193,
  0xF193, 0xF193, 0xF193, 0xF193, 0xF193, 0xF193, 0xF193, 0xF193,
  0xF193, 0xB193, 0x56B5, 0xBBD6, 0xDBD6, 0xDBD6, 0x5184, 0xDBD6,
  0xDBD6, 0xBBD6, 0xB394, 0x1FF8, 0x1FF8, 0x1FF8, 0x1FF8, 0x8210,
  0xFFFF, 0xFFFF, 0x4108, 0x19B6, 0xF9B5, 0x19BE, 0x19BE, 0x19BE,
  0x1ABE, 0x97B5, 0x97B5, 0x98B5, 0x98B5, 0x98B5, 0x98B5, 0xB8B5,
  0x5ABE, 0x3ABE, 0x5AC6, 0xF9BD, 0xB8B5, 0xD8B5, 0xD8B5, 0xD8B5,
  0xD8B5, 0xD8BD, 0xD8BD, 0xD8BD, 0xD8BD, 0xD8BD, 0xF8BD, 0xF9BD,
  0xF9BD, 0xF9BD, 0xF8BD, 0x7AC6, 0x9BCE, 0x9BCE, 0x9BCE, 0x9BCE,
  0x9BCE, 0x7ACE, 0xD193, 0xD193, 0xD193, 0xD193, 0xD193, 0xD193,
  0xD193, 0xD193, 0xD193, 0xD193, 0xD193, 0xD193, 0xD193, 0xD193,
  0xD193, 0xD193, 0xF193, 0xF193, 0xF193, 0xD193, 0xF193, 0xF193,
  0xF193, 0xF193, 0xF193, 0xF193, 0xF293, 0xF8BD, 0xFCD6, 0x6210,
  0xDBD6, 0xDBD6, 0xDBD6, 0x19BE, 0x1FF8, 0x1FF8, 0x1FF8, 0x1FF8,
  0x0000, 0xFFFF, 0xFFFF, 0x6108, 0xF9B5, 0xF9B5, 0xF9B5, 0x19B6,
  0x19B6, 0x19BE, 0x19BE, 0x97AD, 0x97B5, 0x97B5, 0x97B5, 0x98B5,
  0x98B5, 0xB8B5, 0x3ABE, 0x3ABE, 0x3ABE, 0xD8B5, 0xB8B5, 0xB8B5,
  0xB8B5, 0xB8B5, 0xD8B5, 0xD8BD, 0xD8BD, 0xD8BD, 0xD8BD, 0xD8BD,
  0xD8BD, 0xD8BD, 0xF8BD, 0xF9BD, 0xF8BD, 0xF9BD, 0x9BCE, 0x9BCE,
  0x9BCE, 0x9BCE, 0x39C6, 0xD193, 0xD193, 0xD193, 0xD193, 0xD193,
  0xD193, 0xD193, 0xD193, 0xD193, 0xD193, 0xD193, 0xD193, 0xD193,
  0xD193, 0xD193, 0xD193, 0xD193, 0xD193, 0xD193, 0xD193, 0xD193,
  0xF193, 0xF193, 0xD193, 0xD193, 0xF193, 0xF193, 0xF193, 0x129C,
  0x0842, 0x7EE7, 0xBBD6, 0xDBD6, 0x9ACE, 0x1FF8, 0x1FF8, 0x1FF8,
  0x1FF8, 0x0000, 0xFFFF, 0xFFFF, 0x2429, 0x19B6, 0xF9B5, 0xF9B5,
  0xF9B5, 0xF9B5, 0xF9B5, 0x19B6, 0xB8B5, 0x97AD, 0x97AD, 0x97AD,
  0x97B5, 0x97B5, 0x98B5, 0xF9B5, 0x3ABE, 0x3ABE, 0x3ABE, 0xB8B5,
  0xB8B5, 0xB8B5, 0xB8B5, 0xB8B5, 0xD8B5, 0xD8B5, 0xD8B5, 0xD8BD,
  0xD8B5, 0xD8BD, 0xD8BD, 0xD8BD, 0xF8BD, 0xD8BD, 0xD8BD, 0x7BCE,
  0x7BCE, 0x7BCE, 0x9BCE, 0x39C6, 0xB18B, 0xD193, 0xD193, 0xD193,
  0xD193, 0xD193, 0xD193, 0xD193, 0xD193, 0xD193, 0xD193, 0xD193,
  0xD193, 0xD193, 0xD193, 0xD193, 0xD193, 0xD193, 0xD193, 0xD193,
  0xD193, 0xD193, 0xD193, 0xD193, 0xD193, 0xD193, 0xD193, 0xD193,
  0xF193, 0xB18B, 0xB08B, 0x1CDF, 0xBBD6, 0x3DDF, 0x1FF8, 0x1FF8,
  0x1FF8, 0x1FF8, 0x0000, 0xFFFF, 0xFFFF, 0x6D6B, 0x3ABE, 0xF9B5,
  0xF9B5, 0xF9B5, 0xF9B5, 0xF9B5, 0xF9B5, 0x19B6, 0x77AD, 0x77AD,
  0x97AD, 0x97AD, 0x97AD, 0x97B5, 0x97B5, 0xF9BD, 0x19BE, 0x3ABE,
  0x19BE, 0x98B5, 0xB8B5, 0xB8B5, 0xB8B5, 0xB8B5, 0xB8B5, 0xB8B5,
  0xD8B5, 0xD8B5, 0xD8B5, 0xD8B5, 0xD8BD, 0xD8BD, 0xD8BD, 0xF8BD,
  0x7AC6, 0x7AC6, 0x7AC6, 0x7AC6, 0x9BCE, 0xB18B, 0xD18B, 0xD18B,
  0xB18B, 0xD193, 0xD193, 0xD193, 0xD193, 0xD193, 0xD193, 0xD193,
  0xD193, 0xD193, 0xD193, 0xD193, 0xD193, 0xD193, 0xD193, 0xD193,
  0xD193, 0xD193, 0xD193, 0xD193, 0xD193, 0xD193, 0xD193, 0xD193,
  0xD193, 0xD193, 0x139C, 0x8C62, 0xD193, 0x16AD, 0x3DDF, 0x0000,
  0x1FF8, 0x1FF8, 0x1FF8, 0x0000, 0xFFFF, 0xFFFF, 0xD7BD, 0xF9B5,
  0xD9B5, 0xD9B5, 0xD9B5, 0xF9B5, 0xF9B5, 0xF9B5, 0xF9B5, 0xD8B5,
  0x77AD, 0x77AD, 0x77AD, 0x77AD, 0x97AD, 0x97B5, 0x77AD, 0x3ABE,
  0x19BE, 0x3ABE, 0xD9B5, 0x98B5, 0xB8B5, 0x98B5, 0xB8B5, 0xB8B5,
  0xB8B5, 0xB8B5, 0xB8B5, 0xD8B5, 0xB8B5, 0xD8B5, 0xD8BD, 0xD8B5,
  0x39BE, 0x7AC6, 0x7AC6, 0x7AC6, 0x7AC6, 0x9BCE, 0xB18B, 0xB18B,
  0xB18B, 0xB18B, 0xD18B, 0xD18B, 0xB193, 0xD193, 0xD193, 0xD193,
  0xD193, 0xD193, 0xD193, 0xD193, 0xD193, 0xD193, 0xD193, 0xD193,
  0xD193, 0xD193, 0xD193, 0xD193, 0xD193, 0xD193, 0xD193, 0xD193,
  0xD193, 0xD193, 0xD193, 0xD193, 0x6B5A, 0xD193, 0xD193, 0x539C,
  0x0000, 0x1FF8, 0x1FF8, 0x1FF8, 0x1FF8, 0xFFFF, 0xFFFF, 0x9EF7,
  0x569D, 0xD9B5, 0xD9B5, 0xD9B5, 0xD9B5, 0xF9B5, 0xF9B5, 0xF9B5,
  0xF9B5, 0x57AD, 0x77AD, 0x77AD, 0x77AD, 0x77AD, 0x97AD, 0x97AD,
  0x97B5, 0x19BE, 0x19BE, 0x19BE, 0x98B5, 0x98B5, 0x98B5, 0x98B5,
  0xB8B5, 0xB8B5, 0xB8B5, 0xB8B5, 0xB8B5, 0xB8B5, 0xB8B5, 0xD8B5,
  0xB8B5, 0x7AC6, 0x5AC6, 0x5AC6, 0x5AC6, 0x7AC6, 0x9BCE, 0xB18B,
  0xB18B, 0xB18B, 0xB18B, 0xB18B, 0xB18B, 0xB18B, 0xB18B, 0xB18B,
  0xD193, 0xD193, 0xD193, 0xD193, 0xD193, 0xD193, 0xD193, 0xD193,
  0xD193, 0xD193, 0xD193, 0xD193, 0xD193, 0xD193, 0xD193, 0xD193,
  0xD193, 0xD193, 0xD193, 0xD193, 0xF293, 0xC320, 0xD193, 0xD193,
  0xF293, 0x0000, 0x1FF8, 0x1FF8, 0x1FF8, 0x1FF8, 0xFFFF, 0xFFFF,
  0xBEF7, 0x159D, 0xD8AD, 0xD9AD, 0xD9B5, 0xD9B5, 0xD9B5, 0xD9B5,
  0xD9B5, 0xD9B5, 0xD9B5, 0x57AD, 0x77AD, 0x77AD, 0x77AD, 0x77AD,
  0x77AD, 0x77AD, 0xB8B5, 0x19BE, 0x19BE, 0x19BE, 0x97B5, 0x97B5,
  0x98B5, 0x98B5, 0x98B5, 0x98B5, 0x98B5, 0xB8B5, 0xB8B5, 0xB8B5,
  0xB8B5, 0xD8B5, 0x5AC6, 0x5AC6, 0x5AC6, 0x5AC6, 0x5AC6, 0x9BCE,
  0x908B, 0xB18B, 0xB18B, 0xB18B, 0xB18B, 0xB18B, 0xB18B, 0xB18B,
  0xB18B, 0xB18B, 0xB18B, 0xB18B, 0xD18B, 0xD18B, 0xB18B, 0xB18B,
  0xD193, 0xD193, 0xD193, 0xD193, 0xD193, 0xD193, 0xD193, 0xD193,
  0xD193, 0xD193, 0xD193, 0xD193, 0xD193, 0xD193, 0x0000, 0xD193,
  0xD193, 0xD193, 0x0000, 0x1FF8, 0x1FF8, 0x1FF8, 0x1FF8, 0xFFFF,
  0xFFFF, 0xFFFF, 0x8F6B, 0xB8AD, 0xD8AD, 0xD9B5, 0xD9B5, 0xD9B5,
  0xD9B5, 0xD9B5, 0xD9B5, 0xD9B5, 0x57AD, 0x57AD, 0x77AD, 0x57AD,
  0x77AD, 0x77AD, 0x77AD, 0x77AD, 0xF9B5, 0x19B6, 0x19B6, 0xD8B5,
  0x97AD, 0x97B5, 0x97B5, 0x97B5, 0x98B5, 0x98B5, 0x98B5, 0xB8B5,
  0xB8B5, 0xB8B5, 0x19BE, 0x3ABE, 0x3ABE, 0x5AC6, 0x5AC6, 0x5AC6,
  0x5AC6, 0x918B, 0xB18B, 0xB18B, 0xB18B, 0xB18B, 0xB18B, 0xB18B,
  0xB18B, 0xB18B, 0xB18B, 0xB18B, 0xB18B, 0xB18B, 0xB18B, 0xB18B,
  0xB18B, 0xD18B, 0xB193, 0xB18B, 0xD193, 0xB18B, 0xD193, 0xD193,
  0xD193, 0xD193, 0xD193, 0xD193, 0xD193, 0xD193, 0xD193, 0x2529,
  0xF293, 0xD193, 0xD18B, 0x0000, 0x1FF8, 0x1FF8, 0x1FF8, 0x1FF8,
  0xFFFF, 0xFFFF, 0xFFFF, 0xA731, 0xB8AD, 0xB8AD, 0xB8AD, 0xB8AD,
  0xD8AD, 0xD8AD, 0xD8AD, 0xD9B5, 0xD9B5, 0xD9B5, 0x57AD, 0x57A5,
  0x57AD, 0x77AD, 0x57AD, 0x77AD, 0x77AD, 0x57AD, 0x19B6, 0xF9B5,
  0x19B6, 0xD9B5, 0x77AD, 0x97AD, 0x97B5, 0x97B5, 0x97B5, 0x97B5,
  0x98B5, 0x98B5, 0xB8B5, 0x3ABE, 0x3ABE, 0x3ABE, 0x3ABE, 0x5ABE,
  0x5AC6, 0x5AC6, 0x7083, 0xB18B, 0xB18B, 0xB18B, 0xB18B, 0xB18B,
  0xB18B, 0xB18B, 0xB18B, 0xB18B, 0xB18B, 0xB18B, 0xB18B, 0xB18B,
  0xB18B, 0xB18B, 0xB18B, 0xB18B, 0xB18B, 0xB18B, 0xB18B, 0xD18B,
  0xD193, 0xD193, 0xB193, 0xB18B, 0xB193, 0xD193, 0xD193, 0xD193,
  0x2E7B, 0xD193, 0xD193, 0xD293, 0x0000, 0x1FF8, 0x1FF8, 0x1FF8,
  0x1FF8, 0xFFFF, 0xFFFF, 0xFFFF, 0x8210, 0xB8AD, 0xB8AD, 0xB8AD,
  0xB8AD, 0xB8AD, 0xB8AD, 0xD8AD, 0xB8AD, 0xD8AD, 0xD8AD, 0x57A5,
  0x57A5, 0x57A5, 0x57A5, 0x57AD, 0x57AD, 0x57AD, 0x77AD, 0x97AD,
  0xF9B5, 0xF9B5, 0xF9B5, 0xF9B5, 0x77AD, 0x77AD, 0x97AD, 0x97AD,
  0x97B5, 0x97B5, 0x97B5, 0x19BE, 0x3ABE, 0x3ABE, 0x3ABE, 0x3ABE,
  0x3ABE, 0x3ABE, 0x5ABE, 0x2F83, 0x908B, 0xB18B, 0x908B, 0x918B,
  0x918B, 0x918B, 0xB18B, 0xB18B, 0xB18B, 0xB18B, 0xB18B, 0xB18B,
  0xB18B, 0xB18B, 0xB18B, 0xB18B, 0xB18B, 0xB18B, 0xB18B, 0xB18B,
  0xB18B, 0xB18B, 0xB18B, 0xB18B, 0xB18B, 0xB18B, 0xD18B, 0xD18B,
  0xD18B, 0xB18B, 0x8B62, 0xB193, 0xD193, 0x0000, 0x1FF8, 0x1FF8,
  0x1FF8, 0x1FF8, 0xFFFF, 0xFFFF, 0xDFFF, 0x6210, 0xD9B5, 0xB8AD,
  0xB8AD, 0xB8AD, 0xB8AD, 0xB8AD, 0xB8AD, 0xB8AD, 0xB8AD, 0xB8AD,
  0xB8AD, 0x57A5, 0x57A5, 0x57A5, 0x57AD, 0x57AD, 0x57A5, 0x57AD,
  0x57AD, 0xF9B5, 0xF9B5, 0xF9B5, 0xF9B5, 0xF9B5, 0xF9B5, 0x98B5,
  0x97AD, 0xD9B5, 0x19BE, 0x19BE, 0x19BE, 0x19BE, 0x19BE, 0x19BE,
  0x19BE, 0x3ABE, 0x3ABE, 0x3ABE, 0xF293, 0x918B, 0x9183, 0x918B,
  0x918B, 0x908B, 0x908B, 0xB18B, 0xB18B, 0x918B, 0xB18B, 0xB18B,
  0xB18B, 0xB18B, 0xB18B, 0xB18B, 0xB18B, 0xB18B, 0xB18B, 0xB18B,
  0xB18B, 0xB18B, 0xB18B, 0xB18B, 0xB18B, 0xB18B, 0xB18B, 0xB18B,
  0xB18B, 0xB18B, 0xD193, 0x0529, 0xB18B, 0xB18B, 0x0000, 0x1FF8,
  0x1FF8, 0x1FF8, 0x1FF8, 0xFFFF, 0xFFFF, 0xFFFF, 0x6529, 0x57A5,
  0x36A5, 0x36A5, 0x36A5, 0x57A5, 0x98AD, 0xB8AD, 0xB8AD, 0xB8AD,
  0xB8AD, 0xB8AD, 0x57A5, 0x57A5, 0x57A5, 0x57A5, 0x57A5, 0x57A5,
  0x57A5, 0x57A5, 0x57AD, 0xD9B5, 0xD9B5, 0xF9B5, 0xF9B5, 0xF9B5,
  0xF9B5, 0xF9B5, 0xF9B5, 0xF9B5, 0x19B6, 0x19BE, 0x19BE, 0x19BE,
  0x19BE, 0x19BE, 0x19BE, 0x19BE, 0x19BE, 0x97B5, 0x9083, 0x9083,
  0x908B, 0x908B, 0x918B, 0x9183, 0x9083, 0x908B, 0x908B, 0xB18B,
  0xB18B, 0x918B, 0xB18B, 0x918B, 0xB18B, 0xB18B, 0xB18B, 0xB18B,
  0xB18B, 0xB18B, 0xB18B, 0xB18B, 0xB18B, 0xB18B, 0xB18B, 0xB18B,
  0xB18B, 0xB18B, 0xB18B, 0xD193, 0x2000, 0xB18B, 0xB18B, 0xC318,
  0x1FF8, 0x1FF8, 0x1FF8, 0x1FF8, 0xFFFF, 0xFFFF, 0xFFFF, 0x3084,
  0x37A5, 0x169D, 0x16A5, 0x36A5, 0x36A5, 0x36A5, 0x36A5, 0x36A5,
  0x36A5, 0x57A5, 0x77AD, 0xB8AD, 0x56A5, 0x56A5, 0x57A5, 0x36A5,
  0x57A5, 0x57A5, 0x57A5, 0x57A5, 0xD9B5, 0xD9B5, 0xD9B5, 0xD9B5,
  0xF9B5, 0xF9B5, 0xF9B5, 0xF9B5, 0xF9B5, 0xF9B5, 0xF9B5, 0xF9B5,
  0xF9B5, 0x19B6, 0x19B6, 0x19BE, 0x19BE, 0x19BE, 0x5ABE, 0x7083,
  0x9083, 0x9083, 0x9083, 0x9083, 0x9083, 0x908B, 0x908B, 0x918B,
  0x9183, 0x9083, 0x918B, 0x908B, 0x908B, 0xB18B, 0xB18B, 0x918B,
  0xB18B, 0xB18B, 0xB18B, 0xB18B, 0xB18B, 0xB18B, 0xB18B, 0xB18B,
  0xB18B, 0xB18B, 0xB18B, 0xB18B, 0xD193, 0x0000, 0xD5BC, 0x94B4,
  0x0000, 0x1FF8, 0x1FF8, 0x1FF8, 0x1FF8, 0xDEF7, 0xFFFF, 0xFFFF,
  0x58C6, 0x98AD, 0x169D, 0x169D, 0x169D, 0x169D, 0x169D, 0x36A5,
  0x36A5, 0x36A5, 0x36A5, 0x36A5, 0x36A5, 0x36A5, 0x36A5, 0x36A5,
  0x36A5, 0x56A5, 0x57A5, 0x36A5, 0x57A5, 0xD8AD, 0xD9B5, 0xD9B5,
  0xD9B5, 0xD9B5, 0xD9B5, 0xD9B5, 0xD9B5, 0xF9B5, 0xF9B5, 0xF9B5,
  0xF9B5, 0xF9B5, 0xF9B5, 0xF9B5, 0xF9B5, 0xF9B5, 0x19B6, 0x19BE,
  0x1294, 0x7083, 0x7083, 0x7083, 0x9083, 0x9083, 0x9083, 0x9083,
  0x9083, 0x9083, 0x908B, 0x908B, 0x9183, 0x918B, 0x918B, 0x918B,
  0x918B, 0x918B, 0x908B, 0xB18B, 0x918B, 0xB18B, 0x918B, 0x918B,
  0x918B, 0xB18B, 0xB18B, 0xB18B, 0xB18B, 0xD18B, 0x0000, 0xF6C4,
  0x94B4, 0xE420, 0x1FF8, 0x1FF8, 0x1FF8, 0x1FF8, 0xFFFF, 0xFFFF,
  0xFFFF, 0xFFFF, 0x938C, 0x169D, 0x169D, 0x169D, 0x169D, 0x169D,
  0x169D, 0x169D, 0x369D, 0x36A5, 0x169D, 0x36A5, 0x36A5, 0x36A5,
  0x36A5, 0x36A5, 0x36A5, 0x36A5, 0x36A5, 0xB8AD, 0xB8AD, 0xB8AD,
  0xB8AD, 0xD8AD, 0xD9B5, 0xD8AD, 0xD9B5, 0xD9B5, 0xD9B5, 0xD9B5,
  0xD9B5, 0xF9B5, 0xF9B5, 0xF9B5, 0xF9B5, 0xF9B5, 0xF9B5, 0xF9B5,
  0xF9B5, 0xB8B5, 0x7083, 0x7083, 0x7083, 0x7083, 0x9083, 0x7083,
  0x9083, 0x9083, 0x9083, 0x9083, 0x9083, 0x9083, 0x9083, 0x9083,
  0x908B, 0x9083, 0x918B, 0x908B, 0x9183, 0x9083, 0x9183, 0x9083,
  0x918B, 0x908B, 0x918B, 0x908B, 0x918B, 0xB08B, 0xB18B, 0x4108,
  0x94B4, 0x94B4, 0xCC6A, 0x1FF8, 0x1FF8, 0x1FF8, 0x1FF8, 0x1CE7,
  0xFFFF, 0xFFFF, 0xFFFF, 0x6A4A, 0x37A5, 0x169D, 0x169D, 0x169D,
  0x169D, 0x169D, 0x169D, 0x169D, 0x169D, 0x169D, 0x369D, 0x369D,
  0x169D, 0x36A5, 0x36A5, 0x36A5, 0x36A5, 0x77A5, 0xB8AD, 0xB8AD,
  0xB8AD, 0xB8AD, 0xB8AD, 0xB8AD, 0xB8AD, 0xD8AD, 0xD9B5, 0xD8AD,
  0xD9B5, 0xD9B5, 0xD9B5, 0xD9B5, 0xD9B5, 0xF9B5, 0xD9B5, 0xF9B5,
  0xF9B5, 0xF9B5, 0x19B6, 0x7083, 0x7083, 0x7083, 0x7083, 0x7083,
  0x7083, 0x7083, 0x7083, 0x9083, 0x9083, 0x7083, 0x7083, 0x7083,
  0x9083, 0x9083, 0x9083, 0x9083, 0x9083, 0x9083, 0x9083, 0x9083,
  0x908B, 0x9083, 0x918B, 0x918B, 0x908B, 0x908B, 0x908B, 0x9083,
  0xE420, 0xB4B4, 0x94B4, 0xD193, 0x1FF8, 0x1FF8, 0x1FF8, 0x1FF8,
  0x5DEF, 0xFFFF, 0xFFFF, 0xFFFF, 0xA310, 0x98A5, 0x169D, 0x169D,
  0x169D, 0x169D, 0x169D, 0x169D, 0x169D, 0x169D, 0x169D, 0x169D,
  0x169D, 0x169D, 0x169D, 0x169D, 0x36A5, 0x98AD, 0x98AD, 0xB8AD,
  0x98AD, 0xB8AD, 0xB8AD, 0xB8AD, 0xB8AD, 0xB8AD, 0xB8AD, 0xB8AD,
  0xB8AD, 0xD8AD, 0xB8AD, 0xD8AD, 0xD9B5, 0xD9B5, 0xD9B5, 0xD9B5,
  0xD9B5, 0xF9B5, 0xF9B5, 0xF9B5, 0x949C, 0x707B, 0x7083, 0x7083,
  0x7083, 0x7083, 0x7083, 0x7083, 0x7083, 0x7083, 0x7083, 0x7083,
  0x7083, 0x7083, 0x9083, 0x9083, 0x9083, 0x7083, 0x9083, 0x9083,
  0x9083, 0x9083, 0x9083, 0x9083, 0x9083, 0x9083, 0x9083, 0x9083,
  0x9083, 0x4B52, 0x94B4, 0x94B4, 0xB4B4, 0x0000, 0x1FF8, 0x1FF8,
  0x1FF8, 0xFBDE, 0xFFFF, 0xFFFF, 0xDFFF, 0x4108, 0x98AD, 0x57A5,
  0x169D, 0x169D, 0x169D, 0x169D, 0x169D, 0x169D, 0x169D, 0x169D,
  0x169D, 0x169D, 0x169D, 0x169D, 0x169D, 0x77A5, 0x98AD, 0x98AD,
  0x98AD, 0x98AD, 0x98AD, 0xB8AD, 0x98AD, 0xB8AD, 0xB8AD, 0xB8AD,
  0xB8AD, 0xB8AD, 0xB8AD, 0xB8AD, 0xB8AD, 0xB8AD, 0xB8AD, 0xD8AD,
  0xD8AD, 0xD9B5, 0xD9B5, 0xD9B5, 0xD9B5, 0xF9B5, 0x4F7B, 0x707B,
  0x707B, 0x7083, 0x707B, 0x7083, 0x7083, 0x7083, 0x7083, 0x7083,
  0x7083, 0x7083, 0x7083, 0x7083, 0x7083, 0x7083, 0x7083, 0x7083,
  0x7083, 0x7083, 0x7083, 0x9083, 0x9083, 0x9083, 0x9083, 0x9083,
  0x9083, 0x7083, 0x2F7B, 0x32A4, 0x94B4, 0xF6C4, 0x0000, 0x1FF8,
  0x1FF8, 0x1FF8, 0x79CE, 0xFFFF, 0xFFFF, 0xFFFF, 0xE318, 0x98A5,
  0x98A5, 0x169D, 0x169D, 0x169D, 0x169D, 0x169D, 0x169D, 0x169D,
  0x169D, 0x169D, 0x169D, 0x169D, 0x169D, 0x169D, 0x98A5, 0x98A5,
  0x98A5, 0x98AD, 0x98AD, 0x98AD, 0x98AD, 0x98AD, 0x98AD, 0x98AD,
  0xB8AD, 0xB8AD, 0x98AD, 0xB8AD, 0xB8AD, 0xB8AD, 0xB8AD, 0xB8AD,
  0xB8AD, 0xB8AD, 0xD8AD, 0xD8AD, 0xB8AD, 0xD9B5, 0xD8B5, 0x707B,
  0x507B, 0x507B, 0x707B, 0x707B, 0x707B, 0x707B, 0x507B, 0x7083,
  0x7083, 0x707B, 0x7083, 0x7083, 0x7083, 0x7083, 0x7083, 0x7083,
  0x7083, 0x7083, 0x7083, 0x7083, 0x7083, 0x7083, 0x7083, 0x7083,
  0x7083, 0x7083, 0x7083, 0xAD62, 0xB4BC, 0x94B4, 0x94B4, 0x0000,
  0x1FF8, 0x1FF8, 0x1FF8, 0x1CE7, 0xFFFF, 0xFFFF, 0xFFFF, 0x0842,
  0x98A5, 0x78A5, 0x78A5, 0xF69C, 0xF69C, 0x169D, 0x169D, 0x169D,
  0x169D, 0x169D, 0xF69C, 0xF69C, 0x169D, 0xF69C, 0xF69C, 0x98A5,
  0x78A5, 0x78A5, 0x98A5, 0x98A5, 0x98A5, 0x98A5, 0x98AD, 0x98AD,
  0x98AD, 0x98AD, 0x98AD, 0x98AD, 0x98AD, 0xB8AD, 0xB8AD, 0xB8AD,
  0xB8AD, 0xB8AD, 0xB8AD, 0xB8AD, 0xB8AD, 0xB8AD, 0xB8AD, 0xB8AD,
  0xD59C, 0x507B, 0x507B, 0x507B, 0x507B, 0x507B, 0x507B, 0x507B,
  0x507B, 0x707B, 0x707B, 0x707B, 0x707B, 0x507B, 0x7083, 0x707B,
  0x7083, 0x707B, 0x7083, 0x707B, 0x707B, 0x7083, 0x7083, 0x7083,
  0x7083, 0x7083, 0x7083, 0x7083, 0xCD6A, 0x53AC, 0x94B4, 0x94B4,
  0x0000, 0x1FF8, 0x1FF8, 0x1FF8, 0x18C6, 0xFFFF, 0xFFFF, 0xFFFF,
  0x694A, 0x98AD, 0x77A5, 0x77A5, 0x57A5, 0xF69C, 0xF69C, 0xF69C,
  0xF69C, 0xF69C, 0xF69C, 0xF69C, 0xF69C, 0xF69C, 0xF69C, 0x57A5,
  0x78A5, 0x78A5, 0x98A5, 0x78A5, 0x98A5, 0x78A5, 0x98A5, 0x98A5,
  0x98A5, 0x98A5, 0x98A5, 0x98A5, 0x98AD, 0x98AD, 0x98AD, 0x98AD,
  0x98AD, 0x98AD, 0x98AD, 0xB8AD, 0x98AD, 0xB8AD, 0xB8AD, 0xB8AD,
  0xB8AD, 0xF9B5, 0x2F7B, 0x507B, 0x507B, 0x4F7B, 0x4F7B, 0x4F7B,
  0x507B, 0x507B, 0x507B, 0x507B, 0x507B, 0x507B, 0x507B, 0x507B,
  0x507B, 0x507B, 0x507B, 0x507B, 0x707B, 0x707B, 0x707B, 0x707B,
  0x507B, 0x507B, 0x707B, 0x507B, 0x707B, 0x2A52, 0xD5BC, 0x94B4,
  0xB4B4, 0x0000, 0x1FF8, 0x1FF8, 0x1FF8, 0x58C6, 0xFFFF, 0xFFFF,
  0xFFFF, 0x4D63, 0x78A5, 0x77A5, 0x77A5, 0x77A5, 0x369D, 0xF69C,
  0xF69C, 0xF69C, 0xF69C, 0xF69C, 0xF69C, 0xF69C, 0xF69C, 0x169D,
  0x77A5, 0x78A5, 0x78A5, 0x78A5, 0x78A5, 0x78A5, 0x78A5, 0x78A5,
  0x78A5, 0x98A5, 0x57A5, 0x78A5, 0x98A5, 0x98A5, 0x98A5, 0x98A5,
  0x98AD, 0x98AD, 0x98AD, 0x98A5, 0x98AD, 0x98AD, 0x98AD, 0x98AD,
  0x98AD, 0x98AD, 0x98AD, 0x507B, 0x2F7B, 0x4F7B, 0x507B, 0x4F7B,
  0x4F7B, 0x507B, 0x507B, 0x4F7B, 0x507B, 0x4F7B, 0x507B, 0x4F7B,
  0x507B, 0x4F7B, 0x4F7B, 0x507B, 0x507B, 0x507B, 0x507B, 0x507B,
  0x507B, 0x507B, 0x507B, 0x507B, 0x507B, 0x507B, 0x8739, 0x94B4,
  0x94B4, 0xB4B4, 0x0000, 0x1FF8, 0x1FF8, 0x1FF8, 0x59CE, 0xFFFF,
  0xFFFF, 0xFFFF, 0xAC52, 0xD9AD, 0x77A5, 0x77A5, 0x77A5, 0x78A5,
  0xF69C, 0xF69C, 0xF69C, 0xF69C, 0xF69C, 0xF69C, 0xF59C, 0x57A5,
  0x78A5, 0x77A5, 0x77A5, 0x77A5, 0x77A5, 0x78A5, 0x78A5, 0x77A5,
  0x78A5, 0x78A5, 0x77A5, 0xF69C, 0x169D, 0x169D, 0x77A5, 0x98A5,
  0x98A5, 0x78A5, 0x98A5, 0x98A5, 0x98A5, 0x98A5, 0x98A5, 0x98AD,
  0x98AD, 0x98A5, 0x98AD, 0x98AD, 0x369D, 0x2F7B, 0x2F7B, 0x2F7B,
  0x2F7B, 0x4F7B, 0x4F7B, 0x2F7B, 0x4F7B, 0x4F7B, 0x4F7B, 0x507B,
  0x4F7B, 0x507B, 0x4F7B, 0x507B, 0x507B, 0x507B, 0x4F7B, 0x507B,
  0x507B, 0x4F7B, 0x507B, 0x4F7B, 0x4F7B, 0x4F7B, 0x4F7B, 0x2100,
  0xB4B4, 0x94B4, 0xD5BC, 0x0000, 0x1FF8, 0x1FF8, 0x1FF8, 0x59CE,
  0xFFFF, 0xFFFF, 0x1695, 0x4F63, 0xDAB5, 0x57A5, 0x77A5, 0x57A5,
  0x57A5, 0x77A5, 0x369D, 0xD594, 0xF69C, 0xF69C, 0x579D, 0x77A5,
  0x77A5, 0x77A5, 0x77A5, 0x77A5, 0x77A5, 0x77A5, 0x77A5, 0x77A5,
  0x77A5, 0x77A5, 0x77A5, 0x57A5, 0xF69C, 0xF69C, 0xF69C, 0xF69C,
  0xF59C, 0x77A5, 0x78A5, 0x78A5, 0x78A5, 0x78A5, 0x78A5, 0x78A5,
  0x78A5, 0x98A5, 0x98A5, 0x98A5, 0x98A5, 0xB8AD, 0x0F73, 0x2F73,
  0x2F73, 0x2F73, 0x2F73, 0x2F7B, 0x2F7B, 0x2F73, 0x2F7B, 0x2F7B,
  0x2F7B, 0x2F7B, 0x2F7B, 0x2F7B, 0x4F7B, 0x2F7B, 0x4F7B, 0x4F7B,
  0x2F7B, 0x4F7B, 0x2F7B, 0x4F7B, 0x4F7B, 0x2F7B, 0x4F7B, 0x707B,
  0xC320, 0x94B4, 0x94B4, 0xB4B4, 0x0000, 0x1FF8, 0x1FF8, 0x1FF8,
  0x1CE7, 0xFFFF, 0x57A5, 0x57A5, 0x327C, 0x78A5, 0x579D, 0x579D,
  0x57A5, 0x57A5, 0x57A5, 0x579D, 0x57A5, 0x57A5, 0x57A5, 0x57A5,
  0x579D, 0x57A5, 0x57A5, 0x57A5, 0x57A5, 0x57A5, 0x57A5, 0x57A5,
  0x77A5, 0x77A5, 0x57A5, 0x77A5, 0x57A5, 0xF69C, 0xF69C, 0xF69C,
  0xF69C, 0xF69C, 0xF69C, 0x369D, 0x78A5, 0x77A5, 0x77A5, 0x78A5,
  0x78A5, 0x78A5, 0x78A5, 0x78A5, 0x78A5, 0x78A5, 0x78A5, 0xD594,
  0x2F73, 0x2F73, 0x2F73, 0x2F73, 0x2F73, 0x2F73, 0x2F73, 0x2F73,
  0x2F73, 0x2F73, 0x2F73, 0x2F73, 0x2F73, 0x2F73, 0x2F73, 0x2F73,
  0x2F73, 0x2F73, 0x2F73, 0x2F73, 0x2F73, 0x2F73, 0x2F73, 0x2F73,
  0x307B, 0x4E83, 0x94B4, 0x94B4, 0x16C5, 0x1FF8, 0x1FF8, 0x1FF8,
  0x1FF8, 0x77A5, 0x379D, 0x579D, 0x579D, 0x327C, 0xDAB5, 0x579D,
  0x579D, 0x579D, 0x579D, 0x57A5, 0x579D, 0x579D, 0x57A5, 0x57A5,
  0x57A5, 0x579D, 0x579D, 0x57A5, 0x579D, 0x57A5, 0x57A5, 0x579D,
  0x579D, 0x579D, 0x57A5, 0x57A5, 0x57A5, 0x77A5, 0xF594, 0xF694,
  0xF69C, 0xF69C, 0xF69C, 0xF69C, 0xF69C, 0x169D, 0x78A5, 0x77A5,
  0x77A5, 0x77A5, 0x77A5, 0x77A5, 0x77A5, 0x78A5, 0x78A5, 0x78A5,
  0x98A5, 0x2F73, 0x2F73, 0x2F73, 0x2F73, 0x2F73, 0x2F73, 0x2F73,
  0x2F73, 0x2F73, 0x2F73, 0x2F73, 0x2F73, 0x2F73, 0x2F73, 0x2F73,
  0x2F73, 0x2F73, 0x2F73, 0x2F73, 0x2F73, 0x2F73, 0x2F73, 0x2F73,
  0x2F73, 0x8839, 0xD5BC, 0x94B4, 0x94B4, 0xD193, 0x1FF8, 0x1FF8,
  0x1FF8, 0x1FF8, 0x57A5, 0x579D, 0x579D, 0x579D, 0x948C, 0x78A5,
  0x579D, 0x579D, 0x579D, 0x579D, 0x579D, 0x579D, 0x579D, 0x579D,
  0x579D, 0x579D, 0x579D, 0x579D, 0x579D, 0x579D, 0x579D, 0x579D,
  0x579D, 0x579D, 0x579D, 0x57A5, 0x579D, 0x579D, 0x579D, 0xD594,
  0xF594, 0xF694, 0xF694, 0xF69C, 0xF594, 0xF59C, 0xF594, 0xF69C,
  0x57A5, 0x57A5, 0x77A5, 0x57A5, 0x57A5, 0x77A5, 0x77A5, 0x77A5,
  0x77A5, 0x77A5, 0xD594, 0x0F73, 0x2F73, 0x0F73, 0x0F73, 0x0F73,
  0x2F73, 0x0F73, 0x0F73, 0x0F73, 0x2F73, 0x2F73, 0x2F73, 0x2F73,
  0x2F73, 0x2F73, 0x2F73, 0x2F73, 0x2F73, 0x2F73, 0x0F73, 0x2F73,
  0x0F73, 0x2F73, 0x4108, 0x94B4, 0x94B4, 0x94B4, 0x0D7B, 0x1FF8,
  0x1FF8, 0x1FF8, 0x1FF8, 0x379D, 0x579D, 0x579D, 0x579D, 0xB48C,
  0x78A5, 0x579D, 0x579D, 0x579D, 0x579D, 0x579D, 0x579D, 0x579D,
  0x579D, 0x579D, 0x579D, 0x579D, 0x579D, 0x579D, 0x579D, 0x579D,
  0x579D, 0x579D, 0x579D, 0x579D, 0x579D, 0x579D, 0x579D, 0x579D,
  0xF694, 0xD594, 0xF594, 0xD594, 0xD594, 0xD594, 0xF594, 0xF594,
  0xD594, 0xF594, 0x57A5, 0x57A5, 0x579D, 0x579D, 0x57A5, 0x57A5,
  0x57A5, 0x57A5, 0x57A5, 0x57A5, 0x0F73, 0x0F73, 0x0F73, 0x0F73,
  0x0F73, 0x0F73, 0x0F73, 0x0F73, 0x0F73, 0x0F73, 0x0F73, 0x2F73,
  0x2F73, 0x0F73, 0x0F73, 0x0F73, 0x0F73, 0x0F73, 0x0F73, 0x0F73,
  0x0F73, 0x0F73, 0x717B, 0xAB6A, 0x94B4, 0x94B4, 0x94B4, 0x6639,
  0x1FF8, 0x1FF8, 0x1FF8, 0x1FF8, 0x78A5, 0x379D, 0x579D, 0x579D,
  0xB48C, 0x579D, 0x379D, 0x579D, 0x579D, 0x579D, 0x579D, 0x579D,
  0x579D, 0x579D, 0x579D, 0x579D, 0x579D, 0x579D, 0x579D, 0x579D,
  0x579D, 0x579D, 0x579D, 0x579D, 0x579D, 0x579D, 0x579D, 0x579D,
  0x579D, 0x379D, 0xD594, 0xD594, 0xD594, 0xD594, 0xD594, 0xD594,
  0xD594, 0xD594, 0xD594, 0x169D, 0x579D, 0x579D, 0x579D, 0x579D,
  0x579D, 0x579D, 0x579D, 0x579D, 0x579D, 0xF694, 0x0F73, 0x0F73,
  0x0F73, 0x0F73, 0x0F73, 0x0F73, 0x0F73, 0x0F73, 0x0F73, 0x0F73,
  0x0F73, 0x0F73, 0x0F73, 0x0F73, 0x0F73, 0x0F73, 0x0F73, 0x0F73,
  0x0F73, 0x0F73, 0x0F73, 0x8839, 0x16C5, 0x94B4, 0x94B4, 0x94B4,
  0x0000, 0x1FF8, 0x1FF8, 0x1FF8, 0x1FF8, 0x78A5, 0x379D, 0x379D,
  0x379D, 0x379D, 0xD58C, 0x379D, 0x379D, 0x379D, 0x379D, 0x379D,
  0x379D, 0x379D, 0x579D, 0x379D, 0x579D, 0x579D, 0x579D, 0x379D,
  0x379D, 0x379D, 0x579D, 0x579D, 0x579D, 0x579D, 0x579D, 0x579D,
  0x579D, 0x579D, 0x579D, 0xD594, 0xD594, 0xD594, 0xD594, 0xD594,
  0xD594, 0xD594, 0xD594, 0xD594, 0xD594, 0x369D, 0x579D, 0x579D,
  0x579D, 0x579D, 0x579D, 0x579D, 0x579D, 0x579D, 0x579D, 0x0F73,
  0x0F6B, 0x0F6B, 0x0F73, 0x0F73, 0x0F73, 0x0F6B, 0x0F6B, 0x0F73,
  0x0F6B, 0x0F6B, 0x0F6B, 0x0F73, 0x0F6B, 0x0F6B, 0x0F6B, 0x0F6B,
  0x0F73, 0x0F6B, 0x0F6B, 0xEF6A, 0x8210, 0x94B4, 0x94B4, 0x94B4,
  0xB4BC, 0x1FF8, 0x1FF8, 0x1FF8, 0x1FF8, 0x1FF8, 0x589D, 0x379D,
  0x379D, 0x379D, 0x9484, 0x1695, 0x379D, 0x379D, 0x379D, 0x379D,
  0x379D, 0x379D, 0x379D, 0x379D, 0x379D, 0x379D, 0x379D, 0x379D,
  0x379D, 0x379D, 0x379D, 0x379D, 0x379D, 0x379D, 0x379D, 0x379D,
  0x579D, 0x379D, 0x579D, 0x579D, 0x369D, 0xD594, 0xD594, 0xD594,
  0xD594, 0xD594, 0xD594, 0xD594, 0xD594, 0xD594, 0xB594, 0x379D,
  0x579D, 0x579D, 0x579D, 0x379D, 0x379D, 0x579D, 0x579D, 0x379D,
  0x169D, 0x0F6B, 0xEF6A, 0x0F6B, 0x0F6B, 0xEF6A, 0xEF6A, 0xEF6A,
  0xEF6A, 0x0F6B, 0xEF6A, 0xEF6A, 0xEF6A, 0xEF6A, 0xEE6A, 0x0F6B,
  0xEE6A, 0xEF6A, 0xEF6A, 0xEE6A, 0x6731, 0x32A4, 0x94B4, 0x94B4,
  0x94B4, 0x0952, 0x1FF8, 0x1FF8, 0x1FF8, 0x1FF8, 0x0000, 0x78A5,
  0x379D, 0x379D, 0x379D, 0xB58C, 0xD58C, 0x379D, 0x379D, 0x379D,
  0x379D, 0x379D, 0x379D, 0x379D, 0x379D, 0x379D, 0x379D, 0x379D,
  0x379D, 0x379D, 0x379D, 0x379D, 0x379D, 0x379D, 0x379D, 0x379D,
  0x379D, 0x379D, 0x379D, 0x379D, 0x379D, 0x379D, 0xD594, 0xB594,
  0xD594, 0xD594, 0xD594, 0xD594, 0xD594, 0xD594, 0xB594, 0xB594,
  0xD594, 0x379D, 0x379D, 0x379D, 0x379D, 0x379D, 0x379D, 0x379D,
  0x379D, 0x379D, 0x1284, 0xEE6A, 0xEF6A, 0xEF6A, 0xEF6A, 0xEF6A,
  0xEF6A, 0xEF6A, 0xEF6A, 0xEF6A, 0xEF6A, 0xEF6A, 0xEF6A, 0xEF6A,
  0xEF6A, 0xEE6A, 0xEE6A, 0xEF6A, 0xEE6A, 0x4531, 0x94B4, 0x94B4,
  0x94B4, 0x94B4, 0x2108, 0x1FF8, 0x1FF8, 0x1FF8, 0x1FF8, 0x0000,
  0x379D, 0x1795, 0x369D, 0x1695, 0xB06B, 0x579D, 0x1795, 0x3795,
  0x3795, 0x379D, 0x179D, 0x3795, 0x369D, 0x379D, 0x379D, 0x379D,
  0x379D, 0x379D, 0x379D, 0x3795, 0x379D, 0x379D, 0x379D, 0x379D,
  0x379D, 0x379D, 0x379D, 0x379D, 0x379D, 0x379D, 0x379D, 0x379D,
  0xD594, 0xB594, 0xB594, 0xB594, 0xB594, 0xB594, 0xB594, 0xB594,
  0xB594, 0xB594, 0x1695, 0x379D, 0x379D, 0x379D, 0x379D, 0x379D,
  0x379D, 0x379D, 0x379D, 0x379D, 0x2F73, 0xEF6A, 0xEF6A, 0xEE6A,
  0xEF6A, 0xEF6A, 0xEE6A, 0xEF6A, 0xEE6A, 0xEE6A, 0xEE6A, 0xEE6A,
  0xEE6A, 0xEE6A, 0xEE6A, 0xEE6A, 0xEE6A, 0x6210, 0x73AC, 0x94B4,
  0x94B4, 0x94B4, 0x4E83, 0x1FF8, 0x1FF8, 0x1FF8, 0x1FF8, 0x1FF8,
  0x0000, 0x579D, 0x1695, 0x1695, 0x1695, 0xED52, 0x379D, 0x1695,
  0x1695, 0x1695, 0x1695, 0x1695, 0x1695, 0x1695, 0x1695, 0x1695,
  0x1695, 0x1695, 0x1795, 0x1795, 0x3795, 0x1695, 0x1695, 0x1695,
  0x379D, 0x3795, 0x3795, 0x169D, 0x3795, 0x379D, 0x169D, 0x3795,
  0x379D, 0x379D, 0xB58C, 0xB58C, 0xB58C, 0xB594, 0xB594, 0xB594,
  0xB58C, 0xB594, 0xB58C, 0xB58C, 0x379D, 0x379D, 0x3795, 0x3795,
  0x1695, 0x379D, 0x379D, 0x1695, 0x1795, 0x789D, 0xAE62, 0xEE6A,
  0xEE6A, 0xEE6A, 0xEE6A, 0xEE6A, 0xEE6A, 0xEE6A, 0xEE6A, 0xEE6A,
  0xEE6A, 0xEE6A, 0xCE6A, 0xCE6A, 0xCE6A, 0xEA49, 0x2E7B, 0x94B4,
  0x94B4, 0x94B4, 0xB4B4, 0x0000, 0x1FF8, 0x1FF8, 0x1FF8, 0x1FF8,
  0x1FF8, 0x2000, 0x1695, 0x1695, 0x1695, 0x1695, 0xA731, 0x379D,
  0x1695, 0x1695, 0x1695, 0x1695, 0x1695, 0x1695, 0x1695, 0x1695,
  0x1695, 0x1695, 0x1695, 0x1695, 0x1695, 0x1695, 0x1695, 0x1695,
  0x1695, 0x1695, 0x1695, 0x1695, 0x1695, 0x1695, 0x1695, 0x1695,
  0x1695, 0x1695, 0x1695, 0xF694, 0xB58C, 0xB58C, 0xB58C, 0x958C,
  0xB58C, 0x958C, 0x958C, 0x958C, 0xB58C, 0xD694, 0x1795, 0x1695,
  0x1695, 0x1695, 0x1695, 0x1695, 0x1695, 0x1695, 0x1695, 0x748C,
  0xEE6A, 0xEE6A, 0xEE6A, 0xCE6A, 0xCE6A, 0xEE6A, 0xCE6A, 0xCE6A,
  0xCE6A, 0xCE6A, 0xCE6A, 0xCE6A, 0xCE6A, 0xAD62, 0x4531, 0x94B4,
  0x94B4, 0x94B4, 0x94B4, 0x6F83, 0x1FF8, 0x1FF8, 0x1FF8, 0x1FF8,
  0x1FF8, 0x1FF8, 0x0000, 0x1695, 0x1695, 0x1695, 0xF694, 0xC418,
  0x1795, 0x1695, 0xF694, 0x1695, 0x1695, 0x1695, 0x1695, 0x1695,
  0x1695, 0x1695, 0x1695, 0x1695, 0x1695, 0x1695, 0x1695, 0x1695,
  0x1695, 0x1695, 0x1695, 0x1695, 0x1695, 0x1695, 0x1695, 0x1695,
  0x1695, 0x1695, 0x1695, 0x1695, 0x1695, 0xD594, 0x958C, 0x958C,
  0x958C, 0x958C, 0x958C, 0x958C, 0x958C, 0x958C, 0x948C, 0x1695,
  0x1695, 0x1695, 0x1695, 0x1695, 0x1695, 0x1695, 0x1695, 0x1695,
  0x1695, 0xF27B, 0xCE6A, 0xCE6A, 0xCE6A, 0xEE6A, 0xEE6A, 0xCE6A,
  0xCE6A, 0xCE6A, 0xCE6A, 0xCE6A, 0xCE6A, 0xEF6A, 0x4208, 0xD5BC,
  0x94B4, 0x94B4, 0x94B4, 0x16C5, 0x0000, 0x1FF8, 0x1FF8, 0x1FF8,
  0x1FF8, 0x1FF8, 0x1FF8, 0xA318, 0xF694, 0xF694, 0x1695, 0xF694,
  0x4108, 0x1695, 0xF694, 0x1695, 0xF694, 0xF694, 0x1695, 0xF694,
  0xF694, 0x1695, 0xF694, 0x1695, 0xF694, 0xF694, 0xF694, 0x1695,
  0x1695, 0x1695, 0x1695, 0x1695, 0x1695, 0x1695, 0x1695, 0x1695,
  0x1695, 0x1695, 0x1695, 0x1695, 0x1695, 0x1695, 0x1695, 0xB58C,
  0x958C, 0x958C, 0x958C, 0x958C, 0x958C, 0x958C, 0x958C, 0x958C,
  0xD694, 0xF694, 0xF694, 0x1695, 0x1695, 0x1695, 0xF694, 0x1695,
  0x1695, 0xF694, 0x1695, 0x306B, 0xCE6A, 0xCE6A, 0xCE6A, 0xCE6A,
  0xCE62, 0xCE6A, 0xCE62, 0xCE62, 0xCE62, 0x0F6B, 0x8310, 0x16C5,
  0x94B4, 0x94B4, 0x94B4, 0x94B4, 0x0429, 0x1FF8, 0x1FF8, 0x1FF8,
  0x1FF8, 0x1FF8, 0x1FF8, 0x1FF8, 0x0521, 0xF694, 0xF694, 0xF694,
  0xF694, 0x2100, 0xF694, 0xF694, 0xF694, 0xF694, 0xF694, 0xF694,
  0xF694, 0xF694, 0xF694, 0xF694, 0xF694, 0xF694, 0xF694, 0xF694,
  0xF694, 0xF694, 0xF694, 0x1695, 0xF694, 0x1695, 0x1695, 0xF694,
  0x1695, 0xF694, 0xF694, 0x1695, 0xF694, 0xF694, 0xF694, 0xF694,
  0x1695, 0xB58C, 0x948C, 0x958C, 0x958C, 0x958C, 0x958C, 0x948C,
  0x948C, 0x948C, 0xF694, 0xF694, 0xF694, 0xF694, 0xF694, 0xF694,
  0xF694, 0xF694, 0xF694, 0xF694, 0x1795, 0x8D62, 0xCE62, 0xCE62,
  0xCE62, 0xCE62, 0xCE62, 0xCE62, 0xCE62, 0xCE62, 0x8210, 0xD5BC,
  0x94B4, 0x94B4, 0x94B4, 0x94B4, 0xAB62, 0x1FF8, 0x1FF8, 0x1FF8,
  0x1FF8, 0x1FF8, 0x1FF8, 0x1FF8, 0x1FF8, 0x2942, 0xF694, 0xF694,
  0xF694, 0xF694, 0x0000, 0xF694, 0xF694, 0xF694, 0xF694, 0xF694,
  0xF694, 0xF694, 0xF694, 0xF694, 0xF694, 0xF694, 0xF694, 0xF694,
  0xF694, 0xF694, 0xF694, 0xF694, 0xF694, 0xF694, 0xF694, 0xF694,
  0xF694, 0xF694, 0xF694, 0xF694, 0xF694, 0xF694, 0xF694, 0xF694,
  0xF694, 0xF694, 0xF694, 0xB58C, 0x948C, 0x948C, 0x948C, 0x948C,
  0x948C, 0x948C, 0x748C, 0xF694, 0xF694, 0xF694, 0xF694, 0xF694,
  0xF694, 0xF694, 0xF694, 0xF694, 0xF694, 0xF68C, 0xB58C, 0xAE62,
  0xCE62, 0xCE62, 0xCE62, 0xCE62, 0xCE62, 0xEF6A, 0x4108, 0x73B4,
  0x94B4, 0x94B4, 0x94B4, 0x94B4, 0x4E83, 0x0000, 0x1FF8, 0x1FF8,
  0x1FF8, 0x1FF8, 0x1FF8, 0x1FF8, 0x1FF8, 0x1FF8, 0x0E5B, 0xF694,
  0xF694, 0xF694, 0xF694, 0xC418, 0xD68C, 0xF694, 0xF694, 0xF694,
  0xF68C, 0xF694, 0xF694, 0xF694, 0xF68C, 0xF694, 0xF694, 0xF694,
  0xF694, 0xF694, 0xF694, 0xF694, 0xF694, 0xF694, 0xF694, 0xF694,
  0xF694, 0xF694, 0xF694, 0xF694, 0xF694, 0xF694, 0xF68C, 0xF694,
  0xF694, 0xF694, 0xF694, 0xF694, 0xF694, 0xD68C, 0x7484, 0x7484,
  0x948C, 0x948C, 0x748C, 0x748C, 0xD58C, 0xF694, 0xF694, 0xD68C,
  0xF68C, 0xF68C, 0xD68C, 0xD68C, 0xD68C, 0xD68C, 0xD68C, 0xD68C,
  0x5484, 0xAE62, 0xAE62, 0xCE62, 0xAE62, 0x0A4A, 0xC849, 0xD5BC,
  0x94B4, 0x94B4, 0x94B4, 0x94B4, 0x32A4, 0x1FF8, 0x1FF8, 0x1FF8,
  0x1FF8, 0x1FF8, 0x1FF8, 0x1FF8, 0x1FF8, 0x1FF8, 0x1FF8, 0xB06B,
  0xF694, 0xF68C, 0xF694, 0xF694, 0x127C, 0x0421, 0x9484, 0x3795,
  0xD68C, 0xF68C, 0xF68C, 0xF68C, 0xF68C, 0xF694, 0xD68C, 0xF68C,
  0xD694, 0xF694, 0xF68C, 0xD694, 0xD68C, 0xD68C, 0xF694, 0xF694,
  0xD68C, 0xF68C, 0xD68C, 0xF694, 0xF694, 0xF694, 0xF694, 0xF68C,
  0xD694, 0xD68C, 0xF68C, 0xF694, 0xF68C, 0xD68C, 0xD68C, 0xD58C,
  0x7484, 0x7484, 0x7484, 0x7484, 0x7484, 0x948C, 0xD68C, 0xD68C,
  0xD68C, 0xD68C, 0xD68C, 0xD68C, 0xD68C, 0xD68C, 0xD68C, 0xD68C,
  0xD68C, 0xD68C, 0x506B, 0xAE62, 0x0F73, 0x0429, 0x129C, 0x94B4,
  0x94B4, 0x94B4, 0x94B4, 0x94B4, 0xB093, 0x1FF8, 0x1FF8, 0x1FF8,
  0x1FF8, 0x1FF8, 0x1FF8, 0x1FF8, 0x1FF8, 0x1FF8, 0x1FF8, 0x1FF8,
  0x1274, 0xF694, 0xF694, 0xF694, 0xD68C, 0xF68C, 0x3795, 0xB58C,
  0xE418, 0xAC52, 0xD68C, 0xD68C, 0xD68C, 0xD68C, 0xD68C, 0xD68C,
  0xD68C, 0xD68C, 0xD68C, 0xD68C, 0xD68C, 0xD68C, 0xD68C, 0xD68C,
  0xD68C, 0xD68C, 0xD68C, 0xD68C, 0xD68C, 0xD68C, 0xD68C, 0xD68C,
  0xD68C, 0xD68C, 0xD68C, 0xD68C, 0xD68C, 0xD68C, 0xD68C, 0xD68C,
  0xD68C, 0xD58C, 0x7484, 0x7484, 0x7484, 0x7484, 0x7484, 0xD68C,
  0xD68C, 0xD68C, 0xD68C, 0xD68C, 0xD68C, 0xD68C, 0xD68C, 0xD68C,
  0xB58C, 0xB68C, 0xB58C, 0xD68C, 0xCC6A, 0x8639, 0x94B4, 0x94B4,
  0x94B4, 0x94B4, 0x94B4, 0xD5BC, 0xAB6A, 0x1FF8, 0x1FF8, 0x1FF8,
  0x1FF8, 0x1FF8, 0x1FF8, 0x1FF8, 0x1FF8, 0x1FF8, 0x1FF8, 0x1FF8,
  0x1FF8, 0x1FF8, 0xA731, 0x1795, 0x1795, 0xD68C, 0xD68C, 0xD68C,
  0xD68C, 0xD68C, 0x9584, 0xE939, 0x0419, 0xB58C, 0x1795, 0xD68C,
  0xD68C, 0xD68C, 0xD68C, 0xD68C, 0xD68C, 0xD68C, 0xD68C, 0xD68C,
  0xD68C, 0xD68C, 0xD68C, 0xD68C, 0xD68C, 0xD68C, 0xD68C, 0xD68C,
  0xD68C, 0xD68C, 0xD68C, 0xD68C, 0xD68C, 0xD68C, 0xD68C, 0xD68C,
  0xD68C, 0xD68C, 0xD68C, 0xD68C, 0x5484, 0x7484, 0x5484, 0x5484,
  0xD68C, 0xD68C, 0xB68C, 0xD68C, 0xD58C, 0xB58C, 0xD58C, 0xB58C,
  0xB68C, 0xB58C, 0x78A5, 0x4D6B, 0x0742, 0xFFFF, 0x53AC, 0x94B4,
  0x94B4, 0x94B4, 0x94B4, 0x73AC, 0x6210, 0x1FF8, 0x1FF8, 0x1FF8,
  0x1FF8, 0x1FF8, 0x1FF8, 0x1FF8, 0x1FF8, 0x1FF8, 0x1FF8, 0x1FF8,
  0x1FF8, 0x1FF8, 0x1FF8, 0x1FF8, 0x1FF8, 0x0000, 0x4F63, 0xD68C,
  0xD68C, 0xD68C, 0xD68C, 0xD68C, 0xD68C, 0x3895, 0x337C, 0xC418,
  0xE418, 0x337C, 0x3795, 0xD68C, 0xD68C, 0xD68C, 0xD68C, 0xD68C,
  0xD68C, 0xD68C, 0xD68C, 0xD68C, 0xB68C, 0xD68C, 0xD68C, 0xD68C,
  0xD68C, 0xD68C, 0xD68C, 0xD68C, 0xB68C, 0xB68C, 0xB68C, 0xB68C,
  0xD68C, 0xD68C, 0xD68C, 0xD68C, 0xD68C, 0xB68C, 0x5484, 0x5484,
  0x5484, 0xD68C, 0xB68C, 0xB68C, 0xB58C, 0xB58C, 0xB58C, 0xB58C,
  0xF794, 0x127C, 0x4529, 0xCF7B, 0xFFFF, 0xFFFF, 0xFFFF, 0xBEF7,
  0xB4B4, 0x94B4, 0x94B4, 0x8F8B, 0x0000, 0x1FF8, 0x1FF8, 0x1FF8,
  0x1FF8, 0x1FF8, 0x1FF8, 0x1FF8, 0x1FF8, 0x1FF8, 0x1FF8, 0x1FF8,
  0x1FF8, 0x1FF8, 0x1FF8, 0x1FF8, 0x1FF8, 0x1FF8, 0x1FF8, 0x1FF8,
  0x0000, 0x293A, 0x3795, 0xF694, 0xD68C, 0xD68C, 0xD68C, 0xD68C,
  0xD68C, 0x1795, 0x7484, 0xE418, 0x0521, 0x7063, 0x1795, 0xB68C,
  0xB68C, 0xB68C, 0xB58C, 0xD68C, 0xB58C, 0xB68C, 0xB58C, 0xD58C,
  0xD68C, 0xD68C, 0xD68C, 0xB58C, 0xB58C, 0xB58C, 0xB68C, 0xB58C,
  0xB68C, 0xB58C, 0xB68C, 0xB58C, 0xB58C, 0xB68C, 0xB58C, 0xB58C,
  0x5484, 0x3484, 0xB68C, 0xB584, 0xB58C, 0xF68C, 0xB58C, 0xCD52,
  0xA210, 0xEB5A, 0xFFFF, 0xFFFF, 0xFFFF, 0xFFFF, 0xFFFF, 0xFFFF,
  0xFFFF, 0xFFFF, 0x12A4, 0x8210, 0x1FF8, 0x1FF8, 0x1FF8, 0x1FF8,
  0x1FF8, 0x1FF8, 0x1FF8, 0x1FF8, 0x1FF8, 0x1FF8, 0x1FF8, 0x1FF8,
  0x1FF8, 0x1FF8, 0x1FF8, 0x1FF8, 0x1FF8, 0x1FF8, 0x1FF8, 0x1FF8,
  0x1FF8, 0x1FF8, 0x1FF8, 0x1FF8, 0x0000, 0x8B4A, 0xF694, 0xF68C,
  0xD68C, 0xB68C, 0xB58C, 0xFFFF, 0xFFFF, 0xFFFF, 0xFFFF, 0xD7B5,
  0xE839, 0x6208, 0xC831, 0xF273, 0x389D, 0xB58C, 0xB58C, 0xB68C,
  0xB58C, 0xB58C, 0xB58C, 0xB58C, 0xB58C, 0xB58C, 0xB58C, 0xB58C,
  0xB58C, 0xB58C, 0xB58C, 0xB58C, 0xB58C, 0xB58C, 0xB58C, 0xB58C,
  0xB58C, 0x958C, 0x7484, 0x906B, 0x6729, 0x4108, 0xAA52, 0x79CE,
  0xDEF7, 0xFFFF, 0xFFFF, 0xFFFF, 0xFFFF, 0xFFFF, 0xFFFF, 0xFFFF,
  0xFFFF, 0x9DEF, 0x0421, 0x1FF8, 0x1FF8, 0x1FF8, 0x1FF8, 0x1FF8,
  0x1FF8, 0x1FF8, 0x1FF8, 0x1FF8, 0x1FF8, 0x1FF8, 0x1FF8, 0x1FF8,
  0x1FF8, 0x1FF8, 0x1FF8, 0x1FF8, 0x1FF8, 0x1FF8, 0x1FF8, 0x1FF8,
  0x1FF8, 0x1FF8, 0x1FF8, 0x1FF8, 0x1FF8, 0x1FF8, 0x1FF8, 0x1FF8,
  0x0000, 0x0E5B, 0xB58C, 0x1795, 0xFFFF, 0xFFFF, 0xFFFF, 0xFFFF,
  0xFFFF, 0xFFFF, 0xFFFF, 0xFFFF, 0xFFFF, 0x518C, 0xA318, 0x6208,
  0x0521, 0xED52, 0x1374, 0x9584, 0xB68C, 0x1795, 0xD68C, 0x3895,
  0xD68C, 0x1795, 0x1795, 0xD68C, 0xF794, 0x547C, 0x4F63, 0x093A,
  0x8210, 0x2108, 0xAA52, 0xF7BD, 0x7DEF, 0xFFFF, 0xFFFF, 0xFFFF,
  0xFFFF, 0xFFFF, 0xFFFF, 0xFFFF, 0xFFFF, 0xFFFF, 0xFFFF, 0xFFFF,
  0xFFFF, 0x0421, 0x1FF8, 0x1FF8, 0x1FF8, 0x1FF8, 0x1FF8, 0x1FF8,
  0x1FF8, 0x1FF8, 0x1FF8, 0x1FF8, 0x1FF8, 0x1FF8, 0x1FF8, 0x1FF8,
  0x1FF8, 0x1FF8, 0x1FF8, 0x1FF8, 0x1FF8, 0x1FF8, 0x1FF8, 0x1FF8,
  0x1FF8, 0x1FF8, 0x1FF8, 0x1FF8, 0x1FF8, 0x1FF8, 0x1FF8, 0x1FF8,
  0x1FF8, 0x1FF8, 0x1FF8, 0x1FF8, 0xA631, 0x3CE7, 0xFFFF, 0xFFFF,
  0xFFFF, 0xFFFF, 0xFFFF, 0xFFFF, 0xFFFF, 0xFFFF, 0xFFFF, 0xFFFF,
  0xFFFF, 0xFFFF, 0xFFFF, 0x9DEF, 0xDBDE, 0x79CE, 0x95B5, 0x75AD,
  0x13A5, 0x139D, 0xD39C, 0xF39C, 0x75AD, 0xB6B5, 0x1CE7, 0xFFFF,
  0xFFFF, 0xFFFF, 0xFFFF, 0xFFFF, 0xFFFF, 0xFFFF, 0xFFFF, 0xFFFF,
  0xFFFF, 0xFFFF, 0xFFFF, 0xFFFF, 0xFFFF, 0xFFFF, 0xFFFF, 0x75AD,
  0x4108, 0x1FF8, 0x1FF8, 0x1FF8, 0x1FF8, 0x1FF8, 0x1FF8, 0x1FF8,
  0x1FF8, 0x1FF8, 0x1FF8, 0x1FF8, 0x1FF8, 0x1FF8, 0x1FF8, 0x1FF8,
  0x1FF8, 0x1FF8, 0x1FF8, 0x1FF8, 0x1FF8, 0x1FF8, 0x1FF8, 0x1FF8,
  0x1FF8, 0x1FF8, 0x1FF8, 0x1FF8, 0x1FF8, 0x1FF8, 0x1FF8, 0x1FF8,
  0x1FF8, 0x1FF8, 0x1FF8, 0x1FF8, 0x1FF8, 0x1FF8, 0x1FF8, 0x0000,
  0x0842, 0xF7BD, 0xBEF7, 0xFFFF, 0xFFFF, 0xFFFF, 0xFFFF, 0xFFFF,
  0xFFFF, 0xFFFF, 0xFFFF, 0xFFFF, 0xFFFF, 0xFFFF, 0xFFFF, 0xFFFF,
  0xFFFF, 0xFFFF, 0xFFFF, 0xFFFF, 0xFFFF, 0xFFFF, 0xFFFF, 0xFFFF,
  0xFFFF, 0xFFFF, 0xFFFF, 0xFFFF, 0xFFFF, 0xFFFF, 0xFFFF, 0xFFFF,
  0xFFFF, 0xFFFF, 0xFFFF, 0xFFFF, 0xFFFF, 0xB6B5, 0xE318, 0x1FF8,
  0x1FF8, 0x1FF8, 0x1FF8, 0x1FF8, 0x1FF8, 0x1FF8, 0x1FF8, 0x1FF8,
  0x1FF8, 0x1FF8, 0x1FF8, 0x1FF8, 0x1FF8, 0x1FF8, 0x1FF8, 0x1FF8,
  0x1FF8, 0x1FF8, 0x1FF8, 0x1FF8, 0x1FF8, 0x1FF8, 0x1FF8, 0x1FF8,
  0x1FF8, 0x1FF8, 0x1FF8, 0x1FF8, 0x1FF8, 0x1FF8, 0x1FF8, 0x1FF8,
  0x1FF8, 0x1FF8, 0x1FF8, 0x1FF8, 0x1FF8, 0x1FF8, 0x1FF8, 0x1FF8,
  0x1FF8, 0x1FF8, 0x1FF8, 0x1FF8, 0x0000, 0x0000, 0x8631, 0x1084,
  0xDBDE, 0xFFFF, 0xFFFF, 0xFFFF, 0xFFFF, 0xFFFF, 0xFFFF, 0xFFFF,
  0xFFFF, 0xFFFF, 0xFFFF, 0xFFFF, 0xFFFF, 0xFFFF, 0xFFFF, 0xFFFF,
  0xFFFF, 0xFFFF, 0xFFFF, 0xFFFF, 0xFFFF, 0xFFFF, 0xFFFF, 0x7DEF,
  0xF39C, 0x2C63, 0xA739, 0x0000, 0x0000, 0x1FF8, 0x1FF8, 0x1FF8,
  0x1FF8, 0x1FF8, 0x1FF8, 0x1FF8, 0x1FF8, 0x1FF8, 0x1FF8, 0x1FF8,
  0x1FF8, 0x1FF8, 0x1FF8, 0x1FF8, 0x1FF8, 0x1FF8, 0x1FF8, 0x1FF8,
  0x1FF8, 0x1FF8, 0x1FF8, 0x1FF8, 0x1FF8, 0x1FF8, 0x1FF8, 0x1FF8,
  0x1FF8, 0x1FF8, 0x1FF8, 0x1FF8, 0x1FF8, 0x1FF8, 0x1FF8, 0x1FF8,
  0x1FF8, 0x1FF8, 0x1FF8, 0x1FF8, 0x1FF8, 0x1FF8, 0x1FF8, 0x1FF8,
  0x1FF8, 0x1FF8, 0x1FF8, 0x1FF8, 0x1FF8, 0x1FF8, 0x1FF8, 0x1FF8,
  0x1FF8, 0x1FF8, 0x0000, 0x0000, 0xA210, 0x2421, 0x4529, 0x0842,
  0x8A52, 0x8E73, 0x54A5, 0xB6B5, 0x79CE, 0x38C6, 0x96B5, 0xF39C,
  0xAE73, 0xCB5A, 0x2421, 0x6108, 0x0000, 0x0000, 0x1FF8, 0x1FF8,
  0x1FF8, 0x1FF8, 0x1FF8, 0x1FF8, 0x1FF8, 0x1FF8, 0x1FF8, 0x1FF8,
  0x1FF8, 0x1FF8, 0x1FF8, 0x1FF8, 0x1FF8, 0x1FF8, 0x1FF8, 0x1FF8,
  0x1FF8, 0x1FF8, 0x1FF8, 0x1FF8, 0x1FF8, 0x1FF8, 0x1FF8, 0x1FF8,
  0x1FF8, 0x1FF8, 0x1FF8, 0x1FF8, 0x1FF8, 0x1FF8, 0x1FF8, 0x1FF8,
  0x1FF8, 0x1FF8, 0x1FF8, 0x1FF8, 0x1FF8, 0x1FF8, 0x1FF8, 0x1FF8,
  0x1FF8, 0x1FF8, 0x1FF8, 0x1FF8, 0x1FF8, 0x1FF8, 0x1FF8, 0x1FF8,
  0x1FF8, 0x1FF8, 0x1FF8, 0x1FF8, 0x1FF8, 0x1FF8, 0x1FF8, 0x1FF8,
  0x1FF8, 0x1FF8, 0x1FF8, 0x1FF8, 0x1FF8, 0x1FF8, 0x1FF8, 0x1FF8,
  0x1FF8, 0x1FF8, 0x1FF8, 0x1FF8, 0x1FF8, 0x1FF8, 0x1FF8, 0x1FF8,
  0x1FF8, 0x1FF8, 0x1FF8, 0x1FF8, 0x1FF8, 0x1FF8, 0x1FF8, 0x1FF8,
  0x1FF8, 0x1FF8, 0x1FF8, 0x1FF8, 0x1FF8, 0x1FF8, 0x1FF8, 0x1FF8,
  0x1FF8, 0x1FF8, 0x1FF8, 0x1FF8, 0x1FF8, 0x1FF8, 0x1FF8, 0x1FF8,
  0x1FF8, 0x1FF8, 0x1FF8, 0x1FF8, 0x1FF8, 0x1FF8, 0x1FF8, 0x1FF8,
  0x1FF8, 0x1FF8, 0x1FF8, 0x1FF8, 0x1FF8, 0x1FF8, 0x1FF8, 0x1FF8,
  0x1FF8, 0x1FF8,
};
static const shapoco::gfx2d::Texture tex_l_hoodie = {
  shapoco::gfx2d::PixelFormat::RGB565_SWAPPED, 81, 98, 162, tex_l_hoodieData,
};

alignas(4) static const uint16_t tex_hood_fData[] = {
  0x1FF8, 0x1FF8, 0x1FF8, 0x1FF8, 0x1FF8, 0x1FF8, 0x1FF8, 0x1FF8,
  0x1FF8, 0x1FF8, 0x1FF8, 0x1FF8, 0x1FF8, 0x1FF8, 0x1FF8, 0x1FF8,
  0x1FF8, 0x1FF8, 0x1FF8, 0x1FF8, 0x1FF8, 0x1FF8, 0x1FF8, 0x1FF8,
  0x1FF8, 0x1FF8, 0x1FF8, 0x1FF8, 0x1FF8, 0x1FF8, 0x1FF8, 0x1FF8,
  0x1FF8, 0x1FF8, 0x1FF8, 0x1FF8, 0x1FF8, 0x1FF8, 0x1FF8, 0x1FF8,
  0x1FF8, 0x1FF8, 0x1FF8, 0x1FF8, 0x1FF8, 0x1FF8, 0x1FF8, 0x1FF8,
  0x1FF8, 0x1FF8, 0x1FF8, 0x1FF8, 0x1FF8, 0x1FF8, 0x1FF8, 0x1FF8,
  0x1FF8, 0x1FF8, 0x1FF8, 0x1FF8, 0x1FF8, 0x1FF8, 0x1FF8, 0x1FF8,
  0x1FF8, 0x1FF8, 0x1FF8, 0x1FF8, 0x1FF8, 0x1FF8, 0x1FF8, 0x1FF8,
  0x1FF8, 0x0000, 0xFCDE, 0xDBD6, 0x1FF8, 0x1FF8, 0x1FF8, 0x1FF8,
  0x1FF8, 0x1FF8, 0x1FF8, 0x1FF8, 0x1FF8, 0x1FF8, 0x1FF8, 0x1FF8,
  0x1FF8, 0x1FF8, 0x1FF8, 0x1FF8, 0x1FF8, 0x1FF8, 0x1FF8, 0x1FF8,
  0x1FF8, 0x1FF8, 0x1FF8, 0x1FF8, 0x1FF8, 0x1FF8, 0x1FF8, 0x1FF8,
  0x1FF8, 0x1FF8, 0x1FF8, 0x1FF8, 0x1FF8, 0x1FF8, 0x1FF8, 0x1FF8,
  0x1FF8, 0x1FF8, 0x1FF8, 0x1FF8, 0x1FF8, 0x1FF8, 0x1FF8, 0x1FF8,
  0x1FF8, 0x1FF8, 0x1FF8, 0x1FF8, 0xFFFF, 0x2000, 0x1FF8, 0x1FF8,
  0x1FF8, 0x1FF8, 0x1FF8, 0x1FF8, 0x1FF8, 0x1FF8, 0x1FF8, 0x1FF8,
  0x1FF8, 0x1FF8, 0x1FF8, 0x1FF8, 0xA731, 0xDBD6, 0xDBD6, 0xDBD6,
  0x3DE7, 0x1FF8, 0x1FF8, 0x1FF8, 0x1FF8, 0x1FF8, 0xFFFF, 0x7DEF,
  0x1FF8, 0x1FF8, 0x1FF8, 0x1FF8, 0x1FF8, 0x1FF8, 0x1FF8, 0x1FF8,
  0x1FF8, 0x1FF8, 0x1FF8, 0x1FF8, 0x1FF8, 0x1FF8, 0x1FF8, 0x1FF8,
  0x1FF8, 0x1FF8, 0x1FF8, 0x1FF8, 0x1FF8, 0x1FF8, 0x1FF8, 0x1FF8,
  0x1FF8, 0x1FF8, 0x1FF8, 0x1FF8, 0x1FF8, 0x1FF8, 0x1FF8, 0x1FF8,
  0x1FF8, 0x1FF8, 0x1FF8, 0x1FF8, 0x1FF8, 0x1FF8, 0x1FF8, 0xFFFF,
  0x0000, 0x1FF8, 0x1FF8, 0x1FF8, 0x1FF8, 0x1FF8, 0x1FF8, 0x1FF8,
  0x1FF8, 0x1FF8, 0x1FF8, 0x1FF8, 0x1FF8, 0x1FF8, 0x1FF8, 0xF49C,
  0xDBD6, 0xDBD6, 0xDBD6, 0xDBD6, 0xDBD6, 0x1CDF, 0x1FF8, 0xFFFF,
  0xFFFF, 0xFFFF, 0xFFFF, 0xE739, 0x1FF8, 0x1FF8, 0x1FF8, 0x1FF8,
  0x1FF8, 0x1FF8, 0x1FF8, 0x1FF8, 0x1FF8, 0x1FF8, 0x1FF8, 0x1FF8,
  0x1FF8, 0x1FF8, 0x1FF8, 0x1FF8, 0x1FF8, 0x1FF8, 0x1FF8, 0x1FF8,
  0x1FF8, 0x1FF8, 0x1FF8, 0x1FF8, 0x1FF8, 0x1FF8, 0x1FF8, 0x1FF8,
  0x1FF8, 0x1FF8, 0x1FF8, 0x1FF8, 0x1FF8, 0x1FF8, 0x1FF8, 0x1FF8,
  0x1FF8, 0x0000, 0xFFFF, 0x0000, 0x1FF8, 0x1FF8, 0x1FF8, 0x1FF8,
  0x1FF8, 0x1FF8, 0x1FF8, 0x1FF8, 0x1FF8, 0x1FF8, 0x1FF8, 0x1FF8,
  0x1FF8, 0x1FF8, 0x9EEF, 0xDBD6, 0xDBD6, 0xDBD6, 0xDBD6, 0xDBD6,
  0x1CDF, 0x6108, 0x7EEF, 0xFFFF, 0xFFFF, 0xFFFF, 0xFFFF, 0x2108,
  0x1FF8, 0x1FF8, 0x1FF8, 0x1FF8, 0x1FF8, 0x1FF8, 0x1FF8, 0x1FF8,
  0x1FF8, 0x1FF8, 0x1FF8, 0x1FF8, 0x1FF8, 0x1FF8, 0x1FF8, 0x1FF8,
  0x1FF8, 0x1FF8, 0x1FF8, 0x1FF8, 0x1FF8, 0x1FF8, 0x1FF8, 0x1FF8,
  0x1FF8, 0x1FF8, 0x1FF8, 0x1FF8, 0x1FF8, 0x1FF8, 0x1FF8, 0x1FF8,
  0x1FF8, 0x1FF8, 0x1FF8, 0x1FF8, 0xA210, 0xDFFF, 0x1FF8, 0x1FF8,
  0x1FF8, 0x1FF8, 0x1FF8, 0x1FF8, 0x1FF8, 0x1FF8, 0x1FF8, 0x1FF8,
  0x1FF8, 0x1FF8, 0x1FF8, 0x1FF8, 0x2000, 0xFCD6, 0xDBD6, 0xDBD6,
  0xDBD6, 0xDBD6, 0xDBD6, 0xDBD6, 0xFCDE, 0xCF73, 0xFFFF, 0xFFFF,
  0xFFFF, 0xFFFF, 0xFFFF, 0x1FF8, 0x1FF8, 0x1FF8, 0x1FF8, 0x1FF8,
  0x1FF8, 0x1FF8, 0x1FF8, 0x1FF8, 0x1FF8, 0x1FF8, 0x1FF8, 0x1FF8,
  0x1FF8, 0x1FF8, 0x1FF8, 0x1FF8, 0x1FF8, 0x1FF8, 0x1FF8, 0x1FF8,
  0x1FF8, 0x1FF8, 0x1FF8, 0x1FF8, 0x1FF8, 0x1FF8, 0x1FF8, 0x1FF8,
  0x1FF8, 0x1FF8, 0x1FF8, 0x1FF8, 0x1FF8, 0x1FF8, 0x1FF8, 0x8A52,
  0xFFFF, 0x1FF8, 0x1FF8, 0x1FF8, 0x1FF8, 0x1FF8, 0x1FF8, 0x1FF8,
  0x1FF8, 0x1FF8, 0x1FF8, 0x1FF8, 0x1FF8, 0x1FF8, 0x1FF8, 0x728C,
  0xDBD6, 0xDBD6, 0xDBD6, 0xDBD6, 0xDBD6, 0xDBD6, 0xDBD6, 0xDBD6,
  0xCB52, 0x3CDF, 0xFFFF, 0xFFFF, 0xFFFF, 0xFFFF, 0x718C, 0x1FF8,
  0x1FF8, 0x1FF8, 0x1FF8, 0x1FF8, 0x1FF8, 0x1FF8, 0x1FF8, 0x1FF8,
  0x1FF8, 0x1FF8, 0x1FF8, 0x1FF8, 0x1FF8, 0x1FF8, 0x1FF8, 0x1FF8,
  0x1FF8, 0x1FF8, 0x1FF8, 0x1FF8, 0x1FF8, 0x1FF8, 0x1FF8, 0x1FF8,
  0x1FF8, 0x1FF8, 0x1FF8, 0x1FF8, 0x1FF8, 0x1FF8, 0x1FF8, 0x1FF8,
  0x1FF8, 0x1FF8, 0xF7BD, 0xB6B5, 0x1FF8, 0x1FF8, 0x1FF8, 0x1FF8,
  0x1FF8, 0x1FF8, 0x1FF8, 0x1FF8, 0x1FF8, 0x1FF8, 0x1FF8, 0x1FF8,
  0x1FF8, 0x1FF8, 0x9ACE, 0xDBD6, 0xDBD6, 0xDBD6, 0xDBD6, 0xDBD6,
  0xDBD6, 0xDBD6, 0xDBD6, 0x5DE7, 0x0421, 0xFFFF, 0xFFFF, 0xFFFF,
  0xFFFF, 0xFFFF, 0xC318, 0x1FF8, 0x1FF8, 0x1FF8, 0x1FF8, 0x1FF8,
  0x1FF8, 0x1FF8, 0x1FF8, 0x1FF8, 0x1FF8, 0x1FF8, 0x1FF8, 0x1FF8,
  0x1FF8, 0x1FF8, 0x1FF8, 0x1FF8, 0x1FF8, 0x1FF8, 0x1FF8, 0x1FF8,
  0x1FF8, 0x1FF8, 0x1FF8, 0x1FF8, 0x1FF8, 0x1FF8, 0x1FF8, 0x1FF8,
  0x1FF8, 0x1FF8, 0x1FF8, 0x1FF8, 0x1FF8, 0xBEF7, 0xAA52, 0x1FF8,
  0x1FF8, 0x1FF8, 0x1FF8, 0x1FF8, 0x1FF8, 0x1FF8, 0x1FF8, 0x1FF8,
  0x1FF8, 0x1FF8, 0x1FF8, 0x1FF8, 0x6210, 0xDBD6, 0xDBD6, 0xDBD6,
  0xDBD6, 0xDBD6, 0xDBD6, 0xDBD6, 0xDBD6, 0xDBD6, 0xDBD6, 0x5EE7,
  0x0C63, 0xFFFF, 0xFFFF, 0xFFFF, 0xFFFF, 0xDFFF, 0x1FF8, 0x1FF8,
  0x1FF8, 0x1FF8, 0x1FF8, 0x1FF8, 0x1FF8, 0x1FF8, 0x1FF8, 0x1FF8,
  0x1FF8, 0x1FF8, 0x1FF8, 0x1FF8, 0x1FF8, 0x1FF8, 0x1FF8, 0x1FF8,
  0x1FF8, 0x1FF8, 0x1FF8, 0x1FF8, 0x1FF8, 0x1FF8, 0x1FF8, 0x1FF8,
  0x1FF8, 0x1FF8, 0x1FF8, 0x1FF8, 0x1FF8, 0x1FF8, 0x1FF8, 0x0000,
  0xFFFF, 0x0000, 0x1FF8, 0x1FF8, 0x1FF8, 0x1FF8, 0x1FF8, 0x1FF8,
  0x1FF8, 0x1FF8, 0x1FF8, 0x1FF8, 0x1FF8, 0x1FF8, 0x1FF8, 0x0C63,
  0xDBD6, 0xDBD6, 0xDBD6, 0xDBD6, 0xDBD6, 0xDBD6, 0xDBD6, 0xDBD6,
  0xDBD6, 0xDBD6, 0xDBD6, 0xD394, 0x9AD6, 0xFFFF, 0xFFFF, 0xFFFF,
  0xFFFF, 0xAA52, 0x1FF8, 0x1FF8, 0x1FF8, 0x1FF8, 0x1FF8, 0x1FF8,
  0x1FF8, 0x1FF8, 0x1FF8, 0x1FF8, 0x1FF8, 0x1FF8, 0x1FF8, 0x1FF8,
  0x1FF8, 0x1FF8, 0x1FF8, 0x1FF8, 0x1FF8, 0x1FF8, 0x1FF8, 0x1FF8,
  0x1FF8, 0x1FF8, 0x1FF8, 0x1FF8, 0x1FF8, 0x1FF8, 0x1FF8, 0x1FF8,
  0x1FF8, 0x1FF8, 0xC739, 0xFFFF, 0x1FF8, 0x1FF8, 0x1FF8, 0x1FF8,
  0x1FF8, 0x1FF8, 0x1FF8, 0x1FF8, 0x1FF8, 0x1FF8, 0x1FF8, 0x1FF8,
  0x1FF8, 0x1FF8, 0x1CDF, 0xDBD6, 0xDBD6, 0xDBD6, 0xDBD6, 0xDBD6,
  0xDBD6, 0xDBD6, 0xDBD6, 0xDBD6, 0xDBD6, 0xDBD6, 0xFCD6, 0x0421,
  0xFFFF, 0xFFFF, 0xFFFF, 0xFFFF, 0xFFFF, 0xA210, 0x1FF8, 0x1FF8,
  0x1FF8, 0x1FF8, 0x1FF8, 0x1FF8, 0x1FF8, 0x1FF8, 0x1FF8, 0x1FF8,
  0x1FF8, 0x1FF8, 0x1FF8, 0x1FF8, 0x1FF8, 0x1FF8, 0x1FF8, 0x1FF8,
  0x1FF8, 0x1FF8, 0x1FF8, 0x1FF8, 0x1FF8, 0x1FF8, 0x1FF8, 0x1FF8,
  0x1FF8, 0x1FF8, 0x1FF8, 0x1FF8, 0x1FF8, 0x59CE, 0x1BDF, 0x1FF8,
  0x1FF8, 0x1FF8, 0x1FF8, 0x1FF8, 0x1FF8, 0x1FF8, 0x1FF8, 0x1FF8,
  0x1FF8, 0x1FF8, 0x1FF8, 0x1FF8, 0x0000, 0x5DE7, 0xDBD6, 0xDBD6,
  0xDBD6, 0xDBD6, 0xDBD6, 0xDBD6, 0xDBD6, 0xDBD6, 0xDBD6, 0xDBD6,
  0xDBD6, 0xDBD6, 0x5DE7, 0x6531, 0xFFFF, 0xFFFF, 0xFFFF, 0xFFFF,
  0xFFFF, 0x0000, 0x1FF8, 0x1FF8, 0x1FF8, 0x1FF8, 0x1FF8, 0x1FF8,
  0x1FF8, 0x1FF8, 0x1FF8, 0x1FF8, 0x1FF8, 0x1FF8, 0x1FF8, 0x1FF8,
  0x1FF8, 0x1FF8, 0x1FF8, 0x1FF8, 0x1FF8, 0x1FF8, 0x1FF8, 0x1FF8,
  0x1FF8, 0x1FF8, 0x1FF8, 0x1FF8, 0x1FF8, 0x1FF8, 0x1FF8, 0x1FF8,
  0xFFFF, 0x694A, 0x1FF8, 0x1FF8, 0x1FF8, 0x1FF8, 0x1FF8, 0x1FF8,
  0x1FF8, 0x1FF8, 0x1FF8, 0x1FF8, 0x1FF8, 0x1FF8, 0x1FF8, 0x2521,
  0xDBD6, 0xDBD6, 0xDBD6, 0xDBD6, 0xDBD6, 0xDBD6, 0xDBD6, 0xDBD6,
  0xDBD6, 0xDBD6, 0xDBD6, 0xDBD6, 0xDBD6, 0xDBD6, 0xB7B5, 0x75AD,
  0xFFFF, 0xFFFF, 0xFFFF, 0xFFFF, 0xB6B5, 0x1FF8, 0x1FF8, 0x1FF8,
  0x1FF8, 0x1FF8, 0x1FF8, 0x1FF8, 0x1FF8, 0x1FF8, 0x1FF8, 0x1FF8,
  0x1FF8, 0x1FF8, 0x1FF8, 0x1FF8, 0x1FF8, 0x1FF8, 0x1FF8, 0x1FF8,
  0x1FF8, 0x1FF8, 0x1FF8, 0x1FF8, 0x1FF8, 0x1FF8, 0x1FF8, 0x1FF8,
  0x1FF8, 0x1FF8, 0x6529, 0xFFFF, 0x2108, 0x1FF8, 0x1FF8, 0x1FF8,
  0x1FF8, 0x1FF8, 0x1FF8, 0x1FF8, 0x1FF8, 0x1FF8, 0x1FF8, 0x1FF8,
  0x1FF8, 0x1FF8, 0xB394, 0xDBD6, 0xDBD6, 0xDBD6, 0xDBD6, 0xDBD6,
  0xDBD6, 0xDBD6, 0xDBD6, 0xDBD6, 0xDBD6, 0xDBD6, 0xDBD6, 0xDBD6,
  0xDBD6, 0xDBD6, 0x4D6B, 0xFFFF, 0xFFFF, 0xFFFF, 0xFFFF, 0xFFFF,
  0x494A, 0x1FF8, 0x1FF8, 0x1FF8, 0x1FF8, 0x1FF8, 0x1FF8, 0x1FF8,
  0x1FF8, 0x1FF8, 0x1FF8, 0x1FF8, 0x1FF8, 0x1FF8, 0x1FF8, 0x1FF8,
  0x1FF8, 0x1FF8, 0x1FF8, 0x1FF8, 0x1FF8, 0x1FF8, 0x1FF8, 0x1FF8,
  0x1FF8, 0x1FF8, 0x1FF8, 0x1FF8, 0x1FF8, 0x9EF7, 0x17BE, 0x1FF8,
  0x1FF8, 0x1FF8, 0x1FF8, 0x1FF8, 0x1FF8, 0x1FF8, 0x1FF8, 0x1FF8,
  0x1FF8, 0x1FF8, 0x1FF8, 0x1FF8, 0x1FF8, 0xBBD6, 0xDBD6, 0xDBD6,
  0xDBD6, 0xDBD6, 0xDBD6, 0xDBD6, 0xDBD6, 0xDBD6, 0xDBD6, 0xDBD6,
  0xDBD6, 0xDBD6, 0xDBD6, 0xDBD6, 0xDBD6, 0x1CDF, 0x2421, 0xFFFF,
  0xFFFF, 0xFFFF, 0xFFFF, 0xFFFF, 0x0000, 0x1FF8, 0x1FF8, 0x1FF8,
  0x1FF8, 0x1FF8, 0x1FF8, 0x1FF8, 0x1FF8, 0x1FF8, 0x1FF8, 0x1FF8,
  0x1FF8, 0x1FF8, 0x1FF8, 0x1FF8, 0x1FF8, 0x1FF8, 0x1FF8, 0x1FF8,
  0x1FF8, 0x1FF8, 0x1FF8, 0x1FF8, 0x1FF8, 0x1FF8, 0x1FF8, 0x2000,
  0xFFFF, 0x8631, 0x1FF8, 0x1FF8, 0x1FF8, 0x1FF8, 0x1FF8, 0x1FF8,
  0x1FF8, 0x1FF8, 0x1FF8, 0x1FF8, 0x1FF8, 0x1FF8, 0x1FF8, 0x0000,
  0x1DDF, 0xDBD6, 0xDBD6, 0xDBD6, 0xDBD6, 0xDBD6, 0xDBD6, 0xDBD6,
  0xDBD6, 0xDBD6, 0xDBD6, 0xDBD6, 0xDBD6, 0xDBD6, 0xDBD6, 0xDBD6,
  0xDBD6, 0xBBCE, 0x294A, 0xFFFF, 0xFFFF, 0xFFFF, 0xFFFF, 0xFFFF,
  0x0000, 0x1FF8, 0x1FF8, 0x1FF8, 0x1FF8, 0x1FF8, 0x1FF8, 0x1FF8,
  0x1FF8, 0x1FF8, 0x1FF8, 0x1FF8, 0x1FF8, 0x1FF8, 0x1FF8, 0x1FF8,
  0x1FF8, 0x1FF8, 0x1FF8, 0x1FF8, 0x1FF8, 0x1FF8, 0x1FF8, 0x1FF8,
  0x1FF8, 0x1FF8, 0x1BDF, 0xFFFF, 0x6A4A, 0xA731, 0x1FF8, 0x1FF8,
  0x1FF8, 0x1FF8, 0x1FF8, 0x1FF8, 0x1FF8, 0x1FF8, 0x1FF8, 0x1FF8,
  0x1FF8, 0x1FF8, 0x8210, 0xDBD6, 0xDBD6, 0xDBD6, 0xDBD6, 0xDBD6,
  0xDBD6, 0xDBD6, 0xDBD6, 0xDBD6, 0xDBD6, 0xDBD6, 0xDBD6, 0xDBD6,
  0xDBD6, 0xDBD6, 0xDBD6, 0xDBD6, 0xDBD6, 0x9BCE, 0xEC62, 0xFFFF,
  0xFFFF, 0xFFFF, 0xFFFF, 0x18C6, 0x1FF8, 0x1FF8, 0x1FF8, 0x1FF8,
  0x1FF8, 0x1FF8, 0x1FF8, 0x1FF8, 0x1FF8, 0x1FF8, 0x1FF8, 0x1FF8,
  0x1FF8, 0x1FF8, 0x1FF8, 0x1FF8, 0x1FF8, 0x1FF8, 0x1FF8, 0x1FF8,
  0x1FF8, 0x1FF8, 0x1FF8, 0x1FF8, 0x0000, 0xFFFF, 0xB294, 0x9ACE,
  0x1DDF, 0x1FF8, 0x1FF8, 0x1FF8, 0x1FF8, 0x1FF8, 0x1FF8, 0x1FF8,
  0x1FF8, 0x1FF8, 0x1FF8, 0x1FF8, 0x1FF8, 0xCB5A, 0xDBD6, 0xDBD6,
  0xDBD6, 0xDBD6, 0xDBD6, 0xDBD6, 0xDBD6, 0xDBD6, 0xDBD6, 0xDBD6,
  0xDBD6, 0xDBD6, 0xDBD6, 0xDBD6, 0xDBD6, 0xDBD6, 0xDBD6, 0xDBD6,
  0xDBD6, 0xFCDE, 0x4D6B, 0xFFFF, 0xFFFF, 0xFFFF, 0xFFFF, 0xD6B5,
  0x1FF8, 0x1FF8, 0x1FF8, 0x1FF8, 0x1FF8, 0x1FF8, 0x1FF8, 0x1FF8,
  0x1FF8, 0x1FF8, 0x1FF8, 0x1FF8, 0x1FF8, 0x1FF8, 0x1FF8, 0x1FF8,
  0x1FF8, 0x1FF8, 0x1FF8, 0x1FF8, 0x1FF8, 0x1FF8, 0x1FF8, 0xFFFF,
  0xFFFF, 0x2128, 0xE318, 0xFCD6, 0xC318, 0x1FF8, 0x1FF8, 0x1FF8,
  0x1FF8, 0x1FF8, 0x1FF8, 0x1FF8, 0x1FF8, 0x1FF8, 0x1FF8, 0x1FF8,
  0xB394, 0xDBD6, 0xDBD6, 0xDBD6, 0xDBD6, 0xDBD6, 0xDBD6, 0xDBD6,
  0xDBD6, 0xDBD6, 0xDBD6, 0xDBD6, 0xDBD6, 0xDBD6, 0xDBD6, 0xDBD6,
  0xDBD6, 0xDBD6, 0xDBD6, 0xDBD6, 0xDBD6, 0xD394, 0x79CE, 0xFFFF,
  0xFFFF, 0xFFFF, 0xFFFF, 0x518C, 0x1FF8, 0x1FF8, 0x1FF8, 0x1FF8,
  0x1FF8, 0x1FF8, 0x1FF8, 0x1FF8, 0x1FF8, 0x1FF8, 0x1FF8, 0x1FF8,
  0x1FF8, 0x1FF8, 0x1FF8, 0x1FF8, 0x1FF8, 0x1FF8, 0x1FF8, 0x1FF8,
  0x1FF8, 0xCF7B, 0xFFFF, 0x5184, 0xABC2, 0xABC2, 0xD7B5, 0x1CDF,
  0x1FF8, 0x1FF8, 0x1FF8, 0x1FF8, 0x1FF8, 0x1FF8, 0x1FF8, 0x1FF8,
  0x1FF8, 0x1FF8, 0x1FF8, 0x7AC6, 0xDBD6, 0xDBD6, 0xDBD6, 0xDBD6,
  0xDBD6, 0xDBD6, 0xDBD6, 0xDBD6, 0xDBD6, 0xDBD6, 0xDBD6, 0xDBD6,
  0xDBD6, 0xDBD6, 0xDBD6, 0xDBD6, 0xDBD6, 0xDBD6, 0xDBD6, 0xDBD6,
  0xDBD6, 0x928C, 0xBAD6, 0xFFFF, 0xFFFF, 0xFFFF, 0xFFFF, 0x6D6B,
  0x1FF8, 0x1FF8, 0x1FF8, 0x1FF8, 0x1FF8, 0x1FF8, 0x1FF8, 0x1FF8,
  0x1FF8, 0x1FF8, 0x1FF8, 0x1FF8, 0x1FF8, 0x1FF8, 0x1FF8, 0x1FF8,
  0x1FF8, 0x1FF8, 0x1FF8, 0x0421, 0xFFFF, 0xDEF7, 0x4130, 0xECD2,
  0xECD2, 0xC318, 0xDBD6, 0xE418, 0x1FF8, 0x1FF8, 0x1FF8, 0x1FF8,
  0x1FF8, 0x1FF8, 0x1FF8, 0x1FF8, 0x1FF8, 0x1FF8, 0x9BCE, 0xDBD6,
  0xDBD6, 0xDBD6, 0xDBD6, 0xDBD6, 0xDBD6, 0xDBD6, 0xDBD6, 0xDBD6,
  0xDBD6, 0xDBD6, 0xDBD6, 0xDBD6, 0xDBD6, 0xDBD6, 0xDBD6, 0xDBD6,
  0xDBD6, 0xDBD6, 0xDBD6, 0xDBD6, 0xDBD6, 0x0C63, 0x1CE7, 0xFFFF,
  0xFFFF, 0xFFFF, 0xFFFF, 0x8E73, 0x1FF8, 0x1FF8, 0x1FF8, 0x1FF8,
  0x1FF8, 0x1FF8, 0x1FF8, 0x1FF8, 0x1FF8, 0x1FF8, 0x1FF8, 0x1FF8,
  0x1FF8, 0x1FF8, 0x1FF8, 0x1FF8, 0x1FF8, 0x0000, 0xBEF7, 0xFFFF,
  0xEB52, 0xCCCA, 0xECD2, 0xECD2, 0x6AB2, 0x18BE, 0x59C6, 0x1FF8,
  0x1FF8, 0x1FF8, 0x1FF8, 0x1FF8, 0x1FF8, 0x1FF8, 0x1FF8, 0x1FF8,
  0x1FF8, 0x7EE7, 0xDBD6, 0xDBD6, 0xDBD6, 0xDBD6, 0xDBD6, 0xDBD6,
  0xDBD6, 0xDBD6, 0xDBD6, 0xDBD6, 0xDBD6, 0xDBD6, 0xDBD6, 0xDBD6,
  0xDBD6, 0xDBD6, 0xDBD6, 0xDBD6, 0xDBD6, 0xDBD6, 0xDBD6, 0xDBD6,
  0xFCDE, 0x694A, 0xFFFF, 0xFFFF, 0xFFFF, 0xFFFF, 0xFFFF, 0xCF7B,
  0x1FF8, 0x1FF8, 0x1FF8, 0x1FF8, 0x1FF8, 0x1FF8, 0x1FF8, 0x1FF8,
  0x1FF8, 0x1FF8, 0x1FF8, 0x1FF8, 0x1FF8, 0x1FF8, 0x1FF8, 0x1FF8,
  0x9DEF, 0xFFFF, 0x5DEF, 0x4669, 0xECD2, 0xECD2, 0xECD2, 0x0DDB,
  0xA318, 0xFCDE, 0x8210, 0x1FF8, 0x1FF8, 0x1FF8, 0x1FF8, 0x1FF8,
  0x1FF8, 0x1FF8, 0x1FF8, 0x1FF8, 0xFCD6, 0xDBD6, 0xDBD6, 0xDBD6,
  0xDBD6, 0xDBD6, 0xDBD6, 0xDBD6, 0xDBD6, 0xDBD6, 0xDBD6, 0xDBD6,
  0xDBD6, 0xDBD6, 0xDBD6, 0xDBD6, 0xDBD6, 0xDBD6, 0xDBD6, 0xDBD6,
  0xDBD6, 0xDBD6, 0xDBD6, 0xDBD6, 0xDBD6, 0x2D63, 0x3CE7, 0xFFFF,
  0xFFFF, 0xFFFF, 0xFFFF, 0xD39C, 0x1FF8, 0x1FF8, 0x1FF8, 0x1FF8,
  0x1FF8, 0x1FF8, 0x1FF8, 0x1FF8, 0x1FF8, 0x1FF8, 0x1FF8, 0x1FF8,
  0x1FF8, 0x1FF8, 0xF39C, 0xFFFF, 0xFFFF, 0x6529, 0x2DE3, 0xECD2,
  0xECD2, 0xECD2, 0xECD2, 0x0992, 0x5DE7, 0xB7B5, 0x1FF8, 0x1FF8,
  0x1FF8, 0x1FF8, 0x1FF8, 0x1FF8, 0x1FF8, 0x1FF8, 0x1FF8, 0x3DDF,
  0xDBD6, 0xDBD6, 0xDBD6, 0xDBD6, 0xDBD6, 0xDBD6, 0xDBD6, 0xDBD6,
  0xDBD6, 0xDBD6, 0xDBD6, 0xDBD6, 0xDBD6, 0xDBD6, 0xDBD6, 0xDBD6,
  0xDBD6, 0xDBD6, 0xDBD6, 0xDBD6, 0xDBD6, 0xDBD6, 0xDBD6, 0xDBD6,
  0xFCD6, 0xC739, 0xFFFF, 0xFFFF, 0xFFFF, 0xFFFF, 0xFFFF, 0x96B5,
  0x1FF8, 0x1FF8, 0x1FF8, 0x1FF8, 0x1FF8, 0x1FF8, 0x1FF8, 0x1FF8,
  0x1FF8, 0x1FF8, 0x1FF8, 0x1FF8, 0x2842, 0xFFFF, 0xFFFF, 0xF39C,
  0x0DE3, 0xECD2, 0xECD2, 0xECD2, 0xECD2, 0xECD2, 0x0DE3, 0x283A,
  0x1DDF, 0x0000, 0x1FF8, 0x1FF8, 0x1FF8, 0x1FF8, 0x1FF8, 0x1FF8,
  0x1FF8, 0x1FF8, 0xFCD6, 0xDBD6, 0xDBD6, 0xDBD6, 0xDBD6, 0xDBD6,
  0xDBD6, 0xDBD6, 0xDBD6, 0xDBD6, 0xDBD6, 0xDBD6, 0xDBD6, 0xDBD6,
  0xDBD6, 0xDBD6, 0xDBD6, 0xDBD6, 0xDBD6, 0xDBD6, 0xDBD6, 0xDBD6,
  0xDBD6, 0xDBD6, 0xDBD6, 0xDBD6, 0x1CDF, 0xAA52, 0x3CE7, 0xFFFF,
  0xFFFF, 0xFFFF, 0xFFFF, 0x5DEF, 0x0000, 0x1FF8, 0x1FF8, 0x1FF8,
  0x1FF8, 0x1FF8, 0x1FF8, 0x1FF8, 0x1FF8, 0x1FF8, 0x8631, 0xFFFF,
  0xFFFF, 0xFFFF, 0xA348, 0x0DDB, 0x2DE3, 0x299A, 0x8669, 0xECD2,
  0xECD2, 0xECD2, 0x6671, 0xBBD6, 0xEC5A, 0x1FF8, 0x1FF8, 0x1FF8,
  0x1FF8, 0x1FF8, 0x1FF8, 0x1FF8, 0x1FF8, 0x5DE7, 0xDBD6, 0xDBD6,
  0xDBD6, 0xDBD6, 0xDBD6, 0xDBD6, 0xDBD6, 0xDBD6, 0xDBD6, 0xDBD6,
  0xDBD6, 0xDBD6, 0xDBD6, 0xDBD6, 0xDBD6, 0xDBD6, 0xDBD6, 0xDBD6,
  0xDBD6, 0xDBD6, 0xDBD6, 0xDBD6, 0xDBD6, 0xDBD6, 0xDBD6, 0xDBD6,
  0xDCD6, 0x494A, 0xFFFF, 0xFFFF, 0xFFFF, 0xFFFF, 0xFFFF, 0xDEF7,
  0x2100, 0x1FF8, 0x1FF8, 0x1FF8, 0x1FF8, 0x1FF8, 0x1FF8, 0x1FF8,
  0x2108, 0xDFFF, 0xFFFF, 0xFFFF, 0x4108, 0x2118, 0x083A, 0x59CE,
  0xAE73, 0x0DDB, 0xECD2, 0xECD2, 0xECD2, 0xECD2, 0x6E63, 0x5AC6,
  0x1FF8, 0x1FF8, 0x1FF8, 0x1FF8, 0x1FF8, 0x1FF8, 0x1FF8, 0x1FF8,
  0x39C6, 0xDBD6, 0xDBD6, 0xDBD6, 0xDBD6, 0xDBD6, 0xDBD6, 0xDBD6,
  0xDBD6, 0xDBD6, 0xDBD6, 0xDBD6, 0xDBD6, 0xDBD6, 0xDBD6, 0xDBD6,
  0xDBD6, 0xDBD6, 0xDBD6, 0xDBD6, 0xDBD6, 0xDBD6, 0xDBD6, 0xDBD6,
  0xDBD6, 0xDBD6, 0xDBD6, 0xDBD6, 0xFCDE, 0x0C63, 0x1BDF, 0xFFFF,
  0xFFFF, 0xFFFF, 0xFFFF, 0xFFFF, 0xC739, 0x1FF8, 0x1FF8, 0x1FF8,
  0x1FF8, 0x1FF8, 0xA631, 0xFFFF, 0xFFFF, 0xFFFF, 0x494A, 0xFFFF,
  0xFFFF, 0xFFFF, 0xAA4A, 0x8AB2, 0xECD2, 0xECD2, 0xECD2, 0xECD2,
  0xECD2, 0x0018, 0x1CDF, 0x2108, 0x1FF8, 0x1FF8, 0x1FF8, 0x1FF8,
  0x1FF8, 0x1FF8, 0x1FF8, 0x55A5, 0x39C6, 0x39C6, 0x39C6, 0x39C6,
  0x39C6, 0x39C6, 0x39C6, 0x39C6, 0xDCD6, 0xDBD6, 0xDBD6, 0xDBD6,
  0xDBD6, 0xDBD6, 0xDBD6, 0xDBD6, 0xDBD6, 0xDBD6, 0xDBD6, 0xDBD6,
  0xDBD6, 0xDBD6, 0xDBD6, 0xDBD6, 0xDBD6, 0xDBD6, 0xDBD6, 0xDBD6,
  0xDBD6, 0xCB5A, 0x1BDF, 0xFFFF, 0xFFFF, 0xFFFF, 0xFFFF, 0xFFFF,
  0xB294, 0x0000, 0x1FF8, 0x1FF8, 0xAE73, 0xFFFF, 0xFFFF, 0xFFFF,
  0x8E73, 0xBEF7, 0xFFFF, 0xFFFF, 0x8210, 0x2DE3, 0xECD2, 0x2DE3,
  0xECD2, 0x2DE3, 0x0DDB, 0x0DDB, 0x6AB2, 0x3DE7, 0xCB5A, 0x1FF8,
  0x1FF8, 0x1FF8, 0x1FF8, 0x1FF8, 0x1FF8, 0x1FF8, 0x2D6B, 0x39C6,
  0x39C6, 0x39C6, 0x39C6, 0x39C6, 0x39C6, 0x39C6, 0x39C6, 0x39C6,
  0xBBD6, 0xDBD6, 0xDBD6, 0xDBD6, 0xDBD6, 0xDBD6, 0xDBD6, 0xDBD6,
  0xDBD6, 0xDBD6, 0xDBD6, 0xDBD6, 0xDBD6, 0xDBD6, 0xDBD6, 0xDBD6,
  0xDBD6, 0xDBD6, 0xDBD6, 0xDBD6, 0xDCD6, 0x359D, 0x518C, 0xFFFF,
  0xFFFF, 0xFFFF, 0xFFFF, 0xFFFF, 0x3CE7, 0xA210, 0x38C6, 0xFFFF,
  0xFFFF, 0xFFFF, 0xCF7B, 0x79CE, 0xFFFF, 0xFFFF, 0xEB5A, 0xAA4A,
  0x8E6B, 0x349D, 0x75AD, 0xD7B5, 0x75AD, 0x0C5B, 0x0000, 0x4EEB,
  0x6A4A, 0x3DE7, 0x1FF8, 0x1FF8, 0x1FF8, 0x1FF8, 0x1FF8, 0x1FF8,
  0x1FF8, 0x6529, 0x39C6, 0x39C6, 0x39C6, 0x39C6, 0x39C6, 0x39C6,
  0x39C6, 0x39C6, 0x39C6, 0x39C6, 0x5ACE, 0xDBD6, 0xDBD6, 0xDBD6,
  0xDBD6, 0xDBD6, 0xDBD6, 0xDBD6, 0xDBD6, 0xDBD6, 0xDBD6, 0xDBD6,
  0xDBD6, 0xDBD6, 0xDBD6, 0xDBD6, 0xDBD6, 0xDBD6, 0xDBD6, 0xDBD6,
  0xDBD6, 0x96AD, 0xAA52, 0xFFFF, 0xFFFF, 0xFFFF, 0xFFFF, 0xFFFF,
  0xFFFF, 0xFFFF, 0xFFFF, 0xFFFF, 0xAB5A, 0xFBDE, 0xFFFF, 0xFFFF,
  0xFFFF, 0xFFFF, 0xFFFF, 0xFFFF, 0xFFFF, 0xFFFF, 0x3CE7, 0x6210,
  0x6AAA, 0x0DDB, 0x0DDB, 0x6218, 0x3DDF, 0x0000, 0x1FF8, 0x1FF8,
  0x1FF8, 0x1FF8, 0x1FF8, 0x1FF8, 0x0000, 0x7ACE, 0x39C6, 0x39C6,
  0x39C6, 0x39C6, 0x39C6, 0x39C6, 0x39C6, 0x39C6, 0x39C6, 0x39C6,
  0x19C6, 0xBBCE, 0xDBD6, 0xDBD6, 0xDBD6, 0xDBD6, 0xDBD6, 0xDBD6,
  0xDBD6, 0xDBD6, 0xDBD6, 0xDBD6, 0xDBD6, 0xDBD6, 0xDBD6, 0xDBD6,
  0xDBD6, 0xDBD6, 0xDBD6, 0xDBD6, 0xDBD6, 0x1CDF, 0x494A, 0x3CE7,
  0xFFFF, 0xFFFF, 0xFFFF, 0xFFFF, 0xFFFF, 0xFFFF, 0x694A, 0xFFFF,
  0xFFFF, 0xFFFF, 0xFFFF, 0xFFFF, 0xFFFF, 0xFFFF, 0xFFFF, 0xFFFF,
  0xFFFF, 0xFFFF, 0xBEF7, 0xBEF7, 0xB294, 0xA779, 0x6AB2, 0xDCD6,
  0x8A52, 0x1FF8, 0x1FF8, 0x1FF8, 0x1FF8, 0x1FF8, 0x1FF8, 0x0000,
  0x76AD, 0x39C6, 0x39C6, 0x39C6, 0x39C6, 0x39C6, 0x39C6, 0x39C6,
  0x39C6, 0x39C6, 0x39C6, 0x39C6, 0x39C6, 0x39C6, 0xBBD6, 0xDBD6,
  0xDBD6, 0xDBD6, 0xDBD6, 0xDBD6, 0xDBD6, 0xDBD6, 0xDBD6, 0xDBD6,
  0xDBD6, 0xDBD6, 0xDBD6, 0xDBD6, 0xDBD6, 0xDBD6, 0xDBD6, 0xDBD6,
  0xDBD6, 0x1CDF, 0xD394, 0x2C6B, 0xFFFF, 0xFFFF, 0xFFFF, 0xFFFF,
  0xE318, 0x9DEF, 0xFFFF, 0xFFFF, 0xFFFF, 0xFFFF, 0xFFFF, 0xFFFF,
  0xFFFF, 0xFFFF, 0xFFFF, 0xFFFF, 0xFFFF, 0xFFFF, 0x1CE7, 0xC779,
  0xECD2, 0xECD2, 0xAF6B, 0x59C6, 0x1FF8, 0x1FF8, 0x1FF8, 0x1FF8,
  0x1FF8, 0x1FF8, 0x1FF8, 0x8631, 0x39C6, 0x39C6, 0x39C6, 0x39C6,
  0x39C6, 0x39C6, 0x39C6, 0x39C6, 0x39C6, 0x39C6, 0x39C6, 0x39C6,
  0x39C6, 0x39C6, 0x5ACE, 0xDBD6, 0xDBD6, 0xDBD6, 0xDBD6, 0xDBD6,
  0xDBD6, 0xDBD6, 0xDBD6, 0xDBD6, 0xDBD6, 0xDBD6, 0xDBD6, 0xDBD6,
  0xDBD6, 0xDBD6, 0xDBD6, 0xDBD6, 0xDBD6, 0xDBD6, 0x5AC6, 0x0421,
  0xFFFF, 0x79CE, 0x8631, 0xFFFF, 0xFFFF, 0xFFFF, 0xFFFF, 0xFFFF,
  0xFFFF, 0xFFFF, 0xFFFF, 0xFFFF, 0xFFFF, 0xFFFF, 0xFFFF, 0xFFFF,
  0x38BE, 0xE458, 0x0DDB, 0xECD2, 0xECD2, 0x2108, 0xFCDE, 0x0000,
  0x1FF8, 0x1FF8, 0x1FF8, 0x1FF8, 0x1FF8, 0x1FF8, 0x0000, 0x7ACE,
  0x39C6, 0x39C6, 0x39C6, 0x39C6, 0x39C6, 0x39C6, 0x39C6, 0x39C6,
  0x39C6, 0x39C6, 0x39C6, 0x39C6, 0x39C6, 0x39C6, 0x39C6, 0x9BCE,
  0xDBD6, 0xDBD6, 0xDBD6, 0xDBD6, 0xDBD6, 0xDBD6, 0xDBD6, 0xDBD6,
  0xDBD6, 0xDBD6, 0xDBD6, 0xDBD6, 0xDBD6, 0xDBD6, 0xDBD6, 0xDBD6,
  0xDBD6, 0xDBD6, 0xBFEF, 0x0421, 0xF7BD, 0xFFFF, 0xFFFF, 0xFFFF,
  0xFFFF, 0xFFFF, 0xFFFF, 0xFFFF, 0xFFFF, 0xFFFF, 0xFFFF, 0xFFFF,
  0xFFFF, 0xFFFF, 0xB6B5, 0xC881, 0xECD2, 0xECD2, 0xECD2, 0xECD2,
  0x4569, 0xDBD6, 0x4108, 0x1FF8, 0x1FF8, 0x1FF8, 0x1FF8, 0x1FF8,
  0x1FF8, 0x1FF8, 0x35A5, 0x39C6, 0x39C6, 0x39C6, 0x39C6, 0x39C6,
  0x39C6, 0x39C6, 0x39C6, 0x39C6, 0x39C6, 0x39C6, 0x39C6, 0x39C6,
  0x39C6, 0x39C6, 0x39C6, 0x7ACE, 0xDBD6, 0xDBD6, 0xDBD6, 0xDBD6,
  0xDBD6, 0xDBD6, 0xDBD6, 0xDBD6, 0xDBD6, 0xDBD6, 0xDBD6, 0xDBD6,
  0xDBD6, 0xDBD6, 0xDBD6, 0xDBD6, 0x18BE, 0xC739, 0xFFFF, 0xFFFF,
  0xFFFF, 0xFFFF, 0xFFFF, 0xFFFF, 0xFFFF, 0xFFFF, 0xFFFF, 0xFFFF,
  0xFFFF, 0xFFFF, 0xFFFF, 0xFFFF, 0xCB52, 0x49A2, 0xECD2, 0xECD2,
  0xECD2, 0xECD2, 0xECD2, 0xECD2, 0xF8B5, 0x8E6B, 0x1FF8, 0x1FF8,
  0x1FF8, 0x1FF8, 0x1FF8, 0x1FF8, 0x1FF8, 0x0000, 0x9BD6, 0x39C6,
  0x39C6, 0x39C6, 0x39C6, 0x39C6, 0x39C6, 0x39C6, 0x39C6, 0x39C6,
  0x39C6, 0x39C6, 0x39C6, 0x39C6, 0x39C6, 0x39C6, 0x39C6, 0x39C6,
  0xBBD6, 0xDBD6, 0xDBD6, 0xDBD6, 0xDBD6, 0xDBD6, 0xDBD6, 0xDBD6,
  0xDBD6, 0xDBD6, 0xDBD6, 0xDBD6, 0xDBD6, 0xDCD6, 0xE839, 0xFBDE,
  0xFFFF, 0xFFFF, 0xFFFF, 0xFFFF, 0xFFFF, 0xFFFF, 0xFFFF, 0xFFFF,
  0xFFFF, 0xFFFF, 0xFFFF, 0xFFFF, 0xFFFF, 0x1BDF, 0xA318, 0xCCCA,
  0xECD2, 0xECD2, 0xECD2, 0xECD2, 0xECD2, 0xECD2, 0x0DDB, 0xAB52,
  0x18BE, 0x1FF8, 0x1FF8, 0x1FF8, 0x1FF8, 0x1FF8, 0x1FF8, 0x1FF8,
  0x1FF8, 0x8210, 0x97B5, 0x39C6, 0x39C6, 0x39C6, 0x39C6, 0x39C6,
  0x39C6, 0x39C6, 0x39C6, 0x39C6, 0x39C6, 0x39C6, 0x39C6, 0x39C6,
  0x39C6, 0x39C6, 0x39C6, 0x39C6, 0x9ACE, 0xDBD6, 0xDBD6, 0xDBD6,
  0xDBD6, 0xDBD6, 0xDBD6, 0xDBD6, 0xDBD6, 0xDBD6, 0xDBD6, 0xDBD6,
  0xDBD6, 0xFCDE, 0x149D, 0x8A52, 0xFFFF, 0xFFFF, 0xFFFF, 0xFFFF,
  0xFFFF, 0xFFFF, 0xFFFF, 0xFFFF, 0xFFFF, 0xFFFF, 0xFFFF, 0x0000,
  0x29A2, 0x4EEB, 0xECD2, 0xECD2, 0xECD2, 0xECD2, 0xECD2, 0xECD2,
  0xECD2, 0x0DDB, 0x0008, 0x3DDF, 0x0000, 0x1FF8, 0x1FF8, 0x1FF8,
  0x1FF8, 0x1FF8, 0x1FF8, 0x1FF8, 0x1FF8, 0x0000, 0xCB5A, 0xBBD6,
  0x39C6, 0x39C6, 0x39C6, 0x39C6, 0x39C6, 0x39C6, 0x39C6, 0x39C6,
  0x39C6, 0x39C6, 0x39C6, 0x39C6, 0x39C6, 0x39C6, 0x39C6, 0x39C6,
  0x5ACE, 0xDBD6, 0xDBD6, 0xDBD6, 0xDBD6, 0xDBD6, 0xDBD6, 0xDBD6,
  0xDBD6, 0xDBD6, 0xDBD6, 0xDBD6, 0xDBD6, 0xDBD6, 0x7EE7, 0xCF73,
  0x8A52, 0xFFFF, 0xFFFF, 0xFFFF, 0xFFFF, 0xFFFF, 0xFFFF, 0xFFFF,
  0xFFFF, 0xFFFF, 0xFFFF, 0xFFFF, 0xEF73, 0xA210, 0xA348, 0x8BBA,
  0x4EEB, 0x0DDB, 0xECD2, 0xECD2, 0xECD2, 0x6669, 0x1CDF, 0x8210,
  0x1FF8, 0x1FF8, 0x1FF8, 0x1FF8, 0x1FF8, 0x1FF8, 0x1FF8, 0x1FF8,
  0x1FF8, 0x1FF8, 0x0000, 0xF49C, 0x9BD6, 0x39C6, 0x39C6, 0x39C6,
  0x39C6, 0x39C6, 0x39C6, 0x39C6, 0x39C6, 0x39C6, 0x39C6, 0x39C6,
  0x39C6, 0x39C6, 0x39C6, 0x39C6, 0x39C6, 0xBBD6, 0xDBD6, 0xDBD6,
  0xDBD6, 0xDBD6, 0xDBD6, 0xDBD6, 0xDBD6, 0xDBD6, 0xDBD6, 0xDBD6,
  0xDBD6, 0xDBD6, 0xDBD6, 0x5EE7, 0x55A5, 0x8631, 0xFBDE, 0xFFFF,
  0xFFFF, 0xFFFF, 0xFFFF, 0xFFFF, 0xFFFF, 0xFFFF, 0xFFFF, 0xFFFF,
  0xFFFF, 0xFFFF, 0xFFFF, 0x96AD, 0x8A4A, 0x4110, 0xABC2, 0xECD2,
  0x8AB2, 0x5EE7, 0x6A4A, 0x1FF8, 0x1FF8, 0x1FF8, 0x1FF8, 0x1FF8,
  0x1FF8, 0x1FF8, 0x1FF8, 0x1FF8, 0x1FF8, 0x1FF8, 0x1FF8, 0x6108,
  0x35A5, 0x9BD6, 0x39C6, 0x39C6, 0x39C6, 0x39C6, 0x39C6, 0x39C6,
  0x39C6, 0x39C6, 0x39C6, 0x39C6, 0x39C6, 0x39C6, 0x39C6, 0x39C6,
  0x39C6, 0xBBD6, 0xDBD6, 0xDBD6, 0xDBD6, 0xDBD6, 0xDBD6, 0xDBD6,
  0xDBD6, 0xDBD6, 0xDBD6, 0xDBD6, 0xDBD6, 0xDBD6, 0xDBD6, 0xDBD6,
  0x1CDF, 0xDBD6, 0x8631, 0x8E73, 0xFFFF, 0xFFFF, 0xFFFF, 0xFFFF,
  0xFFFF, 0xFFFF, 0xFFFF, 0xFFFF, 0xFFFF, 0xBEF7, 0x4D63, 0xC330,
  0xABC2, 0xECD2, 0xECD2, 0x2DE3, 0x5AC6, 0x35A5, 0x1FF8, 0x1FF8,
  0x1FF8, 0x1FF8, 0x1FF8, 0x1FF8, 0x1FF8, 0x1FF8, 0x1FF8, 0x1FF8,
  0x1FF8, 0x1FF8, 0x1FF8, 0x1FF8, 0x6210, 0xF49C, 0x9BD6, 0x39C6,
  0x39C6, 0x39C6, 0x39C6, 0x39C6, 0x39C6, 0x39C6, 0x39C6, 0x39C6,
  0x39C6, 0x39C6, 0x39C6, 0x39C6, 0x39C6, 0x9ACE, 0xDBD6, 0xDBD6,
  0xDBD6, 0xDBD6, 0xDBD6, 0xDBD6, 0xDBD6, 0xDBD6, 0xDBD6, 0xDBD6,
  0xDBD6, 0xDBD6, 0xDBD6, 0xDBD6, 0xDBD6, 0xDBD6, 0xFCD6, 0xD394,
  0xA310, 0x8E73, 0x9DF7, 0xFFFF, 0xFFFF, 0xFFFF, 0xEF7B, 0x0000,
  0xCBC2, 0x2DE3, 0xECD2, 0xECD2, 0xECD2, 0xECD2, 0x2DE3, 0x928C,
  0xFCD6, 0x1FF8, 0x1FF8, 0x1FF8, 0x1FF8, 0x1FF8, 0x1FF8, 0x1FF8,
  0x1FF8, 0x1FF8, 0x1FF8, 0x1FF8, 0x1FF8, 0x1FF8, 0x1FF8, 0x1FF8,
  0x1FF8, 0x2100, 0xF07B, 0xDBDE, 0x39C6, 0x39C6, 0x39C6, 0x39C6,
  0x39C6, 0x39C6, 0x39C6, 0x39C6, 0x39C6, 0x39C6, 0x39C6, 0x39C6,
  0x39C6, 0x59C6, 0xDBD6, 0xDBD6, 0xDBD6, 0xDBD6, 0xDBD6, 0xDBD6,
  0xDBD6, 0xDBD6, 0xDBD6, 0xDBD6, 0xDBD6, 0xDBD6, 0xDBD6, 0xDBD6,
  0xDBD6, 0xDBD6, 0xDBD6, 0xDBD6, 0xFCDE, 0xB394, 0x2421, 0x14A5,
  0xFFFF, 0xFFFF, 0xFFFF, 0x928C, 0x6228, 0xECD2, 0xECD2, 0xECD2,
  0xECD2, 0x0DDB, 0x0C5B, 0x7EE7, 0x1FF8, 0x1FF8, 0x1FF8, 0x1FF8,
  0x1FF8, 0x1FF8, 0x1FF8, 0x1FF8, 0x1FF8, 0x1FF8, 0x1FF8, 0x1FF8,
  0x1FF8, 0x1FF8, 0x1FF8, 0x1FF8, 0x1FF8, 0x1FF8, 0x0000, 0x8A52,
  0x9BD6, 0x7ACE, 0x39C6, 0x39C6, 0x39C6, 0x39C6, 0x39C6, 0x39C6,
  0x39C6, 0x39C6, 0x39C6, 0x39C6, 0x39C6, 0x19C6, 0x9BCE, 0xDBD6,
  0xDBD6, 0xDBD6, 0xDBD6, 0xDBD6, 0xDBD6, 0xDBD6, 0xDBD6, 0xDBD6,
  0xDBD6, 0xDBD6, 0xDBD6, 0xDBD6, 0xDBD6, 0xDBD6, 0xDBD6, 0xDBD6,
  0xDBD6, 0xFCD6, 0x5EE7, 0x359D, 0x2521, 0x0000, 0x0000, 0xA781,
  0x6EF3, 0x0DDB, 0x0DDB, 0xECD2, 0x2DE3, 0x083A, 0x3DE7, 0x1FF8,
  0x1FF8, 0x1FF8, 0x1FF8, 0x1FF8, 0x1FF8, 0x1FF8, 0x1FF8, 0x1FF8,
  0x1FF8, 0x1FF8, 0x1FF8, 0x1FF8, 0x1FF8, 0x1FF8, 0x1FF8, 0x1FF8,
  0x1FF8, 0x1FF8, 0x1FF8, 0x1FF8, 0x0000, 0x6E6B, 0x19C6, 0x39C6,
  0x39C6, 0x39C6, 0x39C6, 0x39C6, 0x39C6, 0x39C6, 0x39C6, 0x39C6,
  0x39C6, 0x39C6, 0x39C6, 0xDBD6, 0xDBD6, 0xDBD6, 0xDBD6, 0xDBD6,
  0xDBD6, 0xDBD6, 0xDBD6, 0xDBD6, 0xDBD6, 0xDBD6, 0xDBD6, 0xDBD6,
  0xDBD6, 0xDBD6, 0xDBD6, 0xDBD6, 0xDBD6, 0xDBD6, 0xDBD6, 0xDBD6,
  0xFCDE, 0x7EE7, 0x96AD, 0x4D63, 0xE841, 0x2521, 0xA218, 0x2521,
  0x728C, 0xFCDE, 0x0000, 0x1FF8, 0x1FF8, 0x1FF8, 0x1FF8, 0x1FF8,
  0x1FF8, 0x1FF8, 0x1FF8, 0x1FF8, 0x1FF8, 0x1FF8, 0x1FF8, 0x1FF8,
  0x1FF8, 0x1FF8, 0x1FF8, 0x1FF8, 0x1FF8, 0x1FF8, 0x1FF8, 0x1FF8,
  0x1FF8, 0x1FF8, 0x0421, 0xD39C, 0x7ACE, 0x39C6, 0x39C6, 0x39C6,
  0x39C6, 0x39C6, 0x39C6, 0x39C6, 0x39C6, 0x39C6, 0x39C6, 0x7ACE,
  0xDBD6, 0xDBD6, 0xDBD6, 0xDBD6, 0xDBD6, 0xDBD6, 0xDBD6, 0xDBD6,
  0xDBD6, 0xDBD6, 0xDBD6, 0xDBD6, 0xDBD6, 0xDBD6, 0xDBD6, 0xDBD6,
  0xDBD6, 0xDBD6, 0xDBD6, 0xDBD6, 0xDBD6, 0xDBD6, 0xDBD6, 0xDBD6,
  0xDBD6, 0xDBD6, 0xBBD6, 0xDBD6, 0x1DDF, 0x0000, 0x1FF8, 0x1FF8,
  0x1FF8, 0x1FF8, 0x1FF8, 0x1FF8, 0x1FF8, 0x1FF8, 0x1FF8, 0x1FF8,
  0x1FF8, 0x1FF8, 0x1FF8, 0x1FF8, 0x1FF8, 0x1FF8, 0x1FF8, 0x1FF8,
  0x1FF8, 0x1FF8, 0x1FF8, 0x1FF8, 0x1FF8, 0x1FF8, 0x1FF8, 0x2000,
  0x2421, 0xB394, 0xBBD6, 0x39C6, 0x39C6, 0x39C6, 0x39C6, 0x39C6,
  0x39C6, 0x39C6, 0x39C6, 0xF8BD, 0xFCDE, 0xDBD6, 0xDBD6, 0xDBD6,
  0xDBD6, 0xDBD6, 0xDBD6, 0xDBD6, 0xDBD6, 0xDBD6, 0xDBD6, 0xDBD6,
  0xDBD6, 0xDBD6, 0xDBD6, 0xDBD6, 0xDBD6, 0xDBD6, 0xDBD6, 0xDBD6,
  0xDBD6, 0xDBD6, 0xDBD6, 0xDBD6, 0xDBD6, 0xDBD6, 0xDBD6, 0xDBD6,
  0x4108, 0x1FF8, 0x1FF8, 0x1FF8, 0x1FF8, 0x1FF8, 0x1FF8, 0x1FF8,
  0x1FF8, 0x1FF8, 0x1FF8, 0x1FF8, 0x1FF8, 0x1FF8, 0x1FF8, 0x1FF8,
  0x1FF8, 0x1FF8, 0x1FF8, 0x1FF8, 0x1FF8, 0x1FF8, 0x1FF8, 0x1FF8,
  0x1FF8, 0x1FF8, 0x1FF8, 0x1FF8, 0x1FF8, 0x1FF8, 0x2000, 0xAB52,
  0xF8BD, 0xDCDE, 0x39C6, 0x39C6, 0x39C6, 0x39C6, 0x9BCE, 0x2529,
  0x4E6B, 0xBBD6, 0xDBD6, 0xDBD6, 0xDBD6, 0xDBD6, 0xDBD6, 0xDBD6,
  0xDBD6, 0xDBD6, 0xDBD6, 0xDBD6, 0xDBD6, 0xDBD6, 0xDBD6, 0xDBD6,
  0xDBD6, 0xDBD6, 0xDBD6, 0xDBD6, 0xDBD6, 0xDBD6, 0xDBD6, 0xDBD6,
  0xDBD6, 0xDBD6, 0xDCD6, 0x0000, 0x1FF8, 0x1FF8, 0x1FF8, 0x1FF8,
  0x1FF8, 0x1FF8, 0x1FF8, 0x1FF8, 0x1FF8, 0x1FF8, 0x1FF8, 0x1FF8,
  0x1FF8, 0x1FF8, 0x1FF8, 0x1FF8, 0x1FF8, 0x1FF8, 0x1FF8, 0x1FF8,
  0x1FF8, 0x1FF8, 0x1FF8, 0x1FF8, 0x1FF8, 0x1FF8, 0x1FF8, 0x1FF8,
  0x1FF8, 0x1FF8, 0x1FF8, 0x1FF8, 0x1FF8, 0x0000, 0x0842, 0x9394,
  0x7ACE, 0x39C6, 0x7ACE, 0xBBD6, 0xD49C, 0xE839, 0x8210, 0x6E6B,
  0xDCD6, 0xDCD6, 0x1DDF, 0xFCDE, 0xBBD6, 0xDBD6, 0xDBD6, 0xDBD6,
  0xDBD6, 0xDBD6, 0xDBD6, 0xDBD6, 0xDBD6, 0xDBD6, 0xDBD6, 0xBBD6,
  0xDBD6, 0xFCD6, 0xFCD6, 0x7EE7, 0xDCD6, 0xB394, 0x2108, 0x1FF8,
  0x1FF8, 0x1FF8, 0x1FF8, 0x1FF8, 0x1FF8, 0x1FF8, 0x1FF8, 0x1FF8,
  0x1FF8, 0x1FF8, 0x1FF8, 0x1FF8, 0x1FF8, 0x1FF8, 0x1FF8, 0x1FF8,
  0x1FF8, 0x1FF8, 0x1FF8, 0x1FF8, 0x1FF8, 0x1FF8, 0x1FF8, 0x1FF8,
  0x1FF8, 0x1FF8, 0x1FF8, 0x1FF8, 0x1FF8, 0x1FF8, 0x1FF8, 0x1FF8,
  0x1FF8, 0x1FF8, 0x1FF8, 0x1FF8, 0x0000, 0x6108, 0xA318, 0x2942,
  0xE841, 0x8A52, 0x6629, 0x0000, 0x0000, 0x0000, 0x0000, 0xC318,
  0x8210, 0x0842, 0x0C63, 0x4D6B, 0xAF73, 0x3184, 0x928C, 0x149D,
  0xAF73, 0xCB5A, 0xC739, 0x4108, 0x0000, 0x0000, 0x1FF8, 0x1FF8,
  0x1FF8, 0x1FF8, 0x1FF8, 0x1FF8, 0x1FF8, 0x1FF8, 0x1FF8, 0x1FF8,
  0x1FF8, 0x1FF8, 0x1FF8, 0x1FF8, 0x1FF8, 0x1FF8, 0x1FF8, 0x1FF8,
  0x1FF8, 0x1FF8, 0x1FF8, 0x1FF8, 0x1FF8, 0x1FF8, 0x1FF8, 0x1FF8,
  0x1FF8, 0x1FF8, 0x1FF8, 0x1FF8, 0x1FF8, 0x1FF8, 0x1FF8, 0x1FF8,
  0x1FF8, 0x1FF8, 0x1FF8, 0x1FF8, 0x1FF8, 0x1FF8, 0x1FF8, 0x1FF8,
  0x1FF8, 0x1FF8, 0x1FF8, 0x1FF8, 0x1FF8, 0x1FF8, 0x1FF8, 0x1FF8,
  0x1FF8, 0x1FF8, 0x1FF8, 0x1FF8, 0x1FF8, 0x1FF8, 0x1FF8, 0x1FF8,
  0x1FF8, 0x1FF8, 0x1FF8, 0x1FF8, 0x1FF8, 0x1FF8, 0x1FF8, 0x1FF8,
  0x1FF8, 0x1FF8, 0x1FF8, 0x1FF8, 0x1FF8, 0x1FF8,
};
static const shapoco::gfx2d::Texture tex_hood_f = {
  shapoco::gfx2d::PixelFormat::RGB565_SWAPPED, 67, 50, 134, tex_hood_fData,
};

alignas(4) static const uint16_t tex_l_sleeve_bData[] = {
  0x1FF8, 0x1FF8, 0x1FF8, 0x1FF8, 0x1FF8, 0x1FF8, 0x1FF8, 0x1FF8,
  0x1FF8, 0x1FF8, 0x1FF8, 0x1FF8, 0x1FF8, 0x1FF8, 0x1FF8, 0x1FF8,
  0x1FF8, 0x1FF8, 0x1FF8, 0x1FF8, 0x1FF8, 0x1FF8, 0x1FF8, 0x1FF8,
  0x1FF8, 0x1FF8, 0x1FF8, 0x1FF8, 0x1FF8, 0x1FF8, 0x1FF8, 0x1FF8,
  0x1FF8, 0x1FF8, 0x1FF8, 0x1FF8, 0x1FF8, 0x1FF8, 0x1FF8, 0x1FF8,
  0x1FF8, 0x1FF8, 0x1FF8, 0x1FF8, 0x1FF8, 0x1FF8, 0x1FF8, 0x1FF8,
  0x1FF8, 0x1FF8, 0x1FF8, 0x1FF8, 0x1FF8, 0x1FF8, 0x1FF8, 0x1FF8,
  0x0000, 0x0000, 0xC318, 0x0000, 0xE420, 0x0000, 0x4108, 0x0000,
  0x0000, 0x0000, 0x1FF8, 0x1FF8, 0x1FF8, 0x1FF8, 0x1FF8, 0x1FF8,
  0x1FF8, 0x1FF8, 0x1FF8, 0x1FF8, 0x1FF8, 0x1FF8, 0x1FF8, 0x1FF8,
  0x1FF8, 0x1FF8, 0x1FF8, 0x1FF8, 0x1FF8, 0x1FF8, 0x1FF8, 0x1FF8,
  0x1FF8, 0x1FF8, 0x1FF8, 0x1FF8, 0x1FF8, 0x1FF8, 0x1FF8, 0x1FF8,
  0x1FF8, 0x1FF8, 0x0000, 0x0842, 0xB7B5, 0x9EEF, 0xFCDE, 0xFCDE,
  0xFCD6, 0xDBD6, 0xDCD6, 0xFCD6, 0xDCD6, 0xFCDE, 0xDBD6, 0x5DE7,
  0x9BCE, 0x76AD, 0x0C5B, 0xE318, 0x1FF8, 0x1FF8, 0x1FF8, 0x1FF8,
  0x1FF8, 0x1FF8, 0x1FF8, 0x1FF8, 0x1FF8, 0x1FF8, 0x1FF8, 0x1FF8,
  0x1FF8, 0x1FF8, 0x1FF8, 0x1FF8, 0x1FF8, 0x1FF8, 0x1FF8, 0x1FF8,
  0x1FF8, 0x1FF8, 0x1FF8, 0x1FF8, 0x1FF8, 0x1FF8, 0x2942, 0xDCD6,
  0xDBD6, 0xDBD6, 0xDBD6, 0xDBD6, 0xDCD6, 0xFCD6, 0xFCD6, 0xFCD6,
  0xDCD6, 0xDBD6, 0xDBD6, 0xDBD6, 0xDBD6, 0xDBD6, 0xDBD6, 0xDBD6,
  0xDBD6, 0xDBD6, 0xBFEF, 0xD394, 0x6108, 0x1FF8, 0x1FF8, 0x1FF8,
  0x1FF8, 0x1FF8, 0x1FF8, 0x1FF8, 0x1FF8, 0x1FF8, 0x1FF8, 0x1FF8,
  0x1FF8, 0x1FF8, 0x1FF8, 0x1FF8, 0x1FF8, 0x1FF8, 0x1FF8, 0x1FF8,
  0x1FF8, 0x1FF8, 0x0000, 0x39BE, 0xD8BD, 0x7ACE, 0xB4A4, 0x739C,
  0xB4A4, 0x918B, 0xB193, 0xD193, 0xD193, 0xB193, 0x73A4, 0xF293,
  0xD5AC, 0xD8BD, 0xDBD6, 0xDBD6, 0xDBD6, 0xDBD6, 0xDBD6, 0xDBD6,
  0xDBD6, 0xDBD6, 0xFCD6, 0x149D, 0x0000, 0x1FF8, 0x1FF8, 0x1FF8,
  0x1FF8, 0x1FF8, 0x1FF8, 0x1FF8, 0x1FF8, 0x1FF8, 0x1FF8, 0x1FF8,
  0x1FF8, 0x1FF8, 0x1FF8, 0x1FF8, 0x1FF8, 0x1FF8, 0x1FF8, 0x1FF8,
  0x3184, 0x908B, 0xF193, 0xF293, 0xF293, 0x129C, 0xD193, 0xE849,
  0x6210, 0x6210, 0x0000, 0x2108, 0x4108, 0x4108, 0x0000, 0x8210,
  0x0429, 0x4A5A, 0x2E7B, 0x16B5, 0x3ACE, 0x1CDF, 0xFCD6, 0xDBD6,
  0xDBD6, 0xDBD6, 0x3DDF, 0xD394, 0x0000, 0x1FF8, 0x1FF8, 0x1FF8,
  0x1FF8, 0x1FF8, 0x1FF8, 0x1FF8, 0x1FF8, 0x1FF8, 0x1FF8, 0x1FF8,
  0x1FF8, 0x1FF8, 0x1FF8, 0x1FF8, 0x1FF8, 0x1FF8, 0xDBD6, 0xF193,
  0xF193, 0xF293, 0x0952, 0x0000, 0xE420, 0x2529, 0x2631, 0x2529,
  0x2529, 0x2529, 0x2529, 0x2529, 0x2529, 0x2529, 0x4631, 0x4631,
  0xA318, 0x2100, 0x8210, 0xCD6A, 0x53A4, 0x329C, 0xB8BD, 0xDBD6,
  0xDBD6, 0xDBD6, 0xBBD6, 0xC739, 0x1FF8, 0x1FF8, 0x1FF8, 0x1FF8,
  0x1FF8, 0x1FF8, 0x1FF8, 0x1FF8, 0x1FF8, 0x1FF8, 0x1FF8, 0x1FF8,
  0x1FF8, 0x1FF8, 0x1FF8, 0x0000, 0xDBD6, 0xD193, 0x53A4, 0x0000,
  0x0529, 0x2529, 0x2529, 0x2529, 0x2529, 0x2529, 0x2529, 0x2529,
  0x2529, 0x2529, 0x2529, 0x2529, 0x2529, 0x2529, 0x2529, 0x2529,
  0x2529, 0xE420, 0x0000, 0x8739, 0xB18B, 0x94A4, 0x5AC6, 0x3CDF,
  0xDBD6, 0x1CDF, 0x518C, 0x1FF8, 0x1FF8, 0x1FF8, 0x1FF8, 0x1FF8,
  0x1FF8, 0x1FF8, 0x1FF8, 0x1FF8, 0x1FF8, 0x1FF8, 0x1FF8, 0x1FF8,
  0x1FF8, 0x0000, 0xDCD6, 0xD193, 0x2108, 0x2529, 0x2529, 0x2529,
  0x2529, 0x2529, 0x2529, 0x2529, 0x2529, 0x2529, 0x2529, 0x2529,
  0x2529, 0x2529, 0x2529, 0x2529, 0x2529, 0x2529, 0x2529, 0x2529,
  0x2529, 0x2529, 0x4208, 0x4631, 0x53A4, 0xD193, 0x73A4, 0x7ACE,
  0xDBD6, 0xFCD6, 0x0000, 0x1FF8, 0x1FF8, 0x1FF8, 0x1FF8, 0x1FF8,
  0x1FF8, 0x1FF8, 0x1FF8, 0x1FF8, 0x1FF8, 0x1FF8, 0x1FF8, 0x6108,
  0x19C6, 0x129C, 0x6210, 0x2529, 0x2529, 0x2529, 0x2529, 0x2529,
  0x2529, 0x2529, 0x2529, 0x2529, 0x2529, 0x2529, 0x2529, 0x2529,
  0x2529, 0x2529, 0x2529, 0x2529, 0x2529, 0x2529, 0x2529, 0x2529,
  0x2529, 0x4631, 0xE420, 0xAC62, 0xF293, 0xB193, 0xF5AC, 0xFCD6,
  0x7EE7, 0x0000, 0x1FF8, 0x1FF8, 0x1FF8, 0x1FF8, 0x1FF8, 0x1FF8,
  0x1FF8, 0x1FF8, 0x1FF8, 0x1FF8, 0x1FF8, 0x4108, 0x77B5, 0x129C,
  0x0000, 0x2529, 0x2529, 0x2529, 0x2529, 0x2529, 0x2529, 0x2529,
  0x2529, 0x2529, 0x2529, 0x2529, 0x2529, 0x2529, 0x2529, 0x2529,
  0x2529, 0x2529, 0x2529, 0x2529, 0x2529, 0x2529, 0x2529, 0x2529,
  0x0521, 0xCD6A, 0x0429, 0xF293, 0xF193, 0xB193, 0x1CDF, 0x3DDF,
  0x0000, 0x1FF8, 0x1FF8, 0x1FF8, 0x1FF8, 0x1FF8, 0x1FF8, 0x1FF8,
  0x1FF8, 0x1FF8, 0x1FF8, 0x2942, 0x73A4, 0xF293, 0xC320, 0x2529,
  0x2529, 0x2529, 0x2529, 0x2529, 0x2529, 0x2529, 0x2529, 0x2529,
  0x2529, 0x2529, 0x2529, 0x2529, 0x2529, 0x2529, 0x2529, 0x2529,
  0x2529, 0x2529, 0x2529, 0x2529, 0x2529, 0x2529, 0x2529, 0x2529,
  0x8B62, 0x4110, 0x129C, 0xF293, 0xF193, 0xFCD6, 0x1CDF, 0x0000,
  0x1FF8, 0x1FF8, 0x1FF8, 0x1FF8, 0x1FF8, 0x1FF8, 0x1FF8, 0x1FF8,
  0x1FF8, 0x6E6B, 0x539C, 0xF293, 0x2E7B, 0xE420, 0x2529, 0x2529,
  0x2529, 0x2529, 0x2529, 0x2529, 0x2529, 0x2529, 0x2529, 0x2529,
  0x2529, 0x2529, 0x2529, 0x2529, 0x2529, 0x2529, 0x2529, 0x2529,
  0x2529, 0x2529, 0x2529, 0x2529, 0x2529, 0x2529, 0x2529, 0x4A5A,
  0x4108, 0x129C, 0xF293, 0x539C, 0xDCD6, 0xDCD6, 0x0000, 0x1FF8,
  0x1FF8, 0x1FF8, 0x1FF8, 0x1FF8, 0x1FF8, 0x1FF8, 0x1FF8, 0x928C,
  0x539C, 0xF293, 0xF293, 0x0000, 0x4631, 0x2529, 0x2529, 0x2529,
  0x2529, 0x2529, 0x2529, 0x2529, 0x2529, 0x2529, 0x2529, 0x2529,
  0x2529, 0x2529, 0x2529, 0x2529, 0x2529, 0x2529, 0x2529, 0x2529,
  0x2529, 0x2529, 0x2529, 0x2529, 0x2529, 0x2529, 0x4A5A, 0x4108,
  0x329C, 0xF193, 0xD5AC, 0xDBD6, 0x96AD, 0x1FF8, 0x1FF8, 0x1FF8,
  0x1FF8, 0x1FF8, 0x1FF8, 0x1FF8, 0x1FF8, 0xF8BD, 0x129C, 0xF293,
  0xF193, 0x74AC, 0x0000, 0x2631, 0x2529, 0x2529, 0x2529, 0x2529,
  0x2529, 0x2529, 0x2529, 0x2529, 0x2529, 0x2529, 0x2529, 0x2529,
  0x2529, 0x2529, 0x2529, 0x2529, 0x2529, 0x2529, 0x2529, 0x2529,
  0x2529, 0x2529, 0x2529, 0x2529, 0x2529, 0x2A52, 0xC849, 0xF193,
  0xF293, 0x97BD, 0xDBD6, 0x6A4A, 0x1FF8, 0x1FF8, 0x1FF8, 0x1FF8,
  0x1FF8, 0x1FF8, 0x1FF8, 0x7AC6, 0x329C, 0xF293, 0xF293, 0xF193,
  0x53A4, 0x0000, 0x2629, 0x2529, 0x2529, 0x2529, 0x2529, 0x2529,
  0x2529, 0x2529, 0x2529, 0x2529, 0x2529, 0x2529, 0x2529, 0x2529,
  0x2529, 0x2529, 0x2529, 0x2529, 0x2529, 0x2529, 0x2529, 0x2529,
  0x2529, 0x2529, 0x2529, 0x2529, 0x0529, 0xF293, 0xF293, 0xF293,
  0x39C6, 0x3DDF, 0x0000, 0x1FF8, 0x1FF8, 0x1FF8, 0x1FF8, 0x1FF8,
  0x1FF8, 0x59C6, 0xB193, 0xF293, 0xF293, 0xF293, 0xF293, 0xD193,
  0x0000, 0x2629, 0x2529, 0x2529, 0x2529, 0x2529, 0x2529, 0x2529,
  0x2529, 0x2529, 0x2529, 0x2529, 0x2529, 0x2529, 0x2529, 0x2529,
  0x2529, 0x2529, 0x2529, 0x2529, 0x2529, 0x2529, 0x2529, 0x2529,
  0x2529, 0x2529, 0xC420, 0x53A4, 0xF293, 0xF293, 0xD193, 0x3DDF,
  0xD7B5, 0x1FF8, 0x1FF8, 0x1FF8, 0x1FF8, 0x1FF8, 0x1FF8, 0xBFEF,
  0x329C, 0xF293, 0xF293, 0xF293, 0xF293, 0xF193, 0x4F7B, 0x0000,
  0x2529, 0x2529, 0x2529, 0x2529, 0x2529, 0x2529, 0x2529, 0x2529,
  0x2529, 0x2529, 0x2529, 0x2529, 0x2529, 0x2529, 0x2529, 0x2529,
  0x2529, 0x2529, 0x2529, 0x2529, 0x2529, 0x2529, 0x2529, 0x2529,
  0xA318, 0xF193, 0xF293, 0xF293, 0xF293, 0xB193, 0xFCD6, 0x8210,
  0x1FF8, 0x1FF8, 0x1FF8, 0x1FF8, 0x1FF8, 0x7AC6, 0x908B, 0xF293,
  0xF293, 0xF293, 0xF293, 0xF293, 0xF193, 0x6F83, 0x2108, 0x2529,
  0x2529, 0x2529, 0x2529, 0x2529, 0x2529, 0x2529, 0x2529, 0x2529,
  0x2529, 0x2529, 0x2529, 0x2529, 0x2529, 0x2529, 0x2529, 0x2529,
  0x2529, 0x2529, 0x2529, 0x2529, 0x2529, 0x4631, 0x2108, 0x339C,
  0xF293, 0xF293, 0xF293, 0xF293, 0x36AD, 0x39C6, 0x1FF8, 0x1FF8,
  0x1FF8, 0x1FF8, 0x1FF8, 0x3DDF, 0x329C, 0xF293, 0xF293, 0xF293,
  0xF293, 0xF293, 0xF293, 0xF193, 0x908B, 0x0000, 0x2529, 0x2529,
  0x2529, 0x2529, 0x2529, 0x2529, 0x2529, 0x2529, 0x2529, 0x2529,
  0x2529, 0x2529, 0x2529, 0x2529, 0x2529, 0x2529, 0x2529, 0x2529,
  0x2529, 0x2529, 0x2529, 0x2000, 0x129C, 0xF193, 0xF293, 0xF293,
  0xF293, 0xF293, 0xD193, 0xBBD6, 0x8210, 0x1FF8, 0x1FF8, 0x1FF8,
  0x1FF8, 0x18BE, 0x908B, 0xF293, 0xF293, 0xF293, 0xF293, 0xF293,
  0xF293, 0xF293, 0xF193, 0xD193, 0xA318, 0x0529, 0x2529, 0x2529,
  0x2529, 0x2529, 0x2529, 0x2529, 0x2529, 0x2529, 0x2529, 0x2529,
  0x2529, 0x2529, 0x2529, 0x2529, 0x2629, 0x2529, 0xA318, 0x2108,
  0x6B5A, 0x339C, 0xF293, 0xF293, 0xF293, 0xF293, 0xF293, 0xF293,
  0xF293, 0xB193, 0xB7B5, 0x1FF8, 0x1FF8, 0x1FF8, 0x1FF8, 0x9BCE,
  0x129C, 0xF293, 0xF293, 0xF293, 0xF293, 0xF293, 0xF293, 0xF293,
  0xF293, 0xF293, 0xF293, 0xCD6A, 0x2000, 0xC420, 0x2629, 0x2529,
  0x2529, 0x2629, 0x2529, 0x2529, 0x2529, 0x0529, 0x0529, 0xA318,
  0x8318, 0x0000, 0x8318, 0xAC6A, 0x329C, 0x129C, 0xF193, 0xF293,
  0xF293, 0xF293, 0xF293, 0xF293, 0xF293, 0xF293, 0xF293, 0xF193,
  0xD8BD, 0x0000, 0x1FF8, 0x1FF8, 0x1FF8, 0x18BE, 0xB193, 0xF293,
  0xF293, 0xF293, 0xF293, 0xF293, 0xF293, 0xF293, 0xF293, 0xF293,
  0xF293, 0xF193, 0x129C, 0x908B, 0x4F83, 0xED6A, 0x4A5A, 0xAC6A,
  0x6B5A, 0x4E7B, 0x2E7B, 0xD193, 0xB18B, 0xF193, 0x53A4, 0xF293,
  0xF193, 0xF293, 0xF293, 0xF293, 0xF293, 0xF293, 0xF293, 0xF293,
  0xF293, 0xF293, 0xF293, 0xF293, 0xF293, 0xF293, 0xB193, 0x359D,
  0x1FF8, 0x1FF8, 0x1FF8, 0xD7B5, 0x539C, 0xF293, 0xF293, 0xF293,
  0xF293, 0xF293, 0xF293, 0xF293, 0xF293, 0xF293, 0xF293, 0xF293,
  0xF293, 0xF293, 0xF293, 0xF293, 0xF193, 0xF293, 0xF193, 0xF293,
  0xF293, 0xF293, 0xF293, 0xF293, 0xF293, 0xF293, 0xF293, 0xF293,
  0xF293, 0xF293, 0xF293, 0xF293, 0xF293, 0xF293, 0xF293, 0xF293,
  0xF293, 0xF293, 0xF293, 0xF293, 0xF293, 0xD8C5, 0x0000, 0x1FF8,
  0x1FF8, 0xF07B, 0x329C, 0xF293, 0xF293, 0xF293, 0xF293, 0xF293,
  0xF293, 0xF293, 0xF293, 0xF293, 0xF293, 0xF293, 0xF293, 0xF293,
  0xF293, 0xF293, 0xF293, 0xF293, 0xF293, 0xF293, 0xF293, 0xF293,
  0xF293, 0xF293, 0xF293, 0xF293, 0xF293, 0xF293, 0xF293, 0xF293,
  0xF293, 0xF293, 0xF293, 0xF293, 0xF293, 0xF293, 0xF293, 0xF293,
  0xF293, 0xF293, 0xF293, 0xB193, 0xA731, 0x1FF8, 0x1FF8, 0xC739,
  0x39C6, 0xF293, 0xF293, 0xF293, 0xF293, 0xF293, 0xF293, 0xF293,
  0xF293, 0xF293, 0xF293, 0xF293, 0xF293, 0xF293, 0xF293, 0xF293,
  0xF293, 0xF293, 0xF293, 0xF293, 0xF293, 0xF293, 0xF293, 0xF293,
  0xF293, 0xF293, 0xF293, 0xF293, 0xF293, 0xF293, 0xF293, 0xF293,
  0xF293, 0xF293, 0xF293, 0xF293, 0xF293, 0xF293, 0xF293, 0xF293,
  0xF293, 0xF193, 0x97B5, 0x1FF8, 0x1FF8, 0x0000, 0x9BCE, 0xD193,
  0xF293, 0xF293, 0xF293, 0xF293, 0xF293, 0xF293, 0xF293, 0xF293,
  0xF293, 0xF293, 0xF293, 0xF293, 0xF293, 0xF293, 0xF293, 0xF293,
  0xF293, 0xF293, 0xF293, 0xF293, 0xF293, 0xF293, 0xF293, 0xF293,
  0xF293, 0xF293, 0xF293, 0xF293, 0xF293, 0xF293, 0xF293, 0xF293,
  0xF293, 0xF293, 0xF293, 0xF293, 0xF293, 0xF293, 0xF293, 0xF193,
  0xFCD6, 0x1FF8, 0x1FF8, 0x0000, 0x9EE7, 0xF193, 0xF293, 0xF293,
  0xF293, 0xF293, 0xF293, 0xF293, 0xF293, 0xF293, 0xF293, 0xF293,
  0xF293, 0xF293, 0xF293, 0xF293, 0xF293, 0xF293, 0xF293, 0xF293,
  0xF293, 0xF293, 0xF293, 0xF293, 0xF293, 0xF293, 0xF293, 0xF293,
  0xF293, 0xF293, 0xF293, 0xF293, 0xF293, 0xF293, 0xF293, 0xF293,
  0xF293, 0xF293, 0xF293, 0xF293, 0xF293, 0xF293, 0x3ACE, 0x1FF8,
  0x1FF8, 0x1FF8, 0x7EE7, 0xF193, 0xF293, 0xF293, 0xF293, 0xF293,
  0xF293, 0xF293, 0xF293, 0xF293, 0xF293, 0xF293, 0xF293, 0xF293,
  0xF293, 0xF293, 0xF293, 0xF293, 0xF293, 0xF293, 0xF293, 0xF293,
  0xF293, 0xF293, 0xF293, 0xF293, 0xF293, 0xF293, 0xF293, 0xF293,
  0xF293, 0xF293, 0xF293, 0xF293, 0xF293, 0xF293, 0xF293, 0xF293,
  0xF293, 0xF293, 0xF293, 0xD193, 0x76AD, 0x0000, 0x1FF8, 0x1FF8,
  0xD394, 0xB4A4, 0xF293, 0xF293, 0xF293, 0xF293, 0xF293, 0xF293,
  0xF293, 0xF293, 0xF293, 0xF293, 0xF293, 0xF293, 0xF293, 0xF293,
  0xF293, 0xF293, 0xF293, 0xF293, 0xF293, 0xF293, 0xF293, 0xF293,
  0xF293, 0xF293, 0xF293, 0xF293, 0xF293, 0xF293, 0xF293, 0xF293,
  0xF293, 0xF293, 0xF293, 0xF293, 0xF293, 0xF293, 0xF293, 0xF193,
  0x908B, 0x3DDF, 0xC318, 0x1FF8, 0x1FF8, 0x1FF8, 0x4529, 0xBBD6,
  0xF193, 0xF293, 0xF293, 0xF293, 0xF293, 0xF293, 0xF293, 0xF293,
  0xF293, 0xF293, 0xF293, 0xF293, 0xF293, 0xF293, 0xF293, 0xF293,
  0xF293, 0xF293, 0xF293, 0xF293, 0xF293, 0xF293, 0xF293, 0xF293,
  0xF293, 0xF293, 0xF293, 0xF293, 0xF293, 0xF293, 0xF293, 0xF293,
  0xF293, 0xF293, 0xF293, 0xD193, 0xF193, 0x19C6, 0x5184, 0x0000,
  0x1FF8, 0x1FF8, 0x1FF8, 0x1FF8, 0x0000, 0xFCD6, 0x908B, 0xF293,
  0xF293, 0xF293, 0xF293, 0xF293, 0xF293, 0xF293, 0xF293, 0xF293,
  0xF293, 0xF293, 0xF293, 0xF293, 0xF293, 0xF293, 0xF293, 0xF293,
  0xF293, 0xF293, 0xF293, 0xF293, 0xF293, 0xF293, 0xF293, 0xF293,
  0xF293, 0xF293, 0xF293, 0xF293, 0xF293, 0xF293, 0xB193, 0xD193,
  0x56B5, 0x1CDF, 0x7284, 0x0000, 0x1FF8, 0x1FF8, 0x1FF8, 0x1FF8,
  0x1FF8, 0x1FF8, 0x1FF8, 0xF494, 0xB8BD, 0xF193, 0xF293, 0xF293,
  0xF293, 0xF293, 0xF293, 0xF293, 0xF293, 0xF293, 0xF293, 0xF293,
  0xF293, 0xF293, 0xF293, 0xF293, 0xF293, 0xF293, 0xF293, 0xF293,
  0xF293, 0xF293, 0xF293, 0xF293, 0xF293, 0xF293, 0xF293, 0xF193,
  0xD193, 0x329C, 0x77B5, 0x9BCE, 0xDBD6, 0x19BE, 0x2942, 0x0000,
  0x1FF8, 0x1FF8, 0x1FF8, 0x1FF8, 0x1FF8, 0x1FF8, 0x1FF8, 0x1FF8,
  0x1FF8, 0x0000, 0x5DE7, 0xFCD6, 0x16AD, 0xB4A4, 0xB193, 0xB193,
  0xD193, 0xB193, 0xF293, 0xF293, 0xF293, 0xF293, 0xF293, 0xF293,
  0xF293, 0xF293, 0xF293, 0xF293, 0xF293, 0xF293, 0xF193, 0xF293,
  0xF193, 0xD193, 0xD193, 0xB193, 0xB4A4, 0x5AC6, 0x5DE7, 0x7EE7,
  0x55A5, 0x0842, 0x0000, 0x1FF8, 0x1FF8, 0x1FF8, 0x1FF8, 0x1FF8,
  0x1FF8, 0x1FF8, 0x1FF8, 0x1FF8, 0x1FF8, 0x1FF8, 0x1FF8, 0x1FF8,
  0x0000, 0xF494, 0xB7B5, 0x9EEF, 0xDBD6, 0x3DDF, 0x7EE7, 0xBBD6,
  0x1CDF, 0x19C6, 0x77BD, 0x36B5, 0x15AD, 0x94A4, 0xD5AC, 0xF5AC,
  0xF5AC, 0xB4A4, 0xD5AC, 0xF5AC, 0x77B5, 0x5ACE, 0xFCDE, 0xFCD6,
  0x7EE7, 0xF8BD, 0x6E6B, 0x0421, 0x6208, 0x1FF8, 0x1FF8, 0x1FF8,
  0x1FF8, 0x1FF8, 0x1FF8, 0x1FF8, 0x1FF8, 0x1FF8, 0x1FF8, 0x1FF8,
  0x1FF8, 0x1FF8, 0x1FF8, 0x1FF8, 0x1FF8, 0x1FF8, 0x1FF8, 0x1FF8,
  0x1FF8, 0x1FF8, 0x1FF8, 0x0000, 0x2108, 0x0000, 0xA210, 0x0000,
  0x0421, 0xC318, 0x2521, 0xA731, 0xA631, 0xAB52, 0x494A, 0xCB5A,
  0x8631, 0xC731, 0xA210, 0x2108, 0x0000, 0x0000, 0x1FF8, 0x1FF8,
  0x1FF8, 0x1FF8, 0x1FF8, 0x1FF8, 0x1FF8, 0x1FF8, 0x1FF8, 0x1FF8,
  0x1FF8, 0x1FF8, 0x1FF8, 0x1FF8, 0x1FF8, 0x1FF8, 0x1FF8, 0x1FF8,
  0x1FF8, 0x1FF8, 0x1FF8, 0x1FF8, 0x1FF8, 0x1FF8, 0x1FF8, 0x1FF8,
  0x1FF8, 0x1FF8, 0x1FF8, 0x1FF8, 0x1FF8, 0x1FF8, 0x1FF8, 0x1FF8,
  0x1FF8, 0x1FF8, 0x1FF8, 0x1FF8, 0x1FF8, 0x1FF8, 0x1FF8, 0x1FF8,
  0x1FF8, 0x1FF8, 0x1FF8, 0x1FF8, 0x1FF8, 0x1FF8, 0x1FF8, 0x1FF8,
  0x1FF8, 0x1FF8, 0x1FF8, 0x1FF8, 0x1FF8, 0x1FF8, 0x1FF8, 0x1FF8,
  0x1FF8, 0x1FF8, 0x1FF8, 0x1FF8, 0x1FF8, 0x1FF8,
};
static const shapoco::gfx2d::Texture tex_l_sleeve_b = {
  shapoco::gfx2d::PixelFormat::RGB565_SWAPPED, 46, 37, 92, tex_l_sleeve_bData,
};

alignas(4) static const uint16_t tex_l_armData[] = {
  0x1FF8, 0x1FF8, 0x1FF8, 0x1FF8, 0x1FF8, 0x1FF8, 0x1FF8, 0x1FF8,
  0x1FF8, 0x1FF8, 0x1FF8, 0x1FF8, 0x1FF8, 0x1FF8, 0x1FF8, 0x1FF8,
  0x6210, 0xC320, 0x0429, 0x4531, 0x6639, 0x8641, 0x6639, 0x1FF8,
  0x1FF8, 0x1FF8, 0x1FF8, 0x1FF8, 0x1FF8, 0x1FF8, 0x1FF8, 0x1FF8,
  0x1FF8, 0x1FF8, 0x1FF8, 0x1FF8, 0x1FF8, 0x1FF8, 0x1FF8, 0x1FF8,
  0x1FF8, 0x1FF8, 0x1FF8, 0x1FF8, 0x1FF8, 0x1FF8, 0xC320, 0xA741,
  0x495A, 0xCB72, 0x4D8B, 0xAF9B, 0xF0A3, 0x11AC, 0x52B4, 0x72B4,
  0x52B4, 0xB3BC, 0x4962, 0x1FF8, 0x1FF8, 0x1FF8, 0x1FF8, 0x1FF8,
  0x1FF8, 0x1FF8, 0x1FF8, 0x1FF8, 0x1FF8, 0x1FF8, 0x1FF8, 0x1FF8,
  0x1FF8, 0x1FF8, 0x1FF8, 0x1FF8, 0x1FF8, 0x1FF8, 0x0429, 0x095A,
  0x0D7B, 0x11AC, 0x93BC, 0xB3BC, 0x93BC, 0x93BC, 0x92BC, 0x72BC,
  0x72B4, 0x52B4, 0x52B4, 0x52B4, 0x92BC, 0xF0A3, 0x8218, 0x1FF8,
  0x1FF8, 0x1FF8, 0x1FF8, 0x1FF8, 0x1FF8, 0x1FF8, 0x1FF8, 0x1FF8,
  0x1FF8, 0x1FF8, 0x1FF8, 0x1FF8, 0x1FF8, 0x1FF8, 0x1FF8, 0x1FF8,
  0x2108, 0xAF9B, 0xB3C4, 0x93BC, 0x72B4, 0x52B4, 0x52B4, 0x52B4,
  0x52B4, 0x52B4, 0x52B4, 0x52B4, 0x52B4, 0x52B4, 0x52B4, 0x52B4,
  0x92BC, 0xA749, 0x1FF8, 0x1FF8, 0x1FF8, 0x1FF8, 0x1FF8, 0x1FF8,
  0x1FF8, 0x1FF8, 0x1FF8, 0x1FF8, 0x1FF8, 0x1FF8, 0x1FF8, 0x1FF8,
  0x1FF8, 0x1FF8, 0x1FF8, 0x2108, 0xAF93, 0x72BC, 0x31AC, 0x52B4,
  0x52B4, 0x52B4, 0x52B4, 0x52B4, 0x52B4, 0x52B4, 0x52B4, 0x52B4,
  0x52B4, 0x52B4, 0x52B4, 0x93BC, 0x8A6A, 0x1FF8, 0x1FF8, 0x1FF8,
  0x1FF8, 0x1FF8, 0x1FF8, 0x1FF8, 0x1FF8, 0x1FF8, 0x1FF8, 0x1FF8,
  0x1FF8, 0x1FF8, 0x1FF8, 0x1FF8, 0x1FF8, 0x1FF8, 0x1FF8, 0x4D8B,
  0x93BC, 0x52B4, 0x52B4, 0x52B4, 0x52B4, 0x52B4, 0x52B4, 0x52B4,
  0x52B4, 0x52B4, 0x52B4, 0x52B4, 0x52B4, 0x52B4, 0x93BC, 0x4D8B,
  0x1FF8, 0x1FF8, 0x1FF8, 0x1FF8, 0x1FF8, 0x1FF8, 0x1FF8, 0x1FF8,
  0x1FF8, 0x1FF8, 0x1FF8, 0x1FF8, 0x1FF8, 0x1FF8, 0x1FF8, 0x1FF8,
  0x1FF8, 0x1FF8, 0xEC7A, 0x93BC, 0x52B4, 0x52B4, 0x52B4, 0x52B4,
  0x52B4, 0x52B4, 0x52B4, 0x52B4, 0x52B4, 0x52B4, 0x52B4, 0x52B4,
  0x52B4, 0x92BC, 0xD09B, 0x1FF8, 0x1FF8, 0x1FF8, 0x1FF8, 0x1FF8,
  0x1FF8, 0x1FF8, 0x1FF8, 0x1FF8, 0x1FF8, 0x1FF8, 0x1FF8, 0x1FF8,
  0x1FF8, 0x1FF8, 0x1FF8, 0x1FF8, 0x1FF8, 0xAB6A, 0x93BC, 0x52B4,
  0x52B4, 0x52B4, 0x52B4, 0x52B4, 0x52B4, 0x52B4, 0x52B4, 0x52B4,
  0x52B4, 0x52B4, 0x52B4, 0x52B4, 0x72B4, 0x11AC, 0xC320, 0x1FF8,
  0x1FF8, 0x1FF8, 0x1FF8, 0x1FF8, 0x1FF8, 0x1FF8, 0x1FF8, 0x1FF8,
  0x1FF8, 0x1FF8, 0x1FF8, 0x1FF8, 0x1FF8, 0x1FF8, 0x1FF8, 0x1FF8,
  0x8A6A, 0x93BC, 0x52B4, 0x52B4, 0x52B4, 0x52B4, 0x52B4, 0x52B4,
  0x52B4, 0x52B4, 0x52B4, 0x52B4, 0x52B4, 0x52B4, 0x52B4, 0x72B4,
  0x31B4, 0xE428, 0x1FF8, 0x1FF8, 0x1FF8, 0x1FF8, 0x1FF8, 0x1FF8,
  0x1FF8, 0x1FF8, 0x1FF8, 0x1FF8, 0x1FF8, 0x1FF8, 0x1FF8, 0x1FF8,
  0x1FF8, 0x1FF8, 0x1FF8, 0xCC72, 0x93BC, 0x52B4, 0x52B4, 0x52B4,
  0x52B4, 0x52B4, 0x52B4, 0x52B4, 0x52B4, 0x52B4, 0x52B4, 0x52B4,
  0x52B4, 0x52B4, 0x72B4, 0x52B4, 0x0429, 0x1FF8, 0x1FF8, 0x1FF8,
  0x1FF8, 0x1FF8, 0x1FF8, 0x1FF8, 0x1FF8, 0x1FF8, 0x1FF8, 0x1FF8,
  0x1FF8, 0x1FF8, 0x1FF8, 0x1FF8, 0x1FF8, 0x1FF8, 0x2D83, 0x93BC,
  0x52B4, 0x52B4, 0x52B4, 0x52B4, 0x52B4, 0x52B4, 0x52B4, 0x52B4,
  0x52B4, 0x52B4, 0x52B4, 0x52B4, 0x52B4, 0x72B4, 0x11AC, 0xC320,
  0x1FF8, 0x1FF8, 0x1FF8, 0x1FF8, 0x1FF8, 0x1FF8, 0x1FF8, 0x1FF8,
  0x1FF8, 0x1FF8, 0x1FF8, 0x1FF8, 0x1FF8, 0x1FF8, 0x1FF8, 0x1FF8,
  0x1FF8, 0xD09B, 0x93BC, 0x52B4, 0x52B4, 0x32B4, 0x32B4, 0x31B4,
  0x31B4, 0x32B4, 0x52B4, 0x52B4, 0x52B4, 0x52B4, 0x52B4, 0x52B4,
  0x92BC, 0xAF9B, 0x1FF8, 0x1FF8, 0x1FF8, 0x1FF8, 0x1FF8, 0x1FF8,
  0x1FF8, 0x1FF8, 0x1FF8, 0x1FF8, 0x1FF8, 0x1FF8, 0x1FF8, 0x1FF8,
  0x1FF8, 0x1FF8, 0x1FF8, 0x2531, 0x11B4, 0x31B4, 0x32B4, 0x72B4,
  0x93BC, 0xB3BC, 0xD3BC, 0xB3BC, 0x93BC, 0x52B4, 0x11AC, 0x31AC,
  0x52B4, 0x52B4, 0x52B4, 0x93BC, 0x2D83, 0x1FF8, 0x1FF8, 0x1FF8,
  0x1FF8, 0x1FF8, 0x1FF8, 0x1FF8, 0x1FF8, 0x1FF8, 0x1FF8, 0x1FF8,
  0x1FF8, 0x1FF8, 0x1FF8, 0x1FF8, 0x1FF8, 0x1FF8, 0x8A62, 0xD7D5,
  0x37DE, 0xB9EE, 0x1AF7, 0x5BF7, 0x7BFF, 0x7CFF, 0x7CFF, 0x3BF7,
  0xDAEE, 0x17DE, 0x14C5, 0x52B4, 0x11AC, 0x52B4, 0x93BC, 0x6A62,
  0x1FF8, 0x1FF8, 0x1FF8, 0x1FF8, 0x1FF8, 0x1FF8, 0x1FF8, 0x1FF8,
  0x1FF8, 0x1FF8, 0x1FF8, 0x1FF8, 0x1FF8, 0x1FF8, 0x1FF8, 0x1FF8,
  0x1FF8, 0xB5C5, 0xFEFF, 0x9CFF, 0x9CFF, 0x9CFF, 0x9CFF, 0x7CFF,
  0x7CFF, 0x7CFF, 0x9CFF, 0x9CFF, 0xBCFF, 0x9CFF, 0xDAEE, 0x55CD,
  0x31B4, 0x52B4, 0x8641, 0x1FF8, 0x1FF8, 0x1FF8, 0x1FF8, 0x1FF8,
  0x1FF8, 0x1FF8, 0x1FF8, 0x1FF8, 0x1FF8, 0x1FF8, 0x1FF8, 0x1FF8,
  0x1FF8, 0x1FF8, 0x1FF8, 0x0742, 0x7BF7, 0x7CFF, 0x7BFF, 0x7BFF,
  0x7BFF, 0x7BFF, 0x7BFF, 0x7BFF, 0x7CFF, 0x7BFF, 0x7BFF, 0x7BFF,
  0x7CFF, 0x9CFF, 0x9CFF, 0x79E6, 0xF0A3, 0x1FF8, 0x1FF8, 0x1FF8,
  0x1FF8, 0x1FF8, 0x1FF8, 0x1FF8, 0x1FF8, 0x1FF8, 0x1FF8, 0x1FF8,
  0x1FF8, 0x1FF8, 0x1FF8, 0x1FF8, 0x1FF8, 0x1FF8, 0xEE83, 0xFDFF,
  0x5BFF, 0x7BFF, 0x7BFF, 0x7BFF, 0x7BFF, 0x7BFF, 0x7BFF, 0x7BFF,
  0x7BFF, 0x7BFF, 0x7CFF, 0x7CFF, 0x7BFF, 0x5BFF, 0xFEFF, 0x919C,
  0x1FF8, 0x1FF8, 0x1FF8, 0x1FF8, 0x1FF8, 0x1FF8, 0x1FF8, 0x1FF8,
  0x1FF8, 0x1FF8, 0x1FF8, 0x1FF8, 0x1FF8, 0x1FF8, 0x1FF8, 0x1FF8,
  0x1FF8, 0xD5C5, 0xDDFF, 0x5BFF, 0x7BFF, 0x5BFF, 0x5BFF, 0x5BFF,
  0x5BFF, 0x7BFF, 0x7BFF, 0x7BFF, 0x7BFF, 0x7BFF, 0x7BFF, 0x7BFF,
  0x7BFF, 0xBDFF, 0xEB62, 0x1FF8, 0x1FF8, 0x1FF8, 0x1FF8, 0x1FF8,
  0x1FF8, 0x1FF8, 0x1FF8, 0x1FF8, 0x1FF8, 0x1FF8, 0x1FF8, 0x1FF8,
  0x1FF8, 0x1FF8, 0x1FF8, 0xC741, 0x3BF7, 0x7CFF, 0x5BFF, 0x5BFF,
  0x5BFF, 0x5BFF, 0x5BFF, 0x5BFF, 0x5BFF, 0x5BFF, 0x5BFF, 0x5BFF,
  0x7BFF, 0x7BFF, 0x5BFF, 0xBDFF, 0xB9E6, 0x1FF8, 0x1FF8, 0x1FF8,
  0x1FF8, 0x1FF8, 0x1FF8, 0x1FF8, 0x1FF8, 0x1FF8, 0x1FF8, 0x1FF8,
  0x1FF8, 0x1FF8, 0x1FF8, 0x1FF8, 0x1FF8, 0x1FF8, 0xAD7B, 0xDDFF,
  0x3BFF, 0x5BFF, 0x5BFF, 0x5BFF, 0x5BFF, 0x5BFF, 0x5BFF, 0x5BFF,
  0x5BFF, 0x5BFF, 0x5BFF, 0x5BFF, 0x7BFF, 0x5BFF, 0xFDFF, 0x7094,
  0x1FF8, 0x1FF8, 0x1FF8, 0x1FF8, 0x1FF8, 0x1FF8, 0x1FF8, 0x1FF8,
  0x1FF8, 0x1FF8, 0x1FF8, 0x1FF8, 0x1FF8, 0x1FF8, 0x1FF8, 0x1FF8,
  0x1FF8, 0x95C5, 0xBCFF, 0x3BFF, 0x3BFF, 0x3BFF, 0x3BFF, 0x3BFF,
  0x3BFF, 0x3BFF, 0x3BFF, 0x5BFF, 0x5BFF, 0x5BFF, 0x5BFF, 0x5BFF,
  0x7CFF, 0x7BFF, 0x084A, 0x1FF8, 0x1FF8, 0x1FF8, 0x1FF8, 0x1FF8,
  0x1FF8, 0x1FF8, 0x1FF8, 0x1FF8, 0x1FF8, 0x1FF8, 0x1FF8, 0x1FF8,
  0x1FF8, 0x1FF8, 0x1FF8, 0xC741, 0x1AF7, 0x5BFF, 0x3BFF, 0x3BFF,
  0x3BFF, 0x3BFF, 0x3BFF, 0x3BFF, 0x3BFF, 0x3BFF, 0x3BFF, 0x3BFF,
  0x5BFF, 0x5BFF, 0x3BFF, 0xBDFF, 0x95BD, 0x1FF8, 0x1FF8, 0x1FF8,
  0x1FF8, 0x1FF8, 0x1FF8, 0x1FF8, 0x1FF8, 0x1FF8, 0x1FF8, 0x1FF8,
  0x1FF8, 0x1FF8, 0x1FF8, 0x1FF8, 0x1FF8, 0x1FF8, 0xAE83, 0xBCFF,
  0x1AFF, 0x3BFF, 0x3BFF, 0x3BFF, 0x3BFF, 0x3BFF, 0x3BFF, 0x3BFF,
  0x3BFF, 0x3BFF, 0x3BFF, 0x3BFF, 0x5BFF, 0x3BFF, 0xBDFF, 0x2B6B,
  0x1FF8, 0x1FF8, 0x1FF8, 0x1FF8, 0x1FF8, 0x1FF8, 0x1FF8, 0x1FF8,
  0x1FF8, 0x1FF8, 0x1FF8, 0x1FF8, 0x1FF8, 0x1FF8, 0x1FF8, 0x1FF8,
  0x1FF8, 0xB5CD, 0x9CFF, 0x1AFF, 0x1AFF, 0x1AFF, 0x1AFF, 0x1AFF,
  0x1AFF, 0x1AFF, 0x1AFF, 0x3BFF, 0x3BFF, 0x3BFF, 0x3BFF, 0x3BFF,
  0x9CFF, 0x58DE, 0x1FF8, 0x1FF8, 0x1FF8, 0x1FF8, 0x1FF8, 0x1FF8,
  0x1FF8, 0x1FF8, 0x1FF8, 0x1FF8, 0x1FF8, 0x1FF8, 0x1FF8, 0x1FF8,
  0x1FF8, 0x1FF8, 0x1FF8, 0xC741, 0x1AFF, 0x3BFF, 0x1AFF, 0x1AFF,
  0x1AFF, 0x1AFF, 0x1AFF, 0x1AFF, 0x1AFF, 0x1AFF, 0x1AFF, 0x1AFF,
  0x3BFF, 0x3BFF, 0x3BFF, 0xBDFF, 0x2C6B, 0x1FF8, 0x1FF8, 0x1FF8,
  0x1FF8, 0x1FF8, 0x1FF8, 0x1FF8, 0x1FF8, 0x1FF8, 0x1FF8, 0x1FF8,
  0x1FF8, 0x1FF8, 0x1FF8, 0x1FF8, 0x1FF8, 0x1FF8, 0x4C7B, 0x9CFF,
  0xFAFE, 0x1AFF, 0x1AFF, 0xFAFE, 0xFAFE, 0xFAFE, 0xFAFE, 0xFAFE,
  0x1AFF, 0x1AFF, 0x1AFF, 0x1AFF, 0x1AFF, 0x9CFF, 0xD2AC, 0x1FF8,
  0x1FF8, 0x1FF8, 0x1FF8, 0x1FF8, 0x1FF8, 0x1FF8, 0x1FF8, 0x1FF8,
  0x1FF8, 0x1FF8, 0x1FF8, 0x1FF8, 0x1FF8, 0x1FF8, 0x1FF8, 0x1FF8,
  0x1FF8, 0xD2AC, 0x7CFF, 0xFAFE, 0xFAFE, 0xFAFE, 0xFAFE, 0xFAFE,
  0xFAFE, 0xFAFE, 0xFAFE, 0xFAFE, 0x1AFF, 0x1AFF, 0x1AFF, 0x1AFF,
  0xBCFF, 0x0F8C, 0x1FF8, 0x1FF8, 0x1FF8, 0x1FF8, 0x1FF8, 0x1FF8,
  0x1FF8, 0x1FF8, 0x1FF8, 0x1FF8, 0x1FF8, 0x1FF8, 0x1FF8, 0x1FF8,
  0x1FF8, 0x1FF8, 0x1FF8, 0x1FF8, 0x37DE, 0x5BFF, 0xFAFE, 0xFAFE,
  0xFAFE, 0xFAFE, 0xFAFE, 0xFAFE, 0xFAFE, 0xFAFE, 0xFAFE, 0xFAFE,
  0x1AFF, 0x1AFF, 0x1AFF, 0x7BFF, 0x98E6, 0xE320, 0x1FF8, 0x1FF8,
  0x1FF8, 0x1FF8, 0x1FF8, 0x1FF8, 0x1FF8, 0x1FF8, 0x1FF8, 0x1FF8,
  0x1FF8, 0x1FF8, 0x1FF8, 0x1FF8, 0x1FF8, 0x1FF8, 0x084A, 0x1AFF,
  0x1AFF, 0xFAFE, 0xFAFE, 0xFAFE, 0xFAFE, 0xDAFE, 0xDAFE, 0xFAFE,
  0xFAFE, 0xFAFE, 0xFAFE, 0xFAFE, 0x1AFF, 0x1AFF, 0x1AFF, 0xBCFF,
  0x4C73, 0x1FF8, 0x1FF8, 0x1FF8, 0x1FF8, 0x1FF8, 0x1FF8, 0x1FF8,
  0x1FF8, 0x1FF8, 0x1FF8, 0x1FF8, 0x1FF8, 0x1FF8, 0x1FF8, 0x1FF8,
  0x1FF8, 0x4C73, 0x7CFF, 0xFAFE, 0xFAFE, 0xFAFE, 0xDAFE, 0xDAFE,
  0xDAFE, 0xDAFE, 0xDAFE, 0xFAFE, 0xFAFE, 0xFAFE, 0xFAFE, 0x1AFF,
  0x1AFF, 0x1AFF, 0x9CFF, 0xD6CD, 0x1FF8, 0x1FF8, 0x1FF8, 0x1FF8,
  0x1FF8, 0x1FF8, 0x1FF8, 0x1FF8, 0x1FF8, 0x1FF8, 0x1FF8, 0x1FF8,
  0x1FF8, 0x1FF8, 0x1FF8, 0x1FF8, 0x0F94, 0x7CFF, 0xDAFE, 0xFAFE,
  0xFAFE, 0xDAFE, 0xDAFE, 0xDAFE, 0xDAFE, 0xDAFE, 0xFAFE, 0xFAFE,
  0xFAFE, 0xFAFE, 0x1AFF, 0x1AFF, 0x3BFF, 0x3BFF, 0x5BFF, 0x4952,
  0x1FF8, 0x1FF8, 0x1FF8, 0x1FF8, 0x1FF8, 0x1FF8, 0x1FF8, 0x1FF8,
  0x1FF8, 0x1FF8, 0x1FF8, 0x1FF8, 0x1FF8, 0x1FF8, 0x1FF8, 0x509C,
  0x7CFF, 0xDAFE, 0xFAFE, 0xFAFE, 0xDAFE, 0xDAFE, 0xDAFE, 0xDAFE,
  0xDAFE, 0xFAFE, 0xFAFE, 0xFAFE, 0xFAFE, 0x1AFF, 0x1AFF, 0x3BFF,
  0x1AFF, 0xBDFF, 0x2F94, 0x1FF8, 0x1FF8, 0x1FF8, 0x1FF8, 0x1FF8,
  0x1FF8, 0x1FF8, 0x1FF8, 0x1FF8, 0x1FF8, 0x1FF8, 0x1FF8, 0x1FF8,
  0x1FF8, 0x1FF8, 0xEE8B, 0x7CFF, 0xDAFE, 0xFAFE, 0xFAFE, 0xFAFE,
  0xDAFE, 0xDAFE, 0xDAFE, 0xDAFE, 0xFAFE, 0xFAFE, 0xFAFE, 0x1AFF,
  0x1AFF, 0x1AFF, 0x3BFF, 0x3BFF, 0x9CFF, 0xF6CD, 0x1FF8, 0x1FF8,
  0x1FF8, 0x1FF8, 0x1FF8, 0x1FF8, 0x1FF8, 0x1FF8, 0x1FF8, 0x1FF8,
  0x1FF8, 0x1FF8, 0x1FF8, 0x1FF8, 0x1FF8, 0x0B6B, 0x5BFF, 0xFAFE,
  0xFAFE, 0xFAFE, 0xFAFE, 0xFAFE, 0xFAFE, 0xFAFE, 0xFAFE, 0xFAFE,
  0xFAFE, 0x1AFF, 0x1AFF, 0x1AFF, 0x3BFF, 0x3BFF, 0x3BFF, 0x7CFF,
  0xFAF6, 0xA639, 0x1FF8, 0x1FF8, 0x1FF8, 0x1FF8, 0x1FF8, 0x1FF8,
  0x1FF8, 0x1FF8, 0x1FF8, 0x1FF8, 0x1FF8, 0x1FF8, 0x1FF8, 0x1FF8,
  0xAA62, 0x5BFF, 0xFAFE, 0xFAFE, 0xFAFE, 0xFAFE, 0xFAFE, 0xFAFE,
  0xFAFE, 0xFAFE, 0xFAFE, 0xFAFE, 0x1AFF, 0x1AFF, 0x1AFF, 0x3BFF,
  0x3BFF, 0x3BFF, 0x5BFF, 0x9CFF, 0xAA5A, 0x1FF8, 0x1FF8, 0x1FF8,
  0x1FF8, 0x1FF8, 0x1FF8, 0x1FF8, 0x1FF8, 0x1FF8, 0x1FF8, 0x1FF8,
  0x1FF8, 0x1FF8, 0x1FF8, 0x2F94, 0x9CFF, 0xFAFE, 0xFAFE, 0xFAFE,
  0xFAFE, 0xFAFE, 0xFAFE, 0xFAFE, 0xFAFE, 0x1AFF, 0x1AFF, 0x1AFF,
  0x1BFF, 0x3BFF, 0x3BFF, 0x3BFF, 0x5BFF, 0x3BFF, 0xDDFF, 0x8D7B,
  0x1FF8, 0x1FF8, 0x1FF8, 0x1FF8, 0x1FF8, 0x1FF8, 0x1FF8, 0x1FF8,
  0x1FF8, 0x1FF8, 0x1FF8, 0x1FF8, 0x1FF8, 0x1FF8, 0xB5CD, 0x7CFF,
  0xFAFE, 0x1AFF, 0x1AFF, 0x1AFF, 0x1AFF, 0x1AFF, 0x1AFF, 0x1AFF,
  0x1AFF, 0x1AFF, 0x1BFF, 0x3BFF, 0x3BFF, 0x3BFF, 0x3BFF, 0x5BFF,
  0x3BFF, 0xDDFF, 0xB19C, 0x1FF8, 0x1FF8, 0x1FF8, 0x1FF8, 0x1FF8,
  0x1FF8, 0x1FF8, 0x1FF8, 0x1FF8, 0x1FF8, 0x1FF8, 0x1FF8, 0x1FF8,
  0x4531, 0xD9F6, 0x5BFF, 0x1AFF, 0x1AFF, 0x1AFF, 0x1AFF, 0x1AFF,
  0x1AFF, 0x1AFF, 0x1AFF, 0x1AFF, 0x3BFF, 0x3BFF, 0x3BFF, 0x3BFF,
  0x5BFF, 0x5BFF, 0x5BFF, 0x5BFF, 0xBDFF, 0x37D6, 0x1FF8, 0x1FF8,
  0x1FF8, 0x1FF8, 0x1FF8, 0x1FF8, 0x1FF8, 0x1FF8, 0x1FF8, 0x1FF8,
  0x1FF8, 0x1FF8, 0x1FF8, 0xAA62, 0x7CFF, 0x3BFF, 0x3BFF, 0x3BFF,
  0x3BFF, 0x3BFF, 0x1AFF, 0x3BFF, 0x3BFF, 0x3BFF, 0x3BFF, 0x3BFF,
  0x3BFF, 0x3BFF, 0x5BFF, 0x5BFF, 0x5BFF, 0x5BFF, 0x5BFF, 0x7BFF,
  0x9CFF, 0x6952, 0x1FF8, 0x1FF8, 0x1FF8, 0x1FF8, 0x1FF8, 0x1FF8,
  0x1FF8, 0x1FF8, 0x1FF8, 0x1FF8, 0x1FF8, 0x1FF8, 0xEF8B, 0xDDFF,
  0x1AFF, 0x3BFF, 0x3BFF, 0x3BFF, 0x3BFF, 0x3BFF, 0x3BFF, 0x3BFF,
  0x3BFF, 0x3BFF, 0x3BFF, 0x5BFF, 0x5BFF, 0x5BFF, 0x5BFF, 0x5BFF,
  0x7BFF, 0x7BFF, 0x5BFF, 0xFDFF, 0x33B5, 0x1FF8, 0x1FF8, 0x1FF8,
  0x1FF8, 0x1FF8, 0x1FF8, 0x1FF8, 0x1FF8, 0x1FF8, 0x1FF8, 0x1FF8,
  0x1FF8, 0x53B5, 0xBDFF, 0x3BFF, 0x3BFF, 0x3BFF, 0x3BFF, 0x3BFF,
  0x3BFF, 0x3BFF, 0x3BFF, 0x3BFF, 0x5BFF, 0x5BFF, 0x5BFF, 0x5BFF,
  0x5BFF, 0x5BFF, 0x7BFF, 0x7BFF, 0x7BFF, 0x7CFF, 0x7CFF, 0xBDFF,
  0x8952, 0x1FF8, 0x1FF8, 0x1FF8, 0x1FF8, 0x1FF8, 0x1FF8, 0x1FF8,
  0x1FF8, 0x1FF8, 0x1FF8, 0x1FF8, 0x58DE, 0x9CFF, 0x5BFF, 0x5BFF,
  0x5BFF, 0x5BFF, 0x5BFF, 0x5BFF, 0x5BFF, 0x5BFF, 0x5BFF, 0x5BFF,
  0x5BFF, 0x5BFF, 0x5BFF, 0x7BFF, 0x7BFF, 0x7BFF, 0x7CFF, 0x7CFF,
  0x7CFF, 0x7BFF, 0xDDFF, 0x37D6, 0x1FF8, 0x1FF8, 0x1FF8, 0x1FF8,
  0x1FF8, 0x1FF8, 0x1FF8, 0x1FF8, 0x1FF8, 0x1FF8, 0xE741, 0x1AF7,
  0x9CFF, 0x5BFF, 0x5BFF, 0x5BFF, 0x5BFF, 0x5BFF, 0x5BFF, 0x5BFF,
  0x5BFF, 0x5BFF, 0x5BFF, 0x5BFF, 0x7BFF, 0x7BFF, 0x7BFF, 0x7BFF,
  0x7CFF, 0x7CFF, 0x7CFF, 0x7CFF, 0x7CFF, 0x5BFF, 0xFEFF, 0x0F8C,
  0x1FF8, 0x1FF8, 0x1FF8, 0x1FF8, 0x1FF8, 0x1FF8, 0x1FF8, 0x1FF8,
  0x1FF8, 0x8952, 0x7CFF, 0x7BFF, 0x5BFF, 0x7BFF, 0x5BFF, 0x5BFF,
  0x5BFF, 0x5BFF, 0x5BFF, 0x7BFF, 0x7BFF, 0x7BFF, 0x7BFF, 0x7BFF,
  0x7BFF, 0x7CFF, 0x7CFF, 0x7CFF, 0x7CFF, 0x7CFF, 0x7CFF, 0x7CFF,
  0x7CFF, 0x9CFF, 0x9CF7, 0x284A, 0x1FF8, 0x1FF8, 0x1FF8, 0x1FF8,
  0x1FF8, 0x1FF8, 0x1FF8, 0x1FF8, 0x0B6B, 0xBCFF, 0x7BFF, 0x7BFF,
  0x7BFF, 0x7BFF, 0x7BFF, 0x7BFF, 0x7BFF, 0x7BFF, 0x7BFF, 0x7BFF,
  0x7BFF, 0x7BFF, 0x7CFF, 0x7CFF, 0x7CFF, 0x7CFF, 0x7CFF, 0x7CFF,
  0x7CFF, 0x7CFF, 0x9CFF, 0x9CFF, 0x7CFF, 0xDDFF, 0xB9DE, 0x4531,
  0x1FF8, 0x1FF8, 0x1FF8, 0x1FF8, 0x1FF8, 0x1FF8, 0x1FF8, 0x8D7B,
  0xBDFF, 0x7BFF, 0x7CFF, 0x7CFF, 0x7CFF, 0x7BFF, 0x7BFF, 0x7BFF,
  0x7CFF, 0x7CFF, 0x7CFF, 0x7CFF, 0x7CFF, 0x7CFF, 0x7CFF, 0x7CFF,
  0x7CFF, 0x7CFF, 0x7CFF, 0x9CFF, 0x9CFF, 0x9CFF, 0x9CFF, 0x9CFF,
  0x7BFF, 0xFDFF, 0x78D6, 0x084A, 0x1FF8, 0x1FF8, 0x1FF8, 0x1FF8,
  0x1FF8, 0x1FF8, 0xCE83, 0xDDFF, 0x7BFF, 0x7CFF, 0x7CFF, 0x7CFF,
  0x7CFF, 0x7CFF, 0x7CFF, 0x7CFF, 0x7CFF, 0x7CFF, 0x7CFF, 0x7CFF,
  0x7CFF, 0x7CFF, 0x7CFF, 0x7CFF, 0x7CFF, 0x9CFF, 0x9CFF, 0x9CFF,
  0x9CFF, 0x9CFF, 0x9CFF, 0x9CFF, 0x7BFF, 0xFEFF, 0x5BEF, 0x0742,
  0x1FF8, 0x1FF8, 0x1FF8, 0x1FF8, 0x1FF8, 0xAD7B, 0xDDFF, 0x7BFF,
  0x7CFF, 0x7CFF, 0x7CFF, 0x7CFF, 0x7CFF, 0x7CFF, 0x7CFF, 0x7CFF,
  0x7CFF, 0x7CFF, 0x7CFF, 0x7CFF, 0x7CFF, 0x9CFF, 0x9CFF, 0x9CFF,
  0x9CFF, 0x9CFF, 0x9CFF, 0x9CFF, 0x9CFF, 0x9CFF, 0x9CFF, 0x9CFF,
  0x5BF7, 0xFEFF, 0xD5C5, 0x1FF8, 0x1FF8, 0x1FF8, 0x1FF8, 0x1FF8,
  0x6C73, 0xBDFF, 0x7BFF, 0x7CFF, 0x7CFF, 0x7CFF, 0x7CFF, 0x7CFF,
  0x7CFF, 0x7CFF, 0x7CFF, 0x7CFF, 0x7CFF, 0x7CFF, 0x9CFF, 0x9CFF,
  0x9CFF, 0x9CFF, 0x9CFF, 0x9CFF, 0x9CFF, 0x9CFF, 0x9CFF, 0x9CFF,
  0x9CFF, 0x9CFF, 0x9CFF, 0x9CFF, 0x7CFF, 0xDDFF, 0x8952, 0x1FF8,
  0x1FF8, 0x1FF8, 0x1FF8, 0x0B6B, 0xBDFF, 0x7CFF, 0x9CFF, 0x9CFF,
  0x7CFF, 0x7CFF, 0x7CFF, 0x7CFF, 0x9CFF, 0x9CFF, 0x9CFF, 0x9CFF,
  0x9CFF, 0x9CFF, 0x9CFF, 0x9CFF, 0x9CFF, 0x9CFF, 0x9CFF, 0x9CFF,
  0x9CFF, 0x9CFF, 0x9CFF, 0x9CFF, 0x9CFF, 0x9CFF, 0x9CFF, 0x7BFF,
  0xFDFF, 0xB5C5, 0x1FF8, 0x1FF8, 0x1FF8, 0x1FF8, 0xCA5A, 0xBDFF,
  0x9CFF, 0x9CFF, 0x9CFF, 0x9CFF, 0x9CFF, 0x9CFF, 0x9CFF, 0x9CFF,
  0x9CFF, 0x9CFF, 0x9CFF, 0x9CFF, 0x9CFF, 0x9CFF, 0x9CFF, 0x9CFF,
  0x9CFF, 0x9CFF, 0x9CFF, 0x9CFF, 0x9CFF, 0x9CFF, 0x9CFF, 0x9CFF,
  0x9CFF, 0x9CFF, 0x9CFF, 0x7CFF, 0xFDFF, 0xCA62, 0x1FF8, 0x1FF8,
  0x1FF8, 0x494A, 0x7CFF, 0x9CFF, 0x9CFF, 0x9CFF, 0x9CFF, 0x9CFF,
  0x9CFF, 0x9CFF, 0x9CFF, 0x9CFF, 0x9CFF, 0x9CFF, 0x9CFF, 0x9CFF,
  0x9CFF, 0x9CFF, 0x9CFF, 0x9CFF, 0x9CFF, 0x9CFF, 0x9CFF, 0x9CFF,
  0x9CFF, 0x9CFF, 0x9CFF, 0x9CFF, 0x9CFF, 0x9CFF, 0x7BFF, 0xDDFF,
  0xF6CD, 0x1FF8, 0x1FF8, 0x1FF8, 0xC639, 0x1AEF, 0xBCFF, 0x7CFF,
  0x9CFF, 0x9CFF, 0x9CFF, 0x9CFF, 0x9CFF, 0x9CFF, 0x9CFF, 0x9CFF,
  0x9CFF, 0x9CFF, 0x9CFF, 0x9CFF, 0x9CFF, 0x9CFF, 0x9CFF, 0x9CFF,
  0x9CFF, 0x9CFF, 0x9CFF, 0x9CFF, 0x9CFF, 0x9CFF, 0x9CFF, 0x9CFF,
  0x9CFF, 0x9CFF, 0x7BFF, 0xFDFF, 0x8D7B, 0x1FF8, 0x1FF8, 0xE320,
  0x98DE, 0xDDFF, 0x7CFF, 0x9CFF, 0x9CFF, 0x9CFF, 0x9CFF, 0x9CFF,
  0x9CFF, 0x9CFF, 0x9CFF, 0x9CFF, 0x9CFF, 0x9CFF, 0x9CFF, 0x9CFF,
  0x9CFF, 0x9CFF, 0x9CFF, 0x9CFF, 0x9CFF, 0x9CFF, 0x9CFF, 0x9CFF,
  0x9CFF, 0x9CFF, 0x9CFF, 0x9CFF, 0x9CFF, 0x7CFF, 0xDDFF, 0xFAEE,
  0x2421, 0x1FF8, 0x1FF8, 0x17CE, 0xDDFF, 0x7CFF, 0x9CFF, 0x9CFF,
  0x9CFF, 0x9CFF, 0x9CFF, 0x9CFF, 0x9CFF, 0x9CFF, 0x9CFF, 0x9CFF,
  0x9CFF, 0x9CFF, 0x9CFF, 0x9CFF, 0x9CFF, 0x9CFF, 0x9CFF, 0x9CFF,
  0x9CFF, 0x9CFF, 0x9CFF, 0x9CFF, 0x9CFF, 0x9CFF, 0x9CFF, 0x9CFF,
  0x9CFF, 0x7BFF, 0xFEFF, 0x4C6B, 0x1FF8, 0x1FF8, 0x95BD, 0xFDFF,
  0x7CFF, 0x9CFF, 0x9CFF, 0x9CFF, 0x9CFF, 0x9CFF, 0x9CFF, 0x9CFF,
  0x9CFF, 0x9CFF, 0x9CFF, 0x9CFF, 0x9CFF, 0x9CFF, 0x9CFF, 0x9CFF,
  0x9CFF, 0x9CFF, 0x9CFF, 0x9CFF, 0x9CFF, 0x9CFF, 0x9CFF, 0x9CFF,
  0x9CFF, 0x9CFF, 0x9CFF, 0x9CFF, 0x7BFF, 0xFDFF, 0x53B5, 0x1FF8,
  0x1FF8, 0xF2A4, 0xFEFF, 0x7BFF, 0x9CFF, 0x9CFF, 0x9CFF, 0x9CFF,
  0x9CFF, 0x9CFF, 0x9CFF, 0x9CFF, 0x9CFF, 0x9CFF, 0x9CFF, 0x9CFF,
  0x9CFF, 0x9CFF, 0x9CFF, 0x9CFF, 0x9CFF, 0x9CFF, 0x9CFF, 0x9CFF,
  0x9CFF, 0x9CFF, 0x9CFF, 0x9CFF, 0x9CFF, 0x9CFF, 0x9CFF, 0x7CFF,
  0xDDFF, 0xB9E6, 0x0421, 0x1FF8, 0x5094, 0xFEFF, 0x7BFF, 0x9CFF,
  0x9CFF, 0x9CFF, 0x9CFF, 0x9CFF, 0x9CFF, 0x9CFF, 0x9CFF, 0x9CFF,
  0x9CFF, 0x9CFF, 0x9CFF, 0x9CFF, 0x9CFF, 0x9CFF, 0x9CFF, 0x9CFF,
  0x9CFF, 0x9CFF, 0x9CFF, 0x9CFF, 0x9CFF, 0x9CFF, 0x9CFF, 0x9CFF,
  0x9CFF, 0x9CFF, 0x7CFF, 0xBCFF, 0x5BF7, 0x0742, 0x1FF8, 0xCE83,
  0xFEFF, 0x7BFF, 0x9CFF, 0x9CFF, 0x9CFF, 0x9CFF, 0x9CFF, 0x9CFF,
  0x9CFF, 0x9CFF, 0x9CFF, 0x9CFF, 0x9CFF, 0x9CFF, 0x9CFF, 0x9CFF,
  0x9CFF, 0x9CFF, 0x9CFF, 0x9CFF, 0x9CFF, 0x9CFF, 0x9CFF, 0x9CFF,
  0x9CFF, 0x9CFF, 0x9CFF, 0x9CFF, 0x9CFF, 0x9CFF, 0x9CFF, 0xBCFF,
  0x8952, 0x1FF8, 0x4C6B, 0xFDFF, 0x7CFF, 0x9CFF, 0x9CFF, 0x9CFF,
  0x9CFF, 0x9CFF, 0x9CFF, 0x9CFF, 0x9CFF, 0x9CFF, 0x9CFF, 0x9CFF,
  0x9CFF, 0x9CFF, 0x9CFF, 0x9CFF, 0x9CFF, 0x9CFF, 0x9CFF, 0x9CFF,
  0x9CFF, 0x9CFF, 0x9CFF, 0x9CFF, 0x9CFF, 0x9CFF, 0x9CFF, 0x9CFF,
  0x9CFF, 0x7CFF, 0xDDFF, 0x0B63, 0x1FF8, 0x0B63, 0xDDFF, 0x7CFF,
  0x9CFF, 0x9CFF, 0x9CFF, 0x9CFF, 0x9CFF, 0x9CFF, 0x9CFF, 0x9CFF,
  0x9CFF, 0x9CFF, 0x9CFF, 0x9CFF, 0x9CFF, 0x9CFF, 0x9CFF, 0x9CFF,
  0x9CFF, 0x9CFF, 0x9CFF, 0x9CFF, 0x9CFF, 0x9CFF, 0x9CFF, 0x9CFF,
  0x9CFF, 0x9CFF, 0x9CFF, 0x9CFF, 0x7CFF, 0xDDFF, 0x4C6B, 0x1FF8,
  0x0B63, 0xDDFF, 0x7CFF, 0x9CFF, 0x9CFF, 0x9CFF, 0x9CFF, 0x9CFF,
  0x9CFF, 0x9CFF, 0x9CFF, 0x9CFF, 0x9CFF, 0x9CFF, 0x9CFF, 0x9CFF,
  0x9CFF, 0x9CFF, 0x9CFF, 0x9CFF, 0x9CFF, 0x9CFF, 0x9CFF, 0x9CFF,
  0x9CFF, 0x9CFF, 0x9CFF, 0x9CFF, 0x9CFF, 0x9CFF, 0x9CFF, 0x7CFF,
  0xDDFF, 0x2C6B, 0x1FF8, 0x0B6B, 0xFDFF, 0x7CFF, 0x9CFF, 0x9CFF,
  0x9CFF, 0x9CFF, 0x9CFF, 0x9CFF, 0x9CFF, 0x9CFF, 0x9CFF, 0x9CFF,
  0x9CFF, 0x9CFF, 0x9CFF, 0x9CFF, 0x9CFF, 0x9CFF, 0x9CFF, 0x9CFF,
  0x9CFF, 0x9CFF, 0x9CFF, 0x9CFF, 0x9CFF, 0x9CFF, 0x9CFF, 0x9CFF,
  0x9CFF, 0x9CFF, 0x7CFF, 0xBDFF, 0xEB62, 0x1FF8, 0x0B6B, 0xFDFF,
  0x7CFF, 0x9CFF, 0x9CFF, 0x9CFF, 0x9CFF, 0x9CFF, 0x9CFF, 0x9CFF,
  0x9CFF, 0x9CFF, 0x9CFF, 0x9CFF, 0x9CFF, 0x9CFF, 0x9CFF, 0x9CFF,
  0x9CFF, 0x9CFF, 0x9CFF, 0x9CFF, 0x9CFF, 0x9CFF, 0x9CFF, 0x9CFF,
  0x9CFF, 0x9CFF, 0x9CFF, 0x9CFF, 0x9CFF, 0x9CFF, 0xBDFF, 0xAA5A,
  0x1FF8, 0xEB62, 0xDDFF, 0x7CFF, 0x9CFF, 0x9CFF, 0x9CFF, 0x9CFF,
  0x9CFF, 0x9CFF, 0x9CFF, 0x9CFF, 0x9CFF, 0x9CFF, 0x9CFF, 0x9CFF,
  0x9CFF, 0x9CFF, 0x9CFF, 0x9CFF, 0x9CFF, 0x9CFF, 0x9CFF, 0x9CFF,
  0x9CFF, 0x9CFF, 0x9CFF, 0x9CFF, 0x9CFF, 0x9CFF, 0x9CFF, 0x9CFF,
  0x9CFF, 0xBCFF, 0x8952, 0x1FF8, 0xAA5A, 0xBDFF, 0x9CFF, 0x9CFF,
  0x9CFF, 0x9CFF, 0x9CFF, 0x9CFF, 0x9CFF, 0x9CFF, 0x9CFF, 0x9CFF,
  0x9CFF, 0x9CFF, 0x9CFF, 0x9CFF, 0x9CFF, 0x9CFF, 0x9CFF, 0x9CFF,
  0x9CFF, 0x9CFF, 0x9CFF, 0x9CFF, 0x9CFF, 0x9CFF, 0x9CFF, 0x9CFF,
  0x9CFF, 0x9CFF, 0x9CFF, 0x9CFF, 0x7CFF, 0x484A, 0x1FF8, 0x284A,
  0x7CFF, 0x9CFF, 0x7CFF, 0x9CFF, 0x9CFF, 0x9CFF, 0x9CFF, 0x9CFF,
  0x9CFF, 0x9CFF, 0x9CFF, 0x9CFF, 0x9CFF, 0x9CFF, 0x9CFF, 0x9CFF,
  0x9CFF, 0x9CFF, 0x9CFF, 0x9CFF, 0x9CFF, 0x9CFF, 0x9CFF, 0x9CFF,
  0x9CFF, 0x9CFF, 0x9CFF, 0x9CFF, 0x9CFF, 0x7CFF, 0xBCFF, 0x3BF7,
  0xC739, 0x1FF8, 0x6531, 0x3BF7, 0xBDFF, 0x7CFF, 0x9CFF, 0x9CFF,
  0x9CFF, 0x9CFF, 0x9CFF, 0x9CFF, 0x9CFF, 0x9CFF, 0x9CFF, 0x9CFF,
  0x9CFF, 0x9CFF, 0x9CFF, 0x9CFF, 0x9CFF, 0x9CFF, 0x9CFF, 0x9CFF,
  0x9CFF, 0x9CFF, 0x9CFF, 0x9CFF, 0x9CFF, 0x9CFF, 0x9CFF, 0x9CFF,
  0x7CFF, 0xDDFF, 0x78DE, 0xC318, 0x1FF8, 0x1FF8, 0x98DE, 0xDDFF,
  0x7CFF, 0x9CFF, 0x9CFF, 0x9CFF, 0x9CFF, 0x9CFF, 0x9CFF, 0x9CFF,
  0x9CFF, 0x9CFF, 0x9CFF, 0x9CFF, 0x9CFF, 0x9CFF, 0x9CFF, 0x9CFF,
  0x9CFF, 0x9CFF, 0x9CFF, 0x9CFF, 0x9CFF, 0x9CFF, 0x9CFF, 0x9CFF,
  0x9CFF, 0x9CFF, 0x9CFF, 0x7BFF, 0xFDFF, 0x33AD, 0x1FF8, 0x1FF8,
  0x1FF8, 0x95BD, 0xFDFF, 0x7BFF, 0x9CFF, 0x9CFF, 0x9CFF, 0x9CFF,
  0x9CFF, 0x9CFF, 0x9CFF, 0x9CFF, 0x9CFF, 0x9CFF, 0x9CFF, 0x9CFF,
  0x9CFF, 0x9CFF, 0x9CFF, 0x9CFF, 0x9CFF, 0x9CFF, 0x9CFF, 0x9CFF,
  0x9CFF, 0x9CFF, 0x9CFF, 0x9CFF, 0x9CFF, 0x9CFF, 0x7CFF, 0xFEFF,
  0x8D7B, 0x1FF8, 0x1FF8, 0x1FF8, 0xEF83, 0xFEFF, 0x7BFF, 0x9CFF,
  0x9CFF, 0x9CFF, 0x9CFF, 0x9CFF, 0x9CFF, 0x9CFF, 0x9CFF, 0x9CFF,
  0x9CFF, 0x9CFF, 0x9CFF, 0x9CFF, 0x9CFF, 0x9CFF, 0x9CFF, 0x9CFF,
  0x9CFF, 0x9CFF, 0x9CFF, 0x9CFF, 0x9CFF, 0x9CFF, 0x9CFF, 0x9CFF,
  0x7CFF, 0xBCFF, 0x3BEF, 0x6531, 0x1FF8, 0x1FF8, 0x1FF8, 0x8631,
  0x3BF7, 0xBCFF, 0x7CFF, 0x9CFF, 0x9CFF, 0x9CFF, 0x9CFF, 0x9CFF,
  0x9CFF, 0x9CFF, 0x9CFF, 0x9CFF, 0x9CFF, 0x9CFF, 0x9CFF, 0x9CFF,
  0x9CFF, 0x9CFF, 0x9CFF, 0x9CFF, 0x9CFF, 0x9CFF, 0x9CFF, 0x9CFF,
  0x9CFF, 0x9CFF, 0x9CFF, 0x7BFF, 0xFEFF, 0x308C, 0x1FF8, 0x1FF8,
  0x1FF8, 0x1FF8, 0x1FF8, 0x7094, 0xFEFF, 0x7BFF, 0x9CFF, 0x9CFF,
  0x9CFF, 0x9CFF, 0x9CFF, 0x9CFF, 0x9CFF, 0x9CFF, 0x9CFF, 0x9CFF,
  0x9CFF, 0x9CFF, 0x9CFF, 0x9CFF, 0x9CFF, 0x9CFF, 0x9CFF, 0x9CFF,
  0x9CFF, 0x9CFF, 0x9CFF, 0x9CFF, 0x9CFF, 0x7CFF, 0xDDFF, 0xD9E6,
  0x2421, 0x1FF8, 0x1FF8, 0x1FF8, 0x1FF8, 0x1FF8, 0x6531, 0x3BEF,
  0xBDFF, 0x7CFF, 0x9CFF, 0x9CFF, 0x9CFF, 0x9CFF, 0x9CFF, 0x9CFF,
  0x9CFF, 0x9CFF, 0x9CFF, 0x9CFF, 0x9CFF, 0x9CFF, 0x9CFF, 0x9CFF,
  0x9CFF, 0x9CFF, 0x9CFF, 0x9CFF, 0x9CFF, 0x9CFF, 0x9CFF, 0x9CFF,
  0x7CFF, 0xFDFF, 0x0B6B, 0x1FF8, 0x1FF8, 0x1FF8, 0x1FF8, 0x1FF8,
  0x1FF8, 0x1FF8, 0x8D7B, 0xFEFF, 0x7BFF, 0x9CFF, 0x9CFF, 0x9CFF,
  0x9CFF, 0x9CFF, 0x9CFF, 0x9CFF, 0x9CFF, 0x9CFF, 0x9CFF, 0x9CFF,
  0x9CFF, 0x9CFF, 0x9CFF, 0x9CFF, 0x9CFF, 0x9CFF, 0x9CFF, 0x9CFF,
  0x9CFF, 0x9CFF, 0x7BFF, 0xFEFF, 0x7094, 0x1FF8, 0x1FF8, 0x1FF8,
  0x1FF8, 0x1FF8, 0x1FF8, 0x1FF8, 0x1FF8, 0x1FF8, 0xD2A4, 0xFEFF,
  0x7BFF, 0x7CFF, 0x9CFF, 0x9CFF, 0x9CFF, 0x9CFF, 0x9CFF, 0x9CFF,
  0x9CFF, 0x9CFF, 0x9CFF, 0x9CFF, 0x9CFF, 0x9CFF, 0x9CFF, 0x9CFF,
  0x9CFF, 0x9CFF, 0x9CFF, 0x9CFF, 0x5BFF, 0xFEFF, 0x74B5, 0x1FF8,
  0x1FF8, 0x1FF8, 0x1FF8, 0x1FF8, 0x1FF8, 0x1FF8, 0x1FF8, 0x1FF8,
  0x1FF8, 0x1FF8, 0xF2A4, 0xFEFF, 0x9CFF, 0x7BFF, 0x9CFF, 0x9CFF,
  0x9CFF, 0x9CFF, 0x9CFF, 0x9CFF, 0x9CFF, 0x9CFF, 0x9CFF, 0x9CFF,
  0x9CFF, 0x9CFF, 0x9CFF, 0x9CFF, 0x9CFF, 0x9CFF, 0x5BF7, 0xFEFF,
  0x37CE, 0xE320, 0x1FF8, 0x1FF8, 0x1FF8, 0x1FF8, 0x1FF8, 0x1FF8,
  0x1FF8, 0x1FF8, 0x1FF8, 0x1FF8, 0x1FF8, 0x1FF8, 0xEE83, 0x9CF7,
  0xFDFF, 0x7BFF, 0x7CFF, 0x9CFF, 0x9CFF, 0x9CFF, 0x9CFF, 0x9CFF,
  0x9CFF, 0x9CFF, 0x9CFF, 0x9CFF, 0x9CFF, 0x9CFF, 0x9CFF, 0x7BFF,
  0x9CFF, 0xFEFF, 0xF6C5, 0x4529, 0x1FF8, 0x1FF8, 0x1FF8, 0x1FF8,
  0x1FF8, 0x1FF8, 0x1FF8, 0x1FF8, 0x1FF8, 0x1FF8, 0x1FF8, 0x1FF8,
  0x1FF8, 0x1FF8, 0x284A, 0xF6C5, 0xFEFF, 0xDDFF, 0x7CFF, 0x7BFF,
  0x7CFF, 0x7CFF, 0x9CFF, 0x9CFF, 0x9CFF, 0x9CFF, 0x7CFF, 0x7CFF,
  0x7BFF, 0x7CFF, 0xFDFF, 0xBDFF, 0x5094, 0x1FF8, 0x1FF8, 0x1FF8,
  0x1FF8, 0x1FF8, 0x1FF8, 0x1FF8, 0x1FF8, 0x1FF8, 0x1FF8, 0x1FF8,
  0x1FF8, 0x1FF8, 0x1FF8, 0x1FF8, 0x1FF8, 0x1FF8, 0x1FF8, 0x8D7B,
  0x78D6, 0xDDFF, 0xFEFF, 0xDDFF, 0xBCFF, 0x9CFF, 0x7CFF, 0x7CFF,
  0x9CFF, 0xBDFF, 0xDDFF, 0xFEFF, 0xDDFF, 0xF6C5, 0x895A, 0x1FF8,
  0x1FF8, 0x1FF8, 0x1FF8, 0x1FF8, 0x1FF8, 0x1FF8, 0x1FF8, 0x1FF8,
  0x1FF8, 0x1FF8, 0x1FF8, 0x1FF8, 0x1FF8, 0x1FF8, 0x1FF8, 0x1FF8,
  0x1FF8, 0x1FF8, 0x1FF8, 0x1FF8, 0xAA5A, 0xB19C, 0x78D6, 0x3BF7,
  0xBCFF, 0xBDFF, 0xBDFF, 0x9CFF, 0xFAEE, 0x16CE, 0x7194, 0xAA52,
  0x1FF8, 0x1FF8, 0x1FF8, 0x1FF8, 0x1FF8, 0x1FF8, 0x1FF8, 0x1FF8,
  0x1FF8, 0x1FF8, 0x1FF8, 0x1FF8, 0x1FF8, 0x1FF8, 0x1FF8, 0x1FF8,
  0x1FF8, 0x1FF8, 0x1FF8, 0x1FF8, 0x1FF8, 0x1FF8, 0x1FF8, 0x1FF8,
  0x1FF8, 0x1FF8, 0xE741, 0xAA5A, 0xEB62, 0xCA5A, 0x494A, 0x8631,
  0x1FF8, 0x1FF8, 0x1FF8, 0x1FF8, 0x1FF8, 0x1FF8, 0x1FF8, 0x1FF8,
  0x1FF8, 0x1FF8, 0x1FF8, 0x1FF8, 0x1FF8, 0x1FF8,
};
static const shapoco::gfx2d::Texture tex_l_arm = {
  shapoco::gfx2d::PixelFormat::RGB565_SWAPPED, 35, 82, 70, tex_l_armData,
};

alignas(4) static const uint16_t tex_l_handData[] = {
  0x1FF8, 0x1FF8, 0x1FF8, 0x1FF8, 0x1FF8, 0x1FF8, 0x1FF8, 0x1FF8,
  0x1FF8, 0x1FF8, 0x1FF8, 0x1FF8, 0x1FF8, 0x1FF8, 0x1FF8, 0x1FF8,
  0x1FF8, 0x1FF8, 0x1FF8, 0x1FF8, 0x1FF8, 0x1FF8, 0x1FF8, 0x1FF8,
  0x1FF8, 0x1FF8, 0x1FF8, 0x1FF8, 0x1FF8, 0x1FF8, 0x1FF8, 0x1FF8,
  0x1FF8, 0x1FF8, 0x1FF8, 0x1FF8, 0x1FF8, 0x1FF8, 0x1FF8, 0x1FF8,
  0x1FF8, 0x1FF8, 0x1FF8, 0x1FF8, 0x1FF8, 0x1FF8, 0x1FF8, 0x1FF8,
  0x1FF8, 0x1FF8, 0x1FF8, 0x1FF8, 0x1FF8, 0x1FF8, 0x1FF8, 0x1FF8,
  0x1FF8, 0x1FF8, 0x1FF8, 0x1FF8, 0x1FF8, 0x1FF8, 0x1FF8, 0x1FF8,
  0x1FF8, 0x1FF8, 0x1FF8, 0x1FF8, 0x1FF8, 0x1FF8, 0x8531, 0x895A,
  0xAA6A, 0xAA72, 0x6962, 0xE328, 0x1FF8, 0x1FF8, 0x1FF8, 0x1FF8,
  0x1FF8, 0x1FF8, 0x1FF8, 0x1FF8, 0x1FF8, 0x1FF8, 0x1FF8, 0x1FF8,
  0x1FF8, 0x1FF8, 0x1FF8, 0x1FF8, 0x1FF8, 0x1FF8, 0x1FF8, 0x1FF8,
  0x1FF8, 0x1FF8, 0x1FF8, 0x1FF8, 0x1FF8, 0x1FF8, 0x1FF8, 0x1FF8,
  0x1FF8, 0x1FF8, 0x1FF8, 0x1FF8, 0x7BFF, 0xBCFF, 0x95BD, 0xCB62,
  0xE741, 0x1FF8, 0x1FF8, 0x1FF8, 0x1FF8, 0x1FF8, 0x1FF8, 0x1FF8,
  0x1FF8, 0x1FF8, 0x1FF8, 0x1FF8, 0x1FF8, 0x1FF8, 0x1FF8, 0x1FF8,
  0x1FF8, 0x1FF8, 0x1FF8, 0x1FF8, 0x1FF8, 0x1FF8, 0x1FF8, 0x1FF8,
  0x1FF8, 0x1FF8, 0x1FF8, 0x1FF8, 0x1FF8, 0x1FF8, 0x1FF8, 0x1FF8,
  0x1FF8, 0x1FF8, 0x1FF8, 0x1FF8, 0x1FF8, 0x1FF8, 0x0429, 0x4C73,
  0x74BD, 0xD9F6, 0x3BFF, 0x1AFF, 0xD9FE, 0xD6ED, 0x33DD, 0xC649,
  0x1FF8, 0x1FF8, 0x1FF8, 0x1FF8, 0x1FF8, 0x1FF8, 0x1FF8, 0x1FF8,
  0x1FF8, 0x1FF8, 0x1FF8, 0x1FF8, 0x1FF8, 0x1FF8, 0x1FF8, 0x1FF8,
  0x1FF8, 0x1FF8, 0x1FF8, 0x1FF8, 0x1FF8, 0x1FF8, 0x1FF8, 0x1FF8,
  0x1FF8, 0x1FF8, 0x1FF8, 0x1FF8, 0xBCFF, 0xBCFF, 0xFEFF, 0xFEFF,
  0xFDFF, 0xFEFF, 0xFEFF, 0x7CFF, 0x37CE, 0x2F8C, 0x6952, 0x1FF8,
  0x1FF8, 0x1FF8, 0x1FF8, 0x1FF8, 0x1FF8, 0x1FF8, 0x1FF8, 0x1FF8,
  0x1FF8, 0x1FF8, 0x1FF8, 0x1FF8, 0x1FF8, 0x1FF8, 0x1FF8, 0x1FF8,
  0x1FF8, 0x1FF8, 0x1FF8, 0x1FF8, 0x1FF8, 0x1FF8, 0x1FF8, 0x1FF8,
  0x1FF8, 0x1FF8, 0x1FF8, 0x1FF8, 0x1FF8, 0x1FF8, 0x1FF8, 0x6531,
  0xCE83, 0x78E6, 0x9CFF, 0x7CFF, 0x3BFF, 0x1AFF, 0x1AFF, 0x3BFF,
  0x33B5, 0xEF9B, 0x70BC, 0x1FF8, 0x1FF8, 0x1FF8, 0x1FF8, 0x1FF8,
  0x1FF8, 0x1FF8, 0x1FF8, 0x1FF8, 0x1FF8, 0x1FF8, 0x1FF8, 0x1FF8,
  0x1FF8, 0x1FF8, 0x1FF8, 0x1FF8, 0x1FF8, 0x1FF8, 0x1FF8, 0x1FF8,
  0x1FF8, 0x1FF8, 0x1FF8, 0x1FF8, 0x9CFF, 0x9CFF, 0xFEFF, 0xDDFF,
  0x7CFF, 0x7CFF, 0x7CFF, 0x7CFF, 0x7CFF, 0x7BFF, 0x9CFF, 0xDDFF,
  0xFEFF, 0x9CFF, 0x37D6, 0x508C, 0x6952, 0x1FF8, 0x1FF8, 0x1FF8,
  0x1FF8, 0x1FF8, 0x1FF8, 0x1FF8, 0x1FF8, 0x1FF8, 0x1FF8, 0x1FF8,
  0x1FF8, 0x1FF8, 0x1FF8, 0x1FF8, 0x1FF8, 0x1FF8, 0x1FF8, 0x1FF8,
  0x1FF8, 0x1FF8, 0x1FF8, 0x1FF8, 0x1FF8, 0x1FF8, 0x1FF8, 0x1FF8,
  0x6952, 0x919C, 0xD9EE, 0x9CFF, 0x7BFF, 0x1AFF, 0x1AFF, 0x1AFF,
  0x1AFF, 0x1AFF, 0xFAFE, 0x9CFF, 0x13B5, 0x4C8B, 0x2431, 0x1FF8,
  0x1FF8, 0x1FF8, 0x1FF8, 0x1FF8, 0x1FF8, 0x1FF8, 0x1FF8, 0x1FF8,
  0x1FF8, 0x1FF8, 0x1FF8, 0x1FF8, 0x1FF8, 0x1FF8, 0x1FF8, 0x1FF8,
  0x1FF8, 0x1FF8, 0x1FF8, 0x1FF8, 0x1FF8, 0x1FF8, 0xBCFF, 0xFEFF,
  0xBCFF, 0x7CFF, 0x7CFF, 0x9CFF, 0x9CFF, 0x9CFF, 0x9CFF, 0x9CFF,
  0x9CFF, 0x7CFF, 0x7CFF, 0x7BFF, 0x9CFF, 0xDDFF, 0xFEFF, 0xBCFF,
  0x16C6, 0xAD7B, 0x6529, 0x1FF8, 0x1FF8, 0x1FF8, 0x1FF8, 0x1FF8,
  0x1FF8, 0x1FF8, 0x1FF8, 0x1FF8, 0x1FF8, 0x1FF8, 0x1FF8, 0x1FF8,
  0x1FF8, 0x1FF8, 0x1FF8, 0x1FF8, 0x1FF8, 0x1FF8, 0x1FF8, 0x1FF8,
  0xC739, 0xAD7B, 0xD6CD, 0x5BFF, 0xBCFF, 0x5BFF, 0x1AFF, 0x1AFF,
  0x1AFF, 0x1AFF, 0x1AFF, 0x1AFF, 0x1AFF, 0x1AFF, 0x1AFF, 0xD9F6,
  0x6531, 0x1FF8, 0x1FF8, 0x1FF8, 0x1FF8, 0x1FF8, 0x1FF8, 0x1FF8,
  0x1FF8, 0x1FF8, 0x1FF8, 0x1FF8, 0x1FF8, 0x1FF8, 0x1FF8, 0x1FF8,
  0x1FF8, 0x1FF8, 0x1FF8, 0x1FF8, 0x1FF8, 0x1FF8, 0x1FF8, 0xBCFF,
  0xFEFF, 0xBCFF, 0x7CFF, 0x7CFF, 0x9CFF, 0x9CFF, 0x9CFF, 0x9CFF,
  0x9CFF, 0x9CFF, 0x9CFF, 0x9CFF, 0x9CFF, 0x9CFF, 0x9CFF, 0x9CFF,
  0x7CFF, 0x7BFF, 0x9CFF, 0xFDFF, 0xFEFF, 0x1AEF, 0xF2A4, 0xAA5A,
  0x1FF8, 0x1FF8, 0x1FF8, 0x1FF8, 0x1FF8, 0x1FF8, 0x1FF8, 0x1FF8,
  0x1FF8, 0x1FF8, 0x1FF8, 0x1FF8, 0x1FF8, 0x1FF8, 0x1FF8, 0x8531,
  0x895A, 0xAE83, 0x95BD, 0x1AF7, 0xBDFF, 0x9CFF, 0x3BFF, 0x1AFF,
  0x3BFF, 0x3BFF, 0x3BFF, 0x1AFF, 0x1AFF, 0x1AFF, 0x1AFF, 0x1AFF,
  0x1AFF, 0x3BFF, 0xD9F6, 0xA639, 0x1FF8, 0x1FF8, 0x1FF8, 0x1FF8,
  0x1FF8, 0x1FF8, 0x1FF8, 0x1FF8, 0x1FF8, 0x1FF8, 0x1FF8, 0x1FF8,
  0x1FF8, 0x1FF8, 0x1FF8, 0x1FF8, 0x1FF8, 0x1FF8, 0x1FF8, 0x1FF8,
  0x1FF8, 0x9CFF, 0xFEFF, 0x7CFF, 0x7CFF, 0x9CFF, 0x9CFF, 0x9CFF,
  0x9CFF, 0x9CFF, 0x9CFF, 0x9CFF, 0x9CFF, 0x9CFF, 0x9CFF, 0x9CFF,
  0x9CFF, 0x9CFF, 0x9CFF, 0x9CFF, 0x9CFF, 0x9CFF, 0x7CFF, 0x7BFF,
  0xBCFF, 0xFEFF, 0xBDFF, 0x16C6, 0x8D73, 0x0321, 0x1FF8, 0x1FF8,
  0x1FF8, 0x1FF8, 0xC639, 0x484A, 0xEB62, 0xAD7B, 0x5094, 0xD2A4,
  0x95BD, 0x58DE, 0xFAF6, 0x7CFF, 0xDDFF, 0xBCFF, 0x5BFF, 0x3BFF,
  0x3BFF, 0x3BFF, 0x3BFF, 0x3BFF, 0x3BFF, 0x3BFF, 0x1AFF, 0x1AFF,
  0x1AFF, 0x1AFF, 0x1AFF, 0xFAFE, 0x3BFF, 0x98EE, 0x4531, 0x1FF8,
  0x1FF8, 0x1FF8, 0x1FF8, 0x1FF8, 0x1FF8, 0x1FF8, 0x1FF8, 0x1FF8,
  0x1FF8, 0x1FF8, 0x1FF8, 0x1FF8, 0x1FF8, 0x1FF8, 0x1FF8, 0x1FF8,
  0x1FF8, 0x1FF8, 0x1FF8, 0xBDFF, 0xDDFF, 0x7CFF, 0x9CFF, 0x9CFF,
  0x9CFF, 0x9CFF, 0x9CFF, 0x9CFF, 0x9CFF, 0x9CFF, 0x9CFF, 0x9CFF,
  0x9CFF, 0x9CFF, 0x9CFF, 0x9CFF, 0x9CFF, 0x9CFF, 0x9CFF, 0x9CFF,
  0x9CFF, 0x9CFF, 0x9CFF, 0x7CFF, 0x7BFF, 0x9CFF, 0xDDFF, 0xFEFF,
  0xB9DE, 0x5094, 0xD6C5, 0x57D6, 0xB9E6, 0x1AF7, 0x7CFF, 0xBDFF,
  0xDDFF, 0xDDFF, 0xDDFF, 0xBDFF, 0xBDFF, 0x9CFF, 0x5BFF, 0x3BFF,
  0x3BFF, 0x3BFF, 0x3BFF, 0x3BFF, 0x3BFF, 0x3BFF, 0x3BFF, 0x3BFF,
  0x3BFF, 0x3BFF, 0x1AFF, 0x1AFF, 0x1AFF, 0x1AFF, 0xFAF6, 0x9CFF,
  0xAD83, 0x1FF8, 0x1FF8, 0x1FF8, 0x1FF8, 0x1FF8, 0x1FF8, 0x1FF8,
  0x1FF8, 0x1FF8, 0x1FF8, 0x1FF8, 0x1FF8, 0x1FF8, 0x1FF8, 0x1FF8,
  0x1FF8, 0x1FF8, 0x1FF8, 0x1FF8, 0x1FF8, 0xBDFF, 0xDDFF, 0x7CFF,
  0x9CFF, 0x9CFF, 0x9CFF, 0x9CFF, 0x9CFF, 0x9CFF, 0x9CFF, 0x9CFF,
  0x9CFF, 0x9CFF, 0x9CFF, 0x9CFF, 0x9CFF, 0x9CFF, 0x9CFF, 0x9CFF,
  0x9CFF, 0x9CFF, 0x9CFF, 0x9CFF, 0x9CFF, 0x9CFF, 0x9CFF, 0x9CFF,
  0x9CFF, 0x7CFF, 0x7BFF, 0xBDFF, 0xFDFF, 0xDDFF, 0xDDFF, 0xBCFF,
  0xBCFF, 0x9CFF, 0x7BFF, 0x5BFF, 0x5BFF, 0x5BFF, 0x5BFF, 0x5BFF,
  0x5BFF, 0x5BFF, 0x5BFF, 0x5BFF, 0x5BFF, 0x3BFF, 0x3BFF, 0x3BFF,
  0x3BFF, 0x3BFF, 0x3BFF, 0x3BFF, 0x1AFF, 0x1AFF, 0x1AFF, 0x1AFF,
  0xFAFE, 0x9CFF, 0xB1AC, 0x1FF8, 0x1FF8, 0x1FF8, 0x1FF8, 0x1FF8,
  0x1FF8, 0x1FF8, 0x1FF8, 0x1FF8, 0x1FF8, 0x1FF8, 0x1FF8, 0x1FF8,
  0x1FF8, 0x1FF8, 0x1FF8, 0x1FF8, 0x1FF8, 0x1FF8, 0x1FF8, 0x9CFF,
  0xDDFF, 0x7CFF, 0x9CFF, 0x9CFF, 0x9CFF, 0x9CFF, 0x9CFF, 0x9CFF,
  0x9CFF, 0x9CFF, 0x9CFF, 0x9CFF, 0x9CFF, 0x9CFF, 0x9CFF, 0x9CFF,
  0x9CFF, 0x9CFF, 0x9CFF, 0x9CFF, 0x9CFF, 0x9CFF, 0x9CFF, 0x9CFF,
  0x9CFF, 0x9CFF, 0x9CFF, 0x9CFF, 0x9CFF, 0x7CFF, 0x7CFF, 0x7BFF,
  0x7BFF, 0x7BFF, 0x7BFF, 0x7BFF, 0x7CFF, 0x7BFF, 0x7BFF, 0x7BFF,
  0x7BFF, 0x7BFF, 0x5BFF, 0x5BFF, 0x5BFF, 0x5BFF, 0x5BFF, 0x5BFF,
  0x3BFF, 0x3BFF, 0x3BFF, 0x3BFF, 0x3BFF, 0x3BFF, 0x3BFF, 0x3BFF,
  0x1AFF, 0xFAFE, 0x3BFF, 0x7CFF, 0x2F94, 0x1FF8, 0x1FF8, 0x1FF8,
  0x1FF8, 0x1FF8, 0x1FF8, 0x1FF8, 0x1FF8, 0x1FF8, 0x1FF8, 0x1FF8,
  0x1FF8, 0x1FF8, 0x1FF8, 0x1FF8, 0x1FF8, 0x1FF8, 0x1FF8, 0x1FF8,
  0x1FF8, 0x9CFF, 0xFDFF, 0x7CFF, 0x9CFF, 0x9CFF, 0x9CFF, 0x9CFF,
  0x9CFF, 0x9CFF, 0x9CFF, 0x9CFF, 0x9CFF, 0x9CFF, 0x9CFF, 0x9CFF,
  0x9CFF, 0x9CFF, 0x9CFF, 0x9CFF, 0x9CFF, 0x9CFF, 0x9CFF, 0x9CFF,
  0x9CFF, 0x9CFF, 0x9CFF, 0x9CFF, 0x9CFF, 0x9CFF, 0x9CFF, 0x9CFF,
  0x9CFF, 0x7CFF, 0x7CFF, 0x7CFF, 0x7CFF, 0x7CFF, 0x7CFF, 0x7CFF,
  0x7CFF, 0x7BFF, 0x7BFF, 0x7BFF, 0x7BFF, 0x5BFF, 0x5BFF, 0x5BFF,
  0x5BFF, 0x5BFF, 0x5BFF, 0x3BFF, 0x3BFF, 0x3BFF, 0x3BFF, 0x3BFF,
  0x3BFF, 0x3BFF, 0x1AFF, 0xFAFE, 0x7CFF, 0x1AF7, 0x4C73, 0x1FF8,
  0x1FF8, 0x1FF8, 0x1FF8, 0x1FF8, 0x1FF8, 0x1FF8, 0x1FF8, 0x1FF8,
  0x1FF8, 0x1FF8, 0x1FF8, 0x1FF8, 0x1FF8, 0x1FF8, 0x1FF8, 0x1FF8,
  0x1FF8, 0x1FF8, 0x1FF8, 0x7CFF, 0xFEFF, 0x7CFF, 0x9CFF, 0x9CFF,
  0x9CFF, 0x9CFF, 0x9CFF, 0x9CFF, 0x9CFF, 0x9CFF, 0x9CFF, 0x9CFF,
  0x9CFF, 0x9CFF, 0x9CFF, 0x9CFF, 0x9CFF, 0x9CFF, 0x9CFF, 0x9CFF,
  0x9CFF, 0x9CFF, 0x9CFF, 0x9CFF, 0x9CFF, 0x9CFF, 0x9CFF, 0x9CFF,
  0x9CFF, 0x9CFF, 0x9CFF, 0x9CFF, 0x7CFF, 0x7CFF, 0x7CFF, 0x7CFF,
  0x7CFF, 0x7CFF, 0x7CFF, 0x7CFF, 0x7BFF, 0x7BFF, 0x7BFF, 0x7BFF,
  0x5BFF, 0x5BFF, 0x5BFF, 0x5BFF, 0x5BFF, 0x5BFF, 0x3BFF, 0x3BFF,
  0x3BFF, 0x3BFF, 0x3BFF, 0x3BFF, 0x1AFF, 0x1AFF, 0x9CFF, 0xF6D5,
  0x284A, 0x1FF8, 0x1FF8, 0x1FF8, 0x1FF8, 0x1FF8, 0x1FF8, 0x1FF8,
  0x1FF8, 0x1FF8, 0x1FF8, 0x1FF8, 0x1FF8, 0x1FF8, 0x1FF8, 0x1FF8,
  0x1FF8, 0x1FF8, 0x1FF8, 0x1FF8, 0x1FF8, 0x1FF8, 0xFEFF, 0x9CFF,
  0x9CFF, 0x9CFF, 0x9CFF, 0x9CFF, 0x9CFF, 0x9CFF, 0x9CFF, 0x9CFF,
  0x9CFF, 0x9CFF, 0x9CFF, 0x9CFF, 0x9CFF, 0x9CFF, 0x9CFF, 0x9CFF,
  0x9CFF, 0x9CFF, 0x9CFF, 0x9CFF, 0x9CFF, 0x9CFF, 0x9CFF, 0x9CFF,
  0x9CFF, 0x9CFF, 0x9CFF, 0x9CFF, 0x9CFF, 0x9CFF, 0x9CFF, 0x7CFF,
  0x7CFF, 0x7CFF, 0x7CFF, 0x7CFF, 0x7CFF, 0x7CFF, 0x7CFF, 0x7BFF,
  0x7BFF, 0x7BFF, 0x7BFF, 0x5BFF, 0x5BFF, 0x5BFF, 0x5BFF, 0x5BFF,
  0x5BFF, 0x5BFF, 0x3BFF, 0x3BFF, 0x3BFF, 0x1AFF, 0x1BFF, 0x9CFF,
  0x5BFF, 0x5094, 0xC318, 0x1FF8, 0x1FF8, 0x1FF8, 0x1FF8, 0x1FF8,
  0x1FF8, 0x1FF8, 0x1FF8, 0x1FF8, 0x1FF8, 0x1FF8, 0x1FF8, 0x1FF8,
  0x1FF8, 0x1FF8, 0x1FF8, 0x1FF8, 0x1FF8, 0x1FF8, 0x1FF8, 0x1FF8,
  0xBDFF, 0x9CFF, 0x7CFF, 0x9CFF, 0x9CFF, 0x9CFF, 0x9CFF, 0x9CFF,
  0x9CFF, 0x9CFF, 0x9CFF, 0x9CFF, 0x9CFF, 0x9CFF, 0x9CFF, 0x9CFF,
  0x9CFF, 0x9CFF, 0x9CFF, 0x9CFF, 0x9CFF, 0x9CFF, 0x9CFF, 0x9CFF,
  0x9CFF, 0x9CFF, 0x9CFF, 0x9CFF, 0x9CFF, 0x9CFF, 0x9CFF, 0x9CFF,
  0x9CFF, 0x9CFF, 0x7CFF, 0x7CFF, 0x7CFF, 0x7CFF, 0x7CFF, 0x7CFF,
  0x7CFF, 0x7CFF, 0x7BFF, 0x7BFF, 0x7BFF, 0x7BFF, 0x5BFF, 0x5BFF,
  0x5BFF, 0x5BFF, 0x5BFF, 0x5BFF, 0x5BFF, 0x3BFF, 0x1AFF, 0x5BFF,
  0x9CFF, 0x9CFF, 0xB5CD, 0xAA5A, 0x1FF8, 0x1FF8, 0x1FF8, 0x1FF8,
  0x1FF8, 0x1FF8, 0x1FF8, 0x1FF8, 0x1FF8, 0x1FF8, 0x1FF8, 0x1FF8,
  0x1FF8, 0x1FF8, 0x1FF8, 0x1FF8, 0x1FF8, 0x1FF8, 0x1FF8, 0x1FF8,
  0x1FF8, 0x1FF8, 0x9CFF, 0xDDFF, 0x7CFF, 0x9CFF, 0x9CFF, 0x9CFF,
  0x9CFF, 0x9CFF, 0x9CFF, 0x9CFF, 0x9CFF, 0x9CFF, 0x9CFF, 0x9CFF,
  0x9CFF, 0x9CFF, 0x9CFF, 0x9CFF, 0x9CFF, 0x9CFF, 0x9CFF, 0x9CFF,
  0x9CFF, 0x9CFF, 0x9CFF, 0x9CFF, 0x9CFF, 0x9CFF, 0x9CFF, 0x9CFF,
  0x9CFF, 0x9CFF, 0x9CFF, 0x9CFF, 0x9CFF, 0x9CFF, 0x7CFF, 0x7CFF,
  0x7CFF, 0x7CFF, 0x7CFF, 0x7CFF, 0x7CFF, 0x7BFF, 0x7BFF, 0x7BFF,
  0x7BFF, 0x5BFF, 0x5BFF, 0x5BFF, 0x5BFF, 0x3BFF, 0x3BFF, 0x5BFF,
  0x9CFF, 0xBCFF, 0x5BFF, 0x74BD, 0xCA62, 0x1FF8, 0x1FF8, 0x1FF8,
  0x1FF8, 0x1FF8, 0x1FF8, 0x1FF8, 0x1FF8, 0x1FF8, 0x1FF8, 0x1FF8,
  0x1FF8, 0x1FF8, 0x1FF8, 0x1FF8, 0x1FF8, 0x1FF8, 0x1FF8, 0x1FF8,
  0x1FF8, 0x1FF8, 0x1FF8, 0x1FF8, 0x7CFF, 0xFEFF, 0x7CFF, 0x9CFF,
  0x9CFF, 0x9CFF, 0x9CFF, 0x9CFF, 0x9CFF, 0x9CFF, 0x9CFF, 0x9CFF,
  0x9CFF, 0x9CFF, 0x9CFF, 0x9CFF, 0x9CFF, 0x9CFF, 0x9CFF, 0x9CFF,
  0x9CFF, 0x9CFF, 0x9CFF, 0x9CFF, 0x9CFF, 0x9CFF, 0x9CFF, 0x9CFF,
  0x9CFF, 0x9CFF, 0x9CFF, 0x7CFF, 0x7CFF, 0x7BFF, 0x7CFF, 0x7CFF,
  0x7CFF, 0x7CFF, 0x7CFF, 0x7CFF, 0x7CFF, 0x7CFF, 0x7CFF, 0x7CFF,
  0x7BFF, 0x7BFF, 0x5BFF, 0x5BFF, 0x5BFF, 0x5BFF, 0x5BFF, 0x9CFF,
  0xBDFF, 0xDDFF, 0x7BFF, 0x37D6, 0x2F8C, 0x084A, 0x1FF8, 0x1FF8,
  0x1FF8, 0x1FF8, 0x1FF8, 0x1FF8, 0x1FF8, 0x1FF8, 0x1FF8, 0x1FF8,
  0x1FF8, 0x1FF8, 0x1FF8, 0x1FF8, 0x1FF8, 0x1FF8, 0x1FF8, 0x1FF8,
  0x1FF8, 0x1FF8, 0x1FF8, 0x1FF8, 0x1FF8, 0x1FF8, 0x1FF8, 0xBCFF,
  0x9CFF, 0x7CFF, 0x9CFF, 0x9CFF, 0x9CFF, 0x9CFF, 0x9CFF, 0x9CFF,
  0x9CFF, 0x9CFF, 0x9CFF, 0x9CFF, 0x9CFF, 0x9CFF, 0x9CFF, 0x9CFF,
  0x9CFF, 0x9CFF, 0x9CFF, 0x9CFF, 0x9CFF, 0x9CFF, 0x9CFF, 0x9CFF,
  0x9CFF, 0x9CFF, 0x9CFF, 0x9CFF, 0x9CFF, 0x7CFF, 0xBCFF, 0xFDFF,
  0xFDFF, 0xFDFF, 0xDDFF, 0xDDFF, 0xBDFF, 0xBDFF, 0xBCFF, 0x9CFF,
  0x9CFF, 0x9CFF, 0x9CFF, 0x9CFF, 0x9CFF, 0xBDFF, 0xDDFF, 0xDDFF,
  0xDDFF, 0x7CFF, 0xB9E6, 0x74BD, 0xCE83, 0x6952, 0x1FF8, 0x1FF8,
  0x1FF8, 0x1FF8, 0x1FF8, 0x1FF8, 0x1FF8, 0x1FF8, 0x1FF8, 0x1FF8,
  0x1FF8, 0x1FF8, 0x1FF8, 0x1FF8, 0x1FF8, 0x1FF8, 0x1FF8, 0x1FF8,
  0x1FF8, 0x1FF8, 0x1FF8, 0x1FF8, 0x1FF8, 0x1FF8, 0x1FF8, 0x1FF8,
  0x1FF8, 0x9CFF, 0xFEFF, 0x7CFF, 0x9CFF, 0x9CFF, 0x9CFF, 0x9CFF,
  0x9CFF, 0x9CFF, 0x9CFF, 0x9CFF, 0x9CFF, 0x9CFF, 0x9CFF, 0x9CFF,
  0x9CFF, 0x9CFF, 0x9CFF, 0x9CFF, 0x9CFF, 0x9CFF, 0x9CFF, 0x9CFF,
  0x9CFF, 0x9CFF, 0x9CFF, 0x9CFF, 0x9CFF, 0x9CFF, 0x9CFF, 0x9CFF,
  0x9CFF, 0xD9E6, 0x95BD, 0x74B5, 0xB5C5, 0x37D6, 0xB9DE, 0xFAEE,
  0xFAEE, 0x3BF7, 0x7CFF, 0x9CFF, 0x9CFF, 0x7CFF, 0x7BFF, 0x1AEF,
  0x57D6, 0x54B5, 0x5094, 0x6C73, 0x6952, 0x2421, 0x1FF8, 0x1FF8,
  0x1FF8, 0x1FF8, 0x1FF8, 0x1FF8, 0x1FF8, 0x1FF8, 0x1FF8, 0x1FF8,
  0x1FF8, 0x1FF8, 0x1FF8, 0x1FF8, 0x1FF8, 0x1FF8, 0x1FF8, 0x1FF8,
  0x1FF8, 0x1FF8, 0x1FF8, 0x1FF8, 0x1FF8, 0x1FF8, 0x1FF8, 0x1FF8,
  0x1FF8, 0x1FF8, 0x1FF8, 0x1FF8, 0x9CFF, 0x9CFF, 0x7CFF, 0x9CFF,
  0x9CFF, 0x9CFF, 0x9CFF, 0x9CFF, 0x9CFF, 0x9CFF, 0x9CFF, 0x9CFF,
  0x9CFF, 0x9CFF, 0x9CFF, 0x9CFF, 0x9CFF, 0x9CFF, 0x9CFF, 0x9CFF,
  0x9CFF, 0x9CFF, 0x9CFF, 0x9CFF, 0x9CFF, 0x9CFF, 0x9CFF, 0x9CFF,
  0x9CFF, 0x7CFF, 0x9CFF, 0x1AEF, 0x5094, 0xEF8B, 0x2D83, 0x095A,
  0x6108, 0xE320, 0x4529, 0x6529, 0x8631, 0xE741, 0x284A, 0x484A,
  0x084A, 0xC741, 0x6531, 0x1FF8, 0x1FF8, 0x1FF8, 0x1FF8, 0x1FF8,
  0x1FF8, 0x1FF8, 0x1FF8, 0x1FF8, 0x1FF8, 0x1FF8, 0x1FF8, 0x1FF8,
  0x1FF8, 0x1FF8, 0x1FF8, 0x1FF8, 0x1FF8, 0x1FF8, 0x1FF8, 0x1FF8,
  0x1FF8, 0x1FF8, 0x1FF8, 0x1FF8, 0x1FF8, 0x1FF8, 0x1FF8, 0x1FF8,
  0x1FF8, 0x1FF8, 0x1FF8, 0x1FF8, 0x1FF8, 0x1FF8, 0x4C6B, 0xDDFF,
  0x7CFF, 0x9CFF, 0x9CFF, 0x9CFF, 0x9CFF, 0x9CFF, 0x9CFF, 0x9CFF,
  0x9CFF, 0x9CFF, 0x9CFF, 0x9CFF, 0x9CFF, 0x9CFF, 0x9CFF, 0x9CFF,
  0x9CFF, 0x9CFF, 0x9CFF, 0x9CFF, 0x9CFF, 0x9CFF, 0x9CFF, 0x9CFF,
  0x9CFF, 0x9CFF, 0x9CFF, 0x9CFF, 0x9CFF, 0x9CFF, 0x7BFF, 0xDDFF,
  0x38E6, 0xB3C4, 0xCB72, 0x1FF8, 0x1FF8, 0x1FF8, 0x1FF8, 0x1FF8,
  0x1FF8, 0x1FF8, 0x1FF8, 0x1FF8, 0x1FF8, 0x1FF8, 0x1FF8, 0x1FF8,
  0x1FF8, 0x1FF8, 0x1FF8, 0x1FF8, 0x1FF8, 0x1FF8, 0x1FF8, 0x1FF8,
  0x1FF8, 0x1FF8, 0x1FF8, 0x1FF8, 0x1FF8, 0x1FF8, 0x1FF8, 0x1FF8,
  0x1FF8, 0x1FF8, 0x1FF8, 0x1FF8, 0x1FF8, 0x1FF8, 0x1FF8, 0x1FF8,
  0x1FF8, 0x1FF8, 0x1FF8, 0x1FF8, 0x1FF8, 0x1FF8, 0x1FF8, 0x1FF8,
  0x1FF8, 0x37D6, 0xDDFF, 0x7CFF, 0x9CFF, 0x9CFF, 0x9CFF, 0x9CFF,
  0x9CFF, 0x9CFF, 0x9CFF, 0x9CFF, 0x9CFF, 0x9CFF, 0x9CFF, 0x9CFF,
  0x9CFF, 0x9CFF, 0x9CFF, 0x9CFF, 0x9CFF, 0x9CFF, 0x9CFF, 0x9CFF,
  0x9CFF, 0x9CFF, 0x9CFF, 0x7CFF, 0x9CFF, 0x9CFF, 0x9CFF, 0x9CFF,
  0x9CFF, 0x9CFF, 0xBCFF, 0x38DE, 0x52B4, 0x6A62, 0x1FF8, 0x1FF8,
  0x1FF8, 0x1FF8, 0x1FF8, 0x1FF8, 0x1FF8, 0x1FF8, 0x1FF8, 0x1FF8,
  0x1FF8, 0x1FF8, 0x1FF8, 0x1FF8, 0x1FF8, 0x1FF8, 0x1FF8, 0x1FF8,
  0x1FF8, 0x1FF8, 0x1FF8, 0x1FF8, 0x1FF8, 0x1FF8, 0x1FF8, 0x1FF8,
  0x1FF8, 0x1FF8, 0x1FF8, 0x1FF8, 0x1FF8, 0x1FF8, 0x1FF8, 0x1FF8,
  0x1FF8, 0x1FF8, 0x1FF8, 0x1FF8, 0x1FF8, 0x1FF8, 0x1FF8, 0x1FF8,
  0x1FF8, 0x1FF8, 0x1FF8, 0x2C6B, 0xFDFF, 0x7CFF, 0x9CFF, 0x9CFF,
  0x9CFF, 0x9CFF, 0x9CFF, 0x9CFF, 0x9CFF, 0x9CFF, 0x9CFF, 0x9CFF,
  0x9CFF, 0x9CFF, 0x9CFF, 0x9CFF, 0x9CFF, 0x9CFF, 0x9CFF, 0x9CFF,
  0x9CFF, 0x9CFF, 0x9CFF, 0x9CFF, 0x9CFF, 0x9CFF, 0x9CFF, 0x9CFF,
  0x9CFF, 0x9CFF, 0x9CFF, 0x9CFF, 0x7CFF, 0xBCFF, 0xB9EE, 0x93BC,
  0x8A6A, 0x1FF8, 0x1FF8, 0x1FF8, 0x1FF8, 0x1FF8, 0x1FF8, 0x1FF8,
  0x1FF8, 0x1FF8, 0x1FF8, 0x1FF8, 0x1FF8, 0x1FF8, 0x1FF8, 0x1FF8,
  0x1FF8, 0x1FF8, 0x1FF8, 0x1FF8, 0x1FF8, 0x1FF8, 0x1FF8, 0x1FF8,
  0x1FF8, 0x1FF8, 0x1FF8, 0x1FF8, 0x1FF8, 0x1FF8, 0x1FF8, 0x1FF8,
  0x1FF8, 0x1FF8, 0x1FF8, 0x1FF8, 0x1FF8, 0x1FF8, 0x1FF8, 0x1FF8,
  0x1FF8, 0x1FF8, 0x1FF8, 0x1FF8, 0x1FF8, 0xC318, 0x78DE, 0xDDFF,
  0x7CFF, 0x9CFF, 0x9CFF, 0x9CFF, 0x9CFF, 0x9CFF, 0x9CFF, 0x9CFF,
  0x9CFF, 0x9CFF, 0x9CFF, 0x9CFF, 0x9CFF, 0x9CFF, 0x9CFF, 0x9CFF,
  0x9CFF, 0x9CFF, 0x9CFF, 0x9CFF, 0x9CFF, 0x9CFF, 0x9CFF, 0x9CFF,
  0x9CFF, 0x9CFF, 0x9CFF, 0x9CFF, 0x9CFF, 0x9CFF, 0x9CFF, 0x9CFF,
  0x9CFF, 0x3BF7, 0xD3C4, 0xAB6A, 0x1FF8, 0x1FF8, 0x1FF8, 0x1FF8,
  0x1FF8, 0x1FF8, 0x1FF8, 0x1FF8, 0x1FF8, 0x1FF8, 0x1FF8, 0x1FF8,
  0x1FF8, 0x1FF8, 0x1FF8, 0x1FF8, 0x1FF8, 0x1FF8, 0x1FF8, 0x1FF8,
  0x1FF8, 0x1FF8, 0x1FF8, 0x1FF8, 0x1FF8, 0x1FF8, 0x1FF8, 0x1FF8,
  0x1FF8, 0x1FF8, 0x1FF8, 0x1FF8, 0x1FF8, 0x1FF8, 0x1FF8, 0x1FF8,
  0x1FF8, 0x1FF8, 0x1FF8, 0x1FF8, 0x1FF8, 0x1FF8, 0x1FF8, 0x1FF8,
  0x6D73, 0xFEFF, 0x7BFF, 0x9CFF, 0x9CFF, 0x9CFF, 0x9CFF, 0x9CFF,
  0x9CFF, 0x9CFF, 0x9CFF, 0x9CFF, 0x9CFF, 0x9CFF, 0x9CFF, 0x9CFF,
  0x9CFF, 0x9CFF, 0x9CFF, 0x9CFF, 0x9CFF, 0x9CFF, 0x9CFF, 0x9CFF,
  0x9CFF, 0x9CFF, 0x9CFF, 0x9CFF, 0x9CFF, 0x9CFF, 0x9CFF, 0x9CFF,
  0x9CFF, 0x9CFF, 0x9CFF, 0x9CFF, 0x9CFF, 0x55CD, 0x0D83, 0x1FF8,
  0x1FF8, 0x1FF8, 0x1FF8, 0x1FF8, 0x1FF8, 0x1FF8, 0x1FF8, 0x1FF8,
  0x1FF8, 0x1FF8, 0x1FF8, 0x1FF8, 0x1FF8, 0x1FF8, 0x1FF8, 0x1FF8,
  0x1FF8, 0x1FF8, 0x1FF8, 0x1FF8, 0x1FF8, 0x1FF8, 0x1FF8, 0x1FF8,
  0x1FF8, 0x1FF8, 0x1FF8, 0x1FF8, 0x1FF8, 0x1FF8, 0x1FF8, 0x1FF8,
  0x1FF8, 0x1FF8, 0x1FF8, 0x1FF8, 0x1FF8, 0x1FF8, 0x1FF8, 0x1FF8,
  0x1FF8, 0x1FF8, 0xA318, 0x98DE, 0xDDFF, 0x7CFF, 0x9CFF, 0x9CFF,
  0x9CFF, 0x9CFF, 0x9CFF, 0x9CFF, 0x9CFF, 0x9CFF, 0x9CFF, 0x9CFF,
  0x9CFF, 0x9CFF, 0x9CFF, 0x9CFF, 0x9CFF, 0x9CFF, 0x9CFF, 0x9CFF,
  0x9CFF, 0x9CFF, 0x9CFF, 0x9CFF, 0x9CFF, 0x9CFF, 0x9CFF, 0x9CFF,
  0x9CFF, 0x9CFF, 0x9CFF, 0x9CFF, 0x9CFF, 0x9CFF, 0x7CFF, 0xBCFF,
  0x17DE, 0xD0A3, 0xE420, 0x1FF8, 0x1FF8, 0x1FF8, 0x1FF8, 0x1FF8,
  0x1FF8, 0x1FF8, 0x1FF8, 0x1FF8, 0x1FF8, 0x1FF8, 0x1FF8, 0x1FF8,
  0x1FF8, 0x1FF8, 0x1FF8, 0x1FF8, 0x1FF8, 0x1FF8, 0x1FF8, 0x1FF8,
  0x1FF8, 0x1FF8, 0x1FF8, 0x1FF8, 0x1FF8, 0x1FF8, 0x1FF8, 0x1FF8,
  0x1FF8, 0x1FF8, 0x1FF8, 0x1FF8, 0x1FF8, 0x1FF8, 0x1FF8, 0x1FF8,
  0x1FF8, 0x1FF8, 0x1FF8, 0x1FF8, 0x1FF8, 0xEE83, 0xFEFF, 0x7BFF,
  0x9CFF, 0x9CFF, 0x9CFF, 0x9CFF, 0x9CFF, 0x9CFF, 0x9CFF, 0x9CFF,
  0x9CFF, 0x9CFF, 0x9CFF, 0x9CFF, 0x9CFF, 0x9CFF, 0x9CFF, 0x9CFF,
  0x9CFF, 0x9CFF, 0x9CFF, 0x9CFF, 0x9CFF, 0x9CFF, 0x9CFF, 0x9CFF,
  0x9CFF, 0x9CFF, 0x9CFF, 0x9CFF, 0x9CFF, 0x9CFF, 0x9CFF, 0x9CFF,
  0x9CFF, 0x7CFF, 0x9CFF, 0x3BF7, 0xB3BC, 0x8641, 0x1FF8, 0x1FF8,
  0x1FF8, 0x1FF8, 0x1FF8, 0x1FF8, 0x1FF8, 0x1FF8, 0x1FF8, 0x1FF8,
  0x1FF8, 0x1FF8, 0x1FF8, 0x1FF8, 0x1FF8, 0x1FF8, 0x1FF8, 0x1FF8,
  0x1FF8, 0x1FF8, 0x1FF8, 0x1FF8, 0x1FF8, 0x1FF8, 0x1FF8, 0x1FF8,
  0x1FF8, 0x1FF8, 0x1FF8, 0x1FF8, 0x1FF8, 0x1FF8, 0x1FF8, 0x1FF8,
  0x1FF8, 0x1FF8, 0x1FF8, 0x1FF8, 0x1FF8, 0x1FF8, 0x1FF8, 0x1FF8,
  0x98DE, 0xDDFF, 0x7CFF, 0x9CFF, 0x9CFF, 0x9CFF, 0x9CFF, 0x9CFF,
  0x9CFF, 0x9CFF, 0x9CFF, 0x9CFF, 0x9CFF, 0x9CFF, 0x9CFF, 0x9CFF,
  0x9CFF, 0x9CFF, 0x9CFF, 0x9CFF, 0x9CFF, 0x9CFF, 0x9CFF, 0x9CFF,
  0x9CFF, 0x9CFF, 0x9CFF, 0x9CFF, 0x9CFF, 0x9CFF, 0x9CFF, 0x9CFF,
  0x9CFF, 0x9CFF, 0x9CFF, 0x9CFF, 0x9CFF, 0x7CFF, 0xBCFF, 0xDAEE,
  0xC849, 0x1FF8, 0x1FF8, 0x1FF8, 0x1FF8, 0x1FF8, 0x1FF8, 0x1FF8,
  0x1FF8, 0x1FF8, 0x1FF8, 0x1FF8, 0x1FF8, 0x1FF8, 0x1FF8, 0x1FF8,
  0x1FF8, 0x1FF8, 0x1FF8, 0x1FF8, 0x1FF8, 0x1FF8, 0x1FF8, 0x1FF8,
  0x1FF8, 0x1FF8, 0x1FF8, 0x1FF8, 0x1FF8, 0x1FF8, 0x1FF8, 0x1FF8,
  0x1FF8, 0x1FF8, 0x1FF8, 0x1FF8, 0x1FF8, 0x1FF8, 0x1FF8, 0x1FF8,
  0x1FF8, 0x1FF8, 0xA95A, 0xBDFF, 0x9CFF, 0x9CFF, 0x9CFF, 0x9CFF,
  0x9CFF, 0x9CFF, 0x9CFF, 0x9CFF, 0x9CFF, 0x9CFF, 0x9CFF, 0x9CFF,
  0x9CFF, 0x9CFF, 0x9CFF, 0x9CFF, 0x9CFF, 0x9CFF, 0x9CFF, 0x9CFF,
  0x9CFF, 0x9CFF, 0x9CFF, 0x9CFF, 0x9CFF, 0x9CFF, 0x9CFF, 0x9CFF,
  0x9CFF, 0x9CFF, 0x9CFF, 0x9CFF, 0x9CFF, 0x9CFF, 0x9CFF, 0x9CFF,
  0x9CFF, 0x7CFF, 0xFDFF, 0xD6CD, 0x8218, 0x1FF8, 0x1FF8, 0x1FF8,
  0x1FF8, 0x1FF8, 0x1FF8, 0x1FF8, 0x1FF8, 0x1FF8, 0x1FF8, 0x1FF8,
  0x1FF8, 0x1FF8, 0x1FF8, 0x1FF8, 0x1FF8, 0x1FF8, 0x1FF8, 0x1FF8,
  0x1FF8, 0x1FF8, 0x1FF8, 0x1FF8, 0x1FF8, 0x1FF8, 0x1FF8, 0x1FF8,
  0x1FF8, 0x1FF8, 0x1FF8, 0x1FF8, 0x1FF8, 0x1FF8, 0x1FF8, 0x1FF8,
  0x1FF8, 0x1FF8, 0x1FF8, 0x1FF8, 0x1FF8, 0x2F8C, 0xFEFF, 0x7BFF,
  0x9CFF, 0x9CFF, 0x9CFF, 0x9CFF, 0x9CFF, 0x9CFF, 0x9CFF, 0x9CFF,
  0x9CFF, 0x9CFF, 0x9CFF, 0x9CFF, 0x9CFF, 0x9CFF, 0x9CFF, 0x9CFF,
  0x9CFF, 0x9CFF, 0x9CFF, 0x9CFF, 0x9CFF, 0x9CFF, 0x9CFF, 0x9CFF,
  0x9CFF, 0x9CFF, 0x9CFF, 0x9CFF, 0x9CFF, 0x9CFF, 0x9CFF, 0x9CFF,
  0x9CFF, 0x9CFF, 0x9CFF, 0x9CFF, 0x9CFF, 0x7CFF, 0xDDFF, 0x37CE,
  0x6952, 0x1FF8, 0x1FF8, 0x1FF8, 0x1FF8, 0x1FF8, 0x1FF8, 0x1FF8,
  0x1FF8, 0x1FF8, 0x1FF8, 0x1FF8, 0x1FF8, 0x1FF8, 0x1FF8, 0x1FF8,
  0x1FF8, 0x1FF8, 0x1FF8, 0x1FF8, 0x1FF8, 0x1FF8, 0x1FF8, 0x1FF8,
  0x1FF8, 0x1FF8, 0x1FF8, 0x1FF8, 0x1FF8, 0x1FF8, 0x1FF8, 0x1FF8,
  0x1FF8, 0x1FF8, 0x1FF8, 0x1FF8, 0x1FF8, 0x1FF8, 0x1FF8, 0x1FF8,
  0x95BD, 0xFDFF, 0x7CFF, 0x9CFF, 0x9CFF, 0x9CFF, 0x9CFF, 0x9CFF,
  0x9CFF, 0x9CFF, 0x9CFF, 0x9CFF, 0x9CFF, 0x9CFF, 0x9CFF, 0x9CFF,
  0x9CFF, 0x9CFF, 0x9CFF, 0x9CFF, 0x9CFF, 0x9CFF, 0x9CFF, 0x9CFF,
  0x9CFF, 0x9CFF, 0x9CFF, 0x9CFF, 0x9CFF, 0x9CFF, 0x9CFF, 0x9CFF,
  0x9CFF, 0x9CFF, 0x9CFF, 0x9CFF, 0x9CFF, 0x9CFF, 0x9CFF, 0x9CFF,
  0x9CFF, 0x7CFF, 0xDDFF, 0x9CFF, 0x0F8C, 0x1FF8, 0x1FF8, 0x1FF8,
  0x1FF8, 0x1FF8, 0x1FF8, 0x1FF8, 0x1FF8, 0x1FF8, 0x1FF8, 0x1FF8,
  0x1FF8, 0x1FF8, 0x1FF8, 0x1FF8, 0x1FF8, 0x1FF8, 0x1FF8, 0x1FF8,
  0x1FF8, 0x1FF8, 0x1FF8, 0x1FF8, 0x1FF8, 0x1FF8, 0x1FF8, 0x1FF8,
  0x1FF8, 0x1FF8, 0x1FF8, 0x1FF8, 0x1FF8, 0x1FF8, 0x1FF8, 0x1FF8,
  0x1FF8, 0x1FF8, 0xC318, 0x98DE, 0xDDFF, 0x7CFF, 0x9CFF, 0x9CFF,
  0x9CFF, 0x9CFF, 0x9CFF, 0x9CFF, 0x9CFF, 0x9CFF, 0x9CFF, 0x9CFF,
  0x9CFF, 0x9CFF, 0x9CFF, 0x9CFF, 0x9CFF, 0x9CFF, 0x9CFF, 0x9CFF,
  0x9CFF, 0x9CFF, 0x9CFF, 0x9CFF, 0x9CFF, 0x9CFF, 0x9CFF, 0x9CFF,
  0x9CFF, 0x9CFF, 0x9CFF, 0x9CFF, 0x9CFF, 0x9CFF, 0x9CFF, 0x9CFF,
  0x9CFF, 0x9CFF, 0x9CFF, 0x9CFF, 0x9CFF, 0x7BFF, 0x9CFF, 0xFDFF,
  0xF6C5, 0x484A, 0x1FF8, 0x1FF8, 0x1FF8, 0x1FF8, 0x1FF8, 0x1FF8,
  0x1FF8, 0x1FF8, 0x1FF8, 0x1FF8, 0x1FF8, 0x1FF8, 0x1FF8, 0x1FF8,
  0x1FF8, 0x1FF8, 0x1FF8, 0x1FF8, 0x1FF8, 0x1FF8, 0x1FF8, 0x1FF8,
  0x1FF8, 0x1FF8, 0x1FF8, 0x1FF8, 0x1FF8, 0x1FF8, 0x1FF8, 0x1FF8,
  0x1FF8, 0x1FF8, 0x1FF8, 0x1FF8, 0x1FF8, 0xA639, 0x3BF7, 0xBCFF,
  0x7CFF, 0x9CFF, 0x9CFF, 0x9CFF, 0x9CFF, 0x9CFF, 0x9CFF, 0x9CFF,
  0x9CFF, 0x9CFF, 0x9CFF, 0x9CFF, 0x9CFF, 0x9CFF, 0x9CFF, 0x9CFF,
  0x9CFF, 0x9CFF, 0x9CFF, 0x9CFF, 0x9CFF, 0x9CFF, 0x9CFF, 0x9CFF,
  0x9CFF, 0x9CFF, 0x9CFF, 0x9CFF, 0x9CFF, 0x9CFF, 0x9CFF, 0x9CFF,
  0x9CFF, 0x9CFF, 0x9CFF, 0x9CFF, 0x9CFF, 0x9CFF, 0x9CFF, 0x9CFF,
  0x7CFF, 0x7CFF, 0x7BFF, 0xFDFF, 0x7CFF, 0x7194, 0x8531, 0x1FF8,
  0x1FF8, 0x1FF8, 0x1FF8, 0x1FF8, 0x1FF8, 0x1FF8, 0x1FF8, 0x1FF8,
  0x1FF8, 0x1FF8, 0x1FF8, 0x1FF8, 0x1FF8, 0x1FF8, 0x1FF8, 0x1FF8,
  0x1FF8, 0x1FF8, 0x1FF8, 0x1FF8, 0x1FF8, 0x1FF8, 0x1FF8, 0x1FF8,
  0x1FF8, 0x1FF8, 0x1FF8, 0x1FF8, 0x1FF8, 0x1FF8, 0x1FF8, 0x1FF8,
  0x484A, 0x9CFF, 0x9CFF, 0x9CFF, 0x9CFF, 0x9CFF, 0x9CFF, 0x9CFF,
  0x9CFF, 0x9CFF, 0x9CFF, 0x9CFF, 0x9CFF, 0x9CFF, 0x9CFF, 0x9CFF,
  0x9CFF, 0x9CFF, 0x9CFF, 0x9CFF, 0x9CFF, 0x9CFF, 0x9CFF, 0x9CFF,
  0x9CFF, 0x9CFF, 0x9CFF, 0x9CFF, 0x9CFF, 0x9CFF, 0x9CFF, 0x9CFF,
  0x9CFF, 0x9CFF, 0x9CFF, 0x9CFF, 0x9CFF, 0x9CFF, 0x9CFF, 0x9CFF,
  0x9CFF, 0x9CFF, 0x9CFF, 0x7CFF, 0x7CFF, 0x7CFF, 0x7BFF, 0x9CFF,
  0xFDFF, 0x1AEF, 0x508C, 0x8531, 0x1FF8, 0x1FF8, 0x1FF8, 0x1FF8,
  0x1FF8, 0x1FF8, 0x1FF8, 0x1FF8, 0x1FF8, 0x1FF8, 0x1FF8, 0x1FF8,
  0x1FF8, 0x1FF8, 0x1FF8, 0x1FF8, 0x1FF8, 0x1FF8, 0x1FF8, 0x1FF8,
  0x1FF8, 0x1FF8, 0x1FF8, 0x1FF8, 0x1FF8, 0x1FF8, 0x1FF8, 0x1FF8,
  0x1FF8, 0x1FF8, 0x1FF8, 0xAA5A, 0xBDFF, 0x7CFF, 0x9CFF, 0x9CFF,
  0x9CFF, 0x9CFF, 0x9CFF, 0x9CFF, 0x9CFF, 0x9CFF, 0x9CFF, 0x9CFF,
  0x9CFF, 0x9CFF, 0x9CFF, 0x9CFF, 0x9CFF, 0x9CFF, 0x9CFF, 0x9CFF,
  0x9CFF, 0x9CFF, 0x9CFF, 0x9CFF, 0x9CFF, 0x9CFF, 0x9CFF, 0x9CFF,
  0x9CFF, 0x9CFF, 0x9CFF, 0x9CFF, 0x9CFF, 0x9CFF, 0x9CFF, 0x9CFF,
  0x9CFF, 0x9CFF, 0x9CFF, 0x9CFF, 0x9CFF, 0x9CFF, 0x7CFF, 0x7CFF,
  0x7CFF, 0x7CFF, 0x7BFF, 0x5BFF, 0x9CFF, 0xFDFF, 0xFAEE, 0x308C,
  0xA639, 0x1FF8, 0x1FF8, 0x1FF8, 0x1FF8, 0x1FF8, 0x1FF8, 0x1FF8,
  0x1FF8, 0x1FF8, 0x1FF8, 0x1FF8, 0x1FF8, 0x1FF8, 0x1FF8, 0x1FF8,
  0x1FF8, 0x1FF8, 0x1FF8, 0x1FF8, 0x1FF8, 0x1FF8, 0x1FF8, 0x1FF8,
  0x1FF8, 0x1FF8, 0x1FF8, 0x1FF8, 0x1FF8, 0x1FF8, 0x2C6B, 0xDDFF,
  0x7CFF, 0x9CFF, 0x9CFF, 0x9CFF, 0x9CFF, 0x9CFF, 0x9CFF, 0x9CFF,
  0x9CFF, 0x9CFF, 0x9CFF, 0x9CFF, 0x9CFF, 0x9CFF, 0x9CFF, 0x9CFF,
  0x9CFF, 0x9CFF, 0x9CFF, 0x9CFF, 0x9CFF, 0x9CFF, 0x9CFF, 0x9CFF,
  0x9CFF, 0x9CFF, 0x9CFF, 0x9CFF, 0x9CFF, 0x9CFF, 0x9CFF, 0x9CFF,
  0x9CFF, 0x9CFF, 0x9CFF, 0x9CFF, 0x9CFF, 0x9CFF, 0x9CFF, 0x9CFF,
  0x7CFF, 0x7CFF, 0x7CFF, 0x7CFF, 0x7CFF, 0x7CFF, 0x7CFF, 0x7BFF,
  0x5BFF, 0x9CFF, 0xDDFF, 0x3BF7, 0xF2A4, 0x6952, 0x1FF8, 0x1FF8,
  0x1FF8, 0x1FF8, 0x1FF8, 0x1FF8, 0x1FF8, 0x1FF8, 0x1FF8, 0x1FF8,
  0x1FF8, 0x1FF8, 0x1FF8, 0x1FF8, 0x1FF8, 0x1FF8, 0x1FF8, 0x1FF8,
  0x1FF8, 0x1FF8, 0x1FF8, 0x1FF8, 0x1FF8, 0x1FF8, 0x1FF8, 0x1FF8,
  0x1FF8, 0xAE7B, 0xDDFF, 0x7CFF, 0x9CFF, 0x9CFF, 0x9CFF, 0x9CFF,
  0x9CFF, 0x9CFF, 0x9CFF, 0x9CFF, 0x9CFF, 0x9CFF, 0x9CFF, 0x9CFF,
  0x9CFF, 0x9CFF, 0x9CFF, 0x9CFF, 0x9CFF, 0x9CFF, 0x9CFF, 0x9CFF,
  0x9CFF, 0x9CFF, 0x9CFF, 0x9CFF, 0x9CFF, 0x9CFF, 0x9CFF, 0x9CFF,
  0x9CFF, 0x9CFF, 0x9CFF, 0x9CFF, 0x9CFF, 0x9CFF, 0x9CFF, 0x9CFF,
  0x7CFF, 0x9CFF, 0x9CFF, 0x7CFF, 0x7CFF, 0x7CFF, 0x7CFF, 0x7CFF,
  0x7CFF, 0x7CFF, 0x7CFF, 0x7BFF, 0x7BFF, 0x5BFF, 0x9CFF, 0xDDFF,
  0x7CFF, 0x95BD, 0x2C6B, 0x1FF8, 0x1FF8, 0x1FF8, 0x1FF8, 0x1FF8,
  0x1FF8, 0x1FF8, 0x1FF8, 0x1FF8, 0x1FF8, 0x1FF8, 0x1FF8, 0x1FF8,
  0x1FF8, 0x1FF8, 0x1FF8, 0x1FF8, 0x1FF8, 0x1FF8, 0x1FF8, 0x1FF8,
  0x1FF8, 0x1FF8, 0x1FF8, 0x1FF8, 0xAE7B, 0xDDFF, 0x7CFF, 0x9CFF,
  0x9CFF, 0x9CFF, 0x9CFF, 0x9CFF, 0x9CFF, 0x9CFF, 0x9CFF, 0x9CFF,
  0x9CFF, 0x9CFF, 0x9CFF, 0x9CFF, 0x9CFF, 0x9CFF, 0x9CFF, 0x9CFF,
  0x9CFF, 0x9CFF, 0x9CFF, 0x9CFF, 0x9CFF, 0x9CFF, 0x9CFF, 0x9CFF,
  0x9CFF, 0x9CFF, 0x9CFF, 0x9CFF, 0x9CFF, 0x9CFF, 0x9CFF, 0x9CFF,
  0x9CFF, 0x7CFF, 0x9CFF, 0x9CFF, 0x7CFF, 0x7CFF, 0x7CFF, 0x7CFF,
  0x7CFF, 0x7CFF, 0x7CFF, 0x7CFF, 0x7CFF, 0x7CFF, 0x7BFF, 0x7BFF,
  0x7BFF, 0x5BFF, 0x5BFF, 0x5BFF, 0xBDFF, 0xBDFF, 0x78DE, 0x0F94,
  0x074A, 0x1FF8, 0x1FF8, 0x1FF8, 0x1FF8, 0x1FF8, 0x1FF8, 0x1FF8,
  0x1FF8, 0x1FF8, 0x1FF8, 0x1FF8, 0x1FF8, 0x1FF8, 0x1FF8, 0x1FF8,
  0x1FF8, 0x1FF8, 0x1FF8, 0x1FF8, 0x1FF8, 0x1FF8, 0x1FF8, 0x0B63,
  0xDDFF, 0x7CFF, 0x9CFF, 0x9CFF, 0x9CFF, 0x9CFF, 0x9CFF, 0x9CFF,
  0x9CFF, 0x9CFF, 0x9CFF, 0x9CFF, 0x9CFF, 0x9CFF, 0x9CFF, 0x9CFF,
  0x9CFF, 0x9CFF, 0x9CFF, 0x9CFF, 0x9CFF, 0x9CFF, 0x9CFF, 0x9CFF,
  0x9CFF, 0x9CFF, 0x9CFF, 0x9CFF, 0x9CFF, 0x9CFF, 0x9CFF, 0x9CFF,
  0x9CFF, 0x9CFF, 0x9CFF, 0x7CFF, 0x9CFF, 0x7CFF, 0x3BF7, 0xFDFF,
  0x9CFF, 0x7BFF, 0x7CFF, 0x7CFF, 0x7CFF, 0x7CFF, 0x7CFF, 0x7CFF,
  0x7BFF, 0x7BFF, 0x7BFF, 0x7BFF, 0x7BFF, 0x5BFF, 0x5BFF, 0x3BFF,
  0x3BFF, 0x9CFF, 0xBDFF, 0x3BFF, 0x74C5, 0x4C73, 0x0421, 0x1FF8,
  0x1FF8, 0x1FF8, 0x1FF8, 0x1FF8, 0x1FF8, 0x1FF8, 0x1FF8, 0x1FF8,
  0x1FF8, 0x1FF8, 0x1FF8, 0x1FF8, 0x1FF8, 0x1FF8, 0x1FF8, 0x1FF8,
  0x1FF8, 0x1FF8, 0x484A, 0x9CFF, 0x9CFF, 0x9CFF, 0x9CFF, 0x9CFF,
  0x9CFF, 0x9CFF, 0x9CFF, 0x9CFF, 0x9CFF, 0x9CFF, 0x9CFF, 0x9CFF,
  0x9CFF, 0x9CFF, 0x9CFF, 0x9CFF, 0x9CFF, 0x9CFF, 0x9CFF, 0x9CFF,
  0x9CFF, 0x9CFF, 0x9CFF, 0x9CFF, 0x9CFF, 0x9CFF, 0x9CFF, 0x9CFF,
  0x9CFF, 0x9CFF, 0x9CFF, 0x9CFF, 0x9CFF, 0x9CFF, 0x9CFF, 0x7CFF,
  0x76D5, 0x2D83, 0x0F84, 0xBCFF, 0xBDFF, 0x5BFF, 0x7CFF, 0x7CFF,
  0x7CFF, 0x7CFF, 0x7CFF, 0x7BFF, 0x7BFF, 0x7BFF, 0x7BFF, 0x5BFF,
  0x5BFF, 0x5BFF, 0x5BFF, 0x5BFF, 0x3BFF, 0x3BFF, 0x5BFF, 0x9CFF,
  0x9CFF, 0x78E6, 0x709C, 0x895A, 0x1FF8, 0x1FF8, 0x1FF8, 0x1FF8,
  0x1FF8, 0x1FF8, 0x1FF8, 0x1FF8, 0x1FF8, 0x1FF8, 0x1FF8, 0x1FF8,
  0x1FF8, 0x1FF8, 0x1FF8, 0x1FF8, 0x1FF8, 0xA639, 0x3AF7, 0xBCFF,
  0x7CFF, 0x9CFF, 0x9CFF, 0x9CFF, 0x9CFF, 0x9CFF, 0x9CFF, 0x9CFF,
  0x9CFF, 0x9CFF, 0x9CFF, 0x9CFF, 0x9CFF, 0x9CFF, 0x9CFF, 0x9CFF,
  0x9CFF, 0x9CFF, 0x9CFF, 0x9CFF, 0x9CFF, 0x9CFF, 0x9CFF, 0x9CFF,
  0x9CFF, 0x9CFF, 0x9CFF, 0x9CFF, 0x9CFF, 0x9CFF, 0x9CFF, 0x9CFF,
  0x7CFF, 0xBCFF, 0xB6D5, 0x52BC, 0x4962, 0x1FF8, 0x895A, 0xB9DE,
  0xFEFF, 0x7BFF, 0x7CFF, 0x7CFF, 0x7CFF, 0x7CFF, 0x7BFF, 0x7BFF,
  0x7BFF, 0x7BFF, 0x5BFF, 0x5BFF, 0x5BFF, 0x5BFF, 0x5BFF, 0x5BFF,
  0x5BFF, 0x3BFF, 0x1BFF, 0x3BFF, 0x7BFF, 0x9CFF, 0x5BFF, 0xD6CD,
  0xEE8B, 0x084A, 0x1FF8, 0x1FF8, 0x1FF8, 0x1FF8, 0x1FF8, 0x1FF8,
  0x1FF8, 0x1FF8, 0x1FF8, 0x1FF8, 0x1FF8, 0x1FF8, 0x1FF8, 0x1FF8,
  0x0421, 0xB9DE, 0xBDFF, 0x7CFF, 0x9CFF, 0x9CFF, 0x9CFF, 0x9CFF,
  0x9CFF, 0x9CFF, 0x9CFF, 0x9CFF, 0x9CFF, 0x9CFF, 0x9CFF, 0x9CFF,
  0x9CFF, 0x9CFF, 0x9CFF, 0x9CFF, 0x9CFF, 0x9CFF, 0x9CFF, 0x9CFF,
  0x9CFF, 0x9CFF, 0x9CFF, 0x9CFF, 0x9CFF, 0x9CFF, 0x9CFF, 0x9CFF,
  0x9CFF, 0x9CFF, 0x9CFF, 0x9CFF, 0x7BFF, 0x14C5, 0x4E8B, 0x1FF8,
  0x1FF8, 0x1FF8, 0x6531, 0x54B5, 0xFDFF, 0x9CFF, 0x5BFF, 0x7CFF,
  0x7CFF, 0x7BFF, 0x7BFF, 0x7BFF, 0x7BFF, 0x5BFF, 0x5BFF, 0x5BFF,
  0x5BFF, 0x5BFF, 0x5BFF, 0x5BFF, 0x3BFF, 0x3BFF, 0x3BFF, 0x3BFF,
  0x1AFF, 0x3BFF, 0x7CFF, 0x9CFF, 0x1AFF, 0xB5CD, 0x8D83, 0x4531,
  0x1FF8, 0x1FF8, 0x1FF8, 0x1FF8, 0x1FF8, 0x1FF8, 0x1FF8, 0x1FF8,
  0x1FF8, 0x1FF8, 0x1FF8, 0x1FF8, 0x16CE, 0xFDFF, 0x7CFF, 0x9CFF,
  0x9CFF, 0x9CFF, 0x9CFF, 0x9CFF, 0x9CFF, 0x9CFF, 0x9CFF, 0x9CFF,
  0x9CFF, 0x9CFF, 0x9CFF, 0x9CFF, 0x9CFF, 0x9CFF, 0x9CFF, 0x9CFF,
  0x9CFF, 0x9CFF, 0x9CFF, 0x9CFF, 0x9CFF, 0x9CFF, 0x9CFF, 0x9CFF,
  0x9CFF, 0x9CFF, 0x9CFF, 0x9CFF, 0x9CFF, 0x9CFF, 0x7CFF, 0xDDFF,
  0x75CD, 0x6218, 0x1FF8, 0x1FF8, 0x1FF8, 0x1FF8, 0x1FF8, 0x6D73,
  0x5BF7, 0xDDFF, 0x5BFF, 0x7BFF, 0x7BFF, 0x7BFF, 0x7BFF, 0x7BFF,
  0x5BFF, 0x5BFF, 0x5BFF, 0x5BFF, 0x5BFF, 0x5BFF, 0x3BFF, 0x3BFF,
  0x3BFF, 0x3BFF, 0x3BFF, 0x3BFF, 0x3BFF, 0x1AFF, 0x1AFF, 0x3BFF,
  0x7BFF, 0x7CFF, 0x98EE, 0xEF8B, 0x2429, 0x1FF8, 0x1FF8, 0x1FF8,
  0x1FF8, 0x1FF8, 0x1FF8, 0x1FF8, 0x1FF8, 0x1FF8, 0x1FF8, 0x33AD,
  0xFDFF, 0x7BFF, 0x9CFF, 0x9CFF, 0x9CFF, 0x9CFF, 0x9CFF, 0x9CFF,
  0x9CFF, 0x9CFF, 0x9CFF, 0x9CFF, 0x9CFF, 0x9CFF, 0x9CFF, 0x9CFF,
  0x9CFF, 0x9CFF, 0x9CFF, 0x9CFF, 0x9CFF, 0x9CFF, 0x9CFF, 0x9CFF,
  0x9CFF, 0x9CFF, 0x9CFF, 0x9CFF, 0x9CFF, 0x9CFF, 0x9CFF, 0x9CFF,
  0x9CFF, 0x7CFF, 0xBCFF, 0x1AE7, 0x284A, 0x1FF8, 0x1FF8, 0x1FF8,
  0x1FF8, 0x1FF8, 0x1FF8, 0xE741, 0xF6C5, 0xFDFF, 0x7BFF, 0x5BFF,
  0x7BFF, 0x7BFF, 0x5BFF, 0x5BFF, 0x5BFF, 0x5BFF, 0x5BFF, 0x5BFF,
  0x5BFF, 0x3BFF, 0x3BFF, 0x3BFF, 0x3BFF, 0x3BFF, 0x3BFF, 0x3BFF,
  0x1AFF, 0x1AFF, 0x1AFF, 0xFAFE, 0xFAFE, 0x3BFF, 0x7CFF, 0x78E6,
  0x4C73, 0x1FF8, 0x1FF8, 0x1FF8, 0x1FF8, 0x1FF8, 0x1FF8, 0x1FF8,
  0x1FF8, 0x1FF8, 0x5094, 0xFEFF, 0x7BFF, 0x9CFF, 0x9CFF, 0x9CFF,
  0x9CFF, 0x9CFF, 0x9CFF, 0x9CFF, 0x9CFF, 0x9CFF, 0x9CFF, 0x9CFF,
  0x9CFF, 0x9CFF, 0x9CFF, 0x9CFF, 0x9CFF, 0x9CFF, 0x9CFF, 0x9CFF,
  0x9CFF, 0x9CFF, 0x9CFF, 0x9CFF, 0x9CFF, 0x9CFF, 0x9CFF, 0x9CFF,
  0x9CFF, 0x9CFF, 0x9CFF, 0x9CFF, 0x9CFF, 0x7BFF, 0xFDFF, 0x98DE,
  0x0421, 0x1FF8, 0x1FF8, 0x1FF8, 0x1FF8, 0x1FF8, 0x1FF8, 0x1FF8,
  0x9194, 0xDDFF, 0xDDFF, 0x5BFF, 0x5BFF, 0x5BFF, 0x5BFF, 0x5BFF,
  0x5BFF, 0x5BFF, 0x5BFF, 0x3BFF, 0x3BFF, 0x3BFF, 0x3BFF, 0x3BFF,
  0x3BFF, 0x3BFF, 0x3BFF, 0x1AFF, 0x1AFF, 0x1AFF, 0x1AFF, 0x1AFF,
  0xFAFE, 0xFAFE, 0x3BFF, 0x7CFF, 0xD2AC, 0xC320, 0x1FF8, 0x1FF8,
  0x1FF8, 0x1FF8, 0x1FF8, 0x1FF8, 0x1FF8, 0x6D73, 0xFEFF, 0x7CFF,
  0x9CFF, 0x9CFF, 0x9CFF, 0x9CFF, 0x9CFF, 0x9CFF, 0x9CFF, 0x9CFF,
  0x9CFF, 0x9CFF, 0x9CFF, 0x9CFF, 0x9CFF, 0x9CFF, 0x9CFF, 0x9CFF,
  0x9CFF, 0x9CFF, 0x9CFF, 0x9CFF, 0x9CFF, 0x9CFF, 0x9CFF, 0x9CFF,
  0x9CFF, 0x9CFF, 0x9CFF, 0x9CFF, 0x9CFF, 0x9CFF, 0x9CFF, 0x9CFF,
  0x9CFF, 0x7BFF, 0xFEFF, 0x53B5, 0x1FF8, 0x1FF8, 0x1FF8, 0x1FF8,
  0x1FF8, 0x1FF8, 0x1FF8, 0x1FF8, 0xCA62, 0x57D6, 0xDDFF, 0x7CFF,
  0x5BFF, 0x5BFF, 0x5BFF, 0x5BFF, 0x5BFF, 0x5BFF, 0x3BFF, 0x3BFF,
  0x3BFF, 0x3BFF, 0x3BFF, 0x3BFF, 0x3BFF, 0x3BFF, 0x1AFF, 0x1AFF,
  0x1AFF, 0x1AFF, 0x1AFF, 0x1AFF, 0x1AFF, 0xFAFE, 0xDAFE, 0x9CFF,
  0xB5CD, 0x0429, 0x1FF8, 0x1FF8, 0x1FF8, 0x1FF8, 0x1FF8, 0x1FF8,
  0x8952, 0xBCFF, 0x9CFF, 0x9CFF, 0x9CFF, 0x9CFF, 0x9CFF, 0x9CFF,
  0x9CFF, 0x9CFF, 0x9CFF, 0x9CFF, 0x9CFF, 0x9CFF, 0x9CFF, 0x9CFF,
  0x9CFF, 0x9CFF, 0x9CFF, 0x9CFF, 0x9CFF, 0x9CFF, 0x9CFF, 0x9CFF,
  0x9CFF, 0x9CFF, 0x9CFF, 0x9CFF, 0x9CFF, 0x9CFF, 0x9CFF, 0x9CFF,
  0x9CFF, 0x9CFF, 0x9CFF, 0x9CFF, 0x9CFF, 0x7BFF, 0xFEFF, 0xEF83,
  0x1FF8, 0x1FF8, 0x1FF8, 0x1FF8, 0x1FF8, 0x1FF8, 0x1FF8, 0x1FF8,
  0xC318, 0x0F8C, 0x5BF7, 0xDDFF, 0x3BFF, 0x5BFF, 0x5BFF, 0x5BFF,
  0x5BFF, 0x3BFF, 0x3BFF, 0x3BFF, 0x3BFF, 0x3BFF, 0x3BFF, 0x3BFF,
  0x1AFF, 0x1AFF, 0x1AFF, 0x1AFF, 0x1AFF, 0x1AFF, 0x1AFF, 0x1AFF,
  0xFAFE, 0xFAFE, 0xDAFE, 0x7CFF, 0xF6D5, 0x4429, 0x1FF8, 0x1FF8,
  0x1FF8, 0x1FF8, 0x1FF8, 0x8531, 0x3BF7, 0xBCFF, 0x7CFF, 0x9CFF,
  0x9CFF, 0x9CFF, 0x9CFF, 0x9CFF, 0x9CFF, 0x9CFF, 0x9CFF, 0x9CFF,
  0x9CFF, 0x9CFF, 0x9CFF, 0x9CFF, 0x9CFF, 0x9CFF, 0x9CFF, 0x9CFF,
  0x9CFF, 0x9CFF, 0x9CFF, 0x9CFF, 0x9CFF, 0x9CFF, 0x9CFF, 0x7CFF,
  0x7CFF, 0x9CFF, 0x9CFF, 0x9CFF, 0x9CFF, 0x9CFF, 0x9CFF, 0x7CFF,
  0x7CFF, 0x7CFF, 0xDDFF, 0x0B6B, 0x1FF8, 0x1FF8, 0x1FF8, 0x1FF8,
  0x1FF8, 0x1FF8, 0x1FF8, 0x1FF8, 0x1FF8, 0x284A, 0xB5C5, 0xBDFF,
  0x9CFF, 0x3BFF, 0x5BFF, 0x3BFF, 0x3BFF, 0x3BFF, 0x3BFF, 0x3BFF,
  0x3BFF, 0x3BFF, 0x3BFF, 0x1AFF, 0x1AFF, 0x1AFF, 0x1AFF, 0x1AFF,
  0x1AFF, 0x1AFF, 0x1AFF, 0xFAFE, 0xFAFE, 0xFAFE, 0xD9FE, 0x7CFF,
  0xD6D5, 0x2429, 0x1FF8, 0x1FF8, 0x1FF8, 0x1FF8, 0x1FF8, 0x57D6,
  0xDDFF, 0x7CFF, 0x9CFF, 0x9CFF, 0x9CFF, 0x9CFF, 0x9CFF, 0x9CFF,
  0x9CFF, 0x9CFF, 0x9CFF, 0x9CFF, 0x9CFF, 0x9CFF, 0x9CFF, 0x9CFF,
  0x9CFF, 0x9CFF, 0x9CFF, 0x9CFF, 0x9CFF, 0x9CFF, 0x9CFF, 0x9CFF,
  0x7CFF, 0x9CFF, 0xBCFF, 0xBCFF, 0x7CFF, 0x9CFF, 0x9CFF, 0x9CFF,
  0x9CFF, 0x9CFF, 0x7CFF, 0x7CFF, 0x7CFF, 0x9CFF, 0x9CF7, 0x895A,
  0x1FF8, 0x1FF8, 0x1FF8, 0x1FF8, 0x1FF8, 0x1FF8, 0x1FF8, 0x1FF8,
  0x1FF8, 0x1FF8, 0x2C6B, 0x78DE, 0xDDFF, 0x5BFF, 0x3BFF, 0x3BFF,
  0x3BFF, 0x3BFF, 0x3BFF, 0x3BFF, 0x3BFF, 0x1AFF, 0x1AFF, 0x1AFF,
  0x1AFF, 0x1AFF, 0x1AFF, 0x1AFF, 0x1AFF, 0xFAFE, 0xFAFE, 0xFAFE,
  0xFAFE, 0xFAFE, 0xD9FE, 0x9CFF, 0x95CD, 0x1FF8, 0x1FF8, 0x1FF8,
  0x1FF8, 0x1FF8, 0x13AD, 0xFEFF, 0x7BFF, 0x9CFF, 0x9CFF, 0x9CFF,
  0x9CFF, 0x9CFF, 0x9CFF, 0x9CFF, 0x9CFF, 0x9CFF, 0x9CFF, 0x9CFF,
  0x9CFF, 0x9CFF, 0x9CFF, 0x9CFF, 0x9CFF, 0x9CFF, 0x9CFF, 0x9CFF,
  0x9CFF, 0x9CFF, 0x7CFF, 0x9CFF, 0xBCFF, 0xF7D5, 0x38DE, 0xDDFF,
  0x7CFF, 0x9CFF, 0x9CFF, 0x9CFF, 0x7CFF, 0x7CFF, 0x7CFF, 0x7CFF,
  0x7BFF, 0xBDFF, 0x1AEF, 0xC641, 0x1FF8, 0x1FF8, 0x1FF8, 0x1FF8,
  0x1FF8, 0x1FF8, 0x1FF8, 0x1FF8, 0x1FF8, 0x1FF8, 0x0429, 0x7094,
  0x7BFF, 0x9CFF, 0x1AFF, 0x3BFF, 0x3BFF, 0x3BFF, 0x3BFF, 0x3BFF,
  0x1AFF, 0x1AFF, 0x1AFF, 0x1AFF, 0x1AFF, 0x1AFF, 0x1AFF, 0x1AFF,
  0xFAFE, 0xFAFE, 0xFAFE, 0xFAFE, 0xFAFE, 0xFAFE, 0xD9F6, 0x9CFF,
  0x4C7B, 0x1FF8, 0x1FF8, 0x1FF8, 0x1FF8, 0xEE83, 0xFEFF, 0x7BFF,
  0x9CFF, 0x9CFF, 0x9CFF, 0x9CFF, 0x9CFF, 0x9CFF, 0x9CFF, 0x9CFF,
  0x9CFF, 0x9CFF, 0x9CFF, 0x9CFF, 0x9CFF, 0x9CFF, 0x9CFF, 0x9CFF,
  0x9CFF, 0x9CFF, 0x9CFF, 0x9CFF, 0x9CFF, 0x9CFF, 0x5BF7, 0x55CD,
  0x32B4, 0xB09B, 0x919C, 0xFDFF, 0x7BFF, 0x9CFF, 0x7CFF, 0x7CFF,
  0x7CFF, 0x7CFF, 0x7CFF, 0x7CFF, 0x5BFF, 0xDDFF, 0x98DE, 0x6531,
  0x1FF8, 0x1FF8, 0x1FF8, 0x1FF8, 0x1FF8, 0x1FF8, 0x1FF8, 0x1FF8,
  0x1FF8, 0x1FF8, 0x1FF8, 0x6952, 0xF6CD, 0xBCFF, 0x5BFF, 0x1AFF,
  0x3BFF, 0x3BFF, 0x3BFF, 0x1AFF, 0x1AFF, 0x1AFF, 0x1AFF, 0x1AFF,
  0x1AFF, 0x1AFF, 0xFAFE, 0xFAFE, 0xFAFE, 0xFAFE, 0xFAFE, 0xFAFE,
  0xFAFE, 0xFAFE, 0x5BFF, 0x17DE, 0x4108, 0x1FF8, 0x1FF8, 0x1FF8,
  0xCA5A, 0xDDFF, 0x7CFF, 0x9CFF, 0x9CFF, 0x9CFF, 0x9CFF, 0x9CFF,
  0x9CFF, 0x9CFF, 0x9CFF, 0x9CFF, 0x9CFF, 0x9CFF, 0x9CFF, 0x9CFF,
  0x9CFF, 0x9CFF, 0x9CFF, 0x9CFF, 0x9CFF, 0x9CFF, 0x9CFF, 0x9CFF,
  0x7CFF, 0x35CD, 0x11AC, 0xB3C4, 0x6A62, 0x8210, 0x78DE, 0xDDFF,
  0x7BFF, 0x7CFF, 0x7CFF, 0x7CFF, 0x7CFF, 0x7CFF, 0x7CFF, 0x7CFF,
  0x5BFF, 0xFDFF, 0xF6CD, 0xC318, 0x1FF8, 0x1FF8, 0x1FF8, 0x1FF8,
  0x1FF8, 0x1FF8, 0x1FF8, 0x1FF8, 0x1FF8, 0x1FF8, 0x1FF8, 0x1FF8,
  0xAD7B, 0xB9EE, 0x9CFF, 0x3BFF, 0x1AFF, 0x1AFF, 0x1AFF, 0x1AFF,
  0x1AFF, 0x1AFF, 0x1AFF, 0x1AFF, 0x1AFF, 0xFAFE, 0xFAFE, 0xFAFE,
  0xFAFE, 0xFAFE, 0xFAFE, 0xFAFE, 0xFAFE, 0x1AFF, 0x78EE, 0x6539,
  0x1FF8, 0x1FF8, 0x1FF8, 0xA639, 0x3BF7, 0xBCFF, 0x7CFF, 0x9CFF,
  0x9CFF, 0x9CFF, 0x9CFF, 0x9CFF, 0x9CFF, 0x9CFF, 0x9CFF, 0x9CFF,
  0x9CFF, 0x9CFF, 0x9CFF, 0x9CFF, 0x9CFF, 0x9CFF, 0x9CFF, 0x9CFF,
  0x9CFF, 0x9CFF, 0x9CFF, 0x9CFF, 0x109C, 0x52B4, 0x6A62, 0x1FF8,
  0x1FF8, 0x284A, 0x7BF7, 0xBCFF, 0x7CFF, 0x7CFF, 0x7CFF, 0x7CFF,
  0x7CFF, 0x7CFF, 0x7CFF, 0x7CFF, 0x5BFF, 0xFDFF, 0x95BD, 0xA218,
  0x1FF8, 0x1FF8, 0x1FF8, 0x1FF8, 0x1FF8, 0x1FF8, 0x1FF8, 0x1FF8,
  0x1FF8, 0x1FF8, 0x1FF8, 0x1FF8, 0x6531, 0xD2AC, 0x7CFF, 0x7BFF,
  0xFAFE, 0x1AFF, 0x1AFF, 0x1AFF, 0x1AFF, 0x1AFF, 0x1AFF, 0xFAFE,
  0xFAFE, 0xFAFE, 0xFAFE, 0xFAFE, 0xFAFE, 0xFAFE, 0xFAFE, 0xFAFE,
  0x3BFF, 0xB5CD, 0x4C83, 0xE751, 0x1FF8, 0x1FF8, 0x1FF8, 0x37CE,
  0xDDFF, 0x7CFF, 0x9CFF, 0x9CFF, 0x9CFF, 0x9CFF, 0x9CFF, 0x9CFF,
  0x9CFF, 0x9CFF, 0x9CFF, 0x9CFF, 0x7CFF, 0x7CFF, 0x9CFF, 0x9CFF,
  0x9CFF, 0x9CFF, 0x9CFF, 0x9CFF, 0x9CFF, 0x7BFF, 0xFDFF, 0x33B5,
  0x4539, 0x1FF8, 0x1FF8, 0x1FF8, 0x1FF8, 0x895A, 0xDDFF, 0x7BFF,
  0x7CFF, 0x7CFF, 0x7CFF, 0x7CFF, 0x7CFF, 0x7CFF, 0x7CFF, 0x7BFF,
  0x5BFF, 0xFDFF, 0x54B5, 0x8210, 0x1FF8, 0x1FF8, 0x1FF8, 0x1FF8,
  0x1FF8, 0x1FF8, 0x1FF8, 0x1FF8, 0x1FF8, 0x1FF8, 0x1FF8, 0x1FF8,
  0x1FF8, 0xEB6A, 0x58DE, 0x9CFF, 0x3BFF, 0xFAFE, 0x1AFF, 0x1AFF,
  0x1AFF, 0xFAFE, 0xFAFE, 0xFAFE, 0xFAFE, 0xFAFE, 0xFAFE, 0xFAFE,
  0xFAFE, 0xFAFE, 0xDAFE, 0x5BFF, 0x91A4, 0x91C4, 0xAA72, 0x1FF8,
  0x1FF8, 0x1FF8, 0x919C, 0xFEFF, 0x7BFF, 0x9CFF, 0x9CFF, 0x9CFF,
  0x9CFF, 0x9CFF, 0x9CFF, 0x9CFF, 0x9CFF, 0x7CFF, 0x9CFF, 0xBCFF,
  0xBDFF, 0x9CFF, 0x9CFF, 0x9CFF, 0x9CFF, 0x9CFF, 0x9CFF, 0x9CFF,
  0x9CFF, 0xBCFF, 0x5BF7, 0x8531, 0x1FF8, 0x1FF8, 0x1FF8, 0x1FF8,
  0x1FF8, 0x919C, 0xFEFF, 0x5BFF, 0x7CFF, 0x7CFF, 0x7CFF, 0x7CFF,
  0x7CFF, 0x7BFF, 0x7BFF, 0x7BFF, 0x5BFF, 0xFDFF, 0x54B5, 0xA218,
  0x1FF8, 0x1FF8, 0x1FF8, 0x1FF8, 0x1FF8, 0x1FF8, 0x1FF8, 0x1FF8,
  0x1FF8, 0x1FF8, 0x1FF8, 0x1FF8, 0x1FF8, 0x0429, 0xEF8B, 0xB9EE,
  0x9CFF, 0x5BFF, 0xFAFE, 0xFAFE, 0xFAFE, 0xFAFE, 0xFAFE, 0xFAFE,
  0xFAFE, 0xFAFE, 0xFAFE, 0xFAFE, 0xFAFE, 0xFAFE, 0x1AFF, 0xB6DD,
  0xF6FD, 0x896A, 0x1FF8, 0x1FF8, 0x1FF8, 0x6D73, 0xFDFF, 0x7CFF,
  0x9CFF, 0x9CFF, 0x9CFF, 0x9CFF, 0x9CFF, 0x9CFF, 0x9CFF, 0x9CFF,
  0xBCFF, 0x7CFF, 0x79E6, 0xF7D5, 0x7BF7, 0x9CFF, 0x7CFF, 0x9CFF,
  0x9CFF, 0x9CFF, 0x9CFF, 0x9CFF, 0x7BFF, 0xFEFF, 0x5094, 0x1FF8,
  0x1FF8, 0x1FF8, 0x1FF8, 0x1FF8, 0xC318, 0xB9DE, 0xDDFF, 0x7BFF,
  0x7CFF, 0x7CFF, 0x7CFF, 0x7BFF, 0x7BFF, 0x7BFF, 0x7BFF, 0x7BFF,
  0x3BFF, 0xFDFF, 0x95BD, 0xC318, 0x1FF8, 0x1FF8, 0x1FF8, 0x1FF8,
  0x1FF8, 0x1FF8, 0x1FF8, 0x1FF8, 0x1FF8, 0x1FF8, 0x1FF8, 0x1FF8,
  0x1FF8, 0x1FF8, 0x6531, 0xEF8B, 0x78E6, 0x7CFF, 0x5BFF, 0xFAFE,
  0xFAFE, 0xFAFE, 0xFAFE, 0xFAFE, 0xFAFE, 0xFAFE, 0xFAFE, 0xDAFE,
  0x1AFF, 0xFAFE, 0x58FE, 0xD6F5, 0x4539, 0x1FF8, 0x1FF8, 0x1FF8,
  0x4C6B, 0xFDFF, 0x7CFF, 0x9CFF, 0x9CFF, 0x9CFF, 0x9CFF, 0x9CFF,
  0x9CFF, 0x9CFF, 0x5BFF, 0x17DE, 0xD3BC, 0x52B4, 0xB0A3, 0xB2A4,
  0xDDFF, 0x7CFF, 0x9CFF, 0x9CFF, 0x9CFF, 0x9CFF, 0x9CFF, 0x7CFF,
  0xDDFF, 0xD9E6, 0xE420, 0x1FF8, 0x1FF8, 0x1FF8, 0x1FF8, 0x1FF8,
  0x6952, 0xBDFF, 0x7CFF, 0x7CFF, 0x7CFF, 0x7BFF, 0x7BFF, 0x7BFF,
  0x7BFF, 0x7BFF, 0x5BFF, 0x5BFF, 0x3BFF, 0xDDFF, 0xB5C5, 0xE420,
  0x1FF8, 0x1FF8, 0x1FF8, 0x1FF8, 0x1FF8, 0x1FF8, 0x1FF8, 0x1FF8,
  0x1FF8, 0x1FF8, 0x1FF8, 0x1FF8, 0x1FF8, 0x1FF8, 0x1FF8, 0x2429,
  0x6D7B, 0xF6D5, 0x5BFF, 0x7BFF, 0x1AFF, 0xDAFE, 0xDAFE, 0xDAFE,
  0xFAFE, 0xFAFE, 0x5BFF, 0x78E6, 0xD6ED, 0x98FE, 0xEB7A, 0x1FF8,
  0x1FF8, 0x1FF8, 0x1FF8, 0x4C73, 0xFDFF, 0x7CFF, 0x9CFF, 0x9CFF,
  0x9CFF, 0x9CFF, 0x9CFF, 0x7CFF, 0xBDFF, 0x17DE, 0x11B4, 0x93BC,
  0x52B4, 0x2D83, 0x695A, 0x9CFF, 0x9CFF, 0x9CFF, 0x9CFF, 0x9CFF,
  0x9CFF, 0x9CFF, 0x9CFF, 0x7CFF, 0xFDFF, 0x6D73, 0x1FF8, 0x1FF8,
  0x1FF8, 0x1FF8, 0x1FF8, 0x1FF8, 0x2F8C, 0xFEFF, 0x5BFF, 0x7BFF,
  0x7BFF, 0x7BFF, 0x7BFF, 0x7BFF, 0x7BFF, 0x5BFF, 0x5BFF, 0x5BFF,
  0x3BFF, 0xDDFF, 0xF6CD, 0x2429, 0x1FF8, 0x1FF8, 0x1FF8, 0x1FF8,
  0x1FF8, 0x1FF8, 0x1FF8, 0x1FF8, 0x1FF8, 0x1FF8, 0x1FF8, 0x1FF8,
  0x1FF8, 0x1FF8, 0x1FF8, 0x1FF8, 0x1FF8, 0xCA62, 0xB2AC, 0xB9F6,
  0x7CFF, 0x5BFF, 0x5BFF, 0x5BFF, 0x1BFF, 0x74C5, 0x6D8B, 0x13D5,
  0x0C83, 0x1FF8, 0x1FF8, 0x1FF8, 0x1FF8, 0x1FF8, 0x2C6B, 0xFDFF,
  0x7CFF, 0x9CFF, 0x9CFF, 0x9CFF, 0x9CFF, 0x9CFF, 0x7BFF, 0xFDFF,
  0x919C, 0xAB72, 0x6A62, 0x2531, 0x1FF8, 0xC318, 0xB9E6, 0xDDFF,
  0x7CFF, 0x9CFF, 0x9CFF, 0x9CFF, 0x9CFF, 0x7CFF, 0x7BFF, 0xDDFF,
  0x37D6, 0x1FF8, 0x1FF8, 0x1FF8, 0x1FF8, 0x1FF8, 0x1FF8, 0x8210,
  0x37D6, 0xDDFF, 0x5BFF, 0x7BFF, 0x7BFF, 0x7BFF, 0x7BFF, 0x5BFF,
  0x5BFF, 0x5BFF, 0x5BFF, 0x5BFF, 0x3BFF, 0xBDFF, 0x37D6, 0x6531,
  0x1FF8, 0x1FF8, 0x1FF8, 0x1FF8, 0x1FF8, 0x1FF8, 0x1FF8, 0x1FF8,
  0x1FF8, 0x1FF8, 0x1FF8, 0x1FF8, 0x1FF8, 0x1FF8, 0x1FF8, 0x1FF8,
  0x1FF8, 0x1FF8, 0x6531, 0xAE83, 0xB1A4, 0x2C73, 0x895A, 0x074A,
  0x8641, 0xAA72, 0xA641, 0x1FF8, 0x1FF8, 0x1FF8, 0x1FF8, 0x1FF8,
  0x1FF8, 0x0B6B, 0xDDFF, 0x7CFF, 0x9CFF, 0x9CFF, 0x9CFF, 0x9CFF,
  0x9CFF, 0x7BFF, 0xFDFF, 0x4D73, 0x1FF8, 0x1FF8, 0x1FF8, 0x1FF8,
  0x1FF8, 0xB5BD, 0xFDFF, 0x7CFF, 0x9CFF, 0x9CFF, 0x7CFF, 0x7CFF,
  0x7CFF, 0x7CFF, 0x7BFF, 0xFDFF, 0x0B6B, 0x1FF8, 0x1FF8, 0x1FF8,
  0x1FF8, 0x1FF8, 0x1FF8, 0x084A, 0x9CFF, 0x7BFF, 0x7BFF, 0x7BFF,
  0x7BFF, 0x5BFF, 0x5BFF, 0x5BFF, 0x5BFF, 0x5BFF, 0x5BFF, 0x5BFF,
  0x1BFF, 0xBCFF, 0x58DE, 0xC741, 0x1FF8, 0x1FF8, 0x1FF8, 0x1FF8,
  0x1FF8, 0x1FF8, 0x1FF8, 0x1FF8, 0x1FF8, 0x1FF8, 0x1FF8, 0x1FF8,
  0x1FF8, 0x1FF8, 0x1FF8, 0x1FF8, 0x1FF8, 0x1FF8, 0x1FF8, 0x1FF8,
  0x1FF8, 0x1FF8, 0x1FF8, 0x1FF8, 0x1FF8, 0x1FF8, 0x1FF8, 0x1FF8,
  0x1FF8, 0x1FF8, 0x1FF8, 0x1FF8, 0x0B6B, 0xDDFF, 0x7CFF, 0x9CFF,
  0x9CFF, 0x9CFF, 0x9CFF, 0x9CFF, 0x7CFF, 0xFDFF, 0x0B6B, 0x1FF8,
  0x1FF8, 0x1FF8, 0x1FF8, 0x1FF8, 0x5094, 0xFEFF, 0x7BFF, 0x7CFF,
  0x7CFF, 0x7CFF, 0x7CFF, 0x7CFF, 0x7CFF, 0x7BFF, 0xDDFF, 0x78DE,
  0xA218, 0x1FF8, 0x1FF8, 0x1FF8, 0x1FF8, 0x1FF8, 0x1FF8, 0x5094,
  0xFEFF, 0x3BFF, 0x7BFF, 0x5BFF, 0x5BFF, 0x5BFF, 0x5BFF, 0x5BFF,
  0x5BFF, 0x5BFF, 0x5BFF, 0x3BFF, 0x1AFF, 0x9CFF, 0x1AEF, 0xAD83,
  0x1FF8, 0x1FF8, 0x1FF8, 0x1FF8, 0x1FF8, 0x1FF8, 0x1FF8, 0x1FF8,
  0x1FF8, 0x1FF8, 0x1FF8, 0x1FF8, 0x1FF8, 0x1FF8, 0x1FF8, 0x1FF8,
  0x1FF8, 0x1FF8, 0x1FF8, 0x1FF8, 0x1FF8, 0x1FF8, 0x1FF8, 0x1FF8,
  0x1FF8, 0x1FF8, 0x1FF8, 0x1FF8, 0x1FF8, 0x1FF8, 0x1FF8, 0xEB62,
  0xDDFF, 0x7CFF, 0x9CFF, 0x9CFF, 0x9CFF, 0x9CFF, 0x9CFF, 0x9CFF,
  0xDDFF, 0xAA5A, 0x1FF8, 0x1FF8, 0x1FF8, 0x1FF8, 0x1FF8, 0xAA5A,
  0xBCFF, 0x9CFF, 0x7CFF, 0x7CFF, 0x7CFF, 0x7CFF, 0x7CFF, 0x7CFF,
  0x7CFF, 0x5BFF, 0xFEFF, 0xAE7B, 0x1FF8, 0x1FF8, 0x1FF8, 0x1FF8,
  0x1FF8, 0x1FF8, 0xC318, 0x57D6, 0xBDFF, 0x5BFF, 0x5BFF, 0x5BFF,
  0x5BFF, 0x5BFF, 0x5BFF, 0x5BFF, 0x5BFF, 0x3BFF, 0x3BFF, 0x3BFF,
  0x1AFF, 0x5BFF, 0x9CFF, 0x0F94, 0x1FF8, 0x1FF8, 0x1FF8, 0x1FF8,
  0x1FF8, 0x1FF8, 0x1FF8, 0x1FF8, 0x1FF8, 0x1FF8, 0x1FF8, 0x1FF8,
  0x1FF8, 0x1FF8, 0x1FF8, 0x1FF8, 0x1FF8, 0x1FF8, 0x1FF8, 0x1FF8,
  0x1FF8, 0x1FF8, 0x1FF8, 0x1FF8, 0x1FF8, 0x1FF8, 0x1FF8, 0x1FF8,
  0x1FF8, 0x1FF8, 0x6952, 0xBCFF, 0x9CFF, 0x9CFF, 0x9CFF, 0x9CFF,
  0x9CFF, 0x9CFF, 0x9CFF, 0x9CFF, 0x6952, 0x1FF8, 0x1FF8, 0x1FF8,
  0x1FF8, 0x1FF8, 0x1FF8, 0x58D6, 0xDDFF, 0x7BFF, 0x7CFF, 0x7CFF,
  0x7CFF, 0x7CFF, 0x7CFF, 0x7CFF, 0x7CFF, 0x9CFF, 0x3BEF, 0x0421,
  0x1FF8, 0x1FF8, 0x1FF8, 0x1FF8, 0x1FF8, 0x1FF8, 0x484A, 0x7CFF,
  0x7BFF, 0x5BFF, 0x5BFF, 0x5BFF, 0x5BFF, 0x5BFF, 0x5BFF, 0x3BFF,
  0x3BFF, 0x3BFF, 0x3BFF, 0x3BFF, 0x1AFF, 0x3BFF, 0xBCFF, 0x509C,
  0x1FF8, 0x1FF8, 0x1FF8, 0x1FF8, 0x1FF8, 0x1FF8, 0x1FF8, 0x1FF8,
  0x1FF8, 0x1FF8, 0x1FF8, 0x1FF8, 0x1FF8, 0x1FF8, 0x1FF8, 0x1FF8,
  0x1FF8, 0x1FF8, 0x1FF8, 0x1FF8, 0x1FF8, 0x1FF8, 0x1FF8, 0x1FF8,
  0x1FF8, 0x1FF8, 0x1FF8, 0x1FF8, 0x1FF8, 0xAA5A, 0xBDFF, 0x9CFF,
  0x9CFF, 0x9CFF, 0x9CFF, 0x9CFF, 0x7CFF, 0xBCFF, 0x5BF7, 0x084A,
  0x1FF8, 0x1FF8, 0x1FF8, 0x1FF8, 0x1FF8, 0x1FF8, 0x7094, 0xFEFF,
  0x5BFF, 0x7CFF, 0x7CFF, 0x7CFF, 0x7CFF, 0x7CFF, 0x7CFF, 0x7CFF,
  0x5BFF, 0xFDFF, 0xF2AC, 0x1FF8, 0x1FF8, 0x1FF8, 0x1FF8, 0x1FF8,
  0x1FF8, 0x1FF8, 0xAE83, 0xDDFF, 0x3BFF, 0x5BFF, 0x5BFF, 0x5BFF,
  0x5BFF, 0x5BFF, 0x3BFF, 0x3BFF, 0x3BFF, 0x3BFF, 0x3BFF, 0x3BFF,
  0x1AFF, 0x1AFF, 0x9CFF, 0x5094, 0x1FF8, 0x1FF8, 0x1FF8, 0x1FF8,
  0x1FF8, 0x1FF8, 0x1FF8, 0x1FF8, 0x1FF8, 0x1FF8, 0x1FF8, 0x1FF8,
  0x1FF8, 0x1FF8, 0x1FF8, 0x1FF8, 0x1FF8, 0x1FF8, 0x1FF8, 0x1FF8,
  0x1FF8, 0x1FF8, 0x1FF8, 0x1FF8, 0x1FF8, 0x1FF8, 0x1FF8, 0x1FF8,
  0xEB62, 0xDDFF, 0x7CFF, 0x7CFF, 0x7CFF, 0x7CFF, 0x7CFF, 0x7CFF,
  0xBCFF, 0x3BF7, 0xE741, 0x1FF8, 0x1FF8, 0x1FF8, 0x1FF8, 0x1FF8,
  0x1FF8, 0x8952, 0xBCFF, 0x9CFF, 0x7CFF, 0x7CFF, 0x7CFF, 0x7CFF,
  0x7CFF, 0x7CFF, 0x7CFF, 0x7CFF, 0x5BFF, 0xFEFF, 0xCE83, 0x1FF8,
  0x1FF8, 0x1FF8, 0x1FF8, 0x1FF8, 0x1FF8, 0x1FF8, 0x12AD, 0xDDFF,
  0x3BFF, 0x5BFF, 0x5BFF, 0x5BFF, 0x3BFF, 0x3BFF, 0x3BFF, 0x3BFF,
  0x3BFF, 0x3BFF, 0x3BFF, 0x3BFF, 0x1AFF, 0x1AFF, 0x9CFF, 0x709C,
  0x1FF8, 0x1FF8, 0x1FF8, 0x1FF8, 0x1FF8, 0x1FF8, 0x1FF8, 0x1FF8,
  0x1FF8, 0x1FF8, 0x1FF8, 0x1FF8, 0x1FF8, 0x1FF8, 0x1FF8, 0x1FF8,
  0x1FF8, 0x1FF8, 0x1FF8, 0x1FF8, 0x1FF8, 0x1FF8, 0x1FF8, 0x1FF8,
  0x1FF8, 0x1FF8, 0x1FF8, 0x0B63, 0xDDFF, 0x7CFF, 0x7CFF, 0x7CFF,
  0x7CFF, 0x7CFF, 0x7CFF, 0xBCFF, 0x3BF7, 0xE741, 0x1FF8, 0x1FF8,
  0x1FF8, 0x1FF8, 0x1FF8, 0x1FF8, 0x1FF8, 0x17D6, 0xDDFF, 0x7BFF,
  0x7CFF, 0x7CFF, 0x7CFF, 0x7CFF, 0x7CFF, 0x7BFF, 0x7BFF, 0x7BFF,
  0x9CFF, 0x5BF7, 0xE741, 0x1FF8, 0x1FF8, 0x1FF8, 0x1FF8, 0x1FF8,
  0x1FF8, 0xC318, 0x37D6, 0xBCFF, 0x3BFF, 0x5BFF, 0x3BFF, 0x3BFF,
  0x3BFF, 0x3BFF, 0x3BFF, 0x3BFF, 0x3BFF, 0x3BFF, 0x3BFF, 0x1AFF,
  0x1AFF, 0xFAFE, 0x9CFF, 0xF2B4, 0x1FF8, 0x1FF8, 0x1FF8, 0x1FF8,
  0x1FF8, 0x1FF8, 0x1FF8, 0x1FF8, 0x1FF8, 0x1FF8, 0x1FF8, 0x1FF8,
  0x1FF8, 0x1FF8, 0x1FF8, 0x1FF8, 0x1FF8, 0x1FF8, 0x1FF8, 0x1FF8,
  0x1FF8, 0x1FF8, 0x1FF8, 0x1FF8, 0x1FF8, 0x1FF8, 0x4C73, 0xFDFF,
  0x7BFF, 0x7CFF, 0x7CFF, 0x7CFF, 0x7CFF, 0x7CFF, 0xBDFF, 0xFAEE,
  0xA639, 0x1FF8, 0x1FF8, 0x1FF8, 0x1FF8, 0x1FF8, 0x1FF8, 0x1FF8,
  0xEE83, 0xFDFF, 0x5BFF, 0x7CFF, 0x7CFF, 0x7BFF, 0x7BFF, 0x7BFF,
  0x7BFF, 0x7BFF, 0x7BFF, 0x5BFF, 0xDDFF, 0xD6CD, 0x1FF8, 0x1FF8,
  0x1FF8, 0x1FF8, 0x1FF8, 0x1FF8, 0x1FF8, 0x8531, 0x1AEF, 0x7BFF,
  0x3BFF, 0x3BFF, 0x3BFF, 0x3BFF, 0x3BFF, 0x3BFF, 0x3BFF, 0x3BFF,
  0x1AFF, 0x1AFF, 0x1AFF, 0x1AFF, 0x1AFF, 0xFAFE, 0x9CFF, 0x33B5,
  0x1FF8, 0x1FF8, 0x1FF8, 0x1FF8, 0x1FF8, 0x1FF8, 0x1FF8, 0x1FF8,
  0x1FF8, 0x1FF8, 0x1FF8, 0x1FF8, 0x1FF8, 0x1FF8, 0x1FF8, 0x1FF8,
  0x1FF8, 0x1FF8, 0x1FF8, 0x1FF8, 0x1FF8, 0x1FF8, 0x1FF8, 0x1FF8,
  0x1FF8, 0xAE7B, 0xFEFF, 0x7BFF, 0x7CFF, 0x7CFF, 0x7CFF, 0x7CFF,
  0x7CFF, 0xBDFF, 0xD9E6, 0x8531, 0x1FF8, 0x1FF8, 0x1FF8, 0x1FF8,
  0x1FF8, 0x1FF8, 0x1FF8, 0xC741, 0x5BF7, 0x9CFF, 0x7BFF, 0x7BFF,
  0x7BFF, 0x7BFF, 0x7BFF, 0x7BFF, 0x7BFF, 0x7BFF, 0x7BFF, 0x5BFF,
  0xDDFF, 0x8D7B, 0x1FF8, 0x1FF8, 0x1FF8, 0x1FF8, 0x1FF8, 0x1FF8,
  0x1FF8, 0xAA62, 0x9CFF, 0x3BFF, 0x3BFF, 0x3BFF, 0x3BFF, 0x3BFF,
  0x3BFF, 0x3BFF, 0x3BFF, 0x1AFF, 0x1AFF, 0x1AFF, 0x1AFF, 0x1AFF,
  0x1AFF, 0xFAF6, 0x9CFF, 0x13B5, 0x1FF8, 0x1FF8, 0x1FF8, 0x1FF8,
  0x1FF8, 0x1FF8, 0x1FF8, 0x1FF8, 0x1FF8, 0x1FF8, 0x1FF8, 0x1FF8,
  0x1FF8, 0x1FF8, 0x1FF8, 0x1FF8, 0x1FF8, 0x1FF8, 0x1FF8, 0x1FF8,
  0x1FF8, 0x1FF8, 0x1FF8, 0x1FF8, 0x0F8C, 0xFEFF, 0x5BFF, 0x7CFF,
  0x7CFF, 0x7CFF, 0x7CFF, 0x7BFF, 0xBCFF, 0xFAEE, 0xC639, 0x1FF8,
  0x1FF8, 0x1FF8, 0x1FF8, 0x1FF8, 0x1FF8, 0x1FF8, 0x1FF8, 0x54B5,
  0xDDFF, 0x5BFF, 0x7BFF, 0x7BFF, 0x7BFF, 0x7BFF, 0x7BFF, 0x7BFF,
  0x5BFF, 0x5BFF, 0x5BFF, 0x7CFF, 0x1BF7, 0xA639, 0x1FF8, 0x1FF8,
  0x1FF8, 0x1FF8, 0x1FF8, 0x1FF8, 0x0000, 0xB2A4, 0xBDFF, 0x1AFF,
  0x3BFF, 0x3BFF, 0x3BFF, 0x3BFF, 0x3BFF, 0x1AFF, 0x1AFF, 0x1AFF,
  0x1AFF, 0x1AFF, 0x1AFF, 0x1AFF, 0x1AFF, 0xDAF6, 0x9CFF, 0x709C,
  0x1FF8, 0x1FF8, 0x1FF8, 0x1FF8, 0x1FF8, 0x1FF8, 0x1FF8, 0x1FF8,
  0x1FF8, 0x1FF8, 0x1FF8, 0x1FF8, 0x1FF8, 0x1FF8, 0x1FF8, 0x1FF8,
  0x1FF8, 0x1FF8, 0x1FF8, 0x1FF8, 0x1FF8, 0x1FF8, 0x1FF8, 0x919C,
  0xFDFF, 0x7BFF, 0x7CFF, 0x7CFF, 0x7CFF, 0x7CFF, 0x7BFF, 0xBCFF,
  0x1AEF, 0xE741, 0x1FF8, 0x1FF8, 0x1FF8, 0x1FF8, 0x1FF8, 0x1FF8,
  0x1FF8, 0x1FF8, 0x8D73, 0xDDFF, 0x5BFF, 0x7BFF, 0x7BFF, 0x7BFF,
  0x7BFF, 0x7BFF, 0x5BFF, 0x5BFF, 0x5BFF, 0x5BFF, 0x3BFF, 0xDDFF,
  0x12AD, 0x1FF8, 0x1FF8, 0x1FF8, 0x1FF8, 0x1FF8, 0x1FF8, 0x1FF8,
  0x8639, 0x1AF7, 0x5BFF, 0x3BFF, 0x3BFF, 0x3BFF, 0x3BFF, 0x1AFF,
  0x1AFF, 0x1AFF, 0x1AFF, 0x1AFF, 0x1AFF, 0x1AFF, 0x1AFF, 0xFAFE,
  0xFAFE, 0xFAFE, 0x7CFF, 0x8D83, 0x1FF8, 0x1FF8, 0x1FF8, 0x1FF8,
  0x1FF8, 0x1FF8, 0x1FF8, 0x1FF8, 0x1FF8, 0x1FF8, 0x1FF8, 0x1FF8,
  0x1FF8, 0x1FF8, 0x1FF8, 0x1FF8, 0x1FF8, 0x1FF8, 0x1FF8, 0x1FF8,
  0x1FF8, 0x1FF8, 0xF2A4, 0xFDFF, 0x5BFF, 0x7CFF, 0x7CFF, 0x7CFF,
  0x7CFF, 0x7BFF, 0x9CFF, 0x5BF7, 0x084A, 0x1FF8, 0x1FF8, 0x1FF8,
  0x1FF8, 0x1FF8, 0x1FF8, 0x1FF8, 0x1FF8, 0xC741, 0x3BF7, 0x9CFF,
  0x5BFF, 0x7BFF, 0x5BFF, 0x5BFF, 0x5BFF, 0x5BFF, 0x5BFF, 0x5BFF,
  0x5BFF, 0x5BFF, 0x5BFF, 0x9CFF, 0x8952, 0x1FF8, 0x1FF8, 0x1FF8,
  0x1FF8, 0x1FF8, 0x1FF8, 0x1FF8, 0x0B6B, 0x9CFF, 0x3BFF, 0x3BFF,
  0x1AFF, 0x1AFF, 0x1AFF, 0x1AFF, 0x1AFF, 0x1AFF, 0x1AFF, 0x1AFF,
  0x1AFF, 0xFAFE, 0xFAFE, 0xFAFE, 0xFAFE, 0xFAFE, 0x3BFF, 0xAA62,
  0x1FF8, 0x1FF8, 0x1FF8, 0x1FF8, 0x1FF8, 0x1FF8, 0x1FF8, 0x1FF8,
  0x1FF8, 0x1FF8, 0x1FF8, 0x1FF8, 0x1FF8, 0x1FF8, 0x1FF8, 0x1FF8,
  0x1FF8, 0x1FF8, 0x1FF8, 0x1FF8, 0x1FF8, 0x13AD, 0xDDFF, 0x5BFF,
  0x7CFF, 0x7CFF, 0x7CFF, 0x7CFF, 0x7CFF, 0x7CFF, 0xBCFF, 0x8952,
  0x1FF8, 0x1FF8, 0x1FF8, 0x1FF8, 0x1FF8, 0x1FF8, 0x1FF8, 0x1FF8,
  0x1FF8, 0x95BD, 0xDDFF, 0x5BFF, 0x5BFF, 0x5BFF, 0x5BFF, 0x5BFF,
  0x5BFF, 0x5BFF, 0x5BFF, 0x5BFF, 0x5BFF, 0x3BFF, 0xBCFF, 0xB5C5,
  0x1FF8, 0x1FF8, 0x1FF8, 0x1FF8, 0x1FF8, 0x1FF8, 0x1FF8, 0x1FF8,
  0x0F8C, 0xBCFF, 0xFAFE, 0x1AFF, 0x1AFF, 0x1AFF, 0x1AFF, 0x1AFF,
  0x1AFF, 0x1AFF, 0x1AFF, 0xFAFE, 0xFAFE, 0xFAFE, 0xFAFE, 0xFAFE,
  0xFAFE, 0x3BFF, 0x98EE, 0x6531, 0x1FF8, 0x1FF8, 0x1FF8, 0x1FF8,
  0x1FF8, 0x1FF8, 0x1FF8, 0x1FF8, 0x1FF8, 0x1FF8, 0x1FF8, 0x1FF8,
  0x1FF8, 0x1FF8, 0x1FF8, 0x1FF8, 0x1FF8, 0x1FF8, 0x1FF8, 0x1FF8,
  0x54B5, 0xDDFF, 0x5BFF, 0x7CFF, 0x7BFF, 0x7BFF, 0x7BFF, 0x7BFF,
  0x7BFF, 0xDDFF, 0x0B6B, 0x1FF8, 0x1FF8, 0x1FF8, 0x1FF8, 0x1FF8,
  0x1FF8, 0x1FF8, 0x1FF8, 0x1FF8, 0x8D7B, 0xDDFF, 0x5BFF, 0x5BFF,
  0x5BFF, 0x5BFF, 0x5BFF, 0x5BFF, 0x5BFF, 0x5BFF, 0x5BFF, 0x5BFF,
  0x5BFF, 0x3BFF, 0x9CFF, 0xEB62, 0x1FF8, 0x1FF8, 0x1FF8, 0x1FF8,
  0x1FF8, 0x1FF8, 0x1FF8, 0x1FF8, 0xF2B4, 0xBCFF, 0xFAFE, 0x1AFF,
  0x1AFF, 0x1AFF, 0x1AFF, 0x1AFF, 0x1AFF, 0xFAFE, 0xFAFE, 0xFAFE,
  0xFAFE, 0xFAFE, 0xFAFE, 0xFAFE, 0xD9FE, 0x7CFF, 0x13BD, 0x1FF8,
  0x1FF8, 0x1FF8, 0x1FF8, 0x1FF8, 0x1FF8, 0x1FF8, 0x1FF8, 0x1FF8,
  0x1FF8, 0x1FF8, 0x1FF8, 0x1FF8, 0x1FF8, 0x1FF8, 0x1FF8, 0x1FF8,
  0x1FF8, 0x1FF8, 0x1FF8, 0x94BD, 0xDDFF, 0x5BFF, 0x7BFF, 0x7BFF,
  0x7BFF, 0x7BFF, 0x7BFF, 0x7BFF, 0xDDFF, 0x0B6B, 0x1FF8, 0x1FF8,
  0x1FF8, 0x1FF8, 0x1FF8, 0x1FF8, 0x1FF8, 0x1FF8, 0x1FF8, 0x6531,
  0xFAEE, 0x9CFF, 0x5BFF, 0x5BFF, 0x5BFF, 0x5BFF, 0x5BFF, 0x5BFF,
  0x5BFF, 0x5BFF, 0x5BFF, 0x3BFF, 0x3BFF, 0x9CFF, 0x17D6, 0x1FF8,
  0x1FF8, 0x1FF8, 0x1FF8, 0x1FF8, 0x1FF8, 0x1FF8, 0x1FF8, 0xC318,
  0xD6CD, 0x9CFF, 0xFAFE, 0x1AFF, 0x1AFF, 0x1AFF, 0x1AFF, 0xFAFE,
  0xFAFE, 0xFAFE, 0xFAFE, 0xFAFE, 0xFAFE, 0xFAFE, 0xFAFE, 0xFAFE,
  0xDAFE, 0x5BFF, 0xEB6A, 0x1FF8, 0x1FF8, 0x1FF8, 0x1FF8, 0x1FF8,
  0x1FF8, 0x1FF8, 0x1FF8, 0x1FF8, 0x1FF8, 0x1FF8, 0x1FF8, 0x1FF8,
  0x1FF8, 0x1FF8, 0x1FF8, 0x1FF8, 0x1FF8, 0x1FF8, 0x95BD, 0xDDFF,
  0x5BFF, 0x7BFF, 0x7BFF, 0x7BFF, 0x7BFF, 0x7BFF, 0x5BFF, 0xDDFF,
  0x2B6B, 0x1FF8, 0x1FF8, 0x1FF8, 0x1FF8, 0x1FF8, 0x1FF8, 0x1FF8,
  0x1FF8, 0x1FF8, 0x1FF8, 0xD2A4, 0xDDFF, 0x3BFF, 0x5BFF, 0x5BFF,
  0x5BFF, 0x5BFF, 0x5BFF, 0x5BFF, 0x5BFF, 0x3BFF, 0x3BFF, 0x3BFF,
  0x3BFF, 0x9CFF, 0x2B6B, 0x1FF8, 0x1FF8, 0x1FF8, 0x1FF8, 0x1FF8,
  0x1FF8, 0x1FF8, 0x1FF8, 0x4531, 0x58E6, 0x5BFF, 0xFAFE, 0x1AFF,
  0x1AFF, 0xFAFE, 0xFAFE, 0xFAFE, 0xFAFE, 0xFAFE, 0xFAFE, 0xFAFE,
  0xFAFE, 0xFAFE, 0xFAFE, 0xDAFE, 0x3BFF, 0xF6DD, 0x1FF8, 0x1FF8,
  0x1FF8, 0x1FF8, 0x1FF8, 0x1FF8, 0x1FF8, 0x1FF8, 0x1FF8, 0x1FF8,
  0x1FF8, 0x1FF8, 0x1FF8, 0x1FF8, 0x1FF8, 0x1FF8, 0x1FF8, 0x1FF8,
  0x1FF8, 0x95BD, 0xDDFF, 0x5BFF, 0x7BFF, 0x7BFF, 0x7BFF, 0x7BFF,
  0x7BFF, 0x5BFF, 0xDDFF, 0xAD7B, 0x1FF8, 0x1FF8, 0x1FF8, 0x1FF8,
  0x1FF8, 0x1FF8, 0x1FF8, 0x1FF8, 0x1FF8, 0x1FF8, 0x484A, 0x5BFF,
  0x5BFF, 0x5BFF, 0x5BFF, 0x5BFF, 0x5BFF, 0x3BFF, 0x3BFF, 0x3BFF,
  0x3BFF, 0x3BFF, 0x3BFF, 0x3AFF, 0x9CFF, 0xF6D5, 0x1FF8, 0x1FF8,
  0x1FF8, 0x1FF8, 0x1FF8, 0x1FF8, 0x1FF8, 0x1FF8, 0x1FF8, 0xE741,
  0xD9EE, 0x3BFF, 0xFAFE, 0x1AFF, 0xFAFE, 0xFAFE, 0xFAFE, 0xFAFE,
  0xFAFE, 0xFAFE, 0xFAFE, 0xFAFE, 0xFAFE, 0xFAFE, 0xFAFE, 0xDAFE,
  0x5BFF, 0x0B6B, 0x1FF8, 0x1FF8, 0x1FF8, 0x1FF8, 0x1FF8, 0x1FF8,
  0x1FF8, 0x1FF8, 0x1FF8, 0x1FF8, 0x1FF8, 0x1FF8, 0x1FF8, 0x1FF8,
  0x1FF8, 0x1FF8, 0x1FF8, 0x1FF8, 0x95BD, 0xDDFF, 0x5BFF, 0x7BFF,
  0x7BFF, 0x7BFF, 0x7BFF, 0x5BFF, 0x5BFF, 0xDDFF, 0x0F8C, 0x1FF8,
  0x1FF8, 0x1FF8, 0x1FF8, 0x1FF8, 0x1FF8, 0x1FF8, 0x1FF8, 0x1FF8,
  0x1FF8, 0x1FF8, 0x54BD, 0xBCFF, 0x3BFF, 0x3BFF, 0x5BFF, 0x3BFF,
  0x3BFF, 0x3BFF, 0x3BFF, 0x3BFF, 0x3BFF, 0x3BFF, 0x3BFF, 0x3BFF,
  0x7CFF, 0xCA62, 0x1FF8, 0x1FF8, 0x1FF8, 0x1FF8, 0x1FF8, 0x1FF8,
  0x1FF8, 0x1FF8, 0x1FF8, 0x895A, 0x3BFF, 0x3BFF, 0xFAFE, 0xFAFE,
  0xFAFE, 0xFAFE, 0xFAFE, 0xFAFE, 0xFAFE, 0xFAFE, 0xFAFE, 0xFAFE,
  0xFAFE, 0xFAFE, 0xD9FE, 0x5BFF, 0x33BD, 0x1FF8, 0x1FF8, 0x1FF8,
  0x1FF8, 0x1FF8, 0x1FF8, 0x1FF8, 0x1FF8, 0x1FF8, 0x1FF8, 0x1FF8,
  0x1FF8, 0x1FF8, 0x1FF8, 0x1FF8, 0x1FF8, 0x1FF8, 0x1FF8, 0x95BD,
  0xDDFF, 0x5BFF, 0x5BFF, 0x5BFF, 0x5BFF, 0x5BFF, 0x5BFF, 0x5BFF,
  0xDDFF, 0x709C, 0x1FF8, 0x1FF8, 0x1FF8, 0x1FF8, 0x1FF8, 0x1FF8,
  0x1FF8, 0x1FF8, 0x1FF8, 0x1FF8, 0x1FF8, 0xCA62, 0x9CFF, 0x3BFF,
  0x3BFF, 0x3BFF, 0x3BFF, 0x3BFF, 0x3BFF, 0x3BFF, 0x3BFF, 0x3BFF,
  0x3BFF, 0x3BFF, 0x1AFF, 0x9CFF, 0x33BD, 0x1FF8, 0x1FF8, 0x1FF8,
  0x1FF8, 0x1FF8, 0x1FF8, 0x1FF8, 0x1FF8, 0x1FF8, 0x1FF8, 0xCA6A,
  0x3BFF, 0x1AFF, 0xFAFE, 0xFAFE, 0xFAFE, 0xFAFE, 0xFAFE, 0xFAFE,
  0xFAFE, 0xFAFE, 0xFAFE, 0xFAFE, 0xFAFE, 0xFAFE, 0x1AFF, 0xD9F6,
  0xA639, 0x1FF8, 0x1FF8, 0x1FF8, 0x1FF8, 0x1FF8, 0x1FF8, 0x1FF8,
  0x1FF8, 0x1FF8, 0x1FF8, 0x1FF8, 0x1FF8, 0x1FF8, 0x1FF8, 0x1FF8,
  0x1FF8, 0x1FF8, 0xB5C5, 0xBDFF, 0x5BFF, 0x5BFF, 0x5BFF, 0x5BFF,
  0x5BFF, 0x5BFF, 0x3BFF, 0xDDFF, 0x13AD, 0x1FF8, 0x1FF8, 0x1FF8,
  0x1FF8, 0x1FF8, 0x1FF8, 0x1FF8, 0x1FF8, 0x1FF8, 0x1FF8, 0x1FF8,
  0x1FF8, 0xF6CD, 0x9CFF, 0x3BFF, 0x3BFF, 0x3BFF, 0x3BFF, 0x3BFF,
  0x3BFF, 0x3BFF, 0x3BFF, 0x3BFF, 0x3BFF, 0x1AFF, 0x3BFF, 0x1AF7,
  0xE741, 0x1FF8, 0x1FF8, 0x1FF8, 0x1FF8, 0x1FF8, 0x1FF8, 0x1FF8,
  0x1FF8, 0x1FF8, 0x1FF8, 0xCA62, 0x1AFF, 0x1BFF, 0xDAFE, 0xFAFE,
  0xFAFE, 0xFAFE, 0xFAFE, 0xFAFE, 0xFAFE, 0xFAFE, 0xFAFE, 0xFAFE,
  0xFAFE, 0xFAFE, 0x3BFF, 0xCA72, 0x1FF8, 0x1FF8, 0x1FF8, 0x1FF8,
  0x1FF8, 0x1FF8, 0x1FF8, 0x1FF8, 0x1FF8, 0x1FF8, 0x1FF8, 0x1FF8,
  0x1FF8, 0x1FF8, 0x1FF8, 0x1FF8, 0x1FF8, 0xB5C5, 0xBDFF, 0x5BFF,
  0x5BFF, 0x5BFF, 0x5BFF, 0x5BFF, 0x5BFF, 0x3BFF, 0xBDFF, 0x53B5,
  0x1FF8, 0x1FF8, 0x1FF8, 0x1FF8, 0x1FF8, 0x1FF8, 0x1FF8, 0x1FF8,
  0x1FF8, 0x1FF8, 0x1FF8, 0x1FF8, 0x4C73, 0x9CFF, 0x3BFF, 0x3BFF,
  0x3BFF, 0x3BFF, 0x3BFF, 0x3BFF, 0x3BFF, 0x3BFF, 0x3BFF, 0x3BFF,
  0x1AFF, 0x1AFF, 0x9CFF, 0x2F94, 0x1FF8, 0x1FF8, 0x1FF8, 0x1FF8,
  0x1FF8, 0x1FF8, 0x1FF8, 0x1FF8, 0x1FF8, 0x1FF8, 0x1FF8, 0xAA62,
  0xDAF6, 0x5BFF, 0xD9FE, 0xFAFE, 0xFAFE, 0xFAFE, 0xFAFE, 0xFAFE,
  0xFAFE, 0xFAFE, 0xFAFE, 0xFAFE, 0xDAF6, 0x3BFF, 0xAD93, 0x1FF8,
  0x1FF8, 0x1FF8, 0x1FF8, 0x1FF8, 0x1FF8, 0x1FF8, 0x1FF8, 0x1FF8,
  0x1FF8, 0x1FF8, 0x1FF8, 0x1FF8, 0x1FF8, 0x1FF8, 0x1FF8, 0x1FF8,
  0xB5C5, 0xBDFF, 0x5BFF, 0x5BFF, 0x5BFF, 0x5BFF, 0x5BFF, 0x5BFF,
  0x3BFF, 0xBDFF, 0x95BD, 0x1FF8, 0x1FF8, 0x1FF8, 0x1FF8, 0x1FF8,
  0x1FF8, 0x1FF8, 0x1FF8, 0x1FF8, 0x1FF8, 0x1FF8, 0x1FF8, 0x1FF8,
  0x78E6, 0x7BFF, 0x3BFF, 0x3BFF, 0x3BFF, 0x3BFF, 0x3BFF, 0x3BFF,
  0x3BFF, 0x1AFF, 0x1AFF, 0x1AFF, 0x1AFF, 0x5BFF, 0x58E6, 0xE320,
  0x1FF8, 0x1FF8, 0x1FF8, 0x1FF8, 0x1FF8, 0x1FF8, 0x1FF8, 0x1FF8,
  0x1FF8, 0x1FF8, 0x1FF8, 0x084A, 0x57DE, 0x7CFF, 0xD9FE, 0xFAFE,
  0xFAFE, 0xFAFE, 0xFAFE, 0xFAFE, 0xFAFE, 0xFAFE, 0xFAFE, 0x1AFF,
  0x3BFF, 0xEFAB, 0x1FF8, 0x1FF8, 0x1FF8, 0x1FF8, 0x1FF8, 0x1FF8,
  0x1FF8, 0x1FF8, 0x1FF8, 0x1FF8, 0x1FF8, 0x1FF8, 0x1FF8, 0x1FF8,
  0x1FF8, 0x1FF8, 0x1FF8, 0xB5C5, 0xBDFF, 0x3BFF, 0x5BFF, 0x5BFF,
  0x5BFF, 0x5BFF, 0x5BFF, 0x3BFF, 0xBCFF, 0x95C5, 0x1FF8, 0x1FF8,
  0x1FF8, 0x1FF8, 0x1FF8, 0x1FF8, 0x1FF8, 0x1FF8, 0x1FF8, 0x1FF8,
  0x1FF8, 0x1FF8, 0x1FF8, 0x3094, 0xBCFF, 0x1AFF, 0x3BFF, 0x3BFF,
  0x3BFF, 0x3BFF, 0x1AFF, 0x1AFF, 0x1AFF, 0x1AFF, 0x1AFF, 0x1AFF,
  0x1AFF, 0x7BFF, 0xEB6A, 0x1FF8, 0x1FF8, 0x1FF8, 0x1FF8, 0x1FF8,
  0x1FF8, 0x1FF8, 0x1FF8, 0x1FF8, 0x1FF8, 0x1FF8, 0x1FF8, 0x4531,
  0x33B5, 0x5BFF, 0x1BFF, 0xD9FE, 0xFAFE, 0xFAFE, 0xFAFE, 0xFAFE,
  0xFAFE, 0x1AFF, 0x57E6, 0x33CD, 0x2FB4, 0x1FF8, 0x1FF8, 0x1FF8,
  0x1FF8, 0x1FF8, 0x1FF8, 0x1FF8, 0x1FF8, 0x1FF8, 0x1FF8, 0x1FF8,
  0x1FF8, 0x1FF8, 0x1FF8, 0x1FF8, 0x1FF8, 0x1FF8, 0x74BD, 0xBDFF,
  0x3BFF, 0x5BFF, 0x5BFF, 0x5BFF, 0x5BFF, 0x5BFF, 0x3BFF, 0x9CFF,
  0xB5CD, 0x1FF8, 0x1FF8, 0x1FF8, 0x1FF8, 0x1FF8, 0x1FF8, 0x1FF8,
  0x1FF8, 0x1FF8, 0x1FF8, 0x1FF8, 0x1FF8, 0x1FF8, 0x4952, 0x3BFF,
  0x3BFF, 0x3BFF, 0x3BFF, 0x3BFF, 0x1AFF, 0x1AFF, 0x1AFF, 0x1AFF,
  0x1AFF, 0x1AFF, 0x1AFF, 0xFAFE, 0x7CFF, 0xF2B4, 0x1FF8, 0x1FF8,
  0x1FF8, 0x1FF8, 0x1FF8, 0x1FF8, 0x1FF8, 0x1FF8, 0x1FF8, 0x1FF8,
  0x1FF8, 0x1FF8, 0x1FF8, 0x1FF8, 0x6D7B, 0xB9EE, 0x5BFF, 0xFAFE,
  0xDAFE, 0xFAFE, 0xFAFE, 0xD9FE, 0x9CFF, 0xEE8B, 0xD2CC, 0x6D93,
  0x1FF8, 0x1FF8, 0x1FF8, 0x1FF8, 0x1FF8, 0x1FF8, 0x1FF8, 0x1FF8,
  0x1FF8, 0x1FF8, 0x1FF8, 0x1FF8, 0x1FF8, 0x1FF8, 0x1FF8, 0x1FF8,
  0x1FF8, 0xD2AC, 0xBDFF, 0x3BFF, 0x5BFF, 0x5BFF, 0x5BFF, 0x5BFF,
  0x3BFF, 0x3BFF, 0x9CFF, 0x37D6, 0x1FF8, 0x1FF8, 0x1FF8, 0x1FF8,
  0x1FF8, 0x1FF8, 0x1FF8, 0x1FF8, 0x1FF8, 0x1FF8, 0x1FF8, 0x1FF8,
  0x1FF8, 0x1FF8, 0xF6D5, 0x7CFF, 0x1AFF, 0x1AFF, 0x1AFF, 0x1AFF,
  0x1AFF, 0x1AFF, 0x1AFF, 0x1AFF, 0x1AFF, 0x1AFF, 0xFAFE, 0x3BFF,
  0x98EE, 0x2429, 0x1FF8, 0x1FF8, 0x1FF8, 0x1FF8, 0x1FF8, 0x1FF8,
  0x1FF8, 0x1FF8, 0x1FF8, 0x1FF8, 0x1FF8, 0x1FF8, 0x1FF8, 0x1FF8,
  0x8639, 0x709C, 0xFAF6, 0x5BFF, 0x1BFF, 0x3BFF, 0x7CFF, 0xD2AC,
  0x4D8B, 0x37FE, 0x4539, 0x1FF8, 0x1FF8, 0x1FF8, 0x1FF8, 0x1FF8,
  0x1FF8, 0x1FF8, 0x1FF8, 0x1FF8, 0x1FF8, 0x1FF8, 0x1FF8, 0x1FF8,
  0x1FF8, 0x1FF8, 0x1FF8, 0x1FF8, 0x2F94, 0xBDFF, 0x3BFF, 0x5BFF,
  0x5BFF, 0x3BFF, 0x3BFF, 0x3BFF, 0x3BFF, 0x7CFF, 0x98E6, 0x1FF8,
  0x1FF8, 0x1FF8, 0x1FF8, 0x1FF8, 0x1FF8, 0x1FF8, 0x1FF8, 0x1FF8,
  0x1FF8, 0x1FF8, 0x1FF8, 0x1FF8, 0x1FF8, 0xAD83, 0x9CFF, 0xFAFE,
  0x1AFF, 0x1AFF, 0x1AFF, 0x1AFF, 0x1AFF, 0x1AFF, 0x1AFF, 0x1AFF,
  0x1AFF, 0x1AFF, 0xFAFE, 0x5BFF, 0xCA62, 0x1FF8, 0x1FF8, 0x1FF8,
  0x1FF8, 0x1FF8, 0x1FF8, 0x1FF8, 0x1FF8, 0x1FF8, 0x1FF8, 0x1FF8,
  0x1FF8, 0x1FF8, 0x1FF8, 0x1FF8, 0x1FF8, 0x084A, 0x91A4, 0x99EE,
  0x57DE, 0x2F94, 0xAD93, 0x37FE, 0xCB7A, 0x1FF8, 0x1FF8, 0x1FF8,
  0x1FF8, 0x1FF8, 0x1FF8, 0x1FF8, 0x1FF8, 0x1FF8, 0x1FF8, 0x1FF8,
  0x1FF8, 0x1FF8, 0x1FF8, 0x1FF8, 0x1FF8, 0x1FF8, 0x1FF8, 0x8D7B,
  0xBDFF, 0x3BFF, 0x3BFF, 0x3BFF, 0x3BFF, 0x3BFF, 0x3BFF, 0x3BFF,
  0x5BFF, 0x1AFF, 0xC641, 0x1FF8, 0x1FF8, 0x1FF8, 0x1FF8, 0x1FF8,
  0x1FF8, 0x1FF8, 0x1FF8, 0x1FF8, 0x1FF8, 0x1FF8, 0x1FF8, 0x1FF8,
  0x2429, 0x78E6, 0x5BFF, 0x1AFF, 0x1AFF, 0x1AFF, 0x1AFF, 0x1AFF,
  0x1AFF, 0x1AFF, 0x1AFF, 0x1AFF, 0xFAFE, 0xFAFE, 0x7CFF, 0x309C,
  0x1FF8, 0x1FF8, 0x1FF8, 0x1FF8, 0x1FF8, 0x1FF8, 0x1FF8, 0x1FF8,
  0x1FF8, 0x1FF8, 0x1FF8, 0x1FF8, 0x1FF8, 0x1FF8, 0x1FF8, 0x1FF8,
  0x1FF8, 0x1FF8, 0x2429, 0xC318, 0x4962, 0x0FA4, 0x0852, 0x1FF8,
  0x1FF8, 0x1FF8, 0x1FF8, 0x1FF8, 0x1FF8, 0x1FF8, 0x1FF8, 0x1FF8,
  0x1FF8, 0x1FF8, 0x1FF8, 0x1FF8, 0x1FF8, 0x1FF8, 0x1FF8, 0x1FF8,
  0x1FF8, 0x1FF8, 0xCA62, 0x7CFF, 0x3BFF, 0x3BFF, 0x3BFF, 0x3BFF,
  0x3BFF, 0x3BFF, 0x3BFF, 0x5BFF, 0x5BFF, 0x6952, 0x1FF8, 0x1FF8,
  0x1FF8, 0x1FF8, 0x1FF8, 0x1FF8, 0x1FF8, 0x1FF8, 0x1FF8, 0x1FF8,
  0x1FF8, 0x1FF8, 0x1FF8, 0x1FF8, 0x4C7B, 0x9CFF, 0xFAFE, 0x1AFF,
  0x1AFF, 0x1AFF, 0x1AFF, 0x1AFF, 0x1AFF, 0x1AFF, 0xFAFE, 0xFAFE,
  0xFAFE, 0x5BFF, 0xB5CD, 0x1FF8, 0x1FF8, 0x1FF8, 0x1FF8, 0x1FF8,
  0x1FF8, 0x1FF8, 0x1FF8, 0x1FF8, 0x1FF8, 0x1FF8, 0x1FF8, 0x1FF8,
  0x1FF8, 0x1FF8, 0x1FF8, 0x1FF8, 0x1FF8, 0x1FF8, 0x1FF8, 0x1FF8,
  0x1FF8, 0x1FF8, 0x1FF8, 0x1FF8, 0x1FF8, 0x1FF8, 0x1FF8, 0x1FF8,
  0x1FF8, 0x1FF8, 0x1FF8, 0x1FF8, 0x1FF8, 0x1FF8, 0x1FF8, 0x1FF8,
  0x1FF8, 0x1FF8, 0x1FF8, 0x1FF8, 0x1FF8, 0xE741, 0x1AFF, 0x5BFF,
  0x3BFF, 0x3BFF, 0x3BFF, 0x3BFF, 0x3BFF, 0x3BFF, 0x3BFF, 0x7BFF,
  0xCA62, 0x1FF8, 0x1FF8, 0x1FF8, 0x1FF8, 0x1FF8, 0x1FF8, 0x1FF8,
  0x1FF8, 0x1FF8, 0x1FF8, 0x1FF8, 0x1FF8, 0x1FF8, 0x1FF8, 0x1FF8,
  0x95CD, 0x7BFF, 0xFAFE, 0x1AFF, 0x1AFF, 0x1AFF, 0xFAFE, 0xFAFE,
  0xFAFE, 0xFAFE, 0xFAFE, 0xFAFE, 0x1BFF, 0xB9F6, 0x6531, 0x1FF8,
  0x1FF8, 0x1FF8, 0x1FF8, 0x1FF8, 0x1FF8, 0x1FF8, 0x1FF8, 0x1FF8,
  0x1FF8, 0x1FF8, 0x1FF8, 0x1FF8, 0x1FF8, 0x1FF8, 0x1FF8, 0x1FF8,
  0x1FF8, 0x1FF8, 0x1FF8, 0x1FF8, 0x1FF8, 0x1FF8, 0x1FF8, 0x1FF8,
  0x1FF8, 0x1FF8, 0x1FF8, 0x1FF8, 0x1FF8, 0x1FF8, 0x1FF8, 0x1FF8,
  0x1FF8, 0x1FF8, 0x1FF8, 0x1FF8, 0x1FF8, 0x1FF8, 0x1FF8, 0x1FF8,
  0x1FF8, 0x58DE, 0x7CFF, 0x3BFF, 0x3BFF, 0x3BFF, 0x3BFF, 0x3BFF,
  0x3BFF, 0x3BFF, 0x7CFF, 0xEB6A, 0x1FF8, 0x1FF8, 0x1FF8, 0x1FF8,
  0x1FF8, 0x1FF8, 0x1FF8, 0x1FF8, 0x1FF8, 0x1FF8, 0x1FF8, 0x1FF8,
  0x1FF8, 0x1FF8, 0x1FF8, 0x284A, 0x1AFF, 0x1AFF, 0x1AFF, 0x1AFF,
  0xFAFE, 0xFAFE, 0xFAFE, 0xFAFE, 0xFAFE, 0xFAFE, 0xFAFE, 0xFAFE,
  0x1AFF, 0x285A, 0x1FF8, 0x1FF8, 0x1FF8, 0x1FF8, 0x1FF8, 0x1FF8,
  0x1FF8, 0x1FF8, 0x1FF8, 0x1FF8, 0x1FF8, 0x1FF8, 0x1FF8, 0x1FF8,
  0x1FF8, 0x1FF8, 0x1FF8, 0x1FF8, 0x1FF8, 0x1FF8, 0x1FF8, 0x1FF8,
  0x1FF8, 0x1FF8, 0x1FF8, 0x1FF8, 0x1FF8, 0x1FF8, 0x1FF8, 0x1FF8,
  0x1FF8, 0x1FF8, 0x1FF8, 0x1FF8, 0x1FF8, 0x1FF8, 0x1FF8, 0x1FF8,
  0x1FF8, 0x1FF8, 0x1FF8, 0x1FF8, 0xF2AC, 0xBCFF, 0x1AFF, 0x3BFF,
  0x3BFF, 0x3BFF, 0x3BFF, 0x3BFF, 0x1AFF, 0x7CFF, 0x0B6B, 0x1FF8,
  0x1FF8, 0x1FF8, 0x1FF8, 0x1FF8, 0x1FF8, 0x1FF8, 0x1FF8, 0x1FF8,
  0x1FF8, 0x1FF8, 0x1FF8, 0x1FF8, 0x1FF8, 0x1FF8, 0x1FF8, 0x0F94,
  0x9CFF, 0xFAFE, 0xFAFE, 0xFAFE, 0xFAFE, 0xFAFE, 0xFAFE, 0xFAFE,
  0xFAFE, 0xFAFE, 0xFAFE, 0x1AFF, 0xAA72, 0x1FF8, 0x1FF8, 0x1FF8,
  0x1FF8, 0x1FF8, 0x1FF8, 0x1FF8, 0x1FF8, 0x1FF8, 0x1FF8, 0x1FF8,
  0x1FF8, 0x1FF8, 0x1FF8, 0x1FF8, 0x1FF8, 0x1FF8, 0x1FF8, 0x1FF8,
  0x1FF8, 0x1FF8, 0x1FF8, 0x1FF8, 0x1FF8, 0x1FF8, 0x1FF8, 0x1FF8,
  0x1FF8, 0x1FF8, 0x1FF8, 0x1FF8, 0x1FF8, 0x1FF8, 0x1FF8, 0x1FF8,
  0x1FF8, 0x1FF8, 0x1FF8, 0x1FF8, 0x1FF8, 0x1FF8, 0x1FF8, 0x4C73,
  0x9CFF, 0x1AFF, 0x3BFF, 0x3BFF, 0x3BFF, 0x3BFF, 0x3BFF, 0x1AFF,
  0x7CFF, 0xEB72, 0x1FF8, 0x1FF8, 0x1FF8, 0x1FF8, 0x1FF8, 0x1FF8,
  0x1FF8, 0x1FF8, 0x1FF8, 0x1FF8, 0x1FF8, 0x1FF8, 0x1FF8, 0x1FF8,
  0x1FF8, 0x1FF8, 0x1FF8, 0xF6D5, 0x5BFF, 0xFAFE, 0xFAFE, 0xFAFE,
  0xFAFE, 0xFAFE, 0xFAFE, 0xFAFE, 0xFAFE, 0x1AFF, 0x1AFF, 0xEB82,
  0x1FF8, 0x1FF8, 0x1FF8, 0x1FF8, 0x1FF8, 0x1FF8, 0x1FF8, 0x1FF8,
  0x1FF8, 0x1FF8, 0x1FF8, 0x1FF8, 0x1FF8, 0x1FF8, 0x1FF8, 0x1FF8,
  0x1FF8, 0x1FF8, 0x1FF8, 0x1FF8, 0x1FF8, 0x1FF8, 0x1FF8, 0x1FF8,
  0x1FF8, 0x1FF8, 0x1FF8, 0x1FF8, 0x1FF8, 0x1FF8, 0x1FF8, 0x1FF8,
  0x1FF8, 0x1FF8, 0x1FF8, 0x1FF8, 0x1FF8, 0x1FF8, 0x1FF8, 0x1FF8,
  0x1FF8, 0x1FF8, 0x2429, 0xB9EE, 0x7BFF, 0x3BFF, 0x3BFF, 0x3BFF,
  0x3BFF, 0x1AFF, 0x3BFF, 0x1AFF, 0x6962, 0x1FF8, 0x1FF8, 0x1FF8,
  0x1FF8, 0x1FF8, 0x1FF8, 0x1FF8, 0x1FF8, 0x1FF8, 0x1FF8, 0x1FF8,
  0x1FF8, 0x1FF8, 0x1FF8, 0x1FF8, 0x1FF8, 0x1FF8, 0x4852, 0x3BFF,
  0x1AFF, 0xFAFE, 0xFAFE, 0xFAFE, 0xFAFE, 0xFAFE, 0xFAFE, 0x1AFF,
  0x37DE, 0x17F6, 0x4C8B, 0x1FF8, 0x1FF8, 0x1FF8, 0x1FF8, 0x1FF8,
  0x1FF8, 0x1FF8, 0x1FF8, 0x1FF8, 0x1FF8, 0x1FF8, 0x1FF8, 0x1FF8,
  0x1FF8, 0x1FF8, 0x1FF8, 0x1FF8, 0x1FF8, 0x1FF8, 0x1FF8, 0x1FF8,
  0x1FF8, 0x1FF8, 0x1FF8, 0x1FF8, 0x1FF8, 0x1FF8, 0x1FF8, 0x1FF8,
  0x1FF8, 0x1FF8, 0x1FF8, 0x1FF8, 0x1FF8, 0x1FF8, 0x1FF8, 0x1FF8,
  0x1FF8, 0x1FF8, 0x1FF8, 0x1FF8, 0x1FF8, 0x1FF8, 0xAD83, 0xDDFF,
  0xFAF6, 0x1AFF, 0x1AFF, 0x1AFF, 0x5BFF, 0x3BFF, 0x37FE, 0xA641,
  0x1FF8, 0x1FF8, 0x1FF8, 0x1FF8, 0x1FF8, 0x1FF8, 0x1FF8, 0x1FF8,
  0x1FF8, 0x1FF8, 0x1FF8, 0x1FF8, 0x1FF8, 0x1FF8, 0x1FF8, 0x1FF8,
  0x1FF8, 0x1FF8, 0x6D7B, 0x7CFF, 0xFAFE, 0xFAFE, 0xFAFE, 0xFAFE,
  0xFAFE, 0xFAFE, 0x5BFF, 0x4C83, 0xB5ED, 0xEB7A, 0x1FF8, 0x1FF8,
  0x1FF8, 0x1FF8, 0x1FF8, 0x1FF8, 0x1FF8, 0x1FF8, 0x1FF8, 0x1FF8,
  0x1FF8, 0x1FF8, 0x1FF8, 0x1FF8, 0x1FF8, 0x1FF8, 0x1FF8, 0x1FF8,
  0x1FF8, 0x1FF8, 0x1FF8, 0x1FF8, 0x1FF8, 0x1FF8, 0x1FF8, 0x1FF8,
  0x1FF8, 0x1FF8, 0x1FF8, 0x1FF8, 0x1FF8, 0x1FF8, 0x1FF8, 0x1FF8,
  0x1FF8, 0x1FF8, 0x1FF8, 0x1FF8, 0x1FF8, 0x1FF8, 0x1FF8, 0x1FF8,
  0x1FF8, 0x1FF8, 0x74C5, 0xDDFF, 0x3BFF, 0x5BFF, 0xBCFF, 0xF6CD,
  0xB1BC, 0x53DD, 0x1FF8, 0x1FF8, 0x1FF8, 0x1FF8, 0x1FF8, 0x1FF8,
  0x1FF8, 0x1FF8, 0x1FF8, 0x1FF8, 0x1FF8, 0x1FF8, 0x1FF8, 0x1FF8,
  0x1FF8, 0x1FF8, 0x1FF8, 0x1FF8, 0x1FF8, 0x1FF8, 0x8D83, 0x5BFF,
  0x5BFF, 0xFAFE, 0xFAFE, 0x3BFF, 0x7CFF, 0xEF93, 0xAD9B, 0x78FE,
  0xA641, 0x1FF8, 0x1FF8, 0x1FF8, 0x1FF8, 0x1FF8, 0x1FF8, 0x1FF8,
  0x1FF8, 0x1FF8, 0x1FF8, 0x1FF8, 0x1FF8, 0x1FF8, 0x1FF8, 0x1FF8,
  0x1FF8, 0x1FF8, 0x1FF8, 0x1FF8, 0x1FF8, 0x1FF8, 0x1FF8, 0x1FF8,
  0x1FF8, 0x1FF8, 0x1FF8, 0x1FF8, 0x1FF8, 0x1FF8, 0x1FF8, 0x1FF8,
  0x1FF8, 0x1FF8, 0x1FF8, 0x1FF8, 0x1FF8, 0x1FF8, 0x1FF8, 0x1FF8,
  0x1FF8, 0x1FF8, 0x1FF8, 0x1FF8, 0x1FF8, 0x0429, 0x12AD, 0x98E6,
  0xD6CD, 0x7094, 0x2C83, 0x37FE, 0x4C8B, 0x1FF8, 0x1FF8, 0x1FF8,
  0x1FF8, 0x1FF8, 0x1FF8, 0x1FF8, 0x1FF8, 0x1FF8, 0x1FF8, 0x1FF8,
  0x1FF8, 0x1FF8, 0x1FF8, 0x1FF8, 0x1FF8, 0x1FF8, 0x1FF8, 0x1FF8,
  0x1FF8, 0x1FF8, 0xAA62, 0x17D6, 0x1AFF, 0xFAF6, 0xF6CD, 0x4C7B,
  0x8D93, 0xDAFE, 0x2FAC, 0x1FF8, 0x1FF8, 0x1FF8, 0x1FF8, 0x1FF8,
  0x1FF8, 0x1FF8, 0x1FF8, 0x1FF8, 0x1FF8, 0x1FF8, 0x1FF8, 0x1FF8,
  0x1FF8, 0x1FF8, 0x1FF8, 0x1FF8, 0x1FF8, 0x1FF8, 0x1FF8, 0x1FF8,
  0x1FF8, 0x1FF8, 0x1FF8, 0x1FF8, 0x1FF8, 0x1FF8, 0x1FF8, 0x1FF8,
  0x1FF8, 0x1FF8, 0x1FF8, 0x1FF8, 0x1FF8, 0x1FF8, 0x1FF8, 0x1FF8,
  0x1FF8, 0x1FF8, 0x1FF8, 0x1FF8, 0x1FF8, 0x1FF8, 0x1FF8, 0x1FF8,
  0x1FF8, 0x0008, 0xCB72, 0x0FA4, 0xB1C4, 0x78FE, 0xD2C4, 0x1FF8,
  0x1FF8, 0x1FF8, 0x1FF8, 0x1FF8, 0x1FF8, 0x1FF8, 0x1FF8, 0x1FF8,
  0x1FF8, 0x1FF8, 0x1FF8, 0x1FF8, 0x1FF8, 0x1FF8, 0x1FF8, 0x1FF8,
  0x1FF8, 0x1FF8, 0x1FF8, 0x1FF8, 0x1FF8, 0x1FF8, 0x4108, 0xC639,
  0x0B73, 0x6D93, 0x13D5, 0x78FE, 0x50B4, 0xE320, 0x1FF8, 0x1FF8,
  0x1FF8, 0x1FF8, 0x1FF8, 0x1FF8, 0x1FF8, 0x1FF8, 0x1FF8, 0x1FF8,
  0x1FF8, 0x1FF8, 0x1FF8, 0x1FF8, 0x1FF8, 0x1FF8, 0x1FF8, 0x1FF8,
  0x1FF8, 0x1FF8, 0x1FF8, 0x1FF8, 0x1FF8, 0x1FF8, 0x1FF8, 0x1FF8,
  0x1FF8, 0x1FF8, 0x1FF8, 0x1FF8, 0x1FF8, 0x1FF8, 0x1FF8, 0x1FF8,
  0x1FF8, 0x1FF8, 0x1FF8, 0x1FF8, 0x1FF8, 0x1FF8, 0x1FF8, 0x1FF8,
  0x1FF8, 0x1FF8, 0x1FF8, 0x1FF8, 0x1FF8, 0x8541, 0x8D93, 0x50B4,
  0xEB72, 0x8218, 0x1FF8, 0x1FF8, 0x1FF8, 0x1FF8, 0x1FF8, 0x1FF8,
  0x1FF8, 0x1FF8, 0x1FF8, 0x1FF8, 0x1FF8, 0x1FF8, 0x1FF8, 0x1FF8,
  0x1FF8, 0x1FF8, 0x1FF8, 0x1FF8, 0x1FF8, 0x1FF8, 0x1FF8, 0x1FF8,
  0x1FF8, 0x1FF8, 0x1FF8, 0x0431, 0xCA72, 0x0B7B, 0xC649, 0x1FF8,
  0x1FF8, 0x1FF8, 0x1FF8, 0x1FF8, 0x1FF8, 0x1FF8, 0x1FF8, 0x1FF8,
  0x1FF8, 0x1FF8, 0x1FF8, 0x1FF8, 0x1FF8, 0x1FF8, 0x1FF8, 0x1FF8,
  0x1FF8, 0x1FF8, 0x1FF8, 0x1FF8, 0x1FF8, 0x1FF8, 0x1FF8, 0x1FF8,
  0x1FF8, 0x1FF8, 0x1FF8, 0x1FF8, 0x1FF8, 0x1FF8, 0x1FF8, 0x1FF8,
  0x1FF8, 0x1FF8, 0x1FF8, 0x1FF8, 0x1FF8, 0x1FF8, 0x1FF8, 0x1FF8,
};
static const shapoco::gfx2d::Texture tex_l_hand = {
  shapoco::gfx2d::PixelFormat::RGB565_SWAPPED, 83, 96, 166, tex_l_handData,
};

alignas(4) static const uint16_t tex_l_sleeve_fData[] = {
  0x1FF8, 0x1FF8, 0x1FF8, 0x1FF8, 0x1FF8, 0x1FF8, 0x1FF8, 0x1FF8,
  0x1FF8, 0x1FF8, 0x1FF8, 0x1FF8, 0x1FF8, 0x1FF8, 0x1FF8, 0x1FF8,
  0x1FF8, 0x1FF8, 0x1FF8, 0x1FF8, 0x1FF8, 0x1FF8, 0x1FF8, 0x1FF8,
  0x1FF8, 0x1FF8, 0x1FF8, 0x1FF8, 0x1FF8, 0x1FF8, 0x1FF8, 0x1FF8,
  0x1FF8, 0x1FF8, 0x1FF8, 0x1FF8, 0x1FF8, 0x1FF8, 0x1FF8, 0x1FF8,
  0x1FF8, 0x1FF8, 0x1FF8, 0x1FF8, 0x1FF8, 0x1FF8, 0x1FF8, 0x1FF8,
  0x1FF8, 0x1FF8, 0x1FF8, 0x1FF8, 0x1FF8, 0x1FF8, 0x1FF8, 0x1FF8,
  0x1FF8, 0x1FF8, 0x1FF8, 0x1FF8, 0x1FF8, 0x1FF8, 0x1FF8, 0x0000,
  0x2942, 0x3184, 0xD7B5, 0x3DE7, 0xDCD6, 0xDBD6, 0xDBD6, 0x1DDF,
  0xFCDE, 0x1CDF, 0x9FEF, 0xDBD6, 0xBBD6, 0x1FF8, 0x1FF8, 0x1FF8,
  0x1FF8, 0x1FF8, 0x1FF8, 0x1FF8, 0x1FF8, 0x1FF8, 0x1FF8, 0x1FF8,
  0x1FF8, 0x1FF8, 0x1FF8, 0x1FF8, 0x1FF8, 0x1FF8, 0x1FF8, 0x1FF8,
  0x1FF8, 0x1FF8, 0x1FF8, 0x1FF8, 0x1FF8, 0x1FF8, 0x1FF8, 0x1FF8,
  0x1FF8, 0x1FF8, 0x1FF8, 0x1FF8, 0x1FF8, 0x1FF8, 0x1FF8, 0xE418,
  0xB7B5, 0x5EE7, 0xDBD6, 0xDBD6, 0xDBD6, 0xDBD6, 0xDBD6, 0xDBD6,
  0xDBD6, 0xDBD6, 0xDBD6, 0xDBD6, 0xDBD6, 0xDBD6, 0xDBD6, 0xDBD6,
  0xDBD6, 0xFCD6, 0x6A4A, 0x0000, 0x1FF8, 0x1FF8, 0x1FF8, 0x1FF8,
  0x1FF8, 0x1FF8, 0x1FF8, 0x1FF8, 0x1FF8, 0x1FF8, 0x1FF8, 0x1FF8,
  0x1FF8, 0x1FF8, 0x1FF8, 0x1FF8, 0x1FF8, 0x1FF8, 0x1FF8, 0x1FF8,
  0x1FF8, 0x1FF8, 0x1FF8, 0x1FF8, 0x1FF8, 0x1FF8, 0x1FF8, 0x0000,
  0xBBD6, 0x1CDF, 0xDBD6, 0xDBD6, 0xDBD6, 0xDBD6, 0xDBD6, 0xDBD6,
  0xDBD6, 0xDBD6, 0xDBD6, 0xDBD6, 0xDBD6, 0xDBD6, 0xDBD6, 0xDBD6,
  0xDBD6, 0xDBD6, 0xDBD6, 0xDBD6, 0xDBD6, 0xFCD6, 0x9BCE, 0x083A,
  0x1FF8, 0x1FF8, 0x1FF8, 0x1FF8, 0x1FF8, 0x1FF8, 0x1FF8, 0x1FF8,
  0x1FF8, 0x1FF8, 0x1FF8, 0x1FF8, 0x1FF8, 0x1FF8, 0x1FF8, 0x1FF8,
  0x1FF8, 0x1FF8, 0x1FF8, 0x1FF8, 0x1FF8, 0x1FF8, 0x1FF8, 0x1FF8,
  0x2942, 0xBBD6, 0xDBD6, 0xDBD6, 0xDBD6, 0xDBD6, 0xDBD6, 0xDBD6,
  0xDBD6, 0xDBD6, 0xDBD6, 0xDBD6, 0xDBD6, 0xDBD6, 0xDBD6, 0xDBD6,
  0x1CDF, 0xFCD6, 0x5EE7, 0x39C6, 0x1CDF, 0x9EEF, 0xDCD6, 0xDBD6,
  0xDBD6, 0xDBD6, 0x7EE7, 0x2D63, 0x0000, 0x1FF8, 0x1FF8, 0x1FF8,
  0x1FF8, 0x1FF8, 0x1FF8, 0x1FF8, 0x1FF8, 0x1FF8, 0x1FF8, 0x1FF8,
  0x1FF8, 0x1FF8, 0x1FF8, 0x1FF8, 0x1FF8, 0x1FF8, 0x1FF8, 0x1FF8,
  0x1FF8, 0x728C, 0xFCD6, 0xDBD6, 0xDBD6, 0xDBD6, 0xDBD6, 0xDBD6,
  0xDBD6, 0xDBD6, 0xDBD6, 0xDBD6, 0x5DE7, 0x59C6, 0xB7B5, 0x107C,
  0xC739, 0x0C63, 0xCB52, 0x928C, 0x9ACE, 0x19BE, 0x5EE7, 0x5AC6,
  0x2D63, 0x0842, 0x55A5, 0xDBD6, 0xDBD6, 0xDBD6, 0xDBD6, 0x6529,
  0x1FF8, 0x1FF8, 0x1FF8, 0x1FF8, 0x1FF8, 0x1FF8, 0x1FF8, 0x1FF8,
  0x1FF8, 0x1FF8, 0x1FF8, 0x1FF8, 0x1FF8, 0x1FF8, 0x1FF8, 0x1FF8,
  0x1FF8, 0x1FF8, 0x35A5, 0xDBD6, 0xDBD6, 0xDBD6, 0xDBD6, 0xDBD6,
  0xDBD6, 0xDBD6, 0x5DE7, 0xB7B5, 0x8E73, 0xCB52, 0x3184, 0x76AD,
  0x5EE7, 0x3DDF, 0x5EE7, 0x3DDF, 0xB7B5, 0xB394, 0x8E73, 0x6E6B,
  0xCF7B, 0xB394, 0xFCD6, 0x5EE7, 0x1CDF, 0x56A5, 0xC739, 0x76AD,
  0x3DDF, 0xDBD6, 0xF49C, 0x1FF8, 0x1FF8, 0x1FF8, 0x1FF8, 0x1FF8,
  0x1FF8, 0x1FF8, 0x1FF8, 0x1FF8, 0x1FF8, 0x1FF8, 0x1FF8, 0x1FF8,
  0x1FF8, 0x1FF8, 0x1FF8, 0x107C, 0xDBD6, 0xDBD6, 0xDBD6, 0xDBD6,
  0xDBD6, 0x3DE7, 0xBBCE, 0x4942, 0xF07B, 0x18BE, 0x7EE7, 0x3DDF,
  0x96AD, 0xAF73, 0x8631, 0x0000, 0x6210, 0xA318, 0x0529, 0x2529,
  0x2629, 0x2631, 0x4631, 0x0529, 0x0000, 0x0000, 0x0842, 0x18BE,
  0xDBD6, 0x9FEF, 0x3184, 0x6E6B, 0xDBD6, 0x59C6, 0x2000, 0x1FF8,
  0x1FF8, 0x1FF8, 0x1FF8, 0x1FF8, 0x1FF8, 0x1FF8, 0x1FF8, 0x1FF8,
  0x1FF8, 0x1FF8, 0x1FF8, 0x1FF8, 0x2421, 0xFCD6, 0xDBD6, 0xDBD6,
  0xDBD6, 0x9FEF, 0x8E6B, 0x8E6B, 0x3DDF, 0xDBD6, 0x97B5, 0xAB5A,
  0xC318, 0x2108, 0x0529, 0x4631, 0x2529, 0x2529, 0x2529, 0x2529,
  0x2529, 0x2529, 0x2529, 0x2529, 0x2529, 0x2529, 0x2629, 0x0000,
  0x1FF8, 0x1FF8, 0x0000, 0x96AD, 0x1CDF, 0xDBD6, 0x6E6B, 0x76AD,
  0xDBD6, 0x6210, 0x1FF8, 0x1FF8, 0x1FF8, 0x1FF8, 0x1FF8, 0x1FF8,
  0x1FF8, 0x1FF8, 0x1FF8, 0x1FF8, 0x1FF8, 0x0000, 0x1DDF, 0xDBD6,
  0x3DDF, 0xF8BD, 0xAA52, 0xF8B5, 0xFFF7, 0x35A5, 0xE420, 0x0000,
  0x0529, 0x4631, 0x2529, 0x2529, 0x2529, 0x2529, 0x2529, 0x2529,
  0x2529, 0x2529, 0x2529, 0x2529, 0x2529, 0x2529, 0x2529, 0x2529,
  0x2529, 0x4631, 0x0000, 0x1FF8, 0x1FF8, 0x1FF8, 0x2000, 0x96AD,
  0xDCD6, 0xFCD6, 0xE739, 0x7EE7, 0x8210, 0x1FF8, 0x1FF8, 0x1FF8,
  0x1FF8, 0x1FF8, 0x1FF8, 0x1FF8, 0x1FF8, 0x1FF8, 0x1FF8, 0x59C6,
  0xFCDE, 0xB7B5, 0xE839, 0x7EE7, 0x1CDF, 0x494A, 0x2108, 0x0529,
  0x2629, 0x2529, 0x2529, 0x2529, 0x2529, 0x2529, 0x2529, 0x2529,
  0x2529, 0x2529, 0x2529, 0x2529, 0x2529, 0x2529, 0x2529, 0x2529,
  0x2529, 0x2529, 0x2529, 0x2529, 0x4631, 0x0000, 0x1FF8, 0x1FF8,
  0x1FF8, 0x1FF8, 0x0000, 0x5AC6, 0xDBD6, 0xEF7B, 0x18BE, 0x8210,
  0x1FF8, 0x1FF8, 0x1FF8, 0x1FF8, 0x1FF8, 0x1FF8, 0x1FF8, 0x1FF8,
  0x2421, 0x96AD, 0xC318, 0xF8B5, 0xD7B5, 0xE420, 0x8318, 0x2529,
  0x2529, 0x2529, 0x2629, 0x2529, 0x0529, 0xC420, 0xA318, 0x8210,
  0x6210, 0x4108, 0x4108, 0x6210, 0xC318, 0x0529, 0x4631, 0x2629,
  0x2529, 0x2529, 0x2529, 0x2529, 0x2529, 0x2529, 0x2529, 0x2629,
  0x0000, 0x1FF8, 0x1FF8, 0x1FF8, 0x1FF8, 0x1FF8, 0x4529, 0x1DDF,
  0xFCD6, 0x0C5B, 0x0000, 0x1FF8, 0x1FF8, 0x1FF8, 0x1FF8, 0x1FF8,
  0x1FF8, 0x1FF8, 0xAB52, 0x39BE, 0x39C6, 0x2108, 0xA318, 0x2629,
  0x2529, 0x2529, 0x2529, 0x0529, 0x0000, 0x1FF8, 0x1FF8, 0x1FF8,
  0x1FF8, 0x1FF8, 0x1FF8, 0x1FF8, 0x1FF8, 0x1FF8, 0x1FF8, 0x1FF8,
  0x1FF8, 0x0000, 0x0000, 0x6210, 0xA318, 0x0529, 0x4631, 0x2529,
  0x2529, 0x2529, 0xE420, 0x1FF8, 0x1FF8, 0x1FF8, 0x1FF8, 0x1FF8,
  0x1FF8, 0x0000, 0x728C, 0x1DDF, 0x6A4A, 0x0000, 0x1FF8, 0x1FF8,
  0x1FF8, 0x1FF8, 0x1FF8, 0x6210, 0x9EEF, 0x0842, 0xE420, 0x4631,
  0x2529, 0x2529, 0x2529, 0x2529, 0xC318, 0x1FF8, 0x1FF8, 0x1FF8,
  0x1FF8, 0x1FF8, 0x1FF8, 0x1FF8, 0x1FF8, 0x1FF8, 0x1FF8, 0x1FF8,
  0x1FF8, 0x1FF8, 0x1FF8, 0x1FF8, 0x1FF8, 0x1FF8, 0x1FF8, 0x1FF8,
  0x1FF8, 0x0000, 0x0000, 0xC420, 0x0529, 0x2108, 0x1FF8, 0x1FF8,
  0x1FF8, 0x1FF8, 0x1FF8, 0x1FF8, 0x1FF8, 0xE418, 0xFCDE, 0x8E73,
  0x1FF8, 0x1FF8, 0x1FF8, 0x1FF8, 0x1FF8, 0x96AD, 0x0000, 0x1FF8,
  0x0529, 0x2529, 0x2529, 0x2529, 0x2631, 0x6210, 0x1FF8, 0x1FF8,
  0x1FF8, 0x1FF8, 0x1FF8, 0x1FF8, 0x1FF8, 0x1FF8, 0x1FF8, 0x1FF8,
  0x1FF8, 0x1FF8, 0x1FF8, 0x1FF8, 0x1FF8, 0x1FF8, 0x1FF8, 0x1FF8,
  0x1FF8, 0x1FF8, 0x1FF8, 0x1FF8, 0x1FF8, 0x1FF8, 0x0000, 0x1FF8,
  0x1FF8, 0x1FF8, 0x1FF8, 0x1FF8, 0x1FF8, 0x1FF8, 0x1FF8, 0x1FF8,
  0x0000, 0xBBCE, 0x2D63, 0x1FF8, 0x1FF8, 0x1FF8, 0x0000, 0xFCD6,
  0x1FF8, 0x1FF8, 0x2529, 0x2529, 0x2529, 0x4631, 0x0000, 0x1FF8,
  0x1FF8, 0x1FF8, 0x1FF8, 0x1FF8, 0x1FF8, 0x1FF8, 0x1FF8, 0x1FF8,
  0x1FF8, 0x1FF8, 0x1FF8, 0x1FF8, 0x1FF8, 0x1FF8, 0x1FF8, 0x1FF8,
  0x1FF8, 0x1FF8, 0x1FF8, 0x1FF8, 0x1FF8, 0x1FF8, 0x1FF8, 0x1FF8,
  0x1FF8, 0x1FF8, 0x1FF8, 0x1FF8, 0x1FF8, 0x1FF8, 0x1FF8, 0x1FF8,
  0x1FF8, 0x1FF8, 0x1FF8, 0x0000, 0x5AC6, 0x2421, 0x1FF8, 0x1FF8,
  0x1FF8, 0x1FF8, 0x1FF8, 0x1FF8, 0xE420, 0x2529, 0x2529, 0x0000,
  0x1FF8, 0x1FF8, 0x1FF8, 0x1FF8, 0x1FF8, 0x1FF8, 0x1FF8, 0x1FF8,
  0x1FF8, 0x1FF8, 0x1FF8, 0x1FF8, 0x1FF8, 0x1FF8, 0x1FF8, 0x1FF8,
  0x1FF8, 0x1FF8, 0x1FF8, 0x1FF8, 0x1FF8, 0x1FF8, 0x1FF8, 0x1FF8,
  0x1FF8, 0x1FF8, 0x1FF8, 0x1FF8, 0x1FF8, 0x1FF8, 0x1FF8, 0x1FF8,
  0x1FF8, 0x1FF8, 0x1FF8, 0x1FF8, 0x1FF8, 0x1FF8, 0x4108, 0x9EEF,
  0x0000, 0x1FF8, 0x1FF8, 0x1FF8, 0x1FF8, 0x1FF8, 0x8318, 0x2529,
  0x0000, 0x1FF8, 0x1FF8, 0x1FF8, 0x1FF8, 0x1FF8, 0x1FF8, 0x1FF8,
  0x1FF8, 0x1FF8, 0x1FF8, 0x1FF8, 0x1FF8, 0x1FF8, 0x1FF8, 0x1FF8,
  0x1FF8, 0x1FF8, 0x1FF8, 0x1FF8, 0x1FF8, 0x1FF8, 0x1FF8, 0x1FF8,
  0x1FF8, 0x1FF8, 0x1FF8, 0x1FF8, 0x1FF8, 0x1FF8, 0x1FF8, 0x1FF8,
  0x1FF8, 0x1FF8, 0x1FF8, 0x1FF8, 0x1FF8, 0x1FF8, 0x1FF8, 0x1FF8,
  0x1FF8, 0x2421, 0x928C, 0x1FF8, 0x1FF8, 0x1FF8, 0x1FF8, 0x1FF8,
  0x2108, 0x2108, 0x1FF8, 0x1FF8, 0x1FF8, 0x1FF8, 0x1FF8, 0x1FF8,
  0x1FF8, 0x1FF8, 0x1FF8, 0x1FF8, 0x1FF8, 0x1FF8, 0x1FF8, 0x1FF8,
  0x1FF8, 0x1FF8, 0x1FF8, 0x1FF8, 0x1FF8, 0x1FF8, 0x1FF8, 0x1FF8,
  0x1FF8, 0x1FF8, 0x1FF8, 0x1FF8, 0x1FF8, 0x1FF8, 0x1FF8, 0x1FF8,
  0x1FF8, 0x1FF8, 0x1FF8, 0x1FF8, 0x1FF8, 0x1FF8, 0x1FF8, 0x1FF8,
  0x1FF8, 0x1FF8, 0x1FF8, 0x1FF8, 0x39C6, 0x0000, 0x1FF8, 0x1FF8,
  0x1FF8, 0x1FF8, 0x1FF8, 0x4631, 0x1FF8, 0x1FF8, 0x1FF8, 0x1FF8,
  0x1FF8, 0x1FF8, 0x1FF8, 0x1FF8, 0x1FF8, 0x1FF8, 0x1FF8, 0x1FF8,
  0x1FF8, 0x1FF8, 0x1FF8, 0x1FF8, 0x1FF8, 0x1FF8, 0x1FF8, 0x1FF8,
  0x1FF8, 0x1FF8, 0x1FF8, 0x1FF8, 0x1FF8, 0x1FF8, 0x1FF8, 0x1FF8,
  0x1FF8, 0x1FF8, 0x1FF8, 0x1FF8, 0x1FF8, 0x1FF8, 0x1FF8, 0x1FF8,
  0x1FF8, 0x1FF8, 0x1FF8, 0x1FF8, 0x1FF8, 0x1FF8, 0x1FF8, 0x1FF8,
};
static const shapoco::gfx2d::Texture tex_l_sleeve_f = {
  shapoco::gfx2d::PixelFormat::RGB565_SWAPPED, 50, 20, 100, tex_l_sleeve_fData,
};

static const int16_t hull_bracelet_red_b[] = {0, 1, 2, 0, 7, 0, 10, 7, 10, 24, 9, 29, 7, 30, 0, 30};

static const int16_t hull_bracelet_green_b[] = {1, 1, 34, 1, 34, 8, 26, 10, 18, 11, 13, 11, 6, 10, 1, 7};

static const int16_t hull_bracelet_blue_b[] = {1, 1, 33, 1, 33, 8, 30, 9, 25, 10, 17, 10, 5, 9, 1, 8};

static const int16_t hull_r_arm[] = {1, 2, 4, 1, 102, 1, 96, 21, 89, 21, 31, 17, 3, 11, 1, 8};

static const int16_t hull_r_hand[] = {1, 13, 7, 1, 56, 1, 45, 31, 41, 33, 15, 40, 12, 40, 1, 27};

static const int16_t hull_bracelet_red_f[] = {0, 8, 1, 4, 2, 1, 5, 0, 10, 0, 10, 30, 3, 30, 0, 24};

static const int16_t hull_bracelet_green_f[] = {2, 6, 4, 3, 11, 2, 26, 2, 35, 4, 37, 11, 35, 12, 2, 12};

static const int16_t hull_bracelet_blue_f[] = {1, 10, 3, 2, 7, 1, 11, 1, 11, 33, 4, 33, 2, 29, 1, 22};

static const int16_t hull_hoodie_b[] = {-1, 34, 1, 25, 9, 17, 20, 10, 30, 7, 64, -1, 86, 13, 68, 32};

static const int16_t hull_r_sleeve[] = {0, 31, 2, 15, 13, 2, 26, 1, 62, 1, 50, 39, 37, 44, 2, 44};

static const int16_t hull_hood_b[] = {-1, 50, 3, 28, 17, 2, 66, 0, 66, 50, 56, 72, 20, 65, 9, 60};

static const int16_t hull_shirt_b[] = {0, 13, 5, -1, 60, 1, 92, 9, 109, 18, 101, 24, 18, 42, 10, 40};

static const int16_t hull_r_pants_b[] = {1, 13, 11, 1, 19, 1, 24, 8, 24, 61, 18, 65, 6, 46, 1, 32};

static const int16_t hull_r_leg[] = {1, 10, 7, 1, 127, 1, 144, 10, 144, 33, 25, 65, 16, 55, 1, 25};

static const int16_t hull_rpants_f[] = {-1, 0, 3, 0, 21, 11, 31, 22, 20, 62, 9, 64, 5, 64, 0, 51};

static const int16_t hull_l_pants_b[] = {1, 36, 4, 19, 26, -2, 34, 5, 32, 68, 26, 77, 11, 77, 1, 57};

static const int16_t hull_l_leg[] = {0, 107, 45, 6, 64, -1, 72, 18, 71, 133, 54, 136, 19, 129, 0, 119};

static const int16_t hull_l_pants_f[] = {-1, 78, 0, 23, 7, -1, 12, 2, 50, 48, 54, 61, 56, 72, 22, 78};

static const int16_t hull_rope[] = {0, 0, 13, 0, 33, 22, 33, 38, 30, 53, 25, 63, 8, 63, 0, 45};

static const int16_t hull_hair_back_b[] = {1, 28, 4, 14, 17, -2, 25, 14, 23, 42, 16, 47, 3, 45, 1, 39};

static const int16_t hull_hair_side_b[] = {-1, 50, 5, 28, 18, 13, 30, 4, 45, -1, 47, 59, 25, 68, 2, 61};

static const int16_t hull_hair_back_f[] = {0, 26, 10, -2, 37, 2, 52, 17, 53, 92, 37, 89, 12, 73, 0, 45};

static const int16_t hull_face_skin[] = {-1, 14, 6, 0, 36, 0, 49, 13, 49, 29, 36, 55, 24, 57, 1, 44};

static const int16_t hull_shirt_f[] = {0, 37, 17, 14, 44, -2, 61, 13, 62, 85, 52, 105, 37, 118, 0, 79};

static const int16_t hull_tie_b[] = {-1, 17, 3, 5, 13, 0, 27, 0, 71, 10, 71, 19, 61, 21, 9, 21};

static const int16_t hull_tie_f[] = {-3, 18, 3, 3, 14, -1, 35, -1, 89, 2, 89, 12, 73, 18, 9, 24};

static const int16_t hull_hair_aho[] = {1, 2, 29, -1, 28, 2, 22, 8, 18, 10, 9, 10, 5, 7, 1, 3};

static const int16_t hull_hair_front_b[] = {0, 6, 11, 1, 25, 1, 33, 3, 43, 10, 45, 15, 45, 18, 2, 18};

static const int16_t hull_hair_front_f[] = {-1, 19, 6, 6, 13, 1, 25, 1, 41, 8, 45, 24, 45, 36, 3, 36};

static const int16_t hull_eyes_back[] = {-1, 4, 4, -1, 29, 1, 34, 6, 34, 14, 31, 18, 5, 15, 1, 12};

static const int16_t hull_iris[] = {1, 0, 24, 0, 27, 1, 28, 4, 28, 10, 25, 14, 2, 11, 1, 8};

static const int16_t hull_eye_highlight[] = {0, 3, 20, 1, 22, 1, 28, 9, 28, 10, 8, 12, 1, 6, 0, 5};

static const int16_t hull_eyelashes_open[] = {-1, 10, 4, 3, 7, 0, 35, 0, 45, 17, 42, 21, 40, 23, 5, 21};

static const int16_t hull_mouth_nose[] = {0, 1, 2, 0, 8, 0, 12, 1, 12, 7, 9, 8, 3, 8, 0, 3};

static const int16_t hull_hair_side_f[] = {-1, -1, 13, 4, 26, 15, 28, 24, 21, 65, 17, 68, 8, 71, 0, 63};

static const int16_t hull_l_hoodie[] = {1, 8, 31, 1, 67, 1, 82, 30, 80, 85, 55, 97, 22, 97, 1, 90};

static const int16_t hull_hood_f[] = {2, 14, 6, 1, 59, 1, 68, 50, 36, 49, 20, 45, 4, 38, 2, 32};

static const int16_t hull_l_sleeve_b[] = {1, 4, 8, 1, 23, 1, 33, 6, 40, 13, 48, 29, 34, 36, 1, 36};

static const int16_t hull_l_arm[] = {-1, 42, 7, 1, 25, -2, 35, 56, 35, 71, 27, 82, 11, 82, 1, 73};

static const int16_t hull_l_hand[] = {-1, 28, 8, 12, 19, 1, 78, -1, 84, 55, 69, 85, 42, 96, 3, 96};

static const int16_t hull_l_sleeve_f[] = {-1, 16, 3, 9, 11, 1, 30, 1, 39, 4, 48, 14, 51, 19, 5, 21};

static const shapoco::gfx2d::rig::Attachment attachments_bracelet_red_b[] = {
  {&tex_bracelet_red_b, {0, 0, 10, 30}, {-0.1814186f, 0.9834059f, -0.9702939f, -0.1789997f, 16.35946f, -1.863015f}, hull_bracelet_red_b, 8, shapoco::gfx2d::rig::AttachmentKind::IMAGE, {0, 0}, nullptr},
};

static const shapoco::gfx2d::rig::Attachment attachments_bracelet_green_b[] = {
  {&tex_bracelet_green_b, {0, 0, 35, 12}, {1.013474f, 0.06005447f, -0.06241547f, 1.013782f, -16.14907f, -5.359751f}, hull_bracelet_green_b, 8, shapoco::gfx2d::rig::AttachmentKind::IMAGE, {0, 0}, nullptr},
};

static const shapoco::gfx2d::rig::Attachment attachments_bracelet_blue_b[] = {
  {&tex_bracelet_blue_b, {0, 0, 34, 11}, {0.9991382f, 0.04150771f, -0.04150771f, 0.9991382f, -17.75205f, -4.566948f}, hull_bracelet_blue_b, 8, shapoco::gfx2d::rig::AttachmentKind::IMAGE, {0, 0}, nullptr},
};

static const shapoco::gfx2d::rig::Attachment attachments_r_arm[] = {
  {&tex_r_arm, {0, 0, 101, 22}, {-1.000401f, 0.04616954f, -0.05186341f, -1.003869f, 128.9113f, 5.182535f}, hull_r_arm, 8, shapoco::gfx2d::rig::AttachmentKind::IMAGE, {0, 0}, nullptr},
};

static const shapoco::gfx2d::rig::Attachment attachments_r_hand[] = {
  {&tex_r_hand, {0, 0, 56, 41}, {-0.7835608f, 0.6163481f, -0.6173168f, -0.7956035f, 52.64771f, -3.532187f}, hull_r_hand, 8, shapoco::gfx2d::rig::AttachmentKind::IMAGE, {0, 0}, nullptr},
};

static const shapoco::gfx2d::rig::Attachment attachments_bracelet_red_f[] = {
  {&tex_bracelet_red_f, {0, 0, 10, 30}, {-0.1886753f, 1.022742f, -0.9702939f, -0.1789997f, 17.04885f, -5.599956f}, hull_bracelet_red_f, 8, shapoco::gfx2d::rig::AttachmentKind::IMAGE, {0, 0}, nullptr},
};

static const shapoco::gfx2d::rig::Attachment attachments_bracelet_green_f[] = {
  {&tex_bracelet_green_f, {0, 0, 37, 13}, {0.9976382f, 0.08329849f, -0.06855885f, 0.9954817f, -17.04881f, -10.84483f}, hull_bracelet_green_f, 8, shapoco::gfx2d::rig::AttachmentKind::IMAGE, {0, 0}, nullptr},
};

static const shapoco::gfx2d::rig::Attachment attachments_bracelet_blue_f[] = {
  {&tex_bracelet_blue_f, {0, 0, 12, 34}, {-0.01739698f, 1.015236f, -1.015236f, -0.01739698f, 16.55521f, -7.036431f}, hull_bracelet_blue_f, 8, shapoco::gfx2d::rig::AttachmentKind::IMAGE, {0, 0}, nullptr},
};

static const shapoco::gfx2d::rig::Attachment attachments_hoodie_b[] = {
  {&tex_hoodie_b, {0, 0, 84, 33}, {-0.9854978f, -0.1958078f, 0.1925871f, -0.969288f, 87.60119f, 21.74866f}, hull_hoodie_b, 8, shapoco::gfx2d::rig::AttachmentKind::IMAGE, {0, 0}, nullptr},
};

static const shapoco::gfx2d::rig::Attachment attachments_r_sleeve[] = {
  {&tex_r_sleeve, {0, 0, 61, 45}, {-0.9947081f, 0.004480103f, -0.005924676f, -0.9954688f, 51.5548f, 15.27582f}, hull_r_sleeve, 8, shapoco::gfx2d::rig::AttachmentKind::IMAGE, {0, 0}, nullptr},
};

static const shapoco::gfx2d::rig::Attachment attachments_hood_b[] = {
  {&tex_hood_b, {0, 0, 67, 71}, {0.875204f, -0.4765953f, 0.4773206f, 0.8729914f, -40.17149f, -29.04042f}, hull_hood_b, 8, shapoco::gfx2d::rig::AttachmentKind::IMAGE, {0, 0}, nullptr},
};

static const shapoco::gfx2d::rig::Attachment attachments_shirt_b[] = {
  {&tex_shirt_b, {0, 0, 108, 41}, {0.959077f, 0.2952425f, -0.2980852f, 0.9586087f, -32.03784f, -42.56758f}, hull_shirt_b, 8, shapoco::gfx2d::rig::AttachmentKind::IMAGE, {0, 0}, nullptr},
};

static const shapoco::gfx2d::rig::Attachment attachments_r_pants_b[] = {
  {&tex_r_pants_b, {0, 0, 25, 63}, {-0.9047851f, 0.4100728f, -0.4018807f, -0.9201444f, 106.3662f, 14.53211f}, hull_r_pants_b, 8, shapoco::gfx2d::rig::AttachmentKind::IMAGE, {0, 0}, nullptr},
};

static const shapoco::gfx2d::rig::Attachment attachments_r_leg[] = {
  {&tex_r_leg, {0, 0, 145, 65}, {-0.9564791f, -0.2983929f, 0.2922795f, -0.9528441f, 121.0453f, 54.23171f}, hull_r_leg, 8, shapoco::gfx2d::rig::AttachmentKind::IMAGE, {0, 0}, nullptr},
};

static const shapoco::gfx2d::rig::Attachment attachments_r_pants_f[] = {
  {&tex_rpants_f, {0, 0, 31, 64}, {-0.9363619f, 0.3714976f, -0.377268f, -0.9245343f, 93.41446f, 20.60528f}, hull_rpants_f, 8, shapoco::gfx2d::rig::AttachmentKind::IMAGE, {0, 0}, nullptr},
};

static const shapoco::gfx2d::rig::Attachment attachments_l_pants_b[] = {
  {&tex_l_pants_b, {0, 0, 33, 78}, {-0.8891597f, 0.4468652f, -0.4463839f, -0.8916444f, 81.6516f, 7.376563f}, hull_l_pants_b, 8, shapoco::gfx2d::rig::AttachmentKind::IMAGE, {0, 0}, nullptr},
};

static const shapoco::gfx2d::rig::Attachment attachments_l_leg[] = {
  {&tex_l_leg, {0, 0, 71, 135}, {-0.06569264f, -0.9946654f, 0.9955431f, -0.06740811f, -9.432601f, 55.1133f}, hull_l_leg, 8, shapoco::gfx2d::rig::AttachmentKind::IMAGE, {0, 0}, nullptr},
};

static const shapoco::gfx2d::rig::Attachment attachments_l_pants_f[] = {
  {&tex_l_pants_f, {0, 0, 56, 78}, {-0.9285479f, 0.3638316f, -0.3630067f, -0.9369452f, 63.20963f, 16.51723f}, hull_l_pants_f, 8, shapoco::gfx2d::rig::AttachmentKind::IMAGE, {0, 0}, nullptr},
};

static const shapoco::gfx2d::rig::Attachment attachments_rope[] = {
  {&tex_rope, {0, 0, 33, 63}, {0.0005983613f, -1.000369f, 1.005881f, -0.002347622f, 8.718862f, 17.351f}, hull_rope, 8, shapoco::gfx2d::rig::AttachmentKind::IMAGE, {0, 0}, nullptr},
};

static const shapoco::gfx2d::rig::Attachment attachments_hair_back_b[] = {
  {&tex_hair_back_b, {0, 0, 25, 47}, {0.04843026f, -0.9934236f, 1.002556f, 0.04099736f, -2.960324f, 8.728607f}, hull_hair_back_b, 8, shapoco::gfx2d::rig::AttachmentKind::IMAGE, {0, 0}, nullptr},
};

static const shapoco::gfx2d::rig::Attachment attachments_hair_side_b[] = {
  {&tex_hair_side_b, {0, 0, 46, 67}, {-0.4371601f, -0.9064332f, 0.9063639f, -0.4386836f, 11.79293f, 32.44371f}, hull_hair_side_b, 8, shapoco::gfx2d::rig::AttachmentKind::IMAGE, {0, 0}, nullptr},
};

static const shapoco::gfx2d::rig::Attachment attachments_hair_back_f[] = {
  {&tex_hair_back_f, {0, 0, 52, 90}, {0.2081718f, -0.9806214f, 0.9790413f, 0.2057418f, -10.93259f, 31.33318f}, hull_hair_back_f, 8, shapoco::gfx2d::rig::AttachmentKind::IMAGE, {0, 0}, nullptr},
};

static const shapoco::gfx2d::rig::Attachment attachments_face_skin[] = {
  {&tex_face_skin, {0, 0, 49, 56}, {0.05091417f, 0.9946161f, -0.9986924f, 0.05112283f, 47.35419f, -27.92741f}, hull_face_skin, 8, shapoco::gfx2d::rig::AttachmentKind::IMAGE, {0, 0}, nullptr},
};

static const shapoco::gfx2d::rig::Attachment attachments_shirt_f[] = {
  {&tex_shirt_f, {0, 0, 62, 117}, {0.2189548f, 0.9734942f, -0.9763672f, 0.2224646f, 54.32005f, -28.03503f}, hull_shirt_f, 8, shapoco::gfx2d::rig::AttachmentKind::IMAGE, {0, 0}, nullptr},
};

static const shapoco::gfx2d::rig::Attachment attachments_tie_b[] = {
  {&tex_tie_b, {0, 0, 71, 21}, {-0.9929863f, 0.01128266f, -0.0163083f, -0.9864751f, 68.83299f, 14.13499f}, hull_tie_b, 8, shapoco::gfx2d::rig::AttachmentKind::IMAGE, {0, 0}, nullptr},
};

static const shapoco::gfx2d::rig::Attachment attachments_tie_f[] = {
  {&tex_tie_f, {0, 0, 88, 23}, {-0.9977882f, -0.1163199f, 0.1147867f, -0.9846361f, 85.64568f, 15.89415f}, hull_tie_f, 8, shapoco::gfx2d::rig::AttachmentKind::IMAGE, {0, 0}, nullptr},
};

static const shapoco::gfx2d::rig::Attachment attachments_hair_aho[] = {
  {&tex_hair_aho, {0, 0, 29, 11}, {-0.9901608f, -0.1668547f, 0.1570916f, -0.994096f, 31.19959f, 4.360011f}, hull_hair_aho, 8, shapoco::gfx2d::rig::AttachmentKind::IMAGE, {0, 0}, nullptr},
};

static const shapoco::gfx2d::rig::Attachment attachments_hair_front_b[] = {
  {&tex_hair_front_b, {0, 0, 46, 19}, {-0.998337f, -0.09016347f, 0.1070546f, -0.9985844f, 39.84688f, 15.49827f}, hull_hair_front_b, 8, shapoco::gfx2d::rig::AttachmentKind::IMAGE, {0, 0}, nullptr},
};

static const shapoco::gfx2d::rig::Attachment attachments_hair_front_f[] = {
  {&tex_hair_front_f, {0, 0, 46, 37}, {0.5082873f, -0.8519896f, 0.8659997f, 0.5061317f, -8.014505f, 6.502098f}, hull_hair_front_f, 8, shapoco::gfx2d::rig::AttachmentKind::IMAGE, {0, 0}, nullptr},
};

static const shapoco::gfx2d::rig::Attachment attachments_eyes_back[] = {
  {&tex_eyes_back, {0, 0, 35, 18}, {-0.05229732f, 1.00452f, -0.9881344f, -0.05487476f, 29.89956f, -24.32505f}, hull_eyes_back, 8, shapoco::gfx2d::rig::AttachmentKind::IMAGE, {0, 0}, nullptr},
};

static const shapoco::gfx2d::rig::Attachment attachments_iris[] = {
  {&tex_iris, {0, 0, 29, 13}, {-0.09523947f, 1.002442f, -0.9821144f, -0.09936073f, 26.16735f, -20.78551f}, hull_iris, 8, shapoco::gfx2d::rig::AttachmentKind::IMAGE, {0, 0}, nullptr},
};

static const shapoco::gfx2d::rig::Attachment attachments_eye_highlight[] = {
  {&tex_eye_highlight, {0, 0, 28, 11}, {-0.1978547f, 0.9707222f, -0.9511217f, -0.2041002f, 27.16023f, -19.82708f}, hull_eye_highlight, 8, shapoco::gfx2d::rig::AttachmentKind::IMAGE, {0, 0}, nullptr},
};

static const shapoco::gfx2d::rig::Attachment attachments_eyelashes_open[] = {
  {&tex_eyelashes_open, {0, 0, 43, 22}, {-0.111963f, 1.002823f, -0.9857078f, -0.1157238f, 38.02314f, -27.75649f}, hull_eyelashes_open, 8, shapoco::gfx2d::rig::AttachmentKind::IMAGE, {0, 0}, nullptr},
};

static const shapoco::gfx2d::rig::Attachment attachments_mouth_nose[] = {
  {&tex_mouth_nose, {0, 0, 12, 8}, {0.05112283f, 0.9986924f, -1.012008f, 0.05180447f, 8.590047f, -14.62828f}, hull_mouth_nose, 8, shapoco::gfx2d::rig::AttachmentKind::IMAGE, {0, 0}, nullptr},
};

static const shapoco::gfx2d::rig::Attachment attachments_hair_side_f[] = {
  {&tex_hair_side_f, {0, 0, 27, 70}, {-0.04938756f, -1.002584f, 1.000061f, -0.04521287f, -6.504855f, 15.00443f}, hull_hair_side_f, 8, shapoco::gfx2d::rig::AttachmentKind::IMAGE, {0, 0}, nullptr},
};

static const shapoco::gfx2d::rig::Attachment attachments_l_hoodie[] = {
  {&tex_l_hoodie, {0, 0, 81, 98}, {-0.8457038f, -0.5351256f, 0.5369332f, -0.8449945f, 51.23514f, 54.50891f}, hull_l_hoodie, 8, shapoco::gfx2d::rig::AttachmentKind::IMAGE, {0, 0}, nullptr},
};

static const shapoco::gfx2d::rig::Attachment attachments_hood_f[] = {
  {&tex_hood_f, {0, 0, 67, 50}, {0.7494355f, -0.6655909f, 0.6621614f, 0.7551524f, -10.8769f, 8.823637f}, hull_hood_f, 8, shapoco::gfx2d::rig::AttachmentKind::IMAGE, {0, 0}, nullptr},
};

static const shapoco::gfx2d::rig::Attachment attachments_l_sleeve_b[] = {
  {&tex_l_sleeve_b, {0, 0, 46, 37}, {-0.3782823f, -0.9165663f, 0.9137884f, -0.3782902f, 10.7692f, 24.38627f}, hull_l_sleeve_b, 8, shapoco::gfx2d::rig::AttachmentKind::IMAGE, {0, 0}, nullptr},
};

static const shapoco::gfx2d::rig::Attachment attachments_l_arm[] = {
  {&tex_l_arm, {0, 0, 35, 82}, {-0.03871942f, -1.004969f, 0.9943842f, -0.03831163f, 2.439758f, 17.86931f}, hull_l_arm, 8, shapoco::gfx2d::rig::AttachmentKind::IMAGE, {0, 0}, nullptr},
};

static const shapoco::gfx2d::rig::Attachment attachments_l_hand[] = {
  {&tex_l_hand, {0, 0, 83, 96}, {0.5688664f, -0.8194983f, 0.818055f, 0.5678645f, -20.70664f, 6.576243f}, hull_l_hand, 8, shapoco::gfx2d::rig::AttachmentKind::IMAGE, {0, 0}, nullptr},
};

static const shapoco::gfx2d::rig::Attachment attachments_l_sleeve_f[] = {
  {&tex_l_sleeve_f, {0, 0, 50, 20}, {0.03836874f, -1.003294f, 0.9994231f, 0.04013611f, -0.9786981f, 20.74369f}, hull_l_sleeve_f, 8, shapoco::gfx2d::rig::AttachmentKind::IMAGE, {0, 0}, nullptr},
};

static const shapoco::gfx2d::rig::Bone bones[] = {
  {"root", 0.0f, 0.0f, 0, 0, 4096, 4096, 0xFF, 0},
  {"upper", 33.38f, 6.46f, -10608, -10608, 4096, 4096, 0, 0},
  {"l_lower", 31.08f, 15.82f, -31341, -31341, 4096, 4096, 0, 0},
  {"r_lower", 30.79f, 16.66f, 32396, 32396, 4096, 4096, 0, 0},
  {"rope", 41.24f, 19.49f, 18948, 18948, 4096, 4096, 0, 0},
  {"r_leg", 88.47574f, 0.016f, -6587, -6587, 4096, 4096, 3, 0},
  {"tie_f", 37.61256f, -5.70092f, -23370, -23370, 4096, 4096, 1, 0},
  {"head", 53.79406f, -0.35068f, -5242, -5242, 4096, 4096, 1, 0},
  {"r_sleeve", 38.35794f, -0.08348f, -16468, -16468, 4096, 4096, 1, 0},
  {"l_hoodie", 52.02882f, 21.91472f, 30274, 30274, 4096, 4096, 1, 0},
  {"l_arm", 48.4219f, 20.1121f, 27394, 27394, 4096, 4096, 1, 0},
  {"l_leg", 53.37696f, 0.35376f, -11737, -11737, 4096, 4096, 2, 0},
  {"tie_b", 36.20444f, -5.82968f, -25515, -25515, 4096, 4096, 1, 0},
  {"hoodie_b", 27.67526f, -6.19984f, -24205, -24205, 4096, 4096, 1, 0},
  {"r_arm", 38.46634f, -0.57374f, -16566, -16566, 4096, 4096, 1, 0},
  {"l_sleeve_f", 52.68934f, 25.15096f, 29022, 29022, 4096, 4096, 1, 0},
  {"hood", 51.52836f, 21.94196f, 11561, 11561, 4096, 4096, 1, 0},
  {"bracelet_green_b", 82.24246f, -6.1941f, 19343, 19343, 4096, 4096, 14, 0},
  {"bracelet_blue_b", 67.17826f, 2.51646f, 18549, 18549, 4096, 4096, 14, 0},
  {"r_hand", 119.2281f, -0.31804f, -1717, -1717, 4096, 4096, 14, 0},
  {"hair_side_b", 53.06894f, -2.35616f, -22525, -22525, 4096, 4096, 7, 0},
  {"bracelet_red_b", 92.52382f, -1.14936f, 8887, 8887, 4096, 4096, 14, 0},
  {"l_hand", 57.7573f, 0.11644f, -6731, -6731, 4096, 4096, 10, 0},
  {"hair_back_f", 53.92474f, 0.4738f, 25964, 25964, 4096, 4096, 7, 0},
  {"hair_front_f", 52.80144f, -0.5401f, 30249, 30249, 4096, 4096, 7, 0},
  {"hair_front_b", 50.47382f, -4.34608f, -25546, -25546, 4096, 4096, 7, 0},
  {"hair_aho", 52.33148f, -2.67888f, -11568, -11568, 4096, 4096, 7, 0},
  {"hair_back_b", 29.52344f, -7.4752f, -7447, -7447, 4096, 4096, 20, 0},
  {"hair_side_f", 29.50936f, -10.66898f, 11874, 11874, 4096, 4096, 23, 0},
};

static const shapoco::gfx2d::rig::Slot slots[] = {
  {"bracelet_red_b", attachments_bracelet_red_b, 1, 0, 21, 255, shapoco::gfx2d::BlendMode::ALPHA, 255, 255, 255, nullptr, 0, {0, 0, 0}, 0.0f},
  {"bracelet_green_b", attachments_bracelet_green_b, 1, 0, 17, 255, shapoco::gfx2d::BlendMode::ALPHA, 255, 255, 255, nullptr, 0, {0, 0, 0}, 0.0f},
  {"bracelet_blue_b", attachments_bracelet_blue_b, 1, 0, 18, 255, shapoco::gfx2d::BlendMode::ALPHA, 255, 255, 255, nullptr, 0, {0, 0, 0}, 0.0f},
  {"r_arm", attachments_r_arm, 1, 0, 14, 255, shapoco::gfx2d::BlendMode::ALPHA, 255, 255, 255, nullptr, 0, {0, 0, 0}, 0.0f},
  {"r_hand", attachments_r_hand, 1, 0, 19, 255, shapoco::gfx2d::BlendMode::ALPHA, 255, 255, 255, nullptr, 0, {0, 0, 0}, 0.0f},
  {"bracelet_red_f", attachments_bracelet_red_f, 1, 0, 21, 255, shapoco::gfx2d::BlendMode::ALPHA, 255, 255, 255, nullptr, 0, {0, 0, 0}, 0.0f},
  {"bracelet_green_f", attachments_bracelet_green_f, 1, 0, 17, 255, shapoco::gfx2d::BlendMode::ALPHA, 255, 255, 255, nullptr, 0, {0, 0, 0}, 0.0f},
  {"bracelet_blue_f", attachments_bracelet_blue_f, 1, 0, 18, 255, shapoco::gfx2d::BlendMode::ALPHA, 255, 255, 255, nullptr, 0, {0, 0, 0}, 0.0f},
  {"hoodie_b", attachments_hoodie_b, 1, 0, 13, 255, shapoco::gfx2d::BlendMode::ALPHA, 255, 255, 255, nullptr, 0, {0, 0, 0}, 0.0f},
  {"r_sleeve", attachments_r_sleeve, 1, 0, 8, 255, shapoco::gfx2d::BlendMode::ALPHA, 255, 255, 255, nullptr, 0, {0, 0, 0}, 0.0f},
  {"hood_b", attachments_hood_b, 1, 0, 16, 255, shapoco::gfx2d::BlendMode::ALPHA, 255, 255, 255, nullptr, 0, {0, 0, 0}, 0.0f},
  {"shirt_b", attachments_shirt_b, 1, 0, 1, 255, shapoco::gfx2d::BlendMode::ALPHA, 255, 255, 255, nullptr, 0, {0, 0, 0}, 0.0f},
  {"r_pants_b", attachments_r_pants_b, 1, 0, 3, 255, shapoco::gfx2d::BlendMode::ALPHA, 255, 255, 255, nullptr, 0, {0, 0, 0}, 0.0f},
  {"r_leg", attachments_r_leg, 1, 0, 5, 255, shapoco::gfx2d::BlendMode::ALPHA, 255, 255, 255, nullptr, 0, {0, 0, 0}, 0.0f},
  {"r_pants_f", attachments_r_pants_f, 1, 0, 3, 255, shapoco::gfx2d::BlendMode::ALPHA, 255, 255, 255, nullptr, 0, {0, 0, 0}, 0.0f},
  {"l_pants_b", attachments_l_pants_b, 1, 0, 2, 255, shapoco::gfx2d::BlendMode::ALPHA, 255, 255, 255, nullptr, 0, {0, 0, 0}, 0.0f},
  {"l_leg", attachments_l_leg, 1, 0, 11, 255, shapoco::gfx2d::BlendMode::ALPHA, 255, 255, 255, nullptr, 0, {0, 0, 0}, 0.0f},
  {"l_pants_f", attachments_l_pants_f, 1, 0, 2, 255, shapoco::gfx2d::BlendMode::ALPHA, 255, 255, 255, nullptr, 0, {0, 0, 0}, 0.0f},
  {"rope", attachments_rope, 1, 0, 4, 255, shapoco::gfx2d::BlendMode::ALPHA, 255, 255, 255, nullptr, 0, {0, 0, 0}, 0.0f},
  {"hair_back_b", attachments_hair_back_b, 1, 0, 27, 255, shapoco::gfx2d::BlendMode::ALPHA, 255, 255, 255, nullptr, 0, {0, 0, 0}, 0.0f},
  {"hair_side_b", attachments_hair_side_b, 1, 0, 20, 255, shapoco::gfx2d::BlendMode::ALPHA, 255, 255, 255, nullptr, 0, {0, 0, 0}, 0.0f},
  {"hair_back_f", attachments_hair_back_f, 1, 0, 23, 255, shapoco::gfx2d::BlendMode::ALPHA, 255, 255, 255, nullptr, 0, {0, 0, 0}, 0.0f},
  {"face_skin", attachments_face_skin, 1, 0, 7, 255, shapoco::gfx2d::BlendMode::ALPHA, 255, 255, 255, nullptr, 0, {0, 0, 0}, 0.0f},
  {"shirt_f", attachments_shirt_f, 1, 0, 1, 255, shapoco::gfx2d::BlendMode::ALPHA, 255, 255, 255, nullptr, 0, {0, 0, 0}, 0.0f},
  {"tie_b", attachments_tie_b, 1, 0, 12, 255, shapoco::gfx2d::BlendMode::ALPHA, 255, 255, 255, nullptr, 0, {0, 0, 0}, 0.0f},
  {"tie_f", attachments_tie_f, 1, 0, 6, 255, shapoco::gfx2d::BlendMode::ALPHA, 255, 255, 255, nullptr, 0, {0, 0, 0}, 0.0f},
  {"hair_aho", attachments_hair_aho, 1, 0, 26, 255, shapoco::gfx2d::BlendMode::ALPHA, 255, 255, 255, nullptr, 0, {0, 0, 0}, 0.0f},
  {"hair_front_b", attachments_hair_front_b, 1, 0, 25, 255, shapoco::gfx2d::BlendMode::ALPHA, 255, 255, 255, nullptr, 0, {0, 0, 0}, 0.0f},
  {"hair_front_f", attachments_hair_front_f, 1, 0, 24, 255, shapoco::gfx2d::BlendMode::ALPHA, 255, 255, 255, nullptr, 0, {0, 0, 0}, 0.0f},
  {"eyes_back", attachments_eyes_back, 1, 0, 7, 255, shapoco::gfx2d::BlendMode::ALPHA, 255, 255, 255, nullptr, 0, {0, 0, 0}, 0.0f},
  {"iris", attachments_iris, 1, 0, 7, 255, shapoco::gfx2d::BlendMode::ALPHA, 255, 255, 255, nullptr, 0, {0, 0, 0}, 0.0f},
  {"eye_highlight", attachments_eye_highlight, 1, 0, 7, 255, shapoco::gfx2d::BlendMode::ALPHA, 255, 255, 255, nullptr, 0, {0, 0, 0}, 0.0f},
  {"eyelashes_open", attachments_eyelashes_open, 1, 0, 7, 255, shapoco::gfx2d::BlendMode::ALPHA, 255, 255, 255, nullptr, 0, {0, 0, 0}, 0.0f},
  {"mouth_nose", attachments_mouth_nose, 1, 0, 7, 255, shapoco::gfx2d::BlendMode::ALPHA, 255, 255, 255, nullptr, 0, {0, 0, 0}, 0.0f},
  {"hair_side_f", attachments_hair_side_f, 1, 0, 28, 255, shapoco::gfx2d::BlendMode::ALPHA, 255, 255, 255, nullptr, 0, {0, 0, 0}, 0.0f},
  {"l_hoodie", attachments_l_hoodie, 1, 0, 9, 255, shapoco::gfx2d::BlendMode::ALPHA, 255, 255, 255, nullptr, 0, {0, 0, 0}, 0.0f},
  {"hood_f", attachments_hood_f, 1, 0, 16, 255, shapoco::gfx2d::BlendMode::ALPHA, 255, 255, 255, nullptr, 0, {0, 0, 0}, 0.0f},
  {"l_sleeve_b", attachments_l_sleeve_b, 1, 0, 15, 255, shapoco::gfx2d::BlendMode::ALPHA, 255, 255, 255, nullptr, 0, {0, 0, 0}, 0.0f},
  {"l_arm", attachments_l_arm, 1, 0, 10, 255, shapoco::gfx2d::BlendMode::ALPHA, 255, 255, 255, nullptr, 0, {0, 0, 0}, 0.0f},
  {"l_hand", attachments_l_hand, 1, 0, 22, 255, shapoco::gfx2d::BlendMode::ALPHA, 255, 255, 255, nullptr, 0, {0, 0, 0}, 0.0f},
  {"l_sleeve_f", attachments_l_sleeve_f, 1, 0, 15, 255, shapoco::gfx2d::BlendMode::ALPHA, 255, 255, 255, nullptr, 0, {0, 0, 0}, 0.0f},
};

static const shapoco::gfx2d::rig::Armature armature = {
  "rgb_chan", bones, slots, 29, 41,
  true, 0xFFFF00FFu,
  {-180.4f, -118.2f, 329.2f, 234.4f},
  0x04F65BEFu,
  0,  // features (reserved)
};

// animation "main": 84 frames at 24 fps
static const shapoco::gfx2d::rig::Curve anim_main_curves[] = {
  {{0, 90, 383, 917, 1735, 2878, 4370, 6181, 8192, 10203, 12014, 13506, 14649, 15467, 16001, 16294, 16384}},
};
static const shapoco::gfx2d::rig::RotateKey anim_main_bone1_rotate[] = {
  {0, 0xFE, 0, 0, 0},
  {24, 0x00, 0, -181, -181},
  {48, 0x00, 0, 1093, 1093},
  {72, 0xFE, 0, -181, -181},
};
static const shapoco::gfx2d::rig::RotateKey anim_main_bone2_rotate[] = {
  {0, 0xFE, 0, 0, 0},
  {24, 0x00, 0, -333, -333},
  {48, 0x00, 0, -1790, -1790},
  {72, 0xFE, 0, -333, -333},
};
static const shapoco::gfx2d::rig::RotateKey anim_main_bone3_rotate[] = {
  {0, 0xFE, 0, 0, 0},
  {12, 0x00, 0, 0, 0},
  {36, 0x00, 0, 372, 372},
  {60, 0x00, 0, 0, 0},
  {84, 0xFE, 0, 372, 372},
};
static const shapoco::gfx2d::rig::RotateKey anim_main_bone4_rotate[] = {
  {0, 0xFE, 0, 0, 0},
  {12, 0x00, 0, -5097, -5097},
  {36, 0x00, 0, 1093, 1093},
  {60, 0x00, 0, -5097, -5097},
  {84, 0xFE, 0, 1093, 1093},
};
static const shapoco::gfx2d::rig::RotateKey anim_main_bone5_rotate[] = {
  {0, 0xFE, 0, 0, 0},
  {24, 0x00, 0, 0, 0},
  {48, 0x00, 0, 2003, 2003},
  {72, 0xFE, 0, 0, 0},
};
static const shapoco::gfx2d::rig::RotateKey anim_main_bone6_rotate[] = {
  {0, 0xFE, 0, 0, 0},
  {12, 0x00, 0, 1092, 1092},
  {36, 0x00, 0, -1639, -1639},
  {60, 0x00, 0, 1092, 1092},
  {84, 0xFE, 0, -1639, -1639},
};
static const shapoco::gfx2d::rig::RotateKey anim_main_bone7_rotate[] = {
  {0, 0xFE, 0, 0, 0},
  {12, 0x00, 0, -183, -183},
  {36, 0x00, 0, 1274, 1274},
  {60, 0x00, 0, -183, -183},
  {84, 0xFE, 0, 1274, 1274},
};
static const shapoco::gfx2d::rig::RotateKey anim_main_bone8_rotate[] = {
  {0, 0xFE, 0, 0, 0},
  {12, 0x00, 0, 1, 1},
  {36, 0x00, 0, -1092, -1092},
  {60, 0x00, 0, 1, 1},
  {84, 0xFE, 0, -1092, -1092},
};
static const shapoco::gfx2d::rig::RotateKey anim_main_bone9_rotate[] = {
  {0, 0xFE, 0, 0, 0},
  {12, 0x00, 0, 0, 0},
  {36, 0x00, 0, 1638, 1638},
  {60, 0x00, 0, 0, 0},
  {84, 0xFE, 0, 1638, 1638},
};
static const shapoco::gfx2d::rig::RotateKey anim_main_bone10_rotate[] = {
  {0, 0xFE, 0, 0, 0},
  {12, 0x00, 0, -2731, -2731},
  {36, 0x00, 0, -364, -364},
  {60, 0x00, 0, -2731, -2731},
  {84, 0xFE, 0, -364, -364},
};
static const shapoco::gfx2d::rig::RotateKey anim_main_bone11_rotate[] = {
  {0, 0xFE, 0, 0, 0},
  {12, 0x00, 0, 0, 0},
  {36, 0x00, 0, 2030, 2030},
  {60, 0x00, 0, 0, 0},
  {84, 0xFE, 0, 2030, 2030},
};
static const shapoco::gfx2d::rig::RotateKey anim_main_bone12_rotate[] = {
  {0, 0xFE, 0, 0, 0},
  {24, 0x00, 0, -364, -364},
  {48, 0x00, 0, -2913, -2913},
  {72, 0xFE, 0, -364, -364},
};
static const shapoco::gfx2d::rig::RotateKey anim_main_bone13_rotate[] = {
  {0, 0xFE, 0, 0, 0},
  {24, 0x00, 0, -727, -727},
  {48, 0x00, 0, 1093, 1093},
  {72, 0xFE, 0, -727, -727},
};
static const shapoco::gfx2d::rig::RotateKey anim_main_bone14_rotate[] = {
  {0, 0xFE, 0, 0, 0},
  {12, 0x00, 0, 546, 546},
  {36, 0x00, 0, -1093, -1093},
  {60, 0x00, 0, 546, 546},
  {84, 0xFE, 0, -1093, -1093},
};
static const shapoco::gfx2d::rig::RotateKey anim_main_bone15_rotate[] = {
  {0, 0xFE, 0, 0, 0},
  {12, 0x00, 0, -364, -364},
  {36, 0x00, 0, 3746, 3746},
  {60, 0x00, 0, -364, -364},
  {84, 0xFE, 0, 3746, 3746},
};
static const shapoco::gfx2d::rig::RotateKey anim_main_bone16_rotate[] = {
  {0, 0xFE, 0, 0, 0},
  {24, 0x00, 0, -2366, -2366},
  {48, 0x00, 0, 0, 0},
  {72, 0xFE, 0, -2366, -2366},
};
static const shapoco::gfx2d::rig::TranslateKey anim_main_bone17_translate[] = {
  {0, 0xFE, 0, 0.0f, 0.0f},
  {12, 0x00, 0, 0.0f, 0.0f},
  {36, 0x00, 0, 1.54196f, 7.71394f},
  {60, 0x00, 0, 0.0f, 0.0f},
  {84, 0xFE, 0, 1.54196f, 7.71394f},
};
static const shapoco::gfx2d::rig::RotateKey anim_main_bone17_rotate[] = {
  {0, 0xFE, 0, 0, 0},
  {12, 0x00, 0, 545, 545},
  {36, 0x00, 0, -5826, -5826},
  {60, 0x00, 0, 545, 545},
  {84, 0xFE, 0, -5826, -5826},
};
static const shapoco::gfx2d::rig::TranslateKey anim_main_bone18_translate[] = {
  {0, 0xFE, 0, 0.0f, 0.0f},
  {24, 0x00, 0, 2.03782f, -7.71552f},
  {48, 0x00, 0, 2.54394f, -0.93094f},
  {72, 0xFE, 0, 2.03782f, -7.71552f},
};
static const shapoco::gfx2d::rig::RotateKey anim_main_bone18_rotate[] = {
  {0, 0xFE, 0, 0, 0},
  {24, 0x00, 0, 0, 0},
  {48, 0x00, 0, -7464, -7464},
  {72, 0xFE, 0, 0, 0},
};
static const shapoco::gfx2d::rig::RotateKey anim_main_bone19_rotate[] = {
  {0, 0xFE, 0, 0, 0},
  {24, 0x00, 0, 2003, 2003},
  {48, 0x00, 0, -1092, -1092},
  {72, 0xFE, 0, 2003, 2003},
};
static const shapoco::gfx2d::rig::RotateKey anim_main_bone20_rotate[] = {
  {0, 0xFE, 0, 0, 0},
  {24, 0x00, 0, -365, -365},
  {48, 0x00, 0, -2367, -2367},
  {72, 0xFE, 0, -365, -365},
};
static const shapoco::gfx2d::rig::TranslateKey anim_main_bone21_translate[] = {
  {0, 0xFE, 0, 0.0f, 0.0f},
  {24, 0x00, 0, 0.0f, 0.0f},
  {48, 0x00, 0, 10.19018f, -8.29148f},
  {72, 0xFE, 0, 0.0f, 0.0f},
};
static const shapoco::gfx2d::rig::RotateKey anim_main_bone21_rotate[] = {
  {0, 0xFE, 0, 0, 0},
  {24, 0x00, 0, 0, 0},
  {48, 0x00, 0, 6372, 6372},
  {72, 0xFE, 0, 0, 0},
};
static const shapoco::gfx2d::rig::RotateKey anim_main_bone22_rotate[] = {
  {0, 0xFE, 0, 0, 0},
  {24, 0x00, 0, -181, -181},
  {48, 0x00, 0, 2913, 2913},
  {72, 0xFE, 0, -181, -181},
};
static const shapoco::gfx2d::rig::RotateKey anim_main_bone23_rotate[] = {
  {0, 0xFE, 0, 0, 0},
  {12, 0x00, 0, -911, -911},
  {36, 0x00, 0, 364, 364},
  {60, 0x00, 0, -911, -911},
  {84, 0xFE, 0, 364, 364},
};
static const shapoco::gfx2d::rig::RotateKey anim_main_bone24_rotate[] = {
  {0, 0xFE, 0, 0, 0},
  {24, 0x00, 0, 1820, 1820},
  {48, 0x00, 0, -212, -212},
  {72, 0xFE, 0, 1820, 1820},
};
static const shapoco::gfx2d::rig::RotateKey anim_main_bone25_rotate[] = {
  {0, 0xFE, 0, 0, 0},
  {12, 0x00, 0, 1092, 1092},
  {36, 0x00, 0, -910, -910},
  {60, 0x00, 0, 1092, 1092},
  {84, 0xFE, 0, -910, -910},
};
static const shapoco::gfx2d::rig::RotateKey anim_main_bone26_rotate[] = {
  {0, 0xFE, 0, 0, 0},
  {12, 0x00, 0, 5826, 5826},
  {36, 0x00, 0, -1820, -1820},
  {60, 0x00, 0, 5826, 5826},
  {84, 0xFE, 0, -1820, -1820},
};
static const shapoco::gfx2d::rig::RotateKey anim_main_bone27_rotate[] = {
  {0, 0xFE, 0, 0, 0},
  {12, 0x00, 0, -911, -911},
  {36, 0x00, 0, 2184, 2184},
  {60, 0x00, 0, -911, -911},
  {84, 0xFE, 0, 2184, 2184},
};
static const shapoco::gfx2d::rig::RotateKey anim_main_bone28_rotate[] = {
  {0, 0xFE, 0, 0, 0},
  {24, 0x00, 0, -911, -911},
  {48, 0x00, 0, 545, 545},
  {72, 0xFE, 0, -911, -911},
};
static const shapoco::gfx2d::rig::BoneTimeline anim_main_boneTimelines[] = {
  {anim_main_bone1_rotate, 4, 1, shapoco::gfx2d::rig::Channel::ROTATE},
  {anim_main_bone2_rotate, 4, 2, shapoco::gfx2d::rig::Channel::ROTATE},
  {anim_main_bone3_rotate, 5, 3, shapoco::gfx2d::rig::Channel::ROTATE},
  {anim_main_bone4_rotate, 5, 4, shapoco::gfx2d::rig::Channel::ROTATE},
  {anim_main_bone5_rotate, 4, 5, shapoco::gfx2d::rig::Channel::ROTATE},
  {anim_main_bone6_rotate, 5, 6, shapoco::gfx2d::rig::Channel::ROTATE},
  {anim_main_bone7_rotate, 5, 7, shapoco::gfx2d::rig::Channel::ROTATE},
  {anim_main_bone8_rotate, 5, 8, shapoco::gfx2d::rig::Channel::ROTATE},
  {anim_main_bone9_rotate, 5, 9, shapoco::gfx2d::rig::Channel::ROTATE},
  {anim_main_bone10_rotate, 5, 10, shapoco::gfx2d::rig::Channel::ROTATE},
  {anim_main_bone11_rotate, 5, 11, shapoco::gfx2d::rig::Channel::ROTATE},
  {anim_main_bone12_rotate, 4, 12, shapoco::gfx2d::rig::Channel::ROTATE},
  {anim_main_bone13_rotate, 4, 13, shapoco::gfx2d::rig::Channel::ROTATE},
  {anim_main_bone14_rotate, 5, 14, shapoco::gfx2d::rig::Channel::ROTATE},
  {anim_main_bone15_rotate, 5, 15, shapoco::gfx2d::rig::Channel::ROTATE},
  {anim_main_bone16_rotate, 4, 16, shapoco::gfx2d::rig::Channel::ROTATE},
  {anim_main_bone17_translate, 5, 17, shapoco::gfx2d::rig::Channel::TRANSLATE},
  {anim_main_bone17_rotate, 5, 17, shapoco::gfx2d::rig::Channel::ROTATE},
  {anim_main_bone18_translate, 4, 18, shapoco::gfx2d::rig::Channel::TRANSLATE},
  {anim_main_bone18_rotate, 4, 18, shapoco::gfx2d::rig::Channel::ROTATE},
  {anim_main_bone19_rotate, 4, 19, shapoco::gfx2d::rig::Channel::ROTATE},
  {anim_main_bone20_rotate, 4, 20, shapoco::gfx2d::rig::Channel::ROTATE},
  {anim_main_bone21_translate, 4, 21, shapoco::gfx2d::rig::Channel::TRANSLATE},
  {anim_main_bone21_rotate, 4, 21, shapoco::gfx2d::rig::Channel::ROTATE},
  {anim_main_bone22_rotate, 4, 22, shapoco::gfx2d::rig::Channel::ROTATE},
  {anim_main_bone23_rotate, 5, 23, shapoco::gfx2d::rig::Channel::ROTATE},
  {anim_main_bone24_rotate, 4, 24, shapoco::gfx2d::rig::Channel::ROTATE},
  {anim_main_bone25_rotate, 5, 25, shapoco::gfx2d::rig::Channel::ROTATE},
  {anim_main_bone26_rotate, 5, 26, shapoco::gfx2d::rig::Channel::ROTATE},
  {anim_main_bone27_rotate, 5, 27, shapoco::gfx2d::rig::Channel::ROTATE},
  {anim_main_bone28_rotate, 4, 28, shapoco::gfx2d::rig::Channel::ROTATE},
};
static const shapoco::gfx2d::rig::Animation anim_main = {
  "main", 84, 24, 31, 0, 1, 0,
  anim_main_boneTimelines, nullptr, nullptr, anim_main_curves,
  0x04F65BEFu,
  0,  // features (reserved)
};

static const shapoco::gfx2d::rig::Animation *const animations[] = {&anim_main};
static constexpr int ANIMATION_COUNT = 1;

}  // namespace rgb_chan

#endif
