#ifndef RGB_CHAN_RGB_CHAN_HPP
#define RGB_CHAN_RGB_CHAN_HPP

// Generated by dbones2cpp from rgb_chan_ske.json, Armature_animtion0.dbani
// armature "Armature": 29 bones, 41 slots, 41 attachments, 1 animation(s)
// scale 0.5, argb4444, atlas 128x492 (51342 of 62976 pixels used), about 130594 bytes
// 1 warning(s):
//   animation animtion0 of Armature_animtion0.dbani replaces the one of the armature

#include "shapoco/gfx2d/rig.hpp"

namespace rgb_chan {

alignas(4) static const uint16_t atlasData[] = {
  0x0000, 0x0000, 0x0000, 0x0000, 0x0000, 0x0000, 0x0000, 0x0000,
  0x0000, 0x0000, 0x0000, 0x0000, 0x0000, 0x0000, 0x0000, 0x0000,
  0x0000, 0x0000, 0x0000, 0x0000, 0x0000, 0x0000, 0x0000, 0x0000,
  0x0000, 0x0000, 0x0000, 0x0000, 0x0000, 0x0000, 0x0000, 0x0000,
  0x0000, 0x0000, 0x0000, 0x0000, 0x0000, 0x0000, 0x0000, 0x0000,
  0x0000, 0x0000, 0x0000, 0x0000, 0x0000, 0x0000, 0x0000, 0x0000,
  0x0000, 0x0000, 0x0000, 0x0000, 0x0FFF, 0x0000, 0x1000, 0x7222,
  0x9A88, 0xE988, 0xE645, 0xA856, 0x8755, 0x8323, 0x8211, 0x6332,
  0x2333, 0x1000, 0x0000, 0x0000, 0x0000, 0x0000, 0x0000, 0x0000,
  0x0000, 0x0000, 0x0000, 0x0000, 0x0000, 0x0000, 0x0000, 0x0000,
  0x0000, 0x0000, 0x0000, 0x0000, 0x0000, 0x0000, 0x0000, 0x0000,
  0x0000, 0x0000, 0x0000, 0x0000, 0x0000, 0x0000, 0x0444, 0x0000,
  0x0000, 0x0000, 0x0000, 0x0000, 0x1000, 0x2000, 0x4000, 0x7000,
  0xA111, 0xD212, 0xE212, 0x5000, 0x0000, 0x0000, 0x0000, 0x0000,
  0x0000, 0x0000, 0x0000, 0x0000, 0x0000, 0x0000, 0x0000, 0x0000,
  0x0000, 0x0000, 0x0000, 0x0000, 0x0000, 0x0000, 0x0000, 0x0000,
  0x0000, 0x0000, 0x0000, 0x0000, 0x0000, 0x0000, 0x0000, 0x0000,
  0x0000, 0x0000, 0x0000, 0x0000, 0x0000, 0x0000, 0x0000, 0x0000,
  0x0000, 0x0000, 0x0000, 0x0000, 0x0000, 0x0000, 0x0000, 0x0000,
  0x0000, 0x0000, 0x0000, 0x0000, 0x0000, 0x0000, 0x0000, 0x0000,
  0x0000, 0x0000, 0x0000, 0x0000, 0x0000, 0x0000, 0x0000, 0x0000,
  0x0000, 0x0000, 0x0000, 0x0000, 0x0000, 0x0000, 0x0000, 0x0000,
  0x0000, 0x0000, 0x0000, 0x0777, 0x0000, 0x6443, 0xDA99, 0xFECC,
  0xFFDD, 0xFFEE, 0xFDBB, 0xFB88, 0xFB88, 0xFA78, 0xFA78, 0xFEDC,
  0xEDCC, 0xE988, 0xC998, 0x7555, 0x0000, 0x0000, 0x0000, 0x0000,
  0x0000, 0x0000, 0x0000, 0x0000, 0x0000, 0x0000, 0x0000, 0x0000,
  0x0000, 0x0000, 0x0000, 0x0000, 0x0000, 0x0000, 0x0000, 0x0000,
  0x0000, 0x0000, 0x0444, 0x0000, 0x0000, 0x0000, 0x0000, 0x0000,
  0x1000, 0x4000, 0x7111, 0xA222, 0xD222, 0xE222, 0xF222, 0xF222,
  0xF323, 0xF323, 0xF323, 0x7111, 0x0000, 0x0000, 0x0000, 0x0000,
  0x0000, 0x0000, 0x0000, 0x0000, 0x0000, 0x0000, 0x0000, 0x0000,
  0x0000, 0x0000, 0x0000, 0x0000, 0x0000, 0x0000, 0x0000, 0x0000,
  0x0000, 0x0000, 0x0000, 0x0000, 0x0000, 0x0000, 0x0000, 0x0000,
  0x0000, 0x0000, 0x0000, 0x0000, 0x0000, 0x0000, 0x0000, 0x0000,
  0x0000, 0x0000, 0x0000, 0x0000, 0x0000, 0x0000, 0x0000, 0x0000,
  0x0000, 0x0000, 0x0000, 0x0000, 0x0000, 0x0000, 0x0000, 0x0000,
  0x0000, 0x0000, 0x0000, 0x0000, 0x0000, 0x0000, 0x0000, 0x0000,
  0x0000, 0x0000, 0x0000, 0x0000, 0x0000, 0x0000, 0x0000, 0x0000,
  0x0000, 0x0000, 0x0FF7, 0x0000, 0x8544, 0xFECC, 0xFFEE, 0xFFED,
  0xFFDD, 0xFFDD, 0xFDBB, 0xFA78, 0xFB88, 0xFB88, 0xFB88, 0xFDCB,
  0xFFFE, 0xFFFE, 0xFFFF, 0xF988, 0x0000, 0x0000, 0x0000, 0x0000,
  0x0000, 0x0000, 0x0000, 0x0000, 0x0000, 0x0000, 0x0000, 0x0000,
  0x0000, 0x0000, 0x0000, 0x0000, 0x0000, 0x0000, 0x0000, 0x0000,
  0x0000, 0x0000, 0x0000, 0x0000, 0x1000, 0x5001, 0x8112, 0xB222,
  0xE333, 0xF333, 0xF444, 0xF444, 0xF333, 0xF323, 0xF323, 0xF323,
  0xF323, 0xF323, 0xF222, 0x6000, 0x0000, 0x0000, 0x0000, 0x0000,
  0x0000, 0x0000, 0x0000, 0x0000, 0x0000, 0x0000, 0x0000, 0x0000,
  0x0000, 0x0000, 0x0000, 0x0000, 0x0000, 0x0000, 0x0000, 0x0000,
  0x0000, 0x0000, 0x0000, 0x0000, 0x0000, 0x0000, 0x0000, 0x0000,
  0x0000, 0x0000, 0x0000, 0x0000, 0x0000, 0x0000, 0x0000, 0x0000,
  0x0000, 0x0000, 0x0000, 0x0000, 0x0000, 0x0000, 0x0000, 0x0000,
  0x0000, 0x0000, 0x0000, 0x0000, 0x0000, 0x0000, 0x0000, 0x0000,
  0x0000, 0x0000, 0x0000, 0x0000, 0x0000, 0x0000, 0x0000, 0x0000,
  0x0000, 0x0000, 0x0000, 0x0000, 0x0000, 0x0000, 0x0000, 0x0000,
  0x0000, 0x0000, 0x0FFF, 0x3111, 0xFCBA, 0xFFEE, 0xFFDC, 0xFFDD,
  0xFFDD, 0xFFED, 0xFDBB, 0xFA78, 0xFB88, 0xFB88, 0xFA78, 0xFDAA,
  0xFFEE, 0xFEDD, 0xFFFE, 0xF988, 0x0000, 0x0000, 0x0000, 0x0000,
  0x0000, 0x0000, 0x0000, 0x0000, 0x0000, 0x0000, 0x0000, 0x0000,
  0x0000, 0x0000, 0x0000, 0x0000, 0x0000, 0x0000, 0x0000, 0x0000,
  0x0000, 0x5111, 0x8222, 0xB222, 0xE333, 0xF334, 0xF444, 0xF444,
  0xF444, 0xF444, 0xF444, 0xF444, 0xF444, 0xF334, 0xF333, 0xF323,
  0xF323, 0xF222, 0xF212, 0xA111, 0x0000, 0x0555, 0x0000, 0x0000,
  0x0000, 0x0000, 0x0000, 0x0000, 0x0000, 0x0000, 0x0000, 0x0000,
  0x0000, 0x0000, 0x0000, 0x0000, 0x0000, 0x0000, 0x0000, 0x0000,
  0x0000, 0x0000, 0x0000, 0x0000, 0x0000, 0x0000, 0x0000, 0x0000,
  0x0000, 0x0000, 0x0000, 0x0000, 0x0000, 0x0000, 0x0000, 0x0000,
  0x0000, 0x0000, 0x0000, 0x0000, 0x0000, 0x0000, 0x0000, 0x0000,
  0x0000, 0x0000, 0x0000, 0x0000, 0x0000, 0x0000, 0x0000, 0x0000,
  0x0000, 0x0000, 0x0000, 0x0000, 0x0000, 0x0000, 0x0000, 0x0000,
  0x0000, 0x0000, 0x0000, 0x0000, 0x0000, 0x0000, 0x0000, 0x0000,
  0x0000, 0x0FFF, 0x0000, 0xA766, 0xFFEE, 0xFFDD, 0xFFDD, 0xFFDD,
  0xFFDD, 0xFFED, 0xFDBB, 0xFA78, 0xFB88, 0xFB88, 0xFA78, 0xFDBB,
  0xFFEE, 0xFFED, 0xFFFE, 0xDA99, 0x0000, 0x0000, 0x0000, 0x0000,
  0x0000, 0x0000, 0x0000, 0x0000, 0x0000, 0x0000, 0x0000, 0x0000,
  0x0000, 0x0000, 0x0000, 0x0000, 0x0000, 0x0000, 0x0555, 0x0000,
  0x9122, 0xF223, 0xF444, 0xF444, 0xF444, 0xF444, 0xF444, 0xF444,
  0xF444, 0xF444, 0xF444, 0xF444, 0xF444, 0xF444, 0xF444, 0xF444,
  0xF222, 0xF212, 0xF222, 0xF223, 0x7111, 0x0000, 0x0000, 0x0000,
  0x0000, 0x0000, 0x0000, 0x0000, 0x0000, 0x0000, 0x0000, 0x0000,
  0x0000, 0x0000, 0x0000, 0x0000, 0x0000, 0x0000, 0x0000, 0x0000,
  0x0000, 0x0000, 0x0000, 0x0000, 0x0000, 0x0000, 0x0000, 0x0000,
  0x0000, 0x0000, 0x0000, 0x0000, 0x0000, 0x0000, 0x0000, 0x0000,
  0x0000, 0x0000, 0x0000, 0x0000, 0x0000, 0x0000, 0x0000, 0x0000,
  0x0000, 0x0000, 0x0000, 0x0000, 0x0000, 0x0000, 0x0000, 0x0000,
  0x0000, 0x0000, 0x0000, 0x0000, 0x0000, 0x0000, 0x0000, 0x0000,
  0x0000, 0x0000, 0x0000, 0x0000, 0x0000, 0x0000, 0x0000, 0x0000,
  0x0000, 0x0FFF, 0x2000, 0xEBAA, 0xFFEE, 0xFFDD, 0xFFED, 0xFFED,
  0xFFDD, 0xFFED, 0xFDBB, 0xFA78, 0xFB88, 0xFB88, 0xFA78, 0xFCAA,
  0xFFEE, 0xFFED, 0xFFFE, 0x9BA9, 0x0000, 0x0000, 0x0000, 0x0000,
  0x0000, 0x0000, 0x0000, 0x0000, 0x0000, 0x0000, 0x0000, 0x0000,
  0x0000, 0x0000, 0x0000, 0x0000, 0x0000, 0x0444, 0x0000, 0x7011,
  0xF222, 0xF312, 0xF334, 0xF444, 0xF444, 0xF444, 0xF444, 0xF444,
  0xF444, 0xF444, 0xF444, 0xF444, 0xF444, 0xF444, 0xF444, 0xF333,
  0xF333, 0xF444, 0xF333, 0xF323, 0xF222, 0x5101, 0x0000, 0x0000,
  0x0000, 0x0000, 0x0000, 0x0000, 0x0000, 0x0000, 0x0000, 0x0000,
  0x0000, 0x0000, 0x0000, 0x0000, 0x0000, 0x0000, 0x0000, 0x0000,
  0x0000, 0x0000, 0x0000, 0x0000, 0x0000, 0x0000, 0x0000, 0x0000,
  0x0000, 0x0000, 0x0000, 0x0000, 0x0000, 0x0000, 0x0000, 0x0000,
  0x0000, 0x0000, 0x0000, 0x0000, 0x0000, 0x0000, 0x0000, 0x0000,
  0x0000, 0x0000, 0x0000, 0x0000, 0x0000, 0x0000, 0x0000, 0x0000,
  0x0000, 0x0000, 0x0000, 0x0000, 0x0000, 0x0000, 0x0000, 0x0000,
  0x0000, 0x0000, 0x0000, 0x0000, 0x0000, 0x0000, 0x0000, 0x0000,
  0x0777, 0x0000, 0x7433, 0xFEDD, 0xFFED, 0xFFED, 0xFFED, 0xFFED,
  0xFFDD, 0xFFED, 0xFDBB, 0xFA78, 0xFB88, 0xFB88, 0xFA88, 0xFCAA,
  0xFFED, 0xFFEE, 0xFEED, 0x8444, 0x0000, 0x0000, 0x0000, 0x0000,
  0x0000, 0x0000, 0x0000, 0x0000, 0x0000, 0x0000, 0x0000, 0x0000,
  0x0000, 0x0000, 0x0000, 0x0555, 0x0000, 0x0000, 0x5011, 0xF422,
  0xF923, 0xF823, 0xF333, 0xF444, 0xF444, 0xF444, 0xF444, 0xF444,
  0xF444, 0xF444, 0xF444, 0xF444, 0xF444, 0xF333, 0xF222, 0xF333,
  0xF444, 0xF444, 0xF444, 0xF333, 0xF323, 0xE212, 0x3000, 0x0000,
  0x0000, 0x0000, 0x0000, 0x0000, 0x0000, 0x0000, 0x0000, 0x0000,
  0x0000, 0x0000, 0x0000, 0x0000, 0x0000, 0x0000, 0x0000, 0x0000,
  0x0000, 0x0000, 0x0000, 0x0000, 0x0000, 0x0000, 0x0000, 0x0000,
  0x0000, 0x0000, 0x0000, 0x0000, 0x0000, 0x0000, 0x0000, 0x0000,
  0x0000, 0x0000, 0x0000, 0x0000, 0x0000, 0x0000, 0x0000, 0x0000,
  0x0000, 0x0000, 0x0000, 0x0000, 0x0000, 0x0000, 0x0000, 0x0000,
  0x0000, 0x0000, 0x0000, 0x0000, 0x0000, 0x0000, 0x0000, 0x0000,
  0x0000, 0x0000, 0x0000, 0x0000, 0x0000, 0x0000, 0x0000, 0x0000,
  0x0000, 0x3000, 0xEBAA, 0xFFFE, 0xFFED, 0xFFED, 0xFFED, 0xFFED,
  0xFFED, 0xFFED, 0xFDBB, 0xFA78, 0xFB88, 0xFB88, 0xFB88, 0xFB99,
  0xFFED, 0xFFFE, 0xFEDD, 0x6222, 0x0000, 0x0000, 0x0000, 0x0000,
  0x0000, 0x0000, 0x0000, 0x0000, 0x0000, 0x0000, 0x0000, 0x0000,
  0x0000, 0x0555, 0x0000, 0x0000, 0x2000, 0x9222, 0xF333, 0xF634,
  0xFA24, 0xF713, 0xF333, 0xF444, 0xF444, 0xF444, 0xF444, 0xF444,
  0xF444, 0xF444, 0xF444, 0xF444, 0xF222, 0xF222, 0xF444, 0xF444,
  0xF444, 0xF444, 0xF444, 0xF444, 0xF334, 0xF333, 0xC111, 0x1000,
  0x0007, 0x0000, 0x0000, 0x0000, 0x0000, 0x0000, 0x0000, 0x0000,
  0x0000, 0x0000, 0x0000, 0x0000, 0x0000, 0x0000, 0x0000, 0x0000,
  0x0000, 0x0000, 0x0000, 0x0000, 0x0000, 0x0000, 0x0000, 0x0000,
  0x0000, 0x0000, 0x0000, 0x0000, 0x0000, 0x0000, 0x0000, 0x0000,
  0x0000, 0x0000, 0x0000, 0x0000, 0x0000, 0x0000, 0x0000, 0x0000,
  0x0000, 0x0000, 0x0000, 0x0000, 0x0000, 0x0000, 0x0000, 0x0000,
  0x0000, 0x0000, 0x0000, 0x0000, 0x0000, 0x0000, 0x0000, 0x0000,
  0x0000, 0x0000, 0x0000, 0x0000, 0x0000, 0x0000, 0x0000, 0x0FFF,
  0x0000, 0xB877, 0xFFFE, 0xFFED, 0xFFED, 0xFFED, 0xFFED, 0xFFED,
  0xFFED, 0xFFEE, 0xFDBB, 0xFA78, 0xFB89, 0xFB88, 0xFB88, 0xFB89,
  0xFFED, 0xFFFE, 0xEDCC, 0x2333, 0x0000, 0x0000, 0x0000, 0x0000,
  0x0000, 0x0000, 0x0000, 0x0000, 0x0000, 0x0000, 0x0000, 0x0000,
  0x0000, 0x0000, 0x2000, 0x8222, 0xE333, 0xF444, 0xF444, 0xF344,
  0xF434, 0xF322, 0xF333, 0xF444, 0xF444, 0xF444, 0xF444, 0xF444,
  0xF444, 0xF444, 0xF333, 0xF222, 0xF112, 0xF334, 0xF444, 0xF444,
  0xF444, 0xF444, 0xF444, 0xF444, 0xF444, 0xF444, 0xF333, 0x9111,
  0x0000, 0x0005, 0x0000, 0x0000, 0x0000, 0x0000, 0x0000, 0x0000,
  0x0000, 0x0000, 0x0000, 0x0000, 0x0000, 0x0000, 0x0000, 0x0000,
  0x0000, 0x0000, 0x0000, 0x0000, 0x0000, 0x0000, 0x0000, 0x0000,
  0x0000, 0x0000, 0x0000, 0x0000, 0x0000, 0x0000, 0x0000, 0x0000,
  0x0000, 0x0000, 0x0000, 0x0000, 0x0000, 0x0000, 0x0000, 0x0000,
  0x0000, 0x0000, 0x0000, 0x0000, 0x0000, 0x0000, 0x0000, 0x0000,
  0x0000, 0x0000, 0x0000, 0x0000, 0x0000, 0x0000, 0x0000, 0x0000,
  0x0000, 0x0000, 0x0000, 0x0000, 0x0000, 0x0000, 0x0555, 0x0000,
  0x6333, 0xFEDC, 0xFFEE, 0xFFED, 0xFFED, 0xFFED, 0xFFED, 0xFFED,
  0xFFED, 0xFFEE, 0xFDBB, 0xFA78, 0xFB89, 0xFB88, 0xFB88, 0xFB89,
  0xFEDD, 0xFFFF, 0xEA98, 0x1000, 0x0000, 0x0000, 0x0000, 0x0000,
  0x0000, 0x0000, 0x0000, 0x0000, 0x0000, 0x0000, 0x0000, 0x0000,
  0x2000, 0x9222, 0xE333, 0xF444, 0xF444, 0xF444, 0xF444, 0xF444,
  0xF444, 0xF333, 0xF333, 0xF444, 0xF444, 0xF444, 0xF444, 0xF444,
  0xF333, 0xF333, 0xF222, 0xF333, 0xF333, 0xF334, 0xF444, 0xF444,
  0xF444, 0xF444, 0xF444, 0xF444, 0xF444, 0xF444, 0xF444, 0xF333,
  0x4000, 0x0000, 0x0000, 0x0000, 0x0000, 0x0000, 0x0000, 0x0000,
  0x0000, 0x0000, 0x0000, 0x0000, 0x0000, 0x0000, 0x0000, 0x0000,
  0x0000, 0x0000, 0x0000, 0x0000, 0x0000, 0x0000, 0x0000, 0x0000,
  0x0000, 0x0000, 0x0000, 0x0000, 0x0000, 0x0000, 0x0000, 0x0000,
  0x0000, 0x0000, 0x0000, 0x0000, 0x0000, 0x0000, 0x0000, 0x0000,
  0x0000, 0x0000, 0x0000, 0x0000, 0x0000, 0x0000, 0x0000, 0x0000,
  0x0000, 0x0000, 0x0000, 0x0000, 0x0000, 0x0000, 0x0000, 0x0000,
  0x0000, 0x0000, 0x0000, 0x0000, 0x0000, 0x0000, 0x0FFF, 0x1000,
  0xEA99, 0xFFFE, 0xFFED, 0xFFED, 0xFFED, 0xFFED, 0xFFED, 0xFFED,
  0xFFED, 0xFFEE, 0xFCBB, 0xFA88, 0xFB89, 0xFB89, 0xFB88, 0xFB89,
  0xFEDD, 0xFFFF, 0xD988, 0x1000, 0x0000, 0x0000, 0x0000, 0x0000,
  0x0000, 0x0000, 0x0000, 0x0000, 0x0000, 0x0000, 0x0000, 0x7111,
  0xE333, 0xF444, 0xF444, 0xF444, 0xF444, 0xF444, 0xF444, 0xF444,
  0xF444, 0xF333, 0xF333, 0xF444, 0xF444, 0xF444, 0xF333, 0xF223,
  0xF333, 0xF444, 0xF333, 0xF233, 0xF222, 0xF223, 0xF334, 0xF344,
  0xF444, 0xF444, 0xF444, 0xF444, 0xF444, 0xF444, 0xF444, 0xF444,
  0xC222, 0x1000, 0x0000, 0x0000, 0x0000, 0x0000, 0x0000, 0x0000,
  0x0000, 0x0000, 0x0000, 0x0000, 0x0000, 0x0000, 0x0000, 0x0000,
  0x0000, 0x0000, 0x0000, 0x0000, 0x0000, 0x0000, 0x0000, 0x0000,
  0x0000, 0x0000, 0x0000, 0x0000, 0x0000, 0x0000, 0x0000, 0x0000,
  0x0000, 0x0000, 0x0000, 0x0000, 0x0000, 0x0000, 0x0000, 0x0000,
  0x0000, 0x0000, 0x0000, 0x0000, 0x0000, 0x0000, 0x0000, 0x0000,
  0x0000, 0x0000, 0x0000, 0x0000, 0x0000, 0x0000, 0x0000, 0x0000,
  0x0000, 0x0000, 0x0000, 0x0000, 0x0000, 0x0FAA, 0x0000, 0x9655,
  0xFFEE, 0xFFED, 0xFFED, 0xFFED, 0xFFED, 0xFFED, 0xFFED, 0xFFED,
  0xFFED, 0xFFED, 0xFC9A, 0xFA88, 0xFB89, 0xFB89, 0xFA88, 0xFB89,
  0xFFED, 0xFFFF, 0xABAA, 0x0000, 0x0000, 0x0000, 0x0000, 0x0000,
  0x0000, 0x0000, 0x0000, 0x0000, 0x0000, 0x4001, 0xC222, 0xF444,
  0xF444, 0xF444, 0xF444, 0xF444, 0xF444, 0xF444, 0xF444, 0xF444,
  0xF444, 0xF334, 0xF333, 0xF444, 0xF333, 0xF223, 0xF333, 0xF444,
  0xF444, 0xF444, 0xF444, 0xF444, 0xA222, 0x3222, 0x8223, 0xA222,
  0xD223, 0xF333, 0xF333, 0xF333, 0xF333, 0xF333, 0xF344, 0xF444,
  0xE334, 0x7111, 0x0000, 0x0000, 0x0000, 0x0000, 0x0000, 0x0000,
  0x0000, 0x0000, 0x0000, 0x0000, 0x0000, 0x0000, 0x0000, 0x0000,
  0x0000, 0x0000, 0x0000, 0x0000, 0x0000, 0x0000, 0x0000, 0x0000,
  0x0000, 0x0000, 0x0000, 0x0000, 0x0000, 0x0000, 0x0000, 0x0000,
  0x0000, 0x0000, 0x0000, 0x0000, 0x0000, 0x0000, 0x0000, 0x0000,
  0x0000, 0x0000, 0x0000, 0x0000, 0x0000, 0x0000, 0x0000, 0x0000,
  0x0000, 0x0000, 0x0000, 0x0000, 0x0000, 0x0000, 0x0000, 0x0000,
  0x0000, 0x0000, 0x0000, 0x0000, 0x0000, 0x0FFF, 0x2000, 0xECBA,
  0xFFFE, 0xFFED, 0xFFED, 0xFFED, 0xFFED, 0xFFED, 0xFFED, 0xFFED,
  0xFFED, 0xFFED, 0xFC9A, 0xFA88, 0xFB99, 0xFB99, 0xFB89, 0xFCAA,
  0xFFFE, 0xFFFE, 0x7988, 0x0000, 0x0000, 0x0000, 0x0000, 0x0000,
  0x0000, 0x0000, 0x0555, 0x0000, 0x7111, 0xF333, 0xF444, 0xF444,
  0xF444, 0xF444, 0xF444, 0xF444, 0xF444, 0xF444, 0xF444, 0xF444,
  0xF444, 0xF334, 0xF222, 0xF333, 0xF333, 0xF444, 0xF444, 0xF444,
  0xF444, 0xF444, 0xF444, 0xF344, 0x5111, 0x0000, 0x0000, 0x0000,
  0x0999, 0x2333, 0x5333, 0x6333, 0x6333, 0x5222, 0x6111, 0x6111,
  0x5111, 0x7000, 0x0000, 0x0000, 0x0000, 0x0000, 0x0000, 0x0000,
  0x0000, 0x0000, 0x0000, 0x0000, 0x0000, 0x0000, 0x0000, 0x0000,
  0x0000, 0x0000, 0x0000, 0x0000, 0x0000, 0x0000, 0x0000, 0x0000,
  0x0000, 0x0000, 0x0000, 0x0000, 0x0000, 0x0000, 0x0000, 0x0000,
  0x0000, 0x0000, 0x0000, 0x0000, 0x0000, 0x0000, 0x0000, 0x0000,
  0x0000, 0x0000, 0x0000, 0x0000, 0x0000, 0x0000, 0x0000, 0x0000,
  0x0000, 0x0000, 0x0000, 0x0000, 0x0000, 0x0000, 0x0000, 0x0000,
  0x0000, 0x0000, 0x0000, 0x0000, 0x0FFF, 0x0000, 0x9666, 0xFFFE,
  0xFFED, 0xFFED, 0xFFED, 0xFFED, 0xFFED, 0xFFED, 0xFFED, 0xFFED,
  0xFFED, 0xFFEE, 0xFCAA, 0xFA88, 0xC756, 0x9866, 0xD645, 0xEA98,
  0xFEED, 0xFEDC, 0x8322, 0x0000, 0x0000, 0x0000, 0x0000, 0x0000,
  0x0000, 0x0000, 0x0000, 0x4001, 0xF333, 0xF444, 0xF444, 0xF444,
  0xF444, 0xF444, 0xF444, 0xF444, 0xF444, 0xF444, 0xF444, 0xF444,
  0xF444, 0xF334, 0xF333, 0xF444, 0xF444, 0xF444, 0xF444, 0xF444,
  0xF444, 0xF444, 0xF444, 0xA222, 0x0000, 0x0444, 0x0333, 0x0000,
  0x0000, 0x0000, 0x0000, 0x0000, 0x0000, 0x0000, 0x0000, 0x0000,
  0x0000, 0x1000, 0x0000, 0x0000, 0x0000, 0x0000, 0x0000, 0x0000,
  0x0000, 0x0000, 0x0000, 0x0000, 0x0000, 0x0000, 0x0000, 0x0000,
  0x0000, 0x0000, 0x0000, 0x0000, 0x0000, 0x0000, 0x0000, 0x0000,
  0x0000, 0x0000, 0x0000, 0x0000, 0x0000, 0x0000, 0x0000, 0x0000,
  0x0000, 0x0000, 0x0000, 0x0000, 0x0000, 0x0000, 0x0000, 0x0000,
  0x0000, 0x0000, 0x0000, 0x0000, 0x0000, 0x0000, 0x0000, 0x0000,
  0x0000, 0x0000, 0x0000, 0x0000, 0x0000, 0x0000, 0x0000, 0x0000,
  0x0000, 0x0000, 0x0000, 0x0000, 0x0FFF, 0x2000, 0xEBBA, 0xFFFE,
  0xFFED, 0xFFED, 0xFFED, 0xFFED, 0xFFED, 0xFFED, 0xFFED, 0xFFED,
  0xFFED, 0xFFEE, 0xFDBB, 0xFA78, 0x4111, 0x0000, 0x1000, 0x1000,
  0x5322, 0x7332, 0x3111, 0x0000, 0x0000, 0x0000, 0x0000, 0x0000,
  0x0000, 0x0777, 0x1000, 0xC222, 0xF444, 0xF444, 0xF444, 0xF444,
  0xF444, 0xF444, 0xF444, 0xF444, 0xF444, 0xF444, 0xF444, 0xF444,
  0xF444, 0xF444, 0xF444, 0xF444, 0xF444, 0xF444, 0xF444, 0xF444,
  0xF444, 0xF444, 0xC222, 0x1000, 0x0000, 0x0000, 0x0000, 0x0000,
  0x0000, 0x0000, 0x0555, 0x0444, 0x0444, 0x0055, 0x0000, 0x0000,
  0x0000, 0x0000, 0x0000, 0x0000, 0x0000, 0x0000, 0x0000, 0x0000,
  0x0000, 0x0000, 0x0000, 0x0000, 0x0000, 0x0000, 0x0000, 0x0000,
  0x0000, 0x0000, 0x0000, 0x0000, 0x0000, 0x0000, 0x0000, 0x0000,
  0x0000, 0x0000, 0x0000, 0x0000, 0x0000, 0x0000, 0x0000, 0x0000,
  0x0000, 0x0000, 0x0000, 0x0000, 0x0000, 0x0000, 0x0000, 0x0000,
  0x0000, 0x0000, 0x0000, 0x0000, 0x0000, 0x0000, 0x0000, 0x0000,
  0x0000, 0x0000, 0x0000, 0x0000, 0x0000, 0x0000, 0x0000, 0x0000,
  0x0000, 0x0000, 0x0000, 0x0FFA, 0x0000, 0x8555, 0xFFEE, 0xFFEE,
  0xFFED, 0xFFED, 0xFFED, 0xFFED, 0xFFED, 0xFFED, 0xFFED, 0xFFED,
  0xFFED, 0xFFFE, 0xFECC, 0xF866, 0x1443, 0x0FFF, 0x0000, 0x0000,
  0x0000, 0x0000, 0x0000, 0x0000, 0x0000, 0x0000, 0x0000, 0x0000,
  0x0555, 0x0000, 0x7111, 0xF444, 0xF444, 0xF444, 0xF444, 0xF444,
  0xF444, 0xF444, 0xF444, 0xF444, 0xF444, 0xF444, 0xF444, 0xF444,
  0xF444, 0xF444, 0xF444, 0xF444, 0xF444, 0xF444, 0xF444, 0xF444,
  0xF444, 0xE233, 0x2000, 0x0000, 0x0000, 0x0000, 0x0000, 0x0000,
  0x0000, 0x0000, 0x0000, 0x0000, 0x0000, 0x0000, 0x0000, 0x0000,
  0x0000, 0x0000, 0x0000, 0x0000, 0x0000, 0x0000, 0x0000, 0x0000,
  0x0000, 0x0000, 0x0000, 0x0000, 0x0000, 0x0000, 0x0000, 0x0000,
  0x0000, 0x0000, 0x0000, 0x0000, 0x0000, 0x0000, 0x0000, 0x0000,
  0x0000, 0x0000, 0x0000, 0x0000, 0x0000, 0x0000, 0x0000, 0x0000,
  0x0000, 0x0000, 0x0000, 0x0000, 0x0000, 0x0000, 0x0000, 0x0000,
  0x0000, 0x0000, 0x0000, 0x0000, 0x0000, 0x0000, 0x0000, 0x0000,
  0x0000, 0x0000, 0x0000, 0x0000, 0x0000, 0x0000, 0x0000, 0x0000,
  0x0000, 0x0000, 0x0000, 0x0FFF, 0x1000, 0xEAA9, 0xFFFE, 0xFFED,
  0xFFED, 0xFFED, 0xFFED, 0xFFED, 0xFFED, 0xFFED, 0xFFED, 0xFFED,
  0xFFED, 0xFFEE, 0xFEDD, 0xE655, 0x1000, 0x0000, 0x0000, 0x0000,
  0x0555, 0x0333, 0x0000, 0x0000, 0x0000, 0x0000, 0x0000, 0x0000,
  0x0FFF, 0x1000, 0xE223, 0xF444, 0xF444, 0xF444, 0xF444, 0xF444,
  0xF444, 0xF444, 0xF444, 0xF444, 0xF444, 0xF444, 0xF444, 0xF444,
  0xF444, 0xF444, 0xF444, 0xF444, 0xF444, 0xF444, 0xF444, 0xF444,
  0xF333, 0x4101, 0x0000, 0x0000, 0x0000, 0x0000, 0x0000, 0x0000,
  0x0000, 0x0000, 0x0000, 0x0000, 0x0000, 0x0000, 0x0000, 0x0000,
  0x0000, 0x0000, 0x0000, 0x0000, 0x0000, 0x0000, 0x0000, 0x0000,
  0x0000, 0x0000, 0x0000, 0x0000, 0x0000, 0x0000, 0x0000, 0x0000,
  0x0000, 0x0000, 0x0000, 0x0000, 0x0000, 0x0000, 0x0000, 0x0000,
  0x0000, 0x0000, 0x0000, 0x0000, 0x0000, 0x0000, 0x0000, 0x0000,
  0x0000, 0x0000, 0x0000, 0x0000, 0x0000, 0x0000, 0x0000, 0x0000,
  0x0000, 0x0000, 0x0000, 0x0000, 0x0000, 0x0000, 0x0000, 0x0000,
  0x0000, 0x0000, 0x0000, 0x0000, 0x0000, 0x0000, 0x0000, 0x0000,
  0x0000, 0x0000, 0x0774, 0x0000, 0x6443, 0xFEED, 0xFFFE, 0xFFED,
  0xFFED, 0xFFED, 0xFFED, 0xFFED, 0xFFED, 0xFFED, 0xFFED, 0xFFED,
  0xFFED, 0xFFEE, 0xFFFE, 0xA877, 0x0000, 0x0FFF, 0x0000, 0x0000,
  0x0000, 0x0000, 0x0000, 0x0000, 0x0000, 0x0000, 0x0000, 0x0555,
  0x0000, 0x7111, 0xF444, 0xF444, 0xF444, 0xF444, 0xF444, 0xF444,
  0xF444, 0xF444, 0xF444, 0xF444, 0xF444, 0xF444, 0xF444, 0xF444,
  0xF444, 0xF444, 0xF444, 0xF444, 0xF444, 0xF444, 0xF444, 0xF334,
  0x6111, 0x0000, 0x0444, 0x0000, 0x0000, 0x0000, 0x0000, 0x0000,
  0x0000, 0x0000, 0x0000, 0x0000, 0x0000, 0x0000, 0x0000, 0x0000,
  0x0000, 0x0000, 0x0000, 0x0000, 0x0000, 0x0000, 0x0000, 0x0000,
  0x0000, 0x0000, 0x0000, 0x0000, 0x0000, 0x0000, 0x0000, 0x0000,
  0x0000, 0x0000, 0x0000, 0x0000, 0x0000, 0x0000, 0x0000, 0x0000,
  0x0000, 0x0000, 0x0000, 0x0000, 0x0000, 0x0000, 0x0000, 0x0000,
  0x0000, 0x0000, 0x0000, 0x0000, 0x0000, 0x0000, 0x0000, 0x0000,
  0x0000, 0x0000, 0x0000, 0x0000, 0x0000, 0x0000, 0x0000, 0x0000,
  0x0000, 0x0000, 0x0000, 0x0000, 0x0000, 0x0000, 0x0000, 0x0000,
  0x0000, 0x0000, 0x0FFF, 0x0000, 0xC988, 0xFFFE, 0xFFED, 0xFFED,
  0xFFED, 0xFFED, 0xFFED, 0xFFED, 0xFFED, 0xFFED, 0xFFED, 0xFFED,
  0xFFED, 0xFFEE, 0xFFEE, 0x8444, 0x0000, 0x0666, 0x0000, 0x0000,
  0x0000, 0x0000, 0x0000, 0x0000, 0x0000, 0x0000, 0x0000, 0x0000,
  0x1000, 0xD223, 0xF444, 0xF444, 0xF444, 0xF444, 0xF444, 0xF444,
  0xF444, 0xF444, 0xF444, 0xF444, 0xF444, 0xF444, 0xF444, 0xF444,
  0xF444, 0xF444, 0xF444, 0xF444, 0xF444, 0xF444, 0xF334, 0x7111,
  0x0000, 0x0555, 0x0000, 0x0000, 0x0000, 0x0000, 0x0000, 0x0000,
  0x0000, 0x0000, 0x0000, 0x0000, 0x0000, 0x0000, 0x0000, 0x0000,
  0x0000, 0x0000, 0x0000, 0x0000, 0x0000, 0x0000, 0x0000, 0x0000,
  0x0000, 0x0000, 0x0000, 0x0000, 0x0000, 0x0000, 0x0000, 0x0000,
  0x0000, 0x0000, 0x0000, 0x0000, 0x0000, 0x0000, 0x0000, 0x0000,
  0x0000, 0x0000, 0x0000, 0x0000, 0x0000, 0x0000, 0x0000, 0x0000,
  0x0000, 0x0000, 0x0000, 0x0000, 0x0000, 0x0000, 0x0000, 0x0000,
  0x0000, 0x0000, 0x0000, 0x0000, 0x0000, 0x0000, 0x0000, 0x0000,
  0x0000, 0x0000, 0x0000, 0x0000, 0x0000, 0x0000, 0x0000, 0x0000,
  0x0000, 0x0555, 0x0FFF, 0x4111, 0xFDCB, 0xFFFE, 0xFFED, 0xFFED,
  0xFFED, 0xFFED, 0xFFED, 0xFFED, 0xFFED, 0xFFED, 0xFFED, 0xFFED,
  0xFFED, 0xFFFE, 0xFDCB, 0x3332, 0x0000, 0x0700, 0x0000, 0x0000,
  0x0000, 0x0000, 0x0000, 0x0000, 0x0000, 0x0000, 0x0055, 0x0000,
  0x6111, 0xF344, 0xF444, 0xF444, 0xF444, 0xF444, 0xF444, 0xF444,
  0xF444, 0xF444, 0xF444, 0xF444, 0xF444, 0xF444, 0xF444, 0xF444,
  0xF444, 0xF444, 0xF444, 0xF444, 0xF444, 0xF334, 0x7111, 0x0000,
  0x0555, 0x0000, 0x0000, 0x0000, 0x0000, 0x0000, 0x0000, 0x0000,
  0x0000, 0x0000, 0x0000, 0x0000, 0x0000, 0x0000, 0x0000, 0x0000,
  0x0000, 0x0000, 0x0000, 0x0000, 0x0000, 0x0000, 0x0000, 0x0000,
  0x0000, 0x0000, 0x0000, 0x0000, 0x0000, 0x0000, 0x0000, 0x0000,
  0x0000, 0x0000, 0x0000, 0x0000, 0x0000, 0x0000, 0x0000, 0x0000,
  0x0000, 0x0000, 0x0000, 0x0000, 0x0000, 0x0000, 0x0000, 0x0000,
  0x0000, 0x0000, 0x0000, 0x0000, 0x0000, 0x0000, 0x0000, 0x0000,
  0x0000, 0x0000, 0x0000, 0x0000, 0x0000, 0x0000, 0x0000, 0x0000,
  0x0000, 0x0000, 0x0000, 0x0000, 0x0000, 0x0000, 0x0000, 0x0000,
  0x0000, 0x0FFF, 0x0000, 0xB777, 0xFFFE, 0xFFED, 0xFFED, 0xFFED,
  0xFFED, 0xFFED, 0xFFED, 0xFFED, 0xFFED, 0xFFED, 0xFFED, 0xFFED,
  0xFFED, 0xFFFE, 0xC988, 0x0000, 0x0FFF, 0x0000, 0x0000, 0x0000,
  0x0000, 0x0000, 0x0000, 0x0000, 0x0000, 0x0000, 0x0FFF, 0x0000,
  0xC222, 0xF444, 0xF444, 0xF444, 0xF444, 0xF444, 0xF444, 0xF444,
  0xF444, 0xF444, 0xF444, 0xF444, 0xF444, 0xF444, 0xF444, 0xF444,
  0xF444, 0xF444, 0xF444, 0xF444, 0xF334, 0x8111, 0x0000, 0x0555,
  0x0000, 0x0000, 0x0000, 0x0000, 0x0000, 0x0000, 0x0000, 0x0000,
  0x0000, 0x0000, 0x0000, 0x0000, 0x0000, 0x0000, 0x0000, 0x0000,
  0x0000, 0x0000, 0x0000, 0x0000, 0x0000, 0x0000, 0x0000, 0x0000,
  0x0000, 0x0000, 0x0000, 0x0000, 0x0000, 0x0000, 0x0000, 0x0000,
  0x0000, 0x0000, 0x0000, 0x0000, 0x0000, 0x0000, 0x0000, 0x0000,
  0x0000, 0x0000, 0x0000, 0x0000, 0x0000, 0x0000, 0x0000, 0x0000,
  0x0000, 0x0000, 0x0000, 0x0000, 0x0000, 0x0000, 0x0000, 0x0000,
  0x0000, 0x0000, 0x0000, 0x0000, 0x0000, 0x0000, 0x0000, 0x0000,
  0x0000, 0x0000, 0x0000, 0x0000, 0x0000, 0x0000, 0x0000, 0x0000,
  0x0000, 0x0FFF, 0x3000, 0xECBB, 0xFFFE, 0xFFED, 0xFFED, 0xFFED,
  0xFFED, 0xFFED, 0xFFED, 0xFFED, 0xFFED, 0xFFED, 0xFFED, 0xFFED,
  0xFFEE, 0xFEDD, 0x5443, 0x0000, 0x0744, 0x0000, 0x0000, 0x0000,
  0x0000, 0x0000, 0x0000, 0x0000, 0x0000, 0x0000, 0x0000, 0x3000,
  0xF333, 0xF444, 0xF444, 0xF444, 0xF444, 0xF444, 0xF444, 0xF444,
  0xF444, 0xF444, 0xF444, 0xF444, 0xF444, 0xF444, 0xF444, 0xF444,
  0xF444, 0xF444, 0xF444, 0xF344, 0x8111, 0x0000, 0x0555, 0x0000,
  0x0000, 0x0000, 0x0000, 0x0000, 0x0000, 0x0000, 0x0000, 0x0000,
  0x0000, 0x0000, 0x0000, 0x0000, 0x0000, 0x0000, 0x0000, 0x0000,
  0x0000, 0x0000, 0x0000, 0x0000, 0x0000, 0x0000, 0x0000, 0x0000,
  0x0000, 0x0000, 0x0000, 0x0000, 0x0000, 0x0000, 0x0000, 0x0000,
  0x0000, 0x0000, 0x0000, 0x0000, 0x0000, 0x0000, 0x0000, 0x0000,
  0x0000, 0x0000, 0x0000, 0x0000, 0x0000, 0x0000, 0x0000, 0x0000,
  0x0000, 0x0000, 0x0000, 0x0000, 0x0000, 0x0000, 0x0000, 0x0000,
  0x0000, 0x0000, 0x0000, 0x0000, 0x0000, 0x0000, 0x0000, 0x0000,
  0x0000, 0x0000, 0x0000, 0x0000, 0x0000, 0x0000, 0x0000, 0x0000,
  0x0FFA, 0x0000, 0x9666, 0xFFFE, 0xFFEE, 0xFFED, 0xFFED, 0xFFED,
  0xFFED, 0xFFED, 0xFFED, 0xFFED, 0xFFED, 0xFFED, 0xFFED, 0xFFED,
  0xFFFF, 0xD998, 0x0000, 0x0FFF, 0x0000, 0x0000, 0x0000, 0x0000,
  0x0000, 0x0000, 0x0000, 0x0000, 0x0000, 0x0000, 0x0000, 0x8111,
  0xF444, 0xF444, 0xF444, 0xF444, 0xF444, 0xF444, 0xF444, 0xF444,
  0xF444, 0xF444, 0xF444, 0xF444, 0xF444, 0xF444, 0xF444, 0xF444,
  0xF444, 0xF444, 0xF444, 0x8111, 0x0000, 0x0555, 0x0000, 0x0000,
  0x0000, 0x0000, 0x0000, 0x0000, 0x0000, 0x0000, 0x0000, 0x0000,
  0x0000, 0x0000, 0x0000, 0x0000, 0x0000, 0x0000, 0x0000, 0x0000,
  0x0000, 0x0000, 0x0000, 0x0000, 0x0000, 0x0000, 0x0000, 0x0000,
  0x0000, 0x0000, 0x0000, 0x0000, 0x0000, 0x0000, 0x0000, 0x0000,
  0x0000, 0x0000, 0x0000, 0x0000, 0x0000, 0x0000, 0x0000, 0x0000,
  0x0000, 0x0000, 0x0000, 0x0000, 0x0000, 0x0000, 0x0000, 0x0000,
  0x0000, 0x0000, 0x0000, 0x0000, 0x0000, 0x0000, 0x0000, 0x0000,
  0x0000, 0x0000, 0x0000, 0x0000, 0x0000, 0x0000, 0x0000, 0x0000,
  0x0000, 0x0000, 0x0000, 0x0000, 0x0000, 0x0000, 0x0000, 0x0000,
  0x0FFF, 0x2000, 0xEBBA, 0xFFFE, 0xFFED, 0xFFED, 0xFFED, 0xFFED,
  0xFFED, 0xFFED, 0xFFED, 0xFFED, 0xFFED, 0xFFED, 0xFFED, 0xFFFE,
  0xFDDC, 0x5333, 0x0000, 0x0744, 0x0000, 0x0000, 0x0000, 0x0000,
  0x0000, 0x0000, 0x0000, 0x0000, 0x0000, 0x0FFF, 0x0000, 0xC222,
  0xF444, 0xF444, 0xF444, 0xF444, 0xF444, 0xF444, 0xF444, 0xF444,
  0xF444, 0xF444, 0xF444, 0xF444, 0xF444, 0xF444, 0xF444, 0xF444,
  0xF444, 0xF444, 0x9112, 0x0000, 0x0777, 0x0000, 0x0000, 0x0000,
  0x0000, 0x0000, 0x0000, 0x0000, 0x0000, 0x0000, 0x0000, 0x0000,
  0x0000, 0x0000, 0x0000, 0x0000, 0x0000, 0x0000, 0x0000, 0x0000,
  0x0000, 0x0000, 0x0000, 0x0000, 0x0000, 0x0000, 0x0000, 0x0000,
  0x0000, 0x0000, 0x0000, 0x0000, 0x0000, 0x0000, 0x0000, 0x0000,
  0x0000, 0x0000, 0x0000, 0x0000, 0x0000, 0x0000, 0x0000, 0x0000,
  0x0000, 0x0000, 0x0000, 0x0000, 0x0000, 0x0000, 0x0000, 0x0000,
  0x0000, 0x0000, 0x0000, 0x0000, 0x0000, 0x0000, 0x0000, 0x0000,
  0x0000, 0x0000, 0x0000, 0x0000, 0x0000, 0x0000, 0x0000, 0x0000,
  0x0000, 0x0000, 0x0000, 0x0000, 0x0000, 0x0000, 0x0000, 0x0FAA,
  0x0000, 0x8655, 0xFFEE, 0xFFEE, 0xFFED, 0xFFED, 0xFFED, 0xFFED,
  0xFFED, 0xFFED, 0xFFED, 0xFFED, 0xFFED, 0xFFED, 0xFFEE, 0xFFFE,
  0xA776, 0x0000, 0x0FFF, 0x0000, 0x0000, 0x0000, 0x0000, 0x0000,
  0x0000, 0x0000, 0x0000, 0x0000, 0x0000, 0x0000, 0x2000, 0xF333,
  0xF444, 0xF444, 0xF444, 0xF444, 0xF444, 0xF444, 0xF444, 0xF444,
  0xF444, 0xF444, 0xF444, 0xF444, 0xF444, 0xF444, 0xF444, 0xF444,
  0xF444, 0xA222, 0x0000, 0x0777, 0x0000, 0x0000, 0x0000, 0x0000,
  0x0000, 0x0000, 0x0000, 0x0000, 0x0000, 0x0000, 0x0000, 0x0000,
  0x0000, 0x0000, 0x0000, 0x0000, 0x0000, 0x0000, 0x0000, 0x0000,
  0x0000, 0x0000, 0x0000, 0x0000, 0x0000, 0x0000, 0x0000, 0x0000,
  0x0000, 0x0000, 0x0000, 0x0000, 0x0000, 0x0000, 0x0000, 0x0000,
  0x0000, 0x0000, 0x0000, 0x0000, 0x0000, 0x0000, 0x0000, 0x0000,
  0x0000, 0x0000, 0x0000, 0x0000, 0x0000, 0x0000, 0x0000, 0x0000,
  0x0000, 0x0000, 0x0000, 0x0000, 0x0000, 0x0000, 0x0000, 0x0000,
  0x0000, 0x0000, 0x0000, 0x0000, 0x0000, 0x0000, 0x0000, 0x0000,
  0x0000, 0x0000, 0x0000, 0x0000, 0x0000, 0x0000, 0x0000, 0x0FFF,
  0x2000, 0xEBBA, 0xFFFE, 0xFFED, 0xFFED, 0xFFED, 0xFFED, 0xFFED,
  0xFFED, 0xFFED, 0xFFED, 0xFFED, 0xFFED, 0xFFED, 0xFFFE, 0xC998,
  0x1000, 0x0FFF, 0x0000, 0x0000, 0x0000, 0x0000, 0x0000, 0x0000,
  0x0000, 0x0000, 0x0000, 0x0000, 0x0000, 0x0000, 0x6111, 0xF444,
  0xF444, 0xF444, 0xF444, 0xF444, 0xF444, 0xF444, 0xF444, 0xF444,
  0xF444, 0xF444, 0xF444, 0xF444, 0xF444, 0xF444, 0xF444, 0xF444,
  0xC222, 0x1000, 0x0FFF, 0x0000, 0x0000, 0x0000, 0x0000, 0x0000,
  0x0000, 0x0000, 0x0000, 0x0000, 0x0000, 0x0000, 0x0000, 0x0000,
  0x0000, 0x0000, 0x0000, 0x0000, 0x0000, 0x0000, 0x0000, 0x0000,
  0x0000, 0x0000, 0x0000, 0x0000, 0x0000, 0x0000, 0x0000, 0x0000,
  0x0000, 0x0000, 0x0000, 0x0000, 0x0000, 0x0000, 0x0000, 0x0000,
  0x0000, 0x0000, 0x0000, 0x0000, 0x0000, 0x0000, 0x0000, 0x0000,
  0x0000, 0x0000, 0x0000, 0x0000, 0x0000, 0x0000, 0x0000, 0x0000,
  0x0000, 0x0000, 0x0000, 0x0000, 0x0000, 0x0000, 0x0000, 0x0000,
  0x0000, 0x0000, 0x0000, 0x0000, 0x0000, 0x0000, 0x0000, 0x0000,
  0x0000, 0x0000, 0x0000, 0x0000, 0x0000, 0x0000, 0x0FAA, 0x0000,
  0x9666, 0xFFFE, 0xFFEE, 0xFFED, 0xFFED, 0xFFED, 0xFFED, 0xFFED,
  0xFFED, 0xFFED, 0xFFED, 0xFFED, 0xFFED, 0xFFFE, 0xFCBB, 0x3222,
  0x0000, 0x0777, 0x0000, 0x0000, 0x0000, 0x0000, 0x0000, 0x0000,
  0x0000, 0x0000, 0x0000, 0x0000, 0x0777, 0x0000, 0xA222, 0xF444,
  0xF444, 0xF444, 0xF444, 0xF444, 0xF444, 0xF444, 0xF444, 0xF444,
  0xF444, 0xF444, 0xF444, 0xF444, 0xF444, 0xF444, 0xF444, 0xE333,
  0x2000, 0x0000, 0x0000, 0x0000, 0x0000, 0x0000, 0x0000, 0x0000,
  0x0000, 0x0000, 0x0000, 0x0000, 0x0000, 0x0000, 0x0000, 0x0000,
  0x0000, 0x0000, 0x0000, 0x0000, 0x0000, 0x0000, 0x0000, 0x0000,
  0x0000, 0x0000, 0x0000, 0x0000, 0x0000, 0x0000, 0x0000, 0x0000,
  0x0000, 0x0000, 0x0000, 0x0000, 0x0000, 0x0000, 0x0000, 0x0000,
  0x0000, 0x0000, 0x0000, 0x0000, 0x0000, 0x0000, 0x0000, 0x0000,
  0x0000, 0x0000, 0x0000, 0x0000, 0x0000, 0x0000, 0x0000, 0x0000,
  0x0000, 0x0000, 0x0000, 0x0000, 0x0000, 0x0000, 0x0000, 0x0000,
  0x0000, 0x0000, 0x0000, 0x0000, 0x0000, 0x0000, 0x0000, 0x0000,
  0x0000, 0x0000, 0x0000, 0x0000, 0x0000, 0x0000, 0x0FFF, 0x2000,
  0xECBB, 0xFFFE, 0xFFED, 0xFFED, 0xFFED, 0xFFED, 0xFFED, 0xFFED,
  0xFFED, 0xFFED, 0xFFED, 0xFFED, 0xFFEE, 0xFFED, 0x6555, 0x0000,
  0x0777, 0x0000, 0x0000, 0x0000, 0x0000, 0x0000, 0x0000, 0x0000,
  0x0000, 0x0000, 0x0000, 0x0000, 0x0000, 0x1000, 0xE333, 0xF444,
  0xF444, 0xF444, 0xF444, 0xF444, 0xF444, 0xF444, 0xF444, 0xF444,
  0xF444, 0xF444, 0xF444, 0xF444, 0xF444, 0xF444, 0xF334, 0x6111,
  0x0000, 0x0444, 0x0000, 0x0000, 0x0000, 0x0000, 0x0000, 0x0000,
  0x0000, 0x0000, 0x0000, 0x0000, 0x0000, 0x0000, 0x0000, 0x0000,
  0x0000, 0x0000, 0x0000, 0x0000, 0x0000, 0x0000, 0x0000, 0x0000,
  0x0000, 0x0000, 0x0000, 0x0000, 0x0000, 0x0000, 0x0000, 0x0000,
  0x0000, 0x0000, 0x0000, 0x0000, 0x0000, 0x0000, 0x0000, 0x0000,
  0x0000, 0x0000, 0x0000, 0x0000, 0x0000, 0x0000, 0x0000, 0x0000,
  0x0000, 0x0000, 0x0000, 0x0000, 0x0000, 0x0000, 0x0000, 0x0000,
  0x0000, 0x0000, 0x0000, 0x0000, 0x0000, 0x0000, 0x0000, 0x0000,
  0x0000, 0x0000, 0x0000, 0x0000, 0x0000, 0x0000, 0x0000, 0x0000,
  0x0000, 0x0000, 0x0000, 0x0000, 0x0000, 0x0FFA, 0x0000, 0x9766,
  0xFFFE, 0xFFEE, 0xFFED, 0xFFED, 0xFFED, 0xFFED, 0xFFED, 0xFFED,
  0xFFED, 0xFFED, 0xFFED, 0xFFED, 0xFFFE, 0xB877, 0x0000, 0x0FFF,
  0x0000, 0x0000, 0x0000, 0x0000, 0x0000, 0x0000, 0x0000, 0x0000,
  0x0000, 0x0000, 0x0000, 0x0000, 0x0000, 0x5111, 0xF334, 0xF444,
  0xF444, 0xF444, 0xF444, 0xF444, 0xF444, 0xF444, 0xF444, 0xF444,
  0xF444, 0xF444, 0xF444, 0xF444, 0xF444, 0xF444, 0xD223, 0x0000,
  0x0777, 0x0000, 0x0000, 0x0000, 0x0000, 0x0000, 0x0000, 0x0000,
  0x0000, 0x0000, 0x0000, 0x0000, 0x0000, 0x0000, 0x0000, 0x0000,
  0x0000, 0x0000, 0x0000, 0x0000, 0x0000, 0x0000, 0x0000, 0x0000,
  0x0000, 0x0000, 0x0000, 0x0000, 0x0000, 0x0000, 0x0000, 0x0000,
  0x0000, 0x0000, 0x0000, 0x0000, 0x0000, 0x0000, 0x0000, 0x0000,
  0x0000, 0x0000, 0x0000, 0x0000, 0x0000, 0x0000, 0x0000, 0x0000,
  0x0000, 0x0000, 0x0000, 0x0000, 0x0000, 0x0000, 0x0000, 0x0000,
  0x0000, 0x0000, 0x0000, 0x0000, 0x0000, 0x0000, 0x0000, 0x0000,
  0x0000, 0x0000, 0x0000, 0x0000, 0x0000, 0x0000, 0x0000, 0x0000,
  0x0000, 0x0000, 0x0000, 0x0000, 0x0000, 0x0FFF, 0x2000, 0xECBB,
  0xFFFE, 0xFFED, 0xFFED, 0xFFED, 0xFFED, 0xFFED, 0xFFED, 0xFFED,
  0xFFED, 0xFFED, 0xFFED, 0xFFFE, 0xEBAA, 0x3000, 0x0FFF, 0x0000,
  0x0000, 0x0000, 0x0000, 0x0000, 0x0000, 0x0000, 0x0000, 0x0000,
  0x0000, 0x0000, 0x0000, 0x0000, 0x0000, 0x9222, 0xF444, 0xF444,
  0xF444, 0xF444, 0xF444, 0xF444, 0xF444, 0xF444, 0xF444, 0xF444,
  0xF444, 0xF444, 0xF444, 0xF444, 0xF444, 0xF444, 0x8111, 0x0000,
  0x0555, 0x0000, 0x0000, 0x0000, 0x0000, 0x0000, 0x0000, 0x0000,
  0x0000, 0x0000, 0x0000, 0x0000, 0x0000, 0x0000, 0x0000, 0x0000,
  0x0000, 0x0000, 0x0000, 0x0000, 0x0000, 0x0000, 0x0000, 0x0000,
  0x0000, 0x0000, 0x0000, 0x0000, 0x0000, 0x0000, 0x0000, 0x0000,
  0x0000, 0x0000, 0x0000, 0x0000, 0x0000, 0x0000, 0x0000, 0x0000,
  0x0000, 0x0000, 0x0000, 0x0000, 0x0000, 0x0000, 0x0000, 0x0000,
  0x0000, 0x0000, 0x0000, 0x0000, 0x0000, 0x0000, 0x0000, 0x0000,
  0x0000, 0x0000, 0x0000, 0x0000, 0x0000, 0x0000, 0x0000, 0x0000,
  0x0000, 0x0000, 0x0000, 0x0000, 0x0000, 0x0000, 0x0000, 0x0000,
  0x0000, 0x0000, 0x0000, 0x0000, 0x0FFA, 0x0000, 0x9877, 0xFFED,
  0xFFED, 0xFFFE, 0xFFED, 0xFFED, 0xFFED, 0xFFED, 0xFFED, 0xFFED,
  0xFFED, 0xFFED, 0xFFFE, 0xFCBB, 0x5222, 0x0000, 0x0AAA, 0x0000,
  0x0000, 0x0000, 0x0000, 0x0000, 0x0000, 0x0000, 0x0000, 0x0000,
  0x0000, 0x0000, 0x0000, 0x0000, 0x1000, 0xD233, 0xF444, 0xF444,
  0xF444, 0xF444, 0xF444, 0xF444, 0xF444, 0xF444, 0xF444, 0xF444,
  0xF444, 0xF444, 0xF444, 0xF444, 0xF444, 0xF333, 0x3000, 0x0000,
  0x0000, 0x0000, 0x0000, 0x0000, 0x0000, 0x0000, 0x0000, 0x0000,
  0x0000, 0x0000, 0x0000, 0x0000, 0x0000, 0x0000, 0x0000, 0x0000,
  0x0000, 0x0000, 0x0000, 0x0000, 0x0000, 0x0000, 0x0000, 0x0000,
  0x0000, 0x0000, 0x0000, 0x0000, 0x0000, 0x0000, 0x0000, 0x0000,
  0x0000, 0x0000, 0x0000, 0x0000, 0x0000, 0x0000, 0x0000, 0x0000,
  0x0000, 0x0000, 0x0000, 0x0000, 0x0000, 0x0000, 0x0000, 0x0000,
  0x0000, 0x0000, 0x0000, 0x0000, 0x0000, 0x0000, 0x0000, 0x0000,
  0x0000, 0x0000, 0x0000, 0x0000, 0x0000, 0x0000, 0x0000, 0x0000,
  0x0000, 0x0000, 0x0000, 0x0000, 0x0000, 0x0000, 0x0000, 0x0000,
  0x0000, 0x0000, 0x0000, 0x0000, 0x0FFF, 0x1000, 0xE776, 0xFDCC,
  0xFBBB, 0xFBAA, 0xFFFE, 0xFFEE, 0xFFED, 0xFFED, 0xFFED, 0xFFED,
  0xFFED, 0xFFFE, 0xFCCB, 0x6332, 0x0000, 0x0666, 0x0000, 0x0000,
  0x0000, 0x0000, 0x0000, 0x0000, 0x0000, 0x0000, 0x0000, 0x0000,
  0x0000, 0x0000, 0x0000, 0x0000, 0x4000, 0xF333, 0xF444, 0xF444,
  0xF444, 0xF444, 0xF444, 0xF444, 0xF444, 0xF444, 0xF444, 0xF444,
  0xF444, 0xF444, 0xF444, 0xF444, 0xF444, 0xE333, 0x2000, 0x0000,
  0x0000, 0x0000, 0x0000, 0x0000, 0x0000, 0x0000, 0x0000, 0x0000,
  0x0000, 0x0000, 0x0000, 0x0000, 0x0000, 0x0000, 0x0000, 0x0000,
  0x0000, 0x0000, 0x0000, 0x0000, 0x0000, 0x0000, 0x0000, 0x0000,
  0x0000, 0x0000, 0x0000, 0x0000, 0x0000, 0x0000, 0x0000, 0x0000,
  0x0000, 0x0000, 0x0000, 0x0000, 0x0000, 0x0000, 0x0000, 0x0000,
  0x0000, 0x0000, 0x0000, 0x0000, 0x0000, 0x0000, 0x0000, 0x0000,
  0x0000, 0x0000, 0x0000, 0x0000, 0x0000, 0x0000, 0x0000, 0x0000,
  0x0000, 0x0000, 0x0000, 0x0000, 0x0000, 0x0000, 0x0000, 0x0000,
  0x0000, 0x0000, 0x0000, 0x0000, 0x0000, 0x0000, 0x0000, 0x0000,
  0x0000, 0x0000, 0x0000, 0x0AAA, 0x0000, 0x8444, 0xFCCC, 0xFFFF,
  0xFFFF, 0xFCCC, 0xFA99, 0xFFFE, 0xFFED, 0xFFED, 0xFFED, 0xFFED,
  0xFFFE, 0xFDDC, 0x7433, 0x0000, 0x0999, 0x0000, 0x0000, 0x0000,
  0x0000, 0x0000, 0x0000, 0x0000, 0x0000, 0x0000, 0x0000, 0x0000,
  0x0000, 0x0000, 0x0000, 0x0000, 0xA111, 0xF444, 0xF444, 0xF444,
  0xF444, 0xF444, 0xF444, 0xF444, 0xF444, 0xF444, 0xF444, 0xF444,
  0xF444, 0xF444, 0xF444, 0xF444, 0xF444, 0xC222, 0x0000, 0x0000,
  0x0000, 0x0000, 0x0000, 0x0000, 0x0000, 0x0000, 0x0000, 0x0000,
  0x0000, 0x0000, 0x0000, 0x0000, 0x0000, 0x0000, 0x0000, 0x0000,
  0x0000, 0x0000, 0x0000, 0x0000, 0x0000, 0x0000, 0x0000, 0x0000,
  0x0000, 0x0000, 0x0000, 0x0000, 0x0000, 0x0000, 0x0000, 0x0000,
  0x0000, 0x0000, 0x0000, 0x0000, 0x0000, 0x0000, 0x0000, 0x0000,
  0x0000, 0x0000, 0x0000, 0x0000, 0x0000, 0x0000, 0x0000, 0x0000,
  0x0000, 0x0000, 0x0000, 0x0000, 0x0000, 0x0000, 0x0000, 0x0000,
  0x0000, 0x0000, 0x0000, 0x0000, 0x0000, 0x0000, 0x0000, 0x0000,
  0x0000, 0x0000, 0x0000, 0x0000, 0x0000, 0x0000, 0x0000, 0x0000,
  0x0000, 0x0000, 0x0000, 0x0FFF, 0x2000, 0xEABB, 0xFFFF, 0xFFFF,
  0xFFFF, 0xFFFF, 0xFCCC, 0xFBAA, 0xFFFE, 0xFFED, 0xFFED, 0xFFEE,
  0xFFEE, 0x9665, 0x0000, 0x0BBB, 0x0000, 0x0000, 0x0000, 0x0000,
  0x0000, 0x0000, 0x0000, 0x0000, 0x0000, 0x0000, 0x0000, 0x0000,
  0x0000, 0x0000, 0x0000, 0x0000, 0xD222, 0xF444, 0xF444, 0xF444,
  0xF444, 0xF444, 0xF444, 0xF444, 0xF444, 0xF444, 0xF444, 0xF444,
  0xF444, 0xF444, 0xF444, 0xF444, 0xF444, 0xD233, 0x1000, 0x0000,
  0x0000, 0x0000, 0x0000, 0x0000, 0x0000, 0x0000, 0x0000, 0x0000,
  0x0000, 0x0000, 0x0000, 0x0000, 0x0000, 0x0000, 0x0000, 0x0000,
  0x0000, 0x0000, 0x0000, 0x0000, 0x0000, 0x0000, 0x0000, 0x0000,
  0x0000, 0x0000, 0x0000, 0x0000, 0x0000, 0x0000, 0x0000, 0x0000,
  0x0000, 0x0000, 0x0000, 0x0000, 0x0000, 0x0000, 0x0000, 0x0000,
  0x0000, 0x0000, 0x0000, 0x0000, 0x0000, 0x0000, 0x0000, 0x0000,
  0x0000, 0x0000, 0x0000, 0x0000, 0x0000, 0x0000, 0x0000, 0x0000,
  0x0000, 0x0000, 0x0000, 0x0000, 0x0000, 0x0000, 0x0000, 0x0000,
  0x0000, 0x0000, 0x0000, 0x0000, 0x0000, 0x0000, 0x0000, 0x0000,
  0x0000, 0x0000, 0x0777, 0x0000, 0x8444, 0xFEEE, 0xFFFF, 0xFFFF,
  0xFFFF, 0xFFFF, 0xFFFF, 0xFAAA, 0xFEDC, 0xFFFE, 0xFFED, 0xFFFE,
  0xC877, 0x1000, 0x0FFF, 0x0000, 0x0000, 0x0000, 0x0000, 0x0000,
  0x0000, 0x0000, 0x0000, 0x0000, 0x0000, 0x0000, 0x0000, 0x0000,
  0x0000, 0x0000, 0x0000, 0x0000, 0xE333, 0xF444, 0xF444, 0xF444,
  0xF444, 0xF444, 0xF444, 0xF444, 0xF444, 0xF444, 0xF444, 0xF444,
  0xF444, 0xF444, 0xF444, 0xF444, 0xF444, 0xF333, 0x3000, 0x0000,
  0x0000, 0x0000, 0x0000, 0x0000, 0x0000, 0x0000, 0x0000, 0x0000,
  0x0000, 0x0000, 0x0000, 0x0000, 0x0000, 0x0000, 0x0000, 0x0000,
  0x0000, 0x0000, 0x0000, 0x0000, 0x0000, 0x0000, 0x0000, 0x0000,
  0x0000, 0x0000, 0x0000, 0x0000, 0x0000, 0x0000, 0x0000, 0x0000,
  0x0000, 0x0000, 0x0000, 0x0000, 0x0000, 0x0000, 0x0000, 0x0000,
  0x0000, 0x0000, 0x0000, 0x0000, 0x0000, 0x0000, 0x0000, 0x0000,
  0x0000, 0x0000, 0x0000, 0x0000, 0x0000, 0x0000, 0x0000, 0x0000,
  0x0000, 0x0000, 0x0000, 0x0000, 0x0000, 0x0000, 0x0000, 0x0000,
  0x0000, 0x0000, 0x0000, 0x0000, 0x0000, 0x0444, 0x0000, 0x0000,
  0x0000, 0x0000, 0x0FFF, 0x2000, 0xEAAA, 0xFFFF, 0xFEFF, 0xFFFF,
  0xFFFF, 0xFFFF, 0xFFFF, 0xFDDD, 0xFBAA, 0xFFFE, 0xFFFE, 0xD998,
  0x1000, 0x0000, 0x0000, 0x0000, 0x0000, 0x0000, 0x0000, 0x0000,
  0x0000, 0x0000, 0x0000, 0x0000, 0x0000, 0x0000, 0x0000, 0x0000,
  0x0000, 0x0000, 0x0000, 0x0000, 0xF333, 0xF444, 0xF444, 0xF444,
  0xF444, 0xF444, 0xF444, 0xF444, 0xF444, 0xF444, 0xF444, 0xF444,
  0xF444, 0xF444, 0xF444, 0xF444, 0xF444, 0xF444, 0x8112, 0x0000,
  0x0555, 0x0000, 0x0000, 0x0000, 0x0000, 0x0000, 0x0000, 0x0000,
  0x0000, 0x0000, 0x0000, 0x0000, 0x0000, 0x0000, 0x0000, 0x0000,
  0x0000, 0x0000, 0x0000, 0x0000, 0x0000, 0x0000, 0x0000, 0x0000,
  0x0000, 0x0000, 0x0000, 0x0000, 0x0000, 0x0000, 0x0000, 0x0000,
  0x0000, 0x0000, 0x0000, 0x0000, 0x0000, 0x0000, 0x0000, 0x0000,
  0x0000, 0x0000, 0x0000, 0x0000, 0x0000, 0x0000, 0x0000, 0x0000,
  0x0000, 0x0000, 0x0000, 0x0000, 0x0000, 0x0000, 0x0000, 0x0000,
  0x0000, 0x0000, 0x0000, 0x0000, 0x0000, 0x0000, 0x0000, 0x0000,
  0x0000, 0x0000, 0x0000, 0x0000, 0x0000, 0x0000, 0x1000, 0x2111,
  0x1001, 0x1000, 0x0000, 0x9555, 0xFEFF, 0xFEFF, 0xFEFF, 0xFFFF,
  0xFFFF, 0xFFFF, 0xFFFF, 0xFFFF, 0xFAAA, 0xFFFE, 0xFCBB, 0x4222,
  0x0000, 0x0555, 0x0000, 0x0000, 0x0000, 0x0000, 0x0000, 0x0000,
  0x0000, 0x0000, 0x0000, 0x0000, 0x0000, 0x0000, 0x0000, 0x0000,
  0x0000, 0x0000, 0x0000, 0x0000, 0xF333, 0xF444, 0xF444, 0xF444,
  0xF444, 0xF444, 0xF444, 0xF444, 0xF444, 0xF444, 0xF444, 0xF444,
  0xF444, 0xF444, 0xF444, 0xF444, 0xF444, 0xF444, 0xD223, 0x1000,
  0x0FFF, 0x0000, 0x0000, 0x0000, 0x0000, 0x0000, 0x0000, 0x0000,
  0x0000, 0x0000, 0x0000, 0x0000, 0x0000, 0x0000, 0x0000, 0x0000,
  0x0000, 0x0000, 0x0000, 0x0000, 0x0000, 0x0000, 0x0000, 0x0000,
  0x0000, 0x0000, 0x0000, 0x0000, 0x0000, 0x0000, 0x0000, 0x0000,
  0x0000, 0x0000, 0x0000, 0x0000, 0x0000, 0x0000, 0x0000, 0x0000,
  0x0000, 0x0000, 0x0000, 0x0000, 0x0003, 0x0000, 0x0333, 0x0333,
  0x0055, 0x0000, 0x0000, 0x0000, 0x0000, 0x0000, 0x0000, 0x0000,
  0x0000, 0x0000, 0x0000, 0x0000, 0x0000, 0x0000, 0x0000, 0x0000,
  0x0000, 0x0000, 0x0000, 0x0000, 0x2000, 0x8223, 0xE334, 0xE346,
  0xE345, 0xD334, 0x9112, 0xFABB, 0xFEFF, 0xFDEF, 0xFEFF, 0xFEFF,
  0xFFFF, 0xFFFF, 0xFFFF, 0xFFFF, 0xFBBB, 0xFBBA, 0x7655, 0x0000,
  0x0777, 0x0000, 0x0000, 0x0000, 0x0000, 0x0000, 0x0000, 0x0000,
  0x0000, 0x0000, 0x0000, 0x0000, 0x0000, 0x0000, 0x0000, 0x0000,
  0x0000, 0x0000, 0x0000, 0x0000, 0xE333, 0xF444, 0xF444, 0xF444,
  0xF444, 0xF444, 0xF444, 0xF444, 0xF444, 0xF444, 0xF444, 0xF444,
  0xF444, 0xF444, 0xF444, 0xF444, 0xF444, 0xF444, 0xF444, 0x7111,
  0x0000, 0x0555, 0x0000, 0x0000, 0x0000, 0x0000, 0x0000, 0x0000,
  0x0000, 0x0000, 0x0000, 0x0000, 0x0000, 0x0000, 0x0000, 0x0000,
  0x0000, 0x0000, 0x0000, 0x0000, 0x0000, 0x0000, 0x0000, 0x0000,
  0x0000, 0x0000, 0x0000, 0x0000, 0x0000, 0x0000, 0x0000, 0x0000,
  0x0000, 0x0000, 0x0000, 0x0000, 0x0000, 0x0000, 0x0000, 0x0000,
  0x0000, 0x0000, 0x0000, 0x0000, 0x0000, 0x0000, 0x0000, 0x0000,
  0x0000, 0x0FFF, 0x0333, 0x0000, 0x0000, 0x0000, 0x0000, 0x0000,
  0x0000, 0x0000, 0x0000, 0x0000, 0x0000, 0x0000, 0x0000, 0x0004,
  0x0333, 0x0224, 0x0000, 0x3000, 0xD334, 0xF457, 0xF457, 0xF457,
  0xF457, 0xF457, 0xF446, 0xF456, 0xFCDD, 0xFEFF, 0xFDEF, 0xFEFF,
  0xFEFF, 0xFFFF, 0xFFFF, 0xFFFF, 0xFDDD, 0xB555, 0x0000, 0x0FAA,
  0x0000, 0x0000, 0x0000, 0x0000, 0x0000, 0x0000, 0x0000, 0x0000,
  0x0000, 0x0000, 0x0000, 0x0000, 0x0000, 0x0000, 0x0000, 0x0000,
  0x0000, 0x0000, 0x0000, 0x0000, 0xE333, 0xF444, 0xF444, 0xF444,
  0xF444, 0xF444, 0xF444, 0xF444, 0xF444, 0xF444, 0xF444, 0xF444,
  0xF444, 0xF444, 0xF444, 0xF444, 0xF444, 0xF444, 0xF444, 0xE333,
  0x2000, 0x0000, 0x0000, 0x0000, 0x0000, 0x0000, 0x0000, 0x0000,
  0x0000, 0x0000, 0x0000, 0x0000, 0x0000, 0x0000, 0x0000, 0x0000,
  0x0000, 0x0000, 0x0000, 0x0000, 0x0000, 0x0000, 0x0000, 0x0000,
  0x0000, 0x0000, 0x0000, 0x0000, 0x0000, 0x0000, 0x0000, 0x0000,
  0x0000, 0x0000, 0x0000, 0x0000, 0x0000, 0x0000, 0x0000, 0x0000,
  0x0000, 0x0000, 0x1000, 0x6000, 0x7112, 0x7000, 0x7233, 0x7333,
  0x4111, 0x0000, 0x0000, 0x0000, 0x0000, 0x0000, 0x0000, 0x0000,
  0x0000, 0x0000, 0x0000, 0x0000, 0x0000, 0x0000, 0x0000, 0x0000,
  0x0000, 0x0000, 0x3111, 0xE335, 0xF557, 0xF457, 0xF457, 0xF457,
  0xF456, 0xF456, 0xF457, 0xF335, 0xF789, 0xFDFF, 0xFDEF, 0xFEEF,
  0xFEFF, 0xFEFF, 0xFEFF, 0xFFFF, 0xEAAA, 0x1000, 0x0FFF, 0x0000,
  0x0000, 0x0000, 0x0000, 0x0000, 0x0000, 0x0000, 0x0000, 0x0000,
  0x0000, 0x0000, 0x0000, 0x0000, 0x0000, 0x0000, 0x0000, 0x0000,
  0x0000, 0x0000, 0x0000, 0x0000, 0xC222, 0xF444, 0xF444, 0xF444,
  0xF444, 0xF444, 0xF444, 0xF444, 0xF444, 0xF444, 0xF444, 0xF444,
  0xF444, 0xF444, 0xF444, 0xF444, 0xF444, 0xF444, 0xF444, 0xF444,
  0xB222, 0x0000, 0x0555, 0x0000, 0x0000, 0x0000, 0x0000, 0x0000,
  0x0000, 0x0000, 0x0000, 0x0000, 0x0000, 0x0000, 0x0000, 0x0000,
  0x0000, 0x0000, 0x0000, 0x0000, 0x0000, 0x0000, 0x0000, 0x0000,
  0x0000, 0x0000, 0x0000, 0x0000, 0x0000, 0x0000, 0x0000, 0x0000,
  0x0000, 0x0000, 0x0000, 0x0000, 0x0000, 0x0000, 0x0000, 0x0000,
  0x0007, 0x1000, 0xC212, 0xF223, 0xF334, 0xF346, 0xF556, 0xFACD,
  0xF9AB, 0xB455, 0x8333, 0x6000, 0x0000, 0x0000, 0x0FFF, 0x0000,
  0x0000, 0x0000, 0x0000, 0x0000, 0x0000, 0x0000, 0x0000, 0x6111,
  0x8345, 0x7223, 0xD223, 0xF446, 0xF334, 0xF334, 0xF446, 0xF346,
  0xF457, 0xF457, 0xF457, 0xF446, 0xF556, 0xFDEF, 0xFDEF, 0xFDEF,
  0xFEEF, 0xFEFF, 0xFFFF, 0xFDDD, 0x5444, 0x0000, 0x0555, 0x0000,
  0x0000, 0x0000, 0x0000, 0x0000, 0x0000, 0x0000, 0x0000, 0x0000,
  0x0000, 0x0000, 0x0000, 0x0000, 0x0000, 0x0000, 0x0000, 0x0000,
  0x0000, 0x0000, 0x0000, 0x0000, 0x7111, 0xF344, 0xF444, 0xF444,
  0xF444, 0xF444, 0xF444, 0xF444, 0xF444, 0xF444, 0xF444, 0xF444,
  0xF444, 0xF444, 0xF444, 0xF444, 0xF444, 0xF444, 0xF444, 0xF444,
  0xF344, 0x7111, 0x0000, 0x0444, 0x0000, 0x0000, 0x0000, 0x0000,
  0x0000, 0x0000, 0x0000, 0x0000, 0x0000, 0x0000, 0x0000, 0x0000,
  0x0000, 0x0000, 0x0000, 0x0000, 0x0000, 0x0000, 0x0000, 0x0000,
  0x0000, 0x0000, 0x0000, 0x0000, 0x0000, 0x0000, 0x0000, 0x0000,
  0x0000, 0x0000, 0x0000, 0x0000, 0x0000, 0x0000, 0x0000, 0x0000,
  0x0000, 0x6111, 0xF334, 0xF335, 0xF223, 0xF446, 0xF446, 0xF9AB,
  0xFBDE, 0xF89A, 0xFDDC, 0xF556, 0xD234, 0x4000, 0x0000, 0x0000,
  0x0000, 0x0000, 0x0000, 0x0000, 0x0000, 0x0000, 0x5111, 0xF446,
  0xF447, 0xF223, 0xF667, 0xFBBB, 0xFEEE, 0xFEEE, 0xFDDD, 0xF777,
  0xF345, 0xF446, 0xF457, 0xF446, 0xF567, 0xFCDE, 0xFDEF, 0xFDEF,
  0xFDEF, 0xFEFF, 0xFFFF, 0x9666, 0x0000, 0x0BBB, 0x0000, 0x0000,
  0x0000, 0x0000, 0x0000, 0x0000, 0x0000, 0x0000, 0x0000, 0x0000,
  0x0000, 0x0000, 0x0000, 0x0000, 0x0000, 0x0000, 0x0000, 0x0000,
  0x0000, 0x0000, 0x0000, 0x0000, 0x2000, 0xE333, 0xF444, 0xF444,
  0xF444, 0xF444, 0xF444, 0xF444, 0xF444, 0xF444, 0xF444, 0xF444,
  0xF444, 0xF444, 0xF444, 0xF444, 0xF444, 0xF444, 0xF444, 0xF444,
  0xF444, 0xF333, 0x4000, 0x0000, 0x0000, 0x0000, 0x0000, 0x0000,
  0x0000, 0x0000, 0x0000, 0x0000, 0x0000, 0x0000, 0x0000, 0x0000,
  0x0000, 0x0000, 0x0000, 0x0000, 0x0000, 0x0000, 0x0000, 0x0000,
  0x0000, 0x0000, 0x0000, 0x0000, 0x0000, 0x0000, 0x0000, 0x0000,
  0x0000, 0x0000, 0x0000, 0x0000, 0x0000, 0x0000, 0x0000, 0x0000,
  0x0000, 0xD223, 0xF335, 0xF334, 0xF224, 0xF334, 0xF346, 0xF678,
  0xFBDE, 0xF9AB, 0xFBBB, 0xFBBB, 0xF346, 0xF334, 0xA112, 0x3001,
  0x0000, 0x0000, 0x0000, 0x0000, 0x0336, 0x0444, 0xB234, 0xF346,
  0xF556, 0xFCBB, 0xFF9A, 0xF9BF, 0xFDEF, 0xFFFF, 0xF9AA, 0xF446,
  0xF446, 0xF334, 0xF345, 0xF446, 0xF556, 0xFCEF, 0xFCEE, 0xFDEF,
  0xFDEF, 0xFEFF, 0xD899, 0x1000, 0x0FFF, 0x0000, 0x0000, 0x0000,
  0x0000, 0x0000, 0x0000, 0x0000, 0x0000, 0x0000, 0x0000, 0x0000,
  0x0000, 0x0000, 0x0000, 0x0000, 0x0000, 0x0000, 0x0000, 0x0000,
  0x0000, 0x0000, 0x0000, 0x0000, 0x0000, 0x9222, 0xF444, 0xF444,
  0xF444, 0xF444, 0xF444, 0xF444, 0xF444, 0xF444, 0xF444, 0xF444,
  0xF444, 0xF444, 0xF444, 0xF444, 0xF444, 0xF444, 0xF444, 0xF444,
  0xF444, 0xF444, 0xD222, 0x1000, 0x0000, 0x0000, 0x0000, 0x0000,
  0x0000, 0x0000, 0x0000, 0x0000, 0x0000, 0x0000, 0x0000, 0x0000,
  0x0000, 0x0000, 0x0000, 0x0000, 0x0000, 0x0000, 0x0000, 0x0000,
  0x0000, 0x0000, 0x0000, 0x0000, 0x0000, 0x0000, 0x0000, 0x0000,
  0x0000, 0x0000, 0x0000, 0x0000, 0x0000, 0x0000, 0x0000, 0x0000,
  0x5000, 0xF324, 0xF334, 0xF334, 0xF223, 0xF334, 0xF446, 0xF789,
  0xFBDE, 0xFACD, 0xF899, 0xFEDD, 0xF556, 0xF457, 0xF335, 0xF234,
  0x8000, 0x1000, 0x0000, 0x0000, 0x0000, 0x1000, 0xF223, 0xF888,
  0xFFFE, 0xFDFC, 0xFCDB, 0xFCDF, 0xFFFF, 0xFBBB, 0xF335, 0xF457,
  0xF457, 0xF447, 0xF345, 0xF234, 0xF678, 0xFCEF, 0xFCEE, 0xFCEE,
  0xFDFF, 0xFCDD, 0x4333, 0x0000, 0x0555, 0x0000, 0x0000, 0x0000,
  0x0000, 0x0000, 0x0000, 0x0000, 0x0000, 0x0000, 0x0000, 0x0000,
  0x0000, 0x0000, 0x0000, 0x0000, 0x0000, 0x0000, 0x0000, 0x0000,
  0x0000, 0x0000, 0x0000, 0x0000, 0x0FFF, 0x2000, 0xE333, 0xF444,
  0xF444, 0xF444, 0xF444, 0xF444, 0xF444, 0xF444, 0xF444, 0xF444,
  0xF444, 0xF444, 0xF444, 0xF444, 0xF444, 0xF444, 0xF444, 0xF444,
  0xF444, 0xF444, 0xF444, 0xB222, 0x1000, 0x0000, 0x0000, 0x0000,
  0x0000, 0x0000, 0x0000, 0x0000, 0x0000, 0x0000, 0x0000, 0x0000,
  0x0000, 0x0000, 0x0000, 0x0000, 0x0000, 0x0000, 0x0000, 0x0000,
  0x0000, 0x0000, 0x0000, 0x0000, 0x0000, 0x0000, 0x0000, 0x0000,
  0x0000, 0x0000, 0x0000, 0x0000, 0x0000, 0x0000, 0x0000, 0x0000,
  0x8112, 0xF334, 0xF334, 0xF334, 0xF223, 0xF234, 0xF447, 0xF678,
  0xFBCD, 0xFBCD, 0xF9AC, 0xFAAA, 0xFBBB, 0xF335, 0xF446, 0xF334,
  0xF122, 0xD223, 0x4222, 0x5000, 0x4112, 0x8433, 0xFCCC, 0xFFFF,
  0xFFFF, 0xFDEC, 0xFDFD, 0xFFFF, 0xFEEE, 0xF455, 0xF457, 0xF456,
  0xF456, 0xF668, 0xF457, 0xF234, 0xF9AB, 0xFDFF, 0xFCEE, 0xFCEE,
  0xFEFF, 0xA788, 0x0000, 0x0BBB, 0x0000, 0x0000, 0x0000, 0x0000,
  0x0000, 0x0000, 0x0000, 0x0000, 0x0000, 0x0000, 0x0000, 0x0000,
  0x0000, 0x0000, 0x0000, 0x0000, 0x0000, 0x0000, 0x0000, 0x0000,
  0x0000, 0x0000, 0x0000, 0x0000, 0x0555, 0x0000, 0x7111, 0xF444,
  0xF444, 0xF444, 0xF444, 0xF444, 0xF444, 0xF444, 0xF444, 0xF444,
  0xF444, 0xF444, 0xF444, 0xF444, 0xF444, 0xF444, 0xF444, 0xF444,
  0xF444, 0xF444, 0xF444, 0xF444, 0xB222, 0x1000, 0x0000, 0x0000,
  0x0000, 0x0000, 0x0000, 0x0000, 0x0000, 0x0000, 0x0000, 0x0000,
  0x0000, 0x0000, 0x0000, 0x0000, 0x0000, 0x0000, 0x0000, 0x0000,
  0x0000, 0x0000, 0x0000, 0x0000, 0x0000, 0x0000, 0x0000, 0x0000,
  0x0000, 0x0000, 0x0000, 0x0000, 0x0000, 0x0000, 0x0000, 0x0000,
  0xC223, 0xF334, 0xF334, 0xF334, 0xF223, 0xF234, 0xF457, 0xF678,
  0xFACD, 0xFACD, 0xFBDE, 0xF89A, 0xFDDD, 0xF778, 0xF234, 0xF335,
  0xF334, 0xF334, 0xF223, 0xF112, 0xF233, 0xF334, 0xF889, 0xFDDD,
  0xFFFF, 0xFFFF, 0xFFFF, 0xFFFF, 0xF888, 0xF345, 0xF557, 0xF335,
  0xFCCC, 0xFEEE, 0xF456, 0xF457, 0xF445, 0xFBDD, 0xFCEF, 0xFDEF,
  0xFABC, 0x3222, 0x0FFF, 0x0055, 0x0000, 0x0000, 0x0000, 0x0000,
  0x0000, 0x0000, 0x0000, 0x0000, 0x0000, 0x0000, 0x0000, 0x0000,
  0x0000, 0x0000, 0x0000, 0x0000, 0x0000, 0x0000, 0x0000, 0x0000,
  0x0000, 0x0000, 0x0000, 0x0000, 0x0000, 0x0777, 0x0000, 0xC222,
  0xF444, 0xF444, 0xF444, 0xF444, 0xF444, 0xF444, 0xF444, 0xF444,
  0xF444, 0xF444, 0xF444, 0xF444, 0xF444, 0xF444, 0xF444, 0xF444,
  0xF444, 0xF444, 0xF444, 0xF444, 0xF444, 0xC222, 0x2000, 0x0000,
  0x0000, 0x0000, 0x0000, 0x0000, 0x0000, 0x0000, 0x0000, 0x0000,
  0x0000, 0x0000, 0x0000, 0x0000, 0x0000, 0x0000, 0x0000, 0x0000,
  0x0000, 0x0000, 0x0000, 0x0000, 0x0000, 0x0000, 0x0000, 0x0000,
  0x0000, 0x0000, 0x0000, 0x0000, 0x0000, 0x0000, 0x0000, 0x0000,
  0xF212, 0xF335, 0xF334, 0xF334, 0xF224, 0xF334, 0xF457, 0xF556,
  0xFBCD, 0xFACD, 0xFACD, 0xFACD, 0xF899, 0xFEEE, 0xF445, 0xF223,
  0xF112, 0xF223, 0xF334, 0xF223, 0xF345, 0xF778, 0xF345, 0xF335,
  0xFAAA, 0xFFFF, 0xFFFF, 0xFCCC, 0xF335, 0xF557, 0xF346, 0xF778,
  0xFFFF, 0xFFFF, 0xFCCC, 0xF345, 0xF446, 0xF667, 0xFDFF, 0xFDFF,
  0x8455, 0x0000, 0x07BB, 0x0000, 0x0000, 0x0000, 0x0000, 0x0000,
  0x0000, 0x0000, 0x0000, 0x0000, 0x0000, 0x0000, 0x0000, 0x0000,
  0x0000, 0x0000, 0x0000, 0x0000, 0x0000, 0x0000, 0x0000, 0x0000,
  0x0000, 0x0000, 0x0000, 0x0000, 0x0000, 0x0000, 0x0000, 0x3000,
  0xE333, 0xF444, 0xF444, 0xF444, 0xF444, 0xF444, 0xF444, 0xF444,
  0xF444, 0xF444, 0xF444, 0xF444, 0xF444, 0xF444, 0xF444, 0xF444,
  0xF444, 0xF444, 0xF444, 0xF444, 0xF444, 0xF444, 0xD223, 0x4000,
  0x0000, 0x0444, 0x0000, 0x0000, 0x0000, 0x0000, 0x0000, 0x0000,
  0x0000, 0x0000, 0x0000, 0x0000, 0x0000, 0x0000, 0x0000, 0x0000,
  0x0000, 0x0000, 0x0000, 0x0000, 0x0000, 0x0000, 0x0000, 0x0000,
  0x0000, 0x0000, 0x0000, 0x0000, 0x0000, 0x0000, 0x0000, 0x0000,
  0xE212, 0xF334, 0xF324, 0xF334, 0xF223, 0xF334, 0xF457, 0xF335,
  0xF8AA, 0xFACD, 0xFACD, 0xFBCD, 0xF9AB, 0xFAAA, 0xFDDD, 0xF334,
  0xF335, 0xF334, 0xF223, 0xF345, 0xF335, 0xF556, 0xFCCC, 0xF556,
  0xF124, 0xF889, 0xFFFF, 0xF778, 0xF346, 0xF457, 0xF345, 0xFDDD,
  0xFFFF, 0xFFFF, 0xFFFF, 0xF888, 0xF346, 0xF446, 0xF677, 0xF566,
  0x5000, 0x0222, 0x0000, 0x0000, 0x0000, 0x0000, 0x0000, 0x0000,
  0x0000, 0x0000, 0x0000, 0x0000, 0x0000, 0x0000, 0x0000, 0x0000,
  0x0000, 0x0000, 0x0000, 0x0000, 0x0000, 0x0000, 0x0000, 0x0000,
  0x0000, 0x0000, 0x0000, 0x0000, 0x0000, 0x0000, 0x0555, 0x0000,
  0x7111, 0xF344, 0xF444, 0xF444, 0xF444, 0xF444, 0xF444, 0xF444,
  0xF444, 0xF444, 0xF444, 0xF444, 0xF444, 0xF444, 0xF444, 0xF444,
  0xF444, 0xF444, 0xF444, 0xF444, 0xF444, 0xF444, 0xF444, 0xF333,
  0x5111, 0x0000, 0x0555, 0x0000, 0x0000, 0x0000, 0x0000, 0x0000,
  0x0000, 0x0000, 0x0000, 0x0000, 0x0000, 0x0000, 0x0000, 0x0000,
  0x0000, 0x0000, 0x0000, 0x0000, 0x0000, 0x0000, 0x0000, 0x0000,
  0x0000, 0x0000, 0x0000, 0x0000, 0x0000, 0x0000, 0x0000, 0x0000,
  0x6111, 0xF324, 0xF223, 0xF324, 0xF223, 0xF223, 0xF346, 0xF457,
  0xF346, 0xF556, 0xFBCD, 0xFACD, 0xFBDE, 0xF799, 0xFCCC, 0xFCCC,
  0xF224, 0xF234, 0xF223, 0xF345, 0xF666, 0xF345, 0xF778, 0xFFFF,
  0xF889, 0xF335, 0xF9A9, 0xF456, 0xF457, 0xF346, 0xF778, 0xFFFF,
  0xFFFF, 0xFFFF, 0xFFFF, 0xFFFF, 0xF667, 0xF346, 0xF346, 0xF346,
  0xF345, 0x3111, 0x0000, 0x0005, 0x0000, 0x0000, 0x0000, 0x0000,
  0x0000, 0x0000, 0x0000, 0x0000, 0x0000, 0x0000, 0x0000, 0x0000,
  0x0000, 0x0000, 0x0000, 0x0000, 0x0000, 0x0000, 0x0000, 0x0000,
  0x0000, 0x0000, 0x0000, 0x0000, 0x0000, 0x0000, 0x0000, 0x0555,
  0x0000, 0xB222, 0xF444, 0xF444, 0xF444, 0xF444, 0xF444, 0xF444,
  0xF444, 0xF444, 0xF444, 0xF444, 0xF444, 0xF444, 0xF444, 0xF444,
  0xF444, 0xF444, 0xF444, 0xF444, 0xF444, 0xF444, 0xF444, 0xF444,
  0xF333, 0x7111, 0x0000, 0x0555, 0x0000, 0x0000, 0x0000, 0x0000,
  0x0000, 0x0000, 0x0000, 0x0000, 0x0000, 0x0000, 0x0000, 0x0000,
  0x0000, 0x0000, 0x0000, 0x0000, 0x0000, 0x0000, 0x0000, 0x0000,
  0x0000, 0x0000, 0x0000, 0x0000, 0x0000, 0x0000, 0x0000, 0x0000,
  0x0000, 0xA112, 0xF224, 0xF223, 0xF223, 0xF223, 0xF223, 0xF345,
  0xF457, 0xF346, 0xF567, 0xFBDE, 0xFBCD, 0xFBDE, 0xF789, 0xFEEE,
  0xFCCC, 0xF334, 0xF334, 0xF335, 0xF445, 0xF445, 0xF335, 0xF777,
  0xF877, 0xF223, 0xF223, 0xF335, 0xF457, 0xF234, 0xFCCC, 0xFFFF,
  0xFFFF, 0xFFFF, 0xFFFF, 0xFFFF, 0xF999, 0xF567, 0xF346, 0xF557,
  0xF345, 0x3111, 0x0000, 0x0005, 0x0000, 0x0000, 0x0000, 0x0000,
  0x0000, 0x0000, 0x0000, 0x0000, 0x0000, 0x0000, 0x0000, 0x0000,
  0x0000, 0x0000, 0x0000, 0x0000, 0x0000, 0x0000, 0x0000, 0x0000,
  0x0000, 0x0000, 0x0000, 0x0000, 0x0000, 0x0000, 0x0000, 0x0000,
  0x0000, 0x2000, 0xE233, 0xF444, 0xF444, 0xF444, 0xF444, 0xF444,
  0xF444, 0xF444, 0xF444, 0xF444, 0xF444, 0xF444, 0xF444, 0xF444,
  0xF444, 0xF444, 0xF444, 0xF444, 0xF444, 0xF444, 0xF444, 0xF444,
  0xF444, 0xF334, 0x7111, 0x0000, 0x0000, 0x0000, 0x0000, 0x0000,
  0x0000, 0x0000, 0x0000, 0x0000, 0x0000, 0x0000, 0x0000, 0x0000,
  0x0000, 0x0000, 0x0000, 0x0000, 0x0000, 0x0000, 0x0000, 0x0000,
  0x0000, 0x0000, 0x0000, 0x0000, 0x0000, 0x0000, 0x0000, 0x0000,
  0x0000, 0x0000, 0x6111, 0xE112, 0xF223, 0xF223, 0xF212, 0xF222,
  0xF234, 0xF335, 0xF345, 0xF678, 0xFABC, 0xF9BC, 0xF9BC, 0xF677,
  0xFCCC, 0xFCCC, 0xF556, 0xF223, 0xF346, 0xF223, 0xF222, 0xF223,
  0xF346, 0xF456, 0xF456, 0xF567, 0xF567, 0xF557, 0xF99A, 0xFAAB,
  0xF999, 0xF889, 0xF889, 0xF888, 0xF9AB, 0xFBDE, 0xF678, 0xF346,
  0xE345, 0x2000, 0x0000, 0x0000, 0x0000, 0x0000, 0x0000, 0x0000,
  0x0000, 0x0000, 0x0000, 0x0000, 0x0000, 0x0000, 0x0000, 0x0000,
  0x0000, 0x0000, 0x0000, 0x0000, 0x0000, 0x0000, 0x0000, 0x0000,
  0x0000, 0x0000, 0x0000, 0x0000, 0x0000, 0x0000, 0x0000, 0x0000,
  0x0005, 0x0000, 0x6111, 0xF334, 0xF444, 0xF444, 0xF444, 0xF444,
  0xF444, 0xF444, 0xF444, 0xF444, 0xF444, 0xF444, 0xF444, 0xF444,
  0xF444, 0xF444, 0xF444, 0xF444, 0xF444, 0xF444, 0xF444, 0xF444,
  0xF444, 0xF444, 0xF334, 0x8111, 0x1000, 0x0000, 0x0000, 0x0000,
  0x0000, 0x0000, 0x0000, 0x0000, 0x0000, 0x0000, 0x0000, 0x0000,
  0x0000, 0x0000, 0x0000, 0x0000, 0x0000, 0x0000, 0x0000, 0x0000,
  0x0000, 0x0000, 0x0000, 0x0000, 0x0000, 0x0000, 0x0000, 0x0000,
  0x0000, 0x0000, 0x0000, 0xE222, 0xF335, 0xF334, 0xF335, 0xF335,
  0xF223, 0xF234, 0xF557, 0xF334, 0xF567, 0xF567, 0xF557, 0xF456,
  0xF456, 0xF567, 0xF567, 0xF567, 0xF679, 0xF78B, 0xF78A, 0xF79B,
  0xF89B, 0xF89B, 0xF89B, 0xF89B, 0xF89B, 0xF79B, 0xF78A, 0xF68A,
  0xF67A, 0xF67A, 0xF345, 0xF89A, 0xFBDE, 0xFACD, 0xFBDE, 0xF678,
  0xB223, 0x0000, 0x0555, 0x0000, 0x0000, 0x0000, 0x0000, 0x0000,
  0x0000, 0x0000, 0x0000, 0x0000, 0x0000, 0x0000, 0x0000, 0x0000,
  0x0000, 0x0000, 0x0000, 0x0000, 0x0000, 0x0000, 0x0000, 0x0000,
  0x0000, 0x0000, 0x0000, 0x0000, 0x0000, 0x0000, 0x0000, 0x0000,
  0x0000, 0x0555, 0x0000, 0xB222, 0xF444, 0xF444, 0xF444, 0xF444,
  0xF444, 0xF444, 0xF444, 0xF444, 0xF444, 0xF444, 0xF444, 0xF444,
  0xF444, 0xF444, 0xF444, 0xF444, 0xF444, 0xF444, 0xF444, 0xF444,
  0xF444, 0xF444, 0xF444, 0xF444, 0x9111, 0x0000, 0x0000, 0x0000,
  0x0000, 0x0000, 0x0000, 0x0000, 0x0000, 0x0000, 0x0000, 0x0000,
  0x0000, 0x0000, 0x0000, 0x0000, 0x0000, 0x0000, 0x0000, 0x0000,
  0x0000, 0x0000, 0x0000, 0x0000, 0x0000, 0x0000, 0x0000, 0x0000,
  0x0000, 0x0777, 0x1000, 0xC222, 0xF324, 0xF223, 0xF223, 0xF224,
  0xF324, 0xF334, 0xF457, 0xF446, 0xF79B, 0xF89B, 0xF89C, 0xF89B,
  0xF89C, 0xF89B, 0xF79B, 0xF89C, 0xF89B, 0xF79B, 0xF79B, 0xF79B,
  0xF79B, 0xF79B, 0xF79B, 0xF79B, 0xF79B, 0xF79B, 0xF79B, 0xF89B,
  0xF89B, 0xF567, 0xF9AB, 0xFBDE, 0xFACD, 0xFACD, 0xFBCE, 0xF9BC,
  0x5111, 0x0000, 0x0005, 0x0000, 0x0000, 0x0000, 0x0000, 0x0000,
  0x0000, 0x0000, 0x0000, 0x0000, 0x0000, 0x0000, 0x0000, 0x0000,
  0x0000, 0x0000, 0x0000, 0x0000, 0x0000, 0x0000, 0x0000, 0x0000,
  0x0000, 0x0000, 0x0000, 0x0000, 0x0000, 0x0000, 0x0000, 0x0000,
  0x0000, 0x0000, 0x0000, 0x4000, 0xF333, 0xF444, 0xF444, 0xF444,
  0xF444, 0xF444, 0xF444, 0xF444, 0xF444, 0xF444, 0xF444, 0xF444,
  0xF444, 0xF444, 0xF444, 0xF444, 0xF444, 0xF444, 0xF444, 0xF444,
  0xF444, 0xF444, 0xF444, 0xF333, 0x6000, 0x0000, 0x0000, 0x0000,
  0x0000, 0x0000, 0x0000, 0x0000, 0x0000, 0x0000, 0x0000, 0x0000,
  0x0000, 0x0000, 0x0000, 0x0000, 0x0000, 0x0000, 0x0000, 0x0000,
  0x0000, 0x0000, 0x0000, 0x0000, 0x0000, 0x0000, 0x0000, 0x0000,
  0x0000, 0x0000, 0x0000, 0x4101, 0xF223, 0xF112, 0xF223, 0xF112,
  0xF334, 0xF223, 0xF345, 0xF446, 0xF456, 0xF345, 0xF78B, 0xF79B,
  0xF79B, 0xF79B, 0xF79B, 0xF79B, 0xF79B, 0xF79B, 0xF79B, 0xF79B,
  0xF79B, 0xF79B, 0xF79B, 0xF79B, 0xF79B, 0xF79B, 0xF79B, 0xF79B,
  0xF567, 0xF9AB, 0xFBDE, 0xFACD, 0xFACD, 0xFACD, 0xFBDE, 0xD789,
  0x1000, 0x0FFF, 0x0000, 0x0000, 0x0000, 0x0000, 0x0000, 0x0000,
  0x0000, 0x0000, 0x0000, 0x0000, 0x0000, 0x0000, 0x0000, 0x0000,
  0x0000, 0x0000, 0x0000, 0x0000, 0x0000, 0x0000, 0x0000, 0x0000,
  0x0000, 0x0000, 0x0000, 0x0000, 0x0000, 0x0000, 0x0000, 0x0000,
  0x0000, 0x0000, 0x0777, 0x0000, 0xB222, 0xF444, 0xF444, 0xF444,
  0xF444, 0xF444, 0xF444, 0xF444, 0xF444, 0xF444, 0xF444, 0xF444,
  0xF444, 0xF444, 0xF444, 0xF444, 0xF444, 0xF444, 0xF444, 0xF444,
  0xF444, 0xF444, 0xF333, 0x5111, 0x0000, 0x0077, 0x0000, 0x0000,
  0x0000, 0x0000, 0x0000, 0x0000, 0x0000, 0x0000, 0x0000, 0x0000,
  0x0000, 0x0000, 0x0000, 0x0000, 0x0000, 0x0000, 0x0000, 0x0000,
  0x0000, 0x0000, 0x0000, 0x0000, 0x0000, 0x0000, 0x0000, 0x0000,
  0x0000, 0x0000, 0x0000, 0x0000, 0xA112, 0xF224, 0xF112, 0xF222,
  0xF223, 0xF324, 0xF223, 0xF456, 0xF457, 0xF446, 0xF445, 0xF79B,
  0xF79B, 0xF79B, 0xF79B, 0xF79B, 0xF79B, 0xF79B, 0xF79B, 0xF79B,
  0xF79B, 0xF79B, 0xF79B, 0xF79B, 0xF79B, 0xF89B, 0xF78B, 0xF456,
  0xF89A, 0xFBDE, 0xFACD, 0xFACD, 0xFACD, 0xFACD, 0xFBCD, 0x8445,
  0x0000, 0x0777, 0x0000, 0x0000, 0x0000, 0x0000, 0x0000, 0x0000,
  0x0000, 0x0000, 0x0000, 0x0000, 0x0000, 0x0000, 0x0000, 0x0000,
  0x0000, 0x0000, 0x0000, 0x0000, 0x0000, 0x0000, 0x0000, 0x0000,
  0x0000, 0x0000, 0x0000, 0x0000, 0x0000, 0x0000, 0x0000, 0x0000,
  0x0000, 0x0000, 0x0000, 0x0000, 0x5111, 0xF334, 0xF444, 0xF444,
  0xF444, 0xF444, 0xF444, 0xF444, 0xF444, 0xF444, 0xF444, 0xF444,
  0xF444, 0xF444, 0xF444, 0xF444, 0xF444, 0xF444, 0xF444, 0xF444,
  0xF444, 0xF334, 0x6111, 0x0000, 0x0555, 0x0000, 0x0000, 0x0000,
  0x0000, 0x0000, 0x0000, 0x0000, 0x0000, 0x0000, 0x0000, 0x0000,
  0x0000, 0x0000, 0x0000, 0x0000, 0x0000, 0x0000, 0x0000, 0x0000,
  0x0000, 0x0000, 0x0000, 0x0000, 0x0000, 0x0000, 0x0000, 0x0000,
  0x0000, 0x0000, 0x0000, 0x0000, 0x0000, 0x4111, 0xD112, 0xF334,
  0xF223, 0xF223, 0xF223, 0xF224, 0xF334, 0xF446, 0xF446, 0xF456,
  0xF79B, 0xF79B, 0xF79B, 0xF79B, 0xF79B, 0xF79B, 0xF79B, 0xF79B,
  0xF79B, 0xF79B, 0xF79B, 0xF79B, 0xF89C, 0xF679, 0xF889, 0xFBBB,
  0xF9AB, 0xFBCE, 0xFACD, 0xFACD, 0xFACD, 0xFBDE, 0xE89A, 0x2001,
  0x0FFF, 0x0000, 0x0000, 0x0000, 0x0000, 0x0000, 0x0000, 0x0000,
  0x0000, 0x0000, 0x0000, 0x0000, 0x0000, 0x0000, 0x0000, 0x0000,
  0x0000, 0x0000, 0x0000, 0x0000, 0x0000, 0x0000, 0x0000, 0x0000,
  0x0000, 0x0000, 0x0000, 0x0000, 0x0000, 0x0000, 0x0000, 0x0000,
  0x0000, 0x0000, 0x0000, 0x0000, 0x1000, 0xD223, 0xF444, 0xF444,
  0xF444, 0xF444, 0xF444, 0xF444, 0xF444, 0xF444, 0xF444, 0xF444,
  0xF444, 0xF444, 0xF444, 0xF444, 0xF444, 0xF444, 0xF444, 0xF444,
  0xF334, 0x7111, 0x0000, 0x0444, 0x0000, 0x0000, 0x0000, 0x0000,
  0x0000, 0x0000, 0x0000, 0x0000, 0x0000, 0x0000, 0x0000, 0x0000,
  0x0000, 0x0000, 0x0000, 0x0000, 0x0000, 0x0000, 0x0000, 0x0000,
  0x0000, 0x0000, 0x0000, 0x0000, 0x0000, 0x0000, 0x0000, 0x0000,
  0x0000, 0x0000, 0x0000, 0x0000, 0x0000, 0x0000, 0xE212, 0xF324,
  0xF223, 0xF223, 0xF334, 0xF324, 0xF212, 0xF334, 0xF446, 0xF456,
  0xF89C, 0xF78A, 0xF79B, 0xF79B, 0xF79B, 0xF79B, 0xF79B, 0xF79B,
  0xF79B, 0xF79B, 0xF79B, 0xF89B, 0xF579, 0xF889, 0xFFFF, 0xFFFF,
  0xF99A, 0xFACD, 0xFACD, 0xFACD, 0xFBCD, 0xFBDE, 0xA456, 0x0000,
  0x0AAF, 0x0000, 0x0000, 0x0000, 0x0000, 0x0000, 0x0000, 0x0000,
  0x0000, 0x0000, 0x0000, 0x0000, 0x0000, 0x0000, 0x0000, 0x0000,
  0x0000, 0x0000, 0x0000, 0x0000, 0x0000, 0x0000, 0x0000, 0x0000,
  0x0000, 0x0000, 0x0000, 0x0000, 0x0000, 0x0000, 0x0000, 0x0000,
  0x0000, 0x0000, 0x0000, 0x0444, 0x0000, 0x8112, 0xF444, 0xF444,
  0xF444, 0xF444, 0xF444, 0xF444, 0xF444, 0xF444, 0xF444, 0xF444,
  0xF444, 0xF444, 0xF444, 0xF444, 0xF444, 0xF444, 0xF444, 0xF334,
  0x7111, 0x0000, 0x0555, 0x0000, 0x0000, 0x0000, 0x0000, 0x0000,
  0x0000, 0x0000, 0x0000, 0x0000, 0x0000, 0x0000, 0x0000, 0x0000,
  0x0000, 0x0000, 0x0000, 0x0000, 0x0000, 0x0000, 0x0000, 0x0000,
  0x0000, 0x0000, 0x0000, 0x0000, 0x0000, 0x0000, 0x0000, 0x0000,
  0x0000, 0x0000, 0x0000, 0x0000, 0x0000, 0x0000, 0x5001, 0xF223,
  0xF222, 0xF223, 0xF334, 0xF112, 0xF223, 0xF234, 0xF446, 0xF456,
  0xF567, 0xF345, 0xF456, 0xF79B, 0xF79B, 0xF79B, 0xF79B, 0xF79B,
  0xF79B, 0xF79B, 0xF79B, 0xF568, 0xF9AA, 0xFFFF, 0xFFFF, 0xFFFF,
  0xF777, 0xFBCE, 0xFBCD, 0xFABC, 0xFABC, 0xE89A, 0x2000, 0x0000,
  0x0000, 0x0000, 0x0000, 0x0000, 0x0000, 0x0000, 0x0000, 0x0000,
  0x0000, 0x0000, 0x0000, 0x0000, 0x0000, 0x0000, 0x0000, 0x0000,
  0x0000, 0x0000, 0x0000, 0x0000, 0x0000, 0x0000, 0x0000, 0x0000,
  0x0000, 0x0000, 0x0000, 0x0000, 0x0000, 0x0000, 0x0000, 0x0000,
  0x0000, 0x0000, 0x0000, 0x0000, 0x0000, 0x3000, 0xF333, 0xF444,
  0xF444, 0xF444, 0xF444, 0xF444, 0xF444, 0xF444, 0xF444, 0xF444,
  0xF444, 0xF444, 0xF444, 0xF444, 0xF444, 0xF444, 0xF333, 0x6111,
  0x0000, 0x0555, 0x0000, 0x0000, 0x0000, 0x0000, 0x0000, 0x0000,
  0x0000, 0x0000, 0x0000, 0x0000, 0x0000, 0x0000, 0x0000, 0x0000,
  0x0000, 0x0000, 0x0000, 0x0000, 0x0000, 0x0000, 0x0000, 0x0000,
  0x0000, 0x0000, 0x0000, 0x0000, 0x0000, 0x0000, 0x0000, 0x0000,
  0x0000, 0x0000, 0x0000, 0x0000, 0x0000, 0x0000, 0x0000, 0x8112,
  0xE112, 0xE111, 0xF223, 0xF223, 0xF223, 0xF223, 0xF223, 0xF446,
  0xF346, 0xF456, 0xF345, 0xF446, 0xF78A, 0xF79B, 0xF79B, 0xF79B,
  0xF79B, 0xF79B, 0xF567, 0xFCCC, 0xFFFF, 0xFFFF, 0xFFFF, 0xFFFF,
  0xFCCC, 0xF789, 0xF78A, 0xF679, 0xF567, 0xA334, 0x0000, 0x05AA,
  0x0000, 0x0000, 0x0000, 0x0000, 0x0000, 0x0000, 0x0000, 0x0000,
  0x0000, 0x0000, 0x0000, 0x0000, 0x0000, 0x0000, 0x0000, 0x0000,
  0x0000, 0x0000, 0x0000, 0x0000, 0x0000, 0x0000, 0x0000, 0x0000,
  0x0000, 0x0000, 0x0000, 0x0000, 0x0000, 0x0000, 0x0000, 0x0000,
  0x0000, 0x0000, 0x0000, 0x0000, 0x0FFF, 0x0000, 0xC223, 0xF444,
  0xF444, 0xF444, 0xF444, 0xF444, 0xF444, 0xF444, 0xF444, 0xF444,
  0xF444, 0xF444, 0xF444, 0xF444, 0xF444, 0xE333, 0x4001, 0x0000,
  0x0555, 0x0000, 0x0000, 0x0000, 0x0000, 0x0000, 0x0000, 0x0000,
  0x0000, 0x0000, 0x0000, 0x0000, 0x0000, 0x0000, 0x0000, 0x0000,
  0x0000, 0x0000, 0x0000, 0x0000, 0x0000, 0x0000, 0x0000, 0x0000,
  0x0000, 0x0000, 0x0000, 0x0000, 0x0000, 0x0000, 0x0000, 0x0000,
  0x0000, 0x0000, 0x0000, 0x0000, 0x0000, 0x0000, 0x0000, 0x0000,
  0x1000, 0x9111, 0xF324, 0xF324, 0xF223, 0xF212, 0xF212, 0xF224,
  0xF334, 0xF223, 0xF457, 0xF345, 0xF78A, 0xF89B, 0xF79B, 0xF89B,
  0xF78B, 0xF567, 0xFCCC, 0xFFFF, 0xFFFF, 0xFFFF, 0xFFFF, 0xFFFF,
  0xFDDE, 0xF679, 0xF78A, 0xF79B, 0xF8AC, 0x7345, 0x0000, 0x05AA,
  0x0000, 0x0000, 0x0000, 0x0000, 0x0000, 0x0000, 0x0000, 0x0000,
  0x0000, 0x0000, 0x0000, 0x0000, 0x0000, 0x0000, 0x0000, 0x0000,
  0x0000, 0x0000, 0x0000, 0x0000, 0x0000, 0x0000, 0x0000, 0x0000,
  0x0000, 0x0000, 0x0000, 0x0000, 0x0000, 0x0000, 0x0000, 0x0000,
  0x0000, 0x0000, 0x0000, 0x0000, 0x0444, 0x0000, 0x9222, 0xF444,
  0xF444, 0xF444, 0xF444, 0xF444, 0xF444, 0xF444, 0xF444, 0xF444,
  0xF444, 0xF444, 0xF444, 0xF444, 0xC222, 0x3000, 0x0000, 0x0005,
  0x0000, 0x0000, 0x0000, 0x0000, 0x0000, 0x0000, 0x0000, 0x0000,
  0x0000, 0x0000, 0x0000, 0x0000, 0x0000, 0x0000, 0x0000, 0x0000,
  0x0000, 0x0000, 0x0000, 0x0000, 0x0000, 0x0000, 0x0000, 0x0000,
  0x0000, 0x0000, 0x0000, 0x0000, 0x0000, 0x0000, 0x0000, 0x0000,
  0x0000, 0x0000, 0x0000, 0x0000, 0x0000, 0x0000, 0x0000, 0x0004,
  0x0000, 0x3111, 0xD212, 0xF223, 0xF223, 0xF223, 0xF334, 0xF324,
  0xF223, 0xF223, 0xF446, 0xF345, 0xF456, 0xF78A, 0xF89C, 0xF78A,
  0xF778, 0xFDDD, 0xFFFF, 0xFFFF, 0xFFFF, 0xFFFF, 0xFFFF, 0xFFFF,
  0xFCCC, 0xF679, 0xF89B, 0xF79B, 0xF78A, 0x4345, 0x0000, 0x0555,
  0x0000, 0x0000, 0x0000, 0x0000, 0x0000, 0x0000, 0x0000, 0x0000,
  0x0000, 0x0000, 0x0000, 0x0000, 0x0000, 0x0000, 0x0000, 0x0000,
  0x0000, 0x0000, 0x0000, 0x0000, 0x0000, 0x0000, 0x0000, 0x0000,
  0x0000, 0x0000, 0x0000, 0x0000, 0x0000, 0x0000, 0x0000, 0x0000,
  0x0000, 0x0000, 0x0000, 0x0000, 0x0000, 0x0000, 0x5111, 0xF334,
  0xF444, 0xF444, 0xF444, 0xF444, 0xF444, 0xF444, 0xF444, 0xF444,
  0xF444, 0xF444, 0xF444, 0xA222, 0x1000, 0x0000, 0x0000, 0x0000,
  0x0000, 0x0000, 0x0000, 0x0000, 0x0000, 0x0000, 0x0000, 0x0000,
  0x0000, 0x0000, 0x0000, 0x0000, 0x0000, 0x0000, 0x0000, 0x0000,
  0x0000, 0x0000, 0x0000, 0x0000, 0x0000, 0x0000, 0x0000, 0x0000,
  0x0000, 0x0000, 0x0000, 0x0000, 0x0000, 0x0000, 0x0000, 0x0000,
  0x0000, 0x0000, 0x0000, 0x0000, 0x0000, 0x0000, 0x0000, 0x0000,
  0x0000, 0x0000, 0x2000, 0xB111, 0xF223, 0xF112, 0xF223, 0xF223,
  0xF223, 0xF324, 0xF223, 0xF446, 0xF446, 0xF345, 0xF567, 0xF345,
  0xF778, 0xF789, 0xF889, 0xF999, 0xF888, 0xFCCC, 0xFEEE, 0xFFFF,
  0xFDDD, 0xF578, 0xF89B, 0xF89B, 0xF678, 0x3000, 0x0000, 0x0000,
  0x0000, 0x0000, 0x0000, 0x0000, 0x0000, 0x0000, 0x0000, 0x0000,
  0x0000, 0x0000, 0x0000, 0x0000, 0x0000, 0x0000, 0x0000, 0x0000,
  0x0000, 0x0000, 0x0000, 0x0000, 0x0000, 0x0000, 0x0000, 0x0000,
  0x0000, 0x0000, 0x0000, 0x0000, 0x0000, 0x0000, 0x0000, 0x0000,
  0x0000, 0x0000, 0x0000, 0x0000, 0x0000, 0x0000, 0x2000, 0xF333,
  0xF444, 0xF444, 0xF444, 0xF444, 0xF444, 0xF444, 0xF444, 0xF444,
  0xF444, 0xF333, 0x7111, 0x0000, 0x0000, 0x0000, 0x0000, 0x0000,
  0x0000, 0x0000, 0x0000, 0x0000, 0x0000, 0x0000, 0x0000, 0x0000,
  0x0000, 0x0000, 0x0000, 0x0000, 0x0000, 0x0000, 0x0000, 0x0000,
  0x0000, 0x0000, 0x0000, 0x0000, 0x0000, 0x0000, 0x0000, 0x0000,
  0x0000, 0x0000, 0x0000, 0x0000, 0x0000, 0x0000, 0x0000, 0x0000,
  0x0000, 0x0000, 0x0000, 0x0000, 0x0000, 0x0000, 0x0000, 0x0000,
  0x0000, 0x0000, 0x0000, 0x0000, 0x5111, 0xC112, 0xF223, 0xF223,
  0xF223, 0xF223, 0xF223, 0xF222, 0xF334, 0xF446, 0xF446, 0xF457,
  0xF457, 0xF446, 0xF346, 0xF335, 0xF335, 0xF446, 0xF345, 0xF788,
  0xF666, 0xF567, 0xF89B, 0xF8AC, 0xD578, 0x1000, 0x0000, 0x0000,
  0x0000, 0x0000, 0x0000, 0x0000, 0x0000, 0x0000, 0x0000, 0x0000,
  0x0000, 0x0000, 0x0000, 0x0000, 0x0000, 0x0000, 0x0000, 0x0000,
  0x0000, 0x0000, 0x0000, 0x0000, 0x0000, 0x0000, 0x0000, 0x0000,
  0x0000, 0x0000, 0x0000, 0x0000, 0x0000, 0x0000, 0x0000, 0x0000,
  0x0000, 0x0000, 0x0000, 0x0000, 0x0000, 0x0000, 0x1000, 0xD233,
  0xF444, 0xF444, 0xF444, 0xF444, 0xF444, 0xF444, 0xF444, 0xF334,
  0xB222, 0x3000, 0x0000, 0x0FFF, 0x0000, 0x0000, 0x0000, 0x0000,
  0x0000, 0x0000, 0x0000, 0x0000, 0x0000, 0x0000, 0x0000, 0x0000,
  0x0000, 0x0000, 0x0000, 0x0000, 0x0000, 0x0000, 0x0000, 0x0000,
  0x0000, 0x0000, 0x0000, 0x0000, 0x0000, 0x0000, 0x0000, 0x0000,
  0x0000, 0x0000, 0x0000, 0x0000, 0x0000, 0x0000, 0x0000, 0x0000,
  0x0000, 0x0000, 0x0000, 0x0000, 0x0000, 0x0000, 0x0000, 0x0000,
  0x0000, 0x0000, 0x0000, 0x000F, 0x0000, 0x0000, 0x6112, 0xB112,
  0xF223, 0xF223, 0xF223, 0xF223, 0xF112, 0xF223, 0xF334, 0xF334,
  0xF334, 0xF446, 0xF457, 0xF457, 0xF457, 0xF457, 0xF457, 0xF346,
  0xF345, 0xF345, 0xF446, 0xF679, 0xA345, 0x0000, 0x05AA, 0x0000,
  0x0000, 0x0000, 0x0000, 0x0000, 0x0000, 0x0000, 0x0000, 0x0000,
  0x0000, 0x0000, 0x0000, 0x0000, 0x0000, 0x0000, 0x0000, 0x0000,
  0x0000, 0x0000, 0x0000, 0x0000, 0x0000, 0x0000, 0x0000, 0x0000,
  0x0000, 0x0000, 0x0000, 0x0000, 0x0000, 0x0000, 0x0000, 0x0000,
  0x0000, 0x0000, 0x0000, 0x0000, 0x0000, 0x0FFF, 0x0000, 0xB222,
  0xF444, 0xF444, 0xF444, 0xF444, 0xF444, 0xF333, 0xB222, 0x5111,
  0x0000, 0x0000, 0x0077, 0x0000, 0x0000, 0x0000, 0x0000, 0x0000,
  0x0000, 0x0000, 0x0000, 0x0000, 0x0000, 0x0000, 0x0000, 0x0000,
  0x0000, 0x0000, 0x0000, 0x0000, 0x0000, 0x0000, 0x0000, 0x0000,
  0x0000, 0x0000, 0x0000, 0x0000, 0x0000, 0x0000, 0x0000, 0x0000,
  0x0000, 0x0000, 0x0000, 0x0000, 0x0000, 0x0000, 0x0000, 0x0000,
  0x0000, 0x0000, 0x0000, 0x0000, 0x0000, 0x0000, 0x0000, 0x0000,
  0x0000, 0x0000, 0x0000, 0x0000, 0x0000, 0x0000, 0x0000, 0x0000,
  0xB223, 0xF335, 0xF334, 0xF334, 0xF335, 0xF334, 0xF223, 0xF324,
  0xF223, 0xF335, 0xF457, 0xF456, 0xF457, 0xF457, 0xF457, 0xF457,
  0xF457, 0xF457, 0xF446, 0xF346, 0x8112, 0x0000, 0x0555, 0x0000,
  0x0000, 0x0000, 0x0000, 0x0000, 0x0000, 0x0000, 0x0000, 0x0000,
  0x0000, 0x0000, 0x0000, 0x0000, 0x0000, 0x0000, 0x0000, 0x0000,
  0x0000, 0x0000, 0x0000, 0x0000, 0x0000, 0x0000, 0x0000, 0x0000,
  0x0000, 0x0000, 0x0000, 0x0000, 0x0000, 0x0000, 0x0000, 0x0000,
  0x0000, 0x0000, 0x0000, 0x0000, 0x0000, 0x0555, 0x0000, 0xA222,
  0xF444, 0xF444, 0xF444, 0xF333, 0xA222, 0x4000, 0x0000, 0x0000,
  0x0000, 0x0000, 0x0000, 0x0000, 0x0000, 0x0000, 0x0000, 0x0000,
  0x0000, 0x0000, 0x0000, 0x0000, 0x0000, 0x0000, 0x0000, 0x0000,
  0x0000, 0x0000, 0x0000, 0x0000, 0x0000, 0x0000, 0x0000, 0x0000,
  0x0000, 0x0000, 0x0000, 0x0000, 0x0000, 0x0000, 0x0000, 0x0000,
  0x0000, 0x0000, 0x0000, 0x0000, 0x0000, 0x0000, 0x0000, 0x0000,
  0x0000, 0x0000, 0x0000, 0x0000, 0x0000, 0x0000, 0x0000, 0x0000,
  0x0000, 0x0000, 0x0000, 0x0000, 0x0000, 0x0000, 0x1202, 0x0000,
  0x9111, 0xF335, 0xF224, 0xF112, 0xF223, 0xF334, 0xF224, 0xF223,
  0xF223, 0xF334, 0xF457, 0xF457, 0xF456, 0xF457, 0xF457, 0xF457,
  0xF457, 0xF456, 0xF457, 0xF457, 0x5223, 0x0000, 0x0555, 0x0000,
  0x0000, 0x0000, 0x0000, 0x0000, 0x0000, 0x0000, 0x0000, 0x0000,
  0x0000, 0x0000, 0x0000, 0x0000, 0x0000, 0x0000, 0x0000, 0x0000,
  0x0000, 0x0000, 0x0000, 0x0000, 0x0000, 0x0000, 0x0000, 0x0000,
  0x0000, 0x0000, 0x0000, 0x0000, 0x0000, 0x0000, 0x0000, 0x0000,
  0x0000, 0x0000, 0x0000, 0x0000, 0x0000, 0x0777, 0x0000, 0xB222,
  0xF444, 0xE333, 0x9222, 0x3000, 0x0000, 0x0000, 0x0FFF, 0x0000,
  0x0000, 0x0000, 0x0000, 0x0000, 0x0000, 0x0000, 0x0000, 0x0000,
  0x0000, 0x0000, 0x0000, 0x0000, 0x0000, 0x0000, 0x0000, 0x0000,
  0x0000, 0x0000, 0x0000, 0x0000, 0x0000, 0x0000, 0x0000, 0x0000,
  0x0000, 0x0000, 0x0000, 0x0000, 0x0000, 0x0000, 0x0000, 0x0000,
  0x0000, 0x0000, 0x0000, 0x0000, 0x0000, 0x0000, 0x0000, 0x0000,
  0x0000, 0x0000, 0x0000, 0x0000, 0x0000, 0x0000, 0x0000, 0x0000,
  0x0000, 0x0000, 0x0000, 0x0000, 0x0000, 0x0000, 0x0000, 0x0000,
  0x3001, 0xD223, 0xF335, 0xF223, 0xF112, 0xF324, 0xF223, 0xF212,
  0xF324, 0xF224, 0xF334, 0xF457, 0xF457, 0xF457, 0xF457, 0xF457,
  0xF457, 0xF457, 0xF457, 0xE345, 0x2000, 0x0000, 0x0000, 0x0000,
  0x0000, 0x0000, 0x0000, 0x0000, 0x0000, 0x0000, 0x0000, 0x0000,
  0x0000, 0x0000, 0x0000, 0x0000, 0x0000, 0x0000, 0x0000, 0x0000,
  0x0000, 0x0000, 0x0000, 0x0000, 0x0000, 0x0000, 0x0000, 0x0000,
  0x0000, 0x0000, 0x0000, 0x0000, 0x0000, 0x0000, 0x0000, 0x0000,
  0x0000, 0x0000, 0x0000, 0x0000, 0x0000, 0x0000, 0x0000, 0x8111,
  0x7111, 0x1000, 0x0000, 0x0000, 0x0777, 0x0000, 0x0000, 0x0000,
  0x0000, 0x0000, 0x0000, 0x0000, 0x0000, 0x0000, 0x0000, 0x0000,
  0x0000, 0x0000, 0x0000, 0x0000, 0x0000, 0x0000, 0x0000, 0x0000,
  0x0000, 0x0000, 0x0000, 0x0000, 0x0000, 0x0000, 0x0000, 0x0000,
  0x0000, 0x0000, 0x0000, 0x0000, 0x0000, 0x0000, 0x0000, 0x0000,
  0x0000, 0x0000, 0x0000, 0x0000, 0x0000, 0x0000, 0x0000, 0x0000,
  0x0000, 0x0000, 0x0000, 0x0000, 0x0000, 0x0000, 0x0000, 0x0000,
  0x0000, 0x0000, 0x0000, 0x0000, 0x0000, 0x0000, 0x0000, 0x0000,
  0x0000, 0x2000, 0xC223, 0xF324, 0xF212, 0xF223, 0xF224, 0xF223,
  0xF223, 0xF223, 0xF223, 0xF223, 0xF334, 0xF234, 0xF446, 0xF457,
  0xF457, 0xF457, 0xF457, 0xB223, 0x0000, 0x0555, 0x0000, 0x0000,
  0x0000, 0x0000, 0x0000, 0x0000, 0x0000, 0x0000, 0x0000, 0x0000,
  0x0000, 0x0000, 0x0000, 0x0000, 0x0000, 0x0000, 0x0000, 0x0000,
  0x0000, 0x0000, 0x0000, 0x0000, 0x0000, 0x0000, 0x0000, 0x0000,
  0x0000, 0x0000, 0x0000, 0x0000, 0x0000, 0x0000, 0x0000, 0x0000,
  0x0000, 0x0000, 0x0000, 0x0000, 0x0000, 0x0000, 0x0000, 0x0000,
  0x0000, 0x0000, 0x0000, 0x0000, 0x0000, 0x0000, 0x0000, 0x0000,
  0x0000, 0x0000, 0x0000, 0x0000, 0x0000, 0x0000, 0x0000, 0x0000,
  0x0000, 0x0000, 0x0000, 0x0000, 0x0000, 0x0000, 0x0000, 0x0000,
  0x0000, 0x0000, 0x0000, 0x0000, 0x0000, 0x0000, 0x0000, 0x0000,
  0x0000, 0x0000, 0x0000, 0x0000, 0x0000, 0x0000, 0x0000, 0x0000,
  0x0000, 0x0000, 0x0000, 0x0000, 0x0000, 0x0000, 0x0000, 0x0000,
  0x0000, 0x0000, 0x0000, 0x0000, 0x0000, 0x0000, 0x0000, 0x0000,
  0x0000, 0x0000, 0x0000, 0x0000, 0x0000, 0x0000, 0x0000, 0x0000,
  0x0000, 0x0000, 0x1000, 0xB112, 0xF324, 0xF223, 0xF223, 0xF334,
  0xF334, 0xF223, 0xF223, 0xF223, 0xF324, 0xF223, 0xF457, 0xF457,
  0xF457, 0xF457, 0xF446, 0x5112, 0x0000, 0x0000, 0x0000, 0x0000,
  0x0000, 0x0000, 0x0000, 0x0000, 0x0000, 0x0000, 0x0000, 0x0000,
  0x0000, 0x0000, 0x0000, 0x0000, 0x0000, 0x0000, 0x0000, 0x0000,
  0x0000, 0x0000, 0x0000, 0x0000, 0x0000, 0x0000, 0x0000, 0x0000,
  0x0000, 0x0000, 0x0000, 0x0000, 0x0000, 0x0000, 0x0000, 0x0000,
  0x0000, 0x0000, 0x0000, 0x0000, 0x0000, 0x0000, 0x0000, 0x0000,
  0x0000, 0x0000, 0x0000, 0x0000, 0x0000, 0x0000, 0x0000, 0x0000,
  0x0000, 0x0000, 0x0000, 0x0000, 0x0000, 0x0000, 0x0000, 0x0000,
  0x0000, 0x0000, 0x0000, 0x0000, 0x0000, 0x0000, 0x0000, 0x0000,
  0x0000, 0x0000, 0x0000, 0x0000, 0x0000, 0x0000, 0x0000, 0x0000,
  0x0000, 0x0000, 0x0000, 0x0000, 0x0000, 0x0000, 0x0000, 0x0000,
  0x0000, 0x0000, 0x0000, 0x0000, 0x0000, 0x0000, 0x0000, 0x0000,
  0x0000, 0x0000, 0x0000, 0x0000, 0x0000, 0x0000, 0x0000, 0x0000,
  0x0000, 0x0000, 0x0000, 0x0000, 0x0000, 0x0000, 0x0000, 0x0000,
  0x0000, 0x0000, 0x0000, 0x0000, 0x5101, 0x4112, 0xD223, 0xF334,
  0xF334, 0xF334, 0xF224, 0xF224, 0xF223, 0xF223, 0xF334, 0xF457,
  0xF457, 0xF457, 0xE334, 0x1000, 0x0FFF, 0x0000, 0x0000, 0x0000,
  0x0000, 0x0000, 0x0000, 0x0000, 0x0000, 0x0000, 0x0000, 0x0000,
  0x0000, 0x0000, 0x0000, 0x0000, 0x0000, 0x0000, 0x0000, 0x0000,
  0x0000, 0x0000, 0x0000, 0x0000, 0x0000, 0x0000, 0x0000, 0x0000,
  0x0000, 0x0000, 0x0000, 0x0000, 0x0000, 0x0000, 0x0000, 0x0000,
  0x0000, 0x0000, 0x0000, 0x0000, 0x0000, 0x0000, 0x0000, 0x0000,
  0x0000, 0x0000, 0x0000, 0x0000, 0x0000, 0x0000, 0x0000, 0x0000,
  0x0000, 0x0000, 0x0000, 0x0000, 0x0000, 0x0000, 0x0000, 0x0000,
  0x0000, 0x0000, 0x0000, 0x0000, 0x0000, 0x0000, 0x0000, 0x0000,
  0x0000, 0x0000, 0x0000, 0x0000, 0x0000, 0x0000, 0x0000, 0x0000,
  0x0000, 0x0000, 0x0000, 0x0000, 0x0000, 0x0000, 0x0000, 0x0000,
  0x0000, 0x0000, 0x0000, 0x0000, 0x0000, 0x0000, 0x0000, 0x0000,
  0x0000, 0x0000, 0x0000, 0x0000, 0x0000, 0x0000, 0x0000, 0x0000,
  0x0000, 0x0000, 0x0000, 0x0000, 0x0000, 0x0000, 0x0000, 0x0000,
  0x0000, 0x0000, 0x0000, 0x0F0F, 0x0000, 0x0000, 0xB001, 0xF112,
  0xF224, 0xF112, 0xF112, 0xF223, 0xF112, 0xF334, 0xF223, 0xF234,
  0xF457, 0xF446, 0x6112, 0x0000, 0x0555, 0x0000, 0x0000, 0x0000,
  0x0000, 0x0000, 0x0000, 0x0000, 0x0000, 0x0000, 0x0000, 0x0000,
  0x0000, 0x0000, 0x0000, 0x0000, 0x0000, 0x0000, 0x0000, 0x0000,
  0x0000, 0x0000, 0x0000, 0x0000, 0x0000, 0x0000, 0x0000, 0x0000,
  0x0000, 0x0000, 0x0000, 0x0000, 0x0000, 0x0000, 0x0000, 0x0000,
  0x0000, 0x0000, 0x0000, 0x0000, 0x0000, 0x0000, 0x0000, 0x0000,
  0x0000, 0x0000, 0x0000, 0x0000, 0x0000, 0x0000, 0x0000, 0x0000,
  0x0000, 0x0000, 0x0000, 0x0000, 0x0000, 0x0000, 0x0000, 0x0000,
  0x0000, 0x0000, 0x0000, 0x0000, 0x0000, 0x0000, 0x0000, 0x0000,
  0x0000, 0x0000, 0x0000, 0x0000, 0x0000, 0x0000, 0x0000, 0x0000,
  0x0000, 0x0000, 0x0000, 0x0000, 0x0000, 0x0000, 0x0000, 0x0000,
  0x0000, 0x0000, 0x0000, 0x0000, 0x0000, 0x0000, 0x0000, 0x0000,
  0x0000, 0x0000, 0x0000, 0x0000, 0x0000, 0x0000, 0x0000, 0x0000,
  0x0000, 0x0000, 0x0000, 0x0000, 0x0000, 0x0000, 0x0000, 0x0000,
  0x0000, 0x0000, 0x0000, 0x0000, 0x0000, 0x0000, 0x0000, 0x6112,
  0xC222, 0xF223, 0xF223, 0xF223, 0xF223, 0xF334, 0xF335, 0xF224,
  0xF334, 0x8223, 0x0000, 0x0555, 0x0000, 0x0000, 0x0000, 0x0000,
  0x0000, 0x0000, 0x0000, 0x0000, 0x0000, 0x0000, 0x0000, 0x0000,
  0x0000, 0x0000, 0x0000, 0x0000, 0x0000, 0x0000, 0x0000, 0x0000,
  0x0000, 0x0000, 0x0000, 0x0000, 0x0000, 0x0000, 0x0000, 0x0000,
  0x0000, 0x0000, 0x0000, 0x0000, 0x0000, 0x0000, 0x0000, 0x0000,
  0x0000, 0x0000, 0x0000, 0x0000, 0x0000, 0x0000, 0x0000, 0x0000,
  0x0000, 0x0000, 0x0000, 0x0000, 0x0000, 0x0000, 0x0000, 0x0000,
  0x0000, 0x0000, 0x0000, 0x0000, 0x0000, 0x0000, 0x0000, 0x0000,
  0x0000, 0x0000, 0x0000, 0x0000, 0x0000, 0x0000, 0x0000, 0x0000,
  0x0000, 0x0000, 0x0000, 0x0000, 0x0000, 0x0000, 0x0000, 0x0000,
  0x0000, 0x0000, 0x0000, 0x0000, 0x0000, 0x0000, 0x0000, 0x0000,
  0x0000, 0x0000, 0x0000, 0x0000, 0x0000, 0x0000, 0x0000, 0x0000,
  0x0000, 0x0000, 0x0000, 0x0000, 0x0000, 0x0000, 0x0000, 0x0000,
  0x0000, 0x0000, 0x0000, 0x0000, 0x0000, 0x0000, 0x0000, 0x0000,
  0x0000, 0x0000, 0x0000, 0x0000, 0x0000, 0x0000, 0x0000, 0x0000,
  0x0000, 0x4101, 0x9223, 0xE223, 0xF223, 0xF223, 0xF223, 0xE212,
  0x7001, 0x0000, 0x0005, 0x0000, 0x0000, 0x0000, 0x0000, 0x0000,
  0x0000, 0x0000, 0x0000, 0x0000, 0x0000, 0x0000, 0x0000, 0x0000,
  0x0000, 0x0000, 0x0000, 0x0000, 0x0000, 0x0000, 0x0000, 0x0000,
  0x0000, 0x0000, 0x0000, 0x0000, 0x0000, 0x0000, 0x0000, 0x0000,
  0x0000, 0x0000, 0x0000, 0x0000, 0x0000, 0x0000, 0x0000, 0x0000,
  0x0000, 0x0000, 0x0000, 0x0000, 0x0000, 0x0000, 0x0000, 0x0000,
  0x0000, 0x0000, 0x0000, 0x0000, 0x0000, 0x0000, 0x0000, 0x0000,
  0x0000, 0x0000, 0x0000, 0x0000, 0x0000, 0x0000, 0x0000, 0x0000,
  0x0000, 0x0000, 0x0000, 0x0000, 0x0000, 0x0000, 0x0000, 0x0000,
  0x0000, 0x0000, 0x0000, 0x0000, 0x0000, 0x0000, 0x0000, 0x0000,
  0x0000, 0x0000, 0x0000, 0x0000, 0x0000, 0x0000, 0x0000, 0x0000,
  0x0000, 0x0000, 0x0000, 0x0000, 0x0000, 0x0000, 0x0000, 0x0000,
  0x0000, 0x0000, 0x0000, 0x0000, 0x0000, 0x0000, 0x0000, 0x0000,
  0x0000, 0x0000, 0x0000, 0x0000, 0x0000, 0x0000, 0x0000, 0x0000,
  0x0000, 0x0000, 0x0000, 0x0FFF, 0x0000, 0x0000, 0x1000, 0x7222,
  0x8777, 0xABBB, 0xCAAA, 0xD999, 0xD999, 0xC999, 0xBBBB, 0x7CCC,
  0x6444, 0x6222, 0x1000, 0x0000, 0x0000, 0x0000, 0x0BBB, 0x0777,
  0x0000, 0x0000, 0x0000, 0x0000, 0x0000, 0x0000, 0x0000, 0x0000,
  0x0000, 0x0000, 0x0000, 0x0000, 0x0000, 0x0000, 0x0000, 0x0000,
  0x0000, 0x0000, 0x0000, 0x0000, 0x0000, 0x0000, 0x0000, 0x0000,
  0x0000, 0x0000, 0x0000, 0x0000, 0x0000, 0x0000, 0x0000, 0x0000,
  0x0000, 0x0FFF, 0x0000, 0x0000, 0x0000, 0x1EFE, 0x3FFF, 0x7433,
  0x4222, 0x0000, 0x0000, 0x0000, 0x0000, 0x0777, 0x0000, 0x0000,
  0x0000, 0x0000, 0x0000, 0x0000, 0x0000, 0x0000, 0x0000, 0x0000,
  0x0000, 0x0000, 0x0000, 0x0000, 0x0444, 0x0000, 0x0000, 0x0000,
  0x2000, 0x8555, 0xD988, 0xF877, 0xF876, 0xB865, 0x2000, 0x0000,
  0x0000, 0x0000, 0x0000, 0x0000, 0x0000, 0x0000, 0x0000, 0x0000,
  0x0000, 0x0000, 0x0000, 0x0000, 0x0000, 0x0000, 0x0000, 0x0000,
  0x0000, 0x0000, 0x0000, 0x0000, 0x0000, 0x0000, 0x0000, 0x0000,
  0x0000, 0x0000, 0x0000, 0x0000, 0x0000, 0x0000, 0x0000, 0x0000,
  0x0000, 0x0777, 0x0000, 0x0000, 0x4111, 0xA888, 0xECCC, 0xFEEE,
  0xFFFF, 0xFFFF, 0xFFFF, 0xFFFF, 0xFFFF, 0xFFFF, 0xFFFF, 0xFFFF,
  0xFFFF, 0xFEEE, 0xEBBB, 0xBAAA, 0x7666, 0x1000, 0x0000, 0x0000,
  0x0FFF, 0x0FFF, 0x0000, 0x0000, 0x0000, 0x0000, 0x0000, 0x0000,
  0x0000, 0x0000, 0x0000, 0x0000, 0x0000, 0x0000, 0x0000, 0x0000,
  0x0000, 0x0000, 0x0000, 0x0000, 0x0000, 0x0000, 0x0000, 0x0000,
  0x0000, 0x0000, 0x0000, 0x0000, 0x0000, 0x0000, 0x0000, 0x0FF7,
  0x0FFF, 0x0000, 0x0DDD, 0x6FEE, 0xBFEE, 0xEFFE, 0xFFED, 0xFEED,
  0xFDCC, 0xD998, 0x8877, 0x4222, 0x0000, 0x0000, 0x0000, 0x0FFF,
  0x0555, 0x0000, 0x0000, 0x0000, 0x0000, 0x0000, 0x0777, 0x0444,
  0x0333, 0x0BBB, 0x0000, 0x0000, 0x0000, 0x0000, 0x3111, 0x9776,
  0xEBAA, 0xFEDD, 0xFFED, 0xFFED, 0xFFED, 0xFC99, 0xA755, 0x0000,
  0x0FFF, 0x0000, 0x0000, 0x0000, 0x0000, 0x0000, 0x0000, 0x0000,
  0x0000, 0x0000, 0x0000, 0x0000, 0x0000, 0x0000, 0x0000, 0x0000,
  0x0000, 0x0000, 0x0000, 0x0000, 0x0000, 0x0000, 0x0000, 0x0000,
  0x0000, 0x0000, 0x0000, 0x0000, 0x0000, 0x0000, 0x0000, 0x0000,
  0x0000, 0x0000, 0x2000, 0xA777, 0xFCCC, 0xFFFF, 0xFFFF, 0xFFFF,
  0xFFFF, 0xFDDD, 0xFDDD, 0xFDDD, 0xFBBB, 0xFAAA, 0xFBBB, 0xFDDD,
  0xFEEE, 0xFEEE, 0xFFFF, 0xFFFF, 0xFFFF, 0xEBBB, 0x9888, 0x2CCC,
  0x0000, 0x0000, 0x0FFF, 0x0000, 0x0000, 0x0000, 0x0000, 0x0000,
  0x0000, 0x0000, 0x0000, 0x0000, 0x0000, 0x0000, 0x0000, 0x0000,
  0x0000, 0x0000, 0x0000, 0x0000, 0x0000, 0x0000, 0x0000, 0x0000,
  0x0000, 0x0000, 0x0000, 0x0000, 0x0000, 0x0000, 0x0FAA, 0x0000,
  0x0000, 0x6FFE, 0xDFEE, 0xFFFE, 0xFFFE, 0xFFEE, 0xFFEE, 0xFFEE,
  0xFFFE, 0xFFFF, 0xFFEE, 0xFDDC, 0xD999, 0x8666, 0x2000, 0x0000,
  0x0000, 0x0000, 0x0000, 0x0000, 0x0000, 0x0000, 0x0000, 0x0000,
  0x0000, 0x0000, 0x0000, 0x2000, 0x7333, 0xC987, 0xFCBB, 0xFFED,
  0xFFEE, 0xFFED, 0xFFDD, 0xFFDC, 0xFFED, 0xFDCB, 0xB544, 0x0000,
  0x0FFF, 0x0000, 0x0000, 0x0000, 0x0000, 0x0000, 0x0000, 0x0000,
  0x0000, 0x0000, 0x0000, 0x0000, 0x0000, 0x0000, 0x0000, 0x0000,
  0x0000, 0x0000, 0x0000, 0x0000, 0x0000, 0x0000, 0x0000, 0x0000,
  0x0000, 0x0000, 0x0000, 0x0000, 0x0000, 0x0000, 0x0555, 0x0000,
  0x0000, 0x7666, 0xEBBB, 0xFFFF, 0xFFFF, 0xFFFF, 0xFEEE, 0xFCCC,
  0xF99A, 0xF999, 0xF9AA, 0xFCCD, 0xFCCC, 0xFBBC, 0xFBBC, 0xFBCC,
  0xF9AA, 0xF999, 0xFBCC, 0xFBBB, 0xFFFF, 0xFFFF, 0xFFFF, 0xFBBB,
  0x8FFF, 0x1FFF, 0x0000, 0x0FFF, 0x0777, 0x0000, 0x0000, 0x0000,
  0x0000, 0x0000, 0x0000, 0x0000, 0x0000, 0x0000, 0x0000, 0x0000,
  0x0000, 0x0000, 0x0000, 0x0000, 0x0000, 0x0000, 0x0000, 0x0000,
  0x0000, 0x0000, 0x0000, 0x0000, 0x0000, 0x0FFF, 0x0000, 0x2FED,
  0xBFEE, 0xFFFE, 0xFFFE, 0xFFED, 0xFFED, 0xFFED, 0xFFED, 0xFFED,
  0xFFED, 0xFFED, 0xFFEE, 0xFFFE, 0xFFFE, 0xFFEE, 0xFCBB, 0xB888,
  0x5222, 0x0000, 0x0000, 0x0000, 0x0000, 0x1000, 0x3322, 0x6111,
  0x7333, 0x7A99, 0xC988, 0xEBAA, 0xFEDD, 0xFFFE, 0xFFED, 0xFFED,
  0xFFDD, 0xFFDD, 0xFFDD, 0xFFDD, 0xFFED, 0xFECB, 0x5000, 0x0000,
  0x0400, 0x0000, 0x0000, 0x0000, 0x0000, 0x0000, 0x0000, 0x0000,
  0x0000, 0x0000, 0x0000, 0x0000, 0x0000, 0x0000, 0x0000, 0x0000,
  0x0000, 0x0000, 0x0000, 0x0000, 0x0000, 0x0000, 0x0000, 0x0000,
  0x0000, 0x0000, 0x0000, 0x0000, 0x0000, 0x0777, 0x0000, 0x2000,
  0xC888, 0xFFFF, 0xFFFF, 0xFFFF, 0xFEEE, 0xFAAA, 0xF999, 0xFAAA,
  0xFCCC, 0xFDDE, 0xFDDE, 0xFCCD, 0xFCCD, 0xFCCC, 0xFCCC, 0xFCDD,
  0xFDDE, 0xFDDE, 0xFCCD, 0xFCCC, 0xFEEE, 0xFEEE, 0xFEEE, 0xFCCC,
  0xFFFF, 0xDFFF, 0x5FFF, 0x0000, 0x0000, 0x0777, 0x0000, 0x0000,
  0x0000, 0x0000, 0x0000, 0x0000, 0x0000, 0x0000, 0x0000, 0x0000,
  0x0000, 0x0000, 0x0000, 0x0000, 0x0000, 0x0000, 0x0000, 0x0000,
  0x0000, 0x0000, 0x0000, 0x0000, 0x0FFA, 0x0000, 0x3FED, 0xDFFE,
  0xFFFE, 0xFFED, 0xFFED, 0xFFED, 0xFFED, 0xFFED, 0xFFED, 0xFFED,
  0xFFED, 0xFFED, 0xFFED, 0xFFED, 0xFFED, 0xFFEE, 0xFFFE, 0xFFFE,
  0xFEDC, 0xD988, 0xC888, 0xE887, 0xE988, 0xECBB, 0xFEDC, 0xFEDC,
  0xFEDD, 0xFFEE, 0xFFFE, 0xFFEE, 0xFFED, 0xFFDD, 0xFFDD, 0xFFED,
  0xFFDD, 0xFFDD, 0xFFDD, 0xFFDC, 0xFFEE, 0xEA99, 0x1111, 0x0000,
  0x0000, 0x0000, 0x0000, 0x0000, 0x0000, 0x0000, 0x0000, 0x0000,
  0x0000, 0x0000, 0x0000, 0x0000, 0x0000, 0x0000, 0x0000, 0x0000,
  0x0000, 0x0000, 0x0000, 0x0000, 0x0000, 0x0000, 0x0000, 0x0000,
  0x0000, 0x0000, 0x0000, 0x0000, 0x0777, 0x0000, 0x3000, 0xDAAA,
  0xFFFF, 0xFFFF, 0xFEEE, 0xFAAA, 0xF999, 0xFBBB, 0xFDDD, 0xFDDE,
  0xFDDD, 0xFCCC, 0xFCCC, 0xFCCC, 0xFCCC, 0xFCCC, 0xFCCD, 0xFDDD,
  0xFCDD, 0xFCDD, 0xFDDD, 0xFDDD, 0xFCDD, 0xFCCD, 0xF777, 0xF777,
  0xFEFF, 0xFFFF, 0xFFFF, 0xBFFF, 0x2BCC, 0x0000, 0x0FFF, 0x0000,
  0x0000, 0x0000, 0x0000, 0x0000, 0x0000, 0x0000, 0x0000, 0x0000,
  0x0000, 0x0000, 0x0000, 0x0000, 0x0000, 0x0000, 0x0000, 0x0000,
  0x0000, 0x0000, 0x0000, 0x0FFF, 0x0000, 0x2FED, 0xEFEE, 0xFFFE,
  0xFFED, 0xFFED, 0xFFED, 0xFFED, 0xFFED, 0xFFED, 0xFFED, 0xFFED,
  0xFFED, 0xFFED, 0xFFED, 0xFFED, 0xFFED, 0xFFED, 0xFFED, 0xFFED,
  0xFFFE, 0xFFFE, 0xFFFE, 0xFFFE, 0xFFFE, 0xFFFE, 0xFFEE, 0xFFEE,
  0xFFEE, 0xFFED, 0xFFED, 0xFFED, 0xFFED, 0xFFED, 0xFFED, 0xFFED,
  0xFFDD, 0xFFDD, 0xFFDD, 0xFFEE, 0xFBA9, 0x5222, 0x0000, 0x0777,
  0x0000, 0x0000, 0x0000, 0x0000, 0x0000, 0x0000, 0x0000, 0x0000,
  0x0000, 0x0000, 0x0000, 0x0000, 0x0000, 0x0000, 0x0000, 0x0000,
  0x0000, 0x0000, 0x0000, 0x0000, 0x0000, 0x0000, 0x0000, 0x0000,
  0x0000, 0x0000, 0x0000, 0x0BBB, 0x0000, 0x5333, 0xEBBB, 0xFFFF,
  0xFFFF, 0xFCCC, 0xF999, 0xFABB, 0xFDDE, 0xFDDE, 0xFDDD, 0xFCCD,
  0xFCCC, 0xFCCC, 0xFCCC, 0xFCCC, 0xFCCC, 0xFCCC, 0xFCDD, 0xFDDD,
  0xFDDD, 0xFDDD, 0xFDDD, 0xFCDD, 0xFDDD, 0xFCCD, 0xFAAB, 0xFBBB,
  0xF888, 0xFCCC, 0xFFFF, 0xFFFF, 0xFDDE, 0x5DDD, 0x0000, 0x0FFF,
  0x0000, 0x0000, 0x0000, 0x0000, 0x0000, 0x0000, 0x0000, 0x0000,
  0x0000, 0x0000, 0x0000, 0x0000, 0x0000, 0x0000, 0x0000, 0x0000,
  0x0000, 0x0000, 0x0FFF, 0x0FFF, 0x1DDC, 0xDFEE, 0xFFFE, 0xFFED,
  0xFFED, 0xFFED, 0xFFED, 0xFFED, 0xFFED, 0xFFED, 0xFFED, 0xFFED,
  0xFFED, 0xFFED, 0xFFED, 0xFFED, 0xFFED, 0xFFED, 0xFFED, 0xFFED,
  0xFFED, 0xFFED, 0xFFED, 0xFFED, 0xFFED, 0xFFED, 0xFFED, 0xFFED,
  0xFFED, 0xFFED, 0xFFED, 0xFFED, 0xFFED, 0xFFED, 0xFFED, 0xFFED,
  0xFFDD, 0xFFED, 0xFFED, 0xEB99, 0x4111, 0x0000, 0x0777, 0x0000,
  0x0000, 0x0000, 0x0000, 0x0000, 0x0000, 0x0000, 0x0000, 0x0000,
  0x0000, 0x0000, 0x0000, 0x0000, 0x0000, 0x0000, 0x0000, 0x0000,
  0x0000, 0x0000, 0x0000, 0x0000, 0x0000, 0x0000, 0x0000, 0x0000,
  0x0000, 0x0000, 0x0999, 0x0000, 0x6333, 0xFCCC, 0xFFFF, 0xFFFF,
  0xFAAA, 0xF999, 0xFCDD, 0xFDDE, 0xFDDD, 0xFCDD, 0xFCCC, 0xFCCC,
  0xFCCC, 0xFCCC, 0xFCCC, 0xFCCC, 0xFCCC, 0xFCCD, 0xFDDD, 0xFDDD,
  0xFDDD, 0xFDDD, 0xFDDD, 0xFDDD, 0xFDDD, 0xFDDD, 0xFDDE, 0xFDDE,
  0xFCDD, 0xF888, 0xFAAB, 0xEEEE, 0xBDDD, 0x2CCD, 0x0FFF, 0x0FFF,
  0x0000, 0x0000, 0x0000, 0x0000, 0x0000, 0x0000, 0x0000, 0x0000,
  0x0000, 0x0000, 0x0000, 0x0000, 0x0000, 0x0000, 0x0000, 0x0000,
  0x0000, 0x0FF0, 0x0FFF, 0x0000, 0xAFED, 0xFFFE, 0xFFED, 0xFFED,
  0xFFED, 0xFFED, 0xFFED, 0xFFED, 0xFFED, 0xFFED, 0xFFED, 0xFFED,
  0xFFED, 0xFFED, 0xFFED, 0xFFED, 0xFFED, 0xFFED, 0xFFED, 0xFFED,
  0xFFED, 0xFFED, 0xFFED, 0xFFED, 0xFFED, 0xFFED, 0xFFED, 0xFFED,
  0xFFED, 0xFFED, 0xFFED, 0xFFED, 0xFFED, 0xFFED, 0xFFDD, 0xFFED,
  0xFFEE, 0xFEDC, 0xB776, 0x2000, 0x0000, 0x0A55, 0x0000, 0x0000,
  0x0000, 0x0000, 0x0000, 0x0000, 0x0000, 0x0000, 0x0000, 0x0000,
  0x0000, 0x0000, 0x0000, 0x0000, 0x0000, 0x0000, 0x0000, 0x0000,
  0x0000, 0x0000, 0x0000, 0x0000, 0x0000, 0x0000, 0x0000, 0x0000,
  0x0000, 0x0999, 0x0000, 0x6333, 0xFCCC, 0xFFFF, 0xFEEE, 0xF999,
  0xFAAB, 0xFDDE, 0xFDDD, 0xFCDD, 0xFCCD, 0xFCCC, 0xFCCC, 0xFCCC,
  0xFCCC, 0xFCCC, 0xFCCC, 0xFCCC, 0xFCCC, 0xFDDD, 0xFDDD, 0xFDDD,
  0xFDDD, 0xFDDD, 0xFDDD, 0xFDDD, 0xFDDD, 0xFDDD, 0xFCDD, 0xFCDD,
  0xFDDD, 0xFDDD, 0xFAAA, 0xA777, 0x0000, 0x0000, 0x0000, 0x0000,
  0x0000, 0x0000, 0x0000, 0x0000, 0x0000, 0x0000, 0x0000, 0x0000,
  0x0000, 0x0000, 0x0000, 0x0000, 0x0000, 0x0000, 0x0000, 0x0000,
  0x0000, 0x0FFA, 0x0000, 0x7FED, 0xFFFF, 0xFFED, 0xFFED, 0xFFED,
  0xFFED, 0xFFED, 0xFFED, 0xFFED, 0xFFED, 0xFFED, 0xFFED, 0xFFED,
  0xFFED, 0xFFED, 0xFFED, 0xFFED, 0xFFED, 0xFFED, 0xFFED, 0xFFED,
  0xFFED, 0xFFED, 0xFFED, 0xFFED, 0xFFED, 0xFFED, 0xFFED, 0xFFED,
  0xFFED, 0xFFED, 0xFFED, 0xFFED, 0xFFED, 0xFFED, 0xFFFE, 0xFFED,
  0xEBA9, 0x7555, 0x0000, 0x0000, 0x0555, 0x0000, 0x0000, 0x0000,
  0x0000, 0x0000, 0x0000, 0x0000, 0x0000, 0x0000, 0x0000, 0x0000,
  0x0000, 0x0000, 0x0000, 0x0000, 0x0000, 0x0000, 0x0000, 0x0000,
  0x0000, 0x0000, 0x0000, 0x0000, 0x0000, 0x0000, 0x0000, 0x0000,
  0x0777, 0x0000, 0x6333, 0xFCCC, 0xFFFF, 0xFDDD, 0xF888, 0xFCCC,
  0xFDDE, 0xFCDD, 0xFDDD, 0xFCCD, 0xFCCC, 0xFCCC, 0xFCCC, 0xFCCC,
  0xFCCC, 0xFCCC, 0xFCCC, 0xFCCC, 0xFCDD, 0xFDDD, 0xFDDD, 0xFDDD,
  0xFDDD, 0xFDDD, 0xFDDD, 0xFDDD, 0xFDDD, 0xFDDD, 0xFDDD, 0xFDDD,
  0xFCDD, 0xFCDD, 0xFEEF, 0xFAAB, 0x7111, 0x0000, 0x0000, 0x0000,
  0x0000, 0x0000, 0x0000, 0x0000, 0x0000, 0x0000, 0x0000, 0x0000,
  0x0000, 0x0000, 0x0000, 0x0000, 0x0000, 0x0000, 0x0000, 0x0000,
  0x0FFF, 0x0000, 0x3FEE, 0xEFFE, 0xFFEE, 0xFFED, 0xFFED, 0xFFED,
  0xFFED, 0xFFED, 0xFFED, 0xFFED, 0xFFED, 0xFFED, 0xFFED, 0xFFED,
  0xFFED, 0xFFED, 0xFFED, 0xFFED, 0xFFED, 0xFFED, 0xFFEE, 0xFFEE,
  0xFFEE, 0xFFEE, 0xFFEE, 0xFFED, 0xFFED, 0xFFED, 0xFFED, 0xFFED,
  0xFFED, 0xFFED, 0xFFFE, 0xFFFE, 0xFFED, 0xFDCC, 0xDA98, 0x8555,
  0x2000, 0x0000, 0x0000, 0x0000, 0x0000, 0x0000, 0x0000, 0x0000,
  0x0000, 0x0000, 0x0000, 0x0000, 0x0000, 0x0000, 0x0000, 0x0000,
  0x0000, 0x0000, 0x0000, 0x0000, 0x0000, 0x0000, 0x0000, 0x0000,
  0x0000, 0x0000, 0x0000, 0x0000, 0x0000, 0x0000, 0x0000, 0x0444,
  0x0000, 0x5111, 0xFBBB, 0xFFFF, 0xFDDD, 0xF888, 0xFCDD, 0xFDDE,
  0xFCDD, 0xFDDD, 0xFCCD, 0xFCCC, 0xFCCC, 0xFCCC, 0xFCCC, 0xFCCC,
  0xFCCC, 0xFCCC, 0xFCCC, 0xFCCD, 0xFDDD, 0xFDDD, 0xFDDD, 0xFDDD,
  0xFDDD, 0xFDDD, 0xFDDD, 0xFDDD, 0xFDDD, 0xFDDD, 0xFDDD, 0xFDDD,
  0xFDDD, 0xFDDD, 0xFAAB, 0xF99A, 0xF99A, 0xA666, 0x1000, 0x0000,
  0x0000, 0x0000, 0x0000, 0x0000, 0x0000, 0x0000, 0x0000, 0x0000,
  0x0000, 0x0000, 0x0000, 0x0000, 0x0000, 0x0000, 0x0000, 0x0000,
  0x0AAA, 0x0000, 0xBFED, 0xFFFE, 0xFFED, 0xFFED, 0xFFED, 0xFFED,
  0xFFED, 0xFFED, 0xFFED, 0xFFED, 0xFFED, 0xFFED, 0xFFED, 0xFFED,
  0xFFED, 0xFFED, 0xFFED, 0xFFED, 0xFFED, 0xFFEE, 0xFEED, 0xFEED,
  0xFFED, 0xFFEE, 0xFFEE, 0xFFFE, 0xFFFE, 0xFFFE, 0xFFFE, 0xFFED,
  0xFFED, 0xFEDC, 0xFA99, 0xCBA9, 0x9655, 0x4333, 0x1000, 0x0000,
  0x0000, 0x0777, 0x0000, 0x0000, 0x0000, 0x0000, 0x0000, 0x0000,
  0x0000, 0x0000, 0x0000, 0x0000, 0x0000, 0x0000, 0x0000, 0x0000,
  0x0000, 0x0000, 0x0000, 0x0000, 0x0000, 0x0000, 0x0000, 0x0000,
  0x0000, 0x0000, 0x0000, 0x0000, 0x0000, 0x0000, 0x0555, 0x0000,
  0x3000, 0xE999, 0xFFFF, 0xFDDD, 0xF888, 0xFDDD, 0xFDDD, 0xFCDD,
  0xFDDD, 0xFCCD, 0xFCCC, 0xFCCC, 0xFCCC, 0xFCCC, 0xFCCC, 0xFCCC,
  0xFCCC, 0xFCCC, 0xFCCC, 0xFCDD, 0xFDDD, 0xFDDD, 0xFDDD, 0xFDDD,
  0xFDDD, 0xFDDD, 0xFDDD, 0xFDDD, 0xFDDD, 0xFDDD, 0xFDDD, 0xFCDD,
  0xFDDE, 0xF99A, 0xF888, 0xFDDE, 0xFDEE, 0xFDDE, 0xC777, 0x1000,
  0x0000, 0x0555, 0x0000, 0x0000, 0x0000, 0x0000, 0x0000, 0x0000,
  0x0000, 0x0000, 0x0000, 0x0000, 0x0000, 0x0000, 0x0000, 0x0FFF,
  0x0000, 0x4CCB, 0xFFFE, 0xFFED, 0xFFED, 0xFFED, 0xFFED, 0xFFED,
  0xFFED, 0xFFED, 0xFFED, 0xFFED, 0xFFED, 0xFFED, 0xFFED, 0xFFED,
  0xFFED, 0xFFED, 0xFFED, 0xFFED, 0xFFED, 0xFFED, 0xF998, 0xF756,
  0xC444, 0x9655, 0x9777, 0x9998, 0xABAA, 0xABAA, 0x9A99, 0x9555,
  0x8333, 0x3555, 0x2000, 0x0000, 0x0000, 0x0000, 0x0000, 0x0777,
  0x0000, 0x0000, 0x0000, 0x0000, 0x0000, 0x0000, 0x0000, 0x0000,
  0x0000, 0x0000, 0x0000, 0x0000, 0x0000, 0x0000, 0x0000, 0x0000,
  0x0000, 0x0000, 0x0000, 0x0000, 0x0000, 0x0000, 0x0000, 0x0000,
  0x0000, 0x0000, 0x0000, 0x0000, 0x0000, 0x0000, 0x0000, 0x2000,
  0xD888, 0xFFFF, 0xFDDD, 0xF888, 0xFDDD, 0xFDDD, 0xFCDD, 0xFDDD,
  0xFCCC, 0xFCCC, 0xFCCC, 0xFCCC, 0xFCCC, 0xFCCC, 0xFCCC, 0xFCCC,
  0xFCCC, 0xFCCC, 0xFCCD, 0xFDDD, 0xFDDD, 0xFDDD, 0xFDDD, 0xFDDD,
  0xFDDD, 0xFDDD, 0xFDDD, 0xFDDD, 0xFDDD, 0xFDDD, 0xFDDD, 0xFDDD,
  0xFDDD, 0xFCDD, 0xF899, 0xFAAB, 0xFDDE, 0xFDDD, 0xFDEE, 0xD777,
  0x2000, 0x0000, 0x0555, 0x0000, 0x0000, 0x0000, 0x0000, 0x0000,
  0x0000, 0x0000, 0x0000, 0x0000, 0x0000, 0x0000, 0x0000, 0x0FFF,
  0x1000, 0xEA99, 0xFFFE, 0xFFED, 0xFFED, 0xFFED, 0xFFED, 0xFFED,
  0xFFED, 0xFFED, 0xFFED, 0xFFED, 0xFFED, 0xFFED, 0xFFED, 0xFFED,
  0xFFED, 0xFFED, 0xFFED, 0xFFED, 0xFFED, 0xFFEE, 0xFEDD, 0xFB99,
  0x6645, 0x0000, 0x0000, 0x0000, 0x0000, 0x0000, 0x0000, 0x0000,
  0x0000, 0x0000, 0x0000, 0x0000, 0x0666, 0x0555, 0x0000, 0x0000,
  0x0000, 0x0000, 0x0000, 0x0000, 0x0000, 0x0000, 0x0000, 0x0000,
  0x0000, 0x0000, 0x0000, 0x0000, 0x0000, 0x0000, 0x0000, 0x0000,
  0x0000, 0x0000, 0x0000, 0x0000, 0x0000, 0x0000, 0x0000, 0x0000,
  0x0000, 0x0000, 0x0000, 0x0000, 0x0000, 0x0000, 0x1000, 0xC888,
  0xFFFF, 0xFEEE, 0xF888, 0xFCCC, 0xFDDE, 0xFCDD, 0xFDDD, 0xFCCD,
  0xFCCC, 0xFCCC, 0xFCCC, 0xFCCC, 0xFCCC, 0xFCCC, 0xFCCC, 0xFCCC,
  0xFCCC, 0xFCCD, 0xFDDD, 0xFDDD, 0xFDDD, 0xFDDD, 0xFDDD, 0xFDDD,
  0xFDDD, 0xFDDD, 0xFDDD, 0xFDDD, 0xFDDD, 0xFDDD, 0xFDDD, 0xFDDD,
  0xFCDD, 0xFDDD, 0xFDDD, 0xF999, 0xF999, 0xFCDD, 0xFDDE, 0xFDEE,
  0xD788, 0x2000, 0x0000, 0x0505, 0x0000, 0x0000, 0x0000, 0x0000,
  0x0000, 0x0000, 0x0000, 0x0000, 0x0000, 0x0000, 0x0B77, 0x0000,
  0x7444, 0xFEED, 0xFFEE, 0xFFED, 0xFFED, 0xFFED, 0xFFED, 0xFFED,
  0xFFED, 0xFFED, 0xFFED, 0xFFED, 0xFFED, 0xFFED, 0xFFED, 0xFFED,
  0xFFED, 0xFFED, 0xFFED, 0xFFED, 0xFFED, 0xFFEE, 0xFFED, 0xFC9A,
  0x7645, 0x0666, 0x0997, 0x0999, 0x0FFF, 0x0FFF, 0x0C99, 0x0666,
  0x0777, 0x0777, 0x0000, 0x0000, 0x0000, 0x0000, 0x0000, 0x0000,
  0x0000, 0x0000, 0x0000, 0x0000, 0x0000, 0x0000, 0x0000, 0x0000,
  0x0000, 0x0000, 0x0000, 0x0000, 0x0000, 0x0000, 0x0000, 0x0000,
  0x0000, 0x0000, 0x0000, 0x0000, 0x0000, 0x0000, 0x0000, 0x0000,
  0x0000, 0x0000, 0x0000, 0x0000, 0x0FFF, 0x0000, 0xB888, 0xFFFF,
  0xFFFF, 0xF999, 0xFAAB, 0xFDDD, 0xFCDD, 0xFDDD, 0xFCCD, 0xFCCC,
  0xFCCC, 0xFCCC, 0xFCCC, 0xFCCC, 0xFCCC, 0xFCCC, 0xFCCC, 0xFCCC,
  0xFCCC, 0xFDDD, 0xFDDD, 0xFDDD, 0xFDDD, 0xFDDD, 0xFDDD, 0xFDDD,
  0xFDDD, 0xFDDD, 0xFDDD, 0xFDDD, 0xFDDD, 0xFDDD, 0xFDDD, 0xFDDD,
  0xFDDD, 0xFCDD, 0xFCDD, 0xFDDE, 0xFABB, 0xF888, 0xFBBC, 0xFDDE,
  0xFDEE, 0xD888, 0x2000, 0x0000, 0x0000, 0x0000, 0x0000, 0x0000,
  0x0000, 0x0000, 0x0000, 0x0000, 0x0000, 0x0000, 0x0FFF, 0x2000,
  0xEAA9, 0xFFFE, 0xFFED, 0xFFED, 0xFFED, 0xFFED, 0xFFED, 0xFFED,
  0xFFED, 0xFFED, 0xFFED, 0xFFED, 0xFFED, 0xFFED, 0xFFED, 0xFFED,
  0xFFED, 0xFFED, 0xFFED, 0xFFED, 0xFFED, 0xFFED, 0xFFFE, 0xFCAA,
  0xA433, 0x0000, 0x0AAA, 0x0000, 0x0000, 0x0000, 0x0000, 0x0000,
  0x0000, 0x0000, 0x0000, 0x0000, 0x0000, 0x0000, 0x0000, 0x0000,
  0x0000, 0x0000, 0x0000, 0x0000, 0x0000, 0x0000, 0x0000, 0x0000,
  0x0000, 0x0000, 0x0000, 0x0000, 0x0000, 0x0000, 0x0000, 0x0000,
  0x0000, 0x0000, 0x0000, 0x0000, 0x0000, 0x0000, 0x0000, 0x0000,
  0x0000, 0x0000, 0x0000, 0x0999, 0x0000, 0x8777, 0xFFFF, 0xFFFF,
  0xFAAA, 0xF99A, 0xFCCD, 0xFCDD, 0xFDDD, 0xFCDD, 0xFCCC, 0xFCCC,
  0xFCCC, 0xFCCC, 0xFCCC, 0xFCCC, 0xFCCC, 0xFCCC, 0xFCCC, 0xFCCC,
  0xFDDD, 0xFDDD, 0xFDDD, 0xFDDD, 0xFDDD, 0xFDDD, 0xFDDD, 0xFDDD,
  0xFDDD, 0xFDDD, 0xFDDD, 0xFDDD, 0xFDDD, 0xFDDD, 0xFDDD, 0xFDDD,
  0xFCDD, 0xFCDD, 0xFDDD, 0xFDDD, 0xFDEE, 0xFCDD, 0xF899, 0xF9AA,
  0xFCCD, 0xFDDD, 0xD767, 0x2000, 0x0000, 0x0000, 0x0000, 0x0000,
  0x0000, 0x0000, 0x0000, 0x0000, 0x0000, 0x0000, 0x0000, 0x8544,
  0xFFEE, 0xFFEE, 0xFFED, 0xFFED, 0xFFED, 0xFFED, 0xFFED, 0xFFED,
  0xFFED, 0xFFED, 0xFFED, 0xFFED, 0xFFED, 0xFFED, 0xFFED, 0xFFED,
  0xFFED, 0xFFED, 0xFFED, 0xFFED, 0xFFED, 0xFFED, 0xFFFE, 0xFECC,
  0xC645, 0x0FFF, 0x0AAA, 0x0000, 0x0000, 0x0000, 0x0000, 0x0000,
  0x0000, 0x0000, 0x0000, 0x0000, 0x0000, 0x0000, 0x0000, 0x0000,
  0x0000, 0x0000, 0x0000, 0x0000, 0x0000, 0x0000, 0x0000, 0x0000,
  0x0000, 0x0000, 0x0000, 0x0000, 0x0000, 0x0000, 0x0000, 0x0000,
  0x0000, 0x0000, 0x0000, 0x0000, 0x0000, 0x0000, 0x0000, 0x0000,
  0x0000, 0x0000, 0x0555, 0x0000, 0x6333, 0xFDDD, 0xFFFF, 0xFCBB,
  0xF999, 0xFCCD, 0xFCCD, 0xFDDD, 0xFDDD, 0xFCCC, 0xFCCC, 0xFCCC,
  0xFCCC, 0xFCCC, 0xFCCC, 0xFCCC, 0xFCCC, 0xFCCD, 0xFCCD, 0xFCDD,
  0xFDDD, 0xFDDD, 0xFDDD, 0xFDDD, 0xFDDD, 0xFDDD, 0xFDDD, 0xFDDD,
  0xFDDD, 0xFDDD, 0xFDDD, 0xFDDD, 0xFDDD, 0xFDDD, 0xFCDD, 0xFDDD,
  0xFDDE, 0xFDDE, 0xFCCD, 0xFCCD, 0xFBBC, 0xFBAB, 0xFAAA, 0xF767,
  0xF545, 0xF979, 0xF989, 0xD545, 0x1000, 0x0FAA, 0x0000, 0x0000,
  0x0000, 0x0000, 0x0000, 0x0000, 0x0000, 0x0000, 0x1000, 0xEAA9,
  0xFFFE, 0xFFED, 0xFFED, 0xFFED, 0xFFED, 0xFFED, 0xFFED, 0xFFED,
  0xFFED, 0xFFED, 0xFFED, 0xFFED, 0xFFED, 0xFFED, 0xFFED, 0xFFED,
  0xFFED, 0xFFED, 0xFFED, 0xFFED, 0xFFED, 0xFFED, 0xFFED, 0xFFFE,
  0xF988, 0x2000, 0x0000, 0x0222, 0x0000, 0x0000, 0x0000, 0x0000,
  0x0000, 0x0000, 0x0000, 0x0000, 0x0000, 0x0000, 0x0000, 0x0000,
  0x0000, 0x0000, 0x0000, 0x0000, 0x0000, 0x0000, 0x0000, 0x0000,
  0x0000, 0x0000, 0x0000, 0x0000, 0x0000, 0x0000, 0x0000, 0x0000,
  0x0000, 0x0000, 0x0000, 0x0000, 0x0000, 0x0000, 0x0000, 0x0000,
  0x0000, 0x0000, 0x0000, 0x3000, 0xFAAA, 0xFFFF, 0xFDDD, 0xF888,
  0xFCCC, 0xFCBC, 0xFCCD, 0xFDDD, 0xFCCD, 0xFCCC, 0xFCCC, 0xFCCC,
  0xFCCC, 0xFCCD, 0xFCCD, 0xFCDD, 0xFDDD, 0xFDDD, 0xFDDD, 0xFDDD,
  0xFCDD, 0xFCDD, 0xFCDD, 0xFCDD, 0xFCDD, 0xFDDD, 0xFDDD, 0xFDDD,
  0xFDDD, 0xFDDD, 0xFDDD, 0xFDDD, 0xFCDD, 0xFDDD, 0xFDDE, 0xFCDD,
  0xFBBB, 0xFA9A, 0xF989, 0xF978, 0xF978, 0xF878, 0xF878, 0xF989,
  0xF767, 0xF545, 0xF978, 0xF989, 0xB434, 0x0000, 0x0000, 0x0000,
  0x0000, 0x0000, 0x0000, 0x0000, 0x0000, 0x0000, 0x6211, 0xFEDC,
  0xFFFE, 0xFFED, 0xFFED, 0xFFED, 0xFFED, 0xFFED, 0xFFED, 0xFFED,
  0xFFED, 0xFFED, 0xFFED, 0xFFED, 0xFFED, 0xFFED, 0xFFED, 0xFFED,
  0xFFED, 0xFFED, 0xFFED, 0xFFED, 0xFFED, 0xFFED, 0xFFED, 0xFFEE,
  0xFEDD, 0xB776, 0x1000, 0x0000, 0x0FFF, 0x0000, 0x0000, 0x0000,
  0x0000, 0x0000, 0x0000, 0x0000, 0x0000, 0x0000, 0x0000, 0x0000,
  0x0000, 0x0000, 0x0000, 0x0000, 0x0000, 0x0000, 0x0000, 0x0000,
  0x0000, 0x0000, 0x0000, 0x0000, 0x0000, 0x0000, 0x0000, 0x0000,
  0x0000, 0x0000, 0x0000, 0x0000, 0x0000, 0x0000, 0x0000, 0x0000,
  0x0000, 0x0FFF, 0x1000, 0xC777, 0xFFFF, 0xFFFF, 0xF889, 0xFBBC,
  0xFCCD, 0xFCCD, 0xFCDD, 0xFCDD, 0xFCCD, 0xFCCD, 0xFCCD, 0xFCDD,
  0xFDDD, 0xFDDD, 0xFDDD, 0xFDDD, 0xFCDD, 0xFCDD, 0xFCCD, 0xFCCD,
  0xFCCC, 0xFCCC, 0xFCCC, 0xFCCC, 0xFCCC, 0xFCCD, 0xFDDD, 0xFDDD,
  0xFDDD, 0xFDDD, 0xFDDD, 0xFCDD, 0xFDDD, 0xFDDD, 0xFBBB, 0xF989,
  0xF978, 0xF978, 0xF978, 0xF978, 0xF978, 0xF978, 0xF978, 0xF978,
  0xF989, 0xF767, 0xF545, 0xF878, 0xF878, 0xA222, 0x1000, 0x0000,
  0x0000, 0x0000, 0x0000, 0x0000, 0x0000, 0x0000, 0x8766, 0xFFED,
  0xFFEE, 0xFFED, 0xFFED, 0xFFED, 0xFFED, 0xFFED, 0xFFED, 0xFFED,
  0xFFED, 0xFFED, 0xFFED, 0xFFED, 0xFFED, 0xFFED, 0xFFED, 0xFFED,
  0xFFED, 0xFFED, 0xFFED, 0xFFED, 0xFFED, 0xFFED, 0xFFED, 0xFFED,
  0xFFEE, 0xFFFE, 0xDA99, 0x5333, 0x0000, 0x0000, 0x0FFF, 0x0000,
  0x0000, 0x0000, 0x0000, 0x0000, 0x0000, 0x0000, 0x0000, 0x0000,
  0x0000, 0x0000, 0x0000, 0x0000, 0x0000, 0x0000, 0x0000, 0x0000,
  0x0000, 0x0000, 0x0000, 0x0000, 0x0000, 0x0000, 0x0000, 0x0000,
  0x0000, 0x0000, 0x0000, 0x0000, 0x0000, 0x0000, 0x0000, 0x0000,
  0x0777, 0x0000, 0x7444, 0xFEEE, 0xFFFF, 0xFAAA, 0xFABB, 0xFDDE,
  0xFCDD, 0xFCDD, 0xFCDD, 0xFDDD, 0xFDDD, 0xFDDD, 0xFDDD, 0xFDDD,
  0xFDDD, 0xFDDD, 0xFDDD, 0xFDDD, 0xFCCD, 0xFCCC, 0xFCCC, 0xFCCC,
  0xFCCC, 0xFCCC, 0xFCCC, 0xFCCC, 0xFCCC, 0xFCCD, 0xFDDD, 0xFDDD,
  0xFDDD, 0xFCDD, 0xFDDD, 0xFDDE, 0xFCBC, 0xF989, 0xF978, 0xF978,
  0xF978, 0xF978, 0xF978, 0xF978, 0xF978, 0xF978, 0xF978, 0xF978,
  0xF878, 0xF979, 0xF878, 0xF545, 0xF878, 0xFA89, 0xB212, 0x1000,
  0x0000, 0x0000, 0x0000, 0x0000, 0x0000, 0x0000, 0xBBAA, 0xFFFE,
  0xFFED, 0xFFED, 0xFFED, 0xFFED, 0xFFED, 0xFFED, 0xFFED, 0xFFED,
  0xFFED, 0xFFED, 0xFFED, 0xFFED, 0xFFED, 0xFFED, 0xFFED, 0xFFED,
  0xFFED, 0xFFED, 0xFFED, 0xFFED, 0xFFED, 0xFFED, 0xFFED, 0xFFED,
  0xFFED, 0xFFED, 0xFFFE, 0xFDCC, 0xA777, 0x3000, 0x0000, 0x0000,
  0x0FFF, 0x0555, 0x0000, 0x0000, 0x0000, 0x0000, 0x0000, 0x0000,
  0x0000, 0x0000, 0x0000, 0x0000, 0x0000, 0x0000, 0x0000, 0x0000,
  0x0000, 0x0000, 0x0000, 0x0000, 0x0000, 0x0000, 0x0000, 0x0000,
  0x0000, 0x0000, 0x0000, 0x0000, 0x0000, 0x0000, 0x0000, 0x0000,
  0x0000, 0x2000, 0xFBBB, 0xFFFF, 0xFCCC, 0xF999, 0xFDDD, 0xFCCC,
  0xFCCC, 0xFCCC, 0xFCCC, 0xFCCC, 0xFCCD, 0xFCCD, 0xFCCD, 0xFCCD,
  0xFCCD, 0xFCDD, 0xFCDD, 0xFDDD, 0xFDDD, 0xFDDD, 0xFCCD, 0xFCCC,
  0xFCCC, 0xFCCC, 0xFCCC, 0xFCCC, 0xFCCC, 0xFDDD, 0xFDDD, 0xFDDD,
  0xFDDD, 0xFDDD, 0xFDDD, 0xFA9A, 0xF978, 0xF978, 0xF979, 0xF978,
  0xF978, 0xF978, 0xF978, 0xF978, 0xF978, 0xF978, 0xF978, 0xF978,
  0xF978, 0xF878, 0xF978, 0xF878, 0xF333, 0xF988, 0xFA89, 0xC222,
  0x1000, 0x0FFF, 0x0000, 0x0000, 0x0000, 0x0000, 0xE888, 0xFFFE,
  0xFFED, 0xFFED, 0xFFED, 0xFFED, 0xFFED, 0xFFED, 0xFFED, 0xFFED,
  0xFFED, 0xFFED, 0xFFED, 0xFFED, 0xFFED, 0xFFED, 0xFFED, 0xFFED,
  0xFFED, 0xFFED, 0xFFED, 0xFFED, 0xFFED, 0xFFED, 0xFFED, 0xFFED,
  0xFFED, 0xFFED, 0xFFED, 0xFFFE, 0xFFFE, 0xFCBA, 0xA766, 0x3000,
  0x0000, 0x0000, 0x0000, 0x0AAA, 0x0000, 0x0000, 0x0000, 0x0000,
  0x0000, 0x0000, 0x0000, 0x0000, 0x0000, 0x0000, 0x0000, 0x0000,
  0x0000, 0x0000, 0x0000, 0x0000, 0x0000, 0x0000, 0x0000, 0x0000,
  0x0000, 0x0000, 0x0000, 0x0000, 0x0000, 0x0000, 0x0000, 0x0000,
  0x0000, 0x9777, 0xFFFF, 0xFEEE, 0xF888, 0xFCCC, 0xFCCC, 0xFCCC,
  0xFCCC, 0xFCCC, 0xFCCC, 0xFCCC, 0xFCCC, 0xFCCC, 0xFCCC, 0xFCCC,
  0xFCCC, 0xFCCC, 0xFCCC, 0xFCCD, 0xFCDD, 0xFDDD, 0xFDDD, 0xFCDD,
  0xFCCC, 0xFCCC, 0xFCCC, 0xFCCC, 0xFCCD, 0xFDDD, 0xFDDD, 0xFDDD,
  0xFDDD, 0xFCCD, 0xFA89, 0xF978, 0xF978, 0xF978, 0xF978, 0xF978,
  0xF978, 0xF978, 0xF978, 0xF978, 0xF978, 0xF978, 0xF978, 0xF878,
  0xF878, 0xF878, 0xF878, 0xF878, 0xF867, 0xF433, 0xFA89, 0xFA89,
  0xA323, 0x0000, 0x0A5A, 0x0000, 0x0000, 0x0000, 0xF887, 0xFFFE,
  0xFFED, 0xFFED, 0xFFED, 0xFFED, 0xFFED, 0xFFED, 0xFFED, 0xFFED,
  0xFFED, 0xFFED, 0xFFED, 0xFFED, 0xFFED, 0xFFED, 0xFFED, 0xFFED,
  0xFFED, 0xFFED, 0xFFED, 0xFFED, 0xFFED, 0xFFED, 0xFFED, 0xFFED,
  0xFFED, 0xFFED, 0xFFED, 0xFFED, 0xFFED, 0xFFFE, 0xFFFE, 0xFCBB,
  0xB877, 0x4222, 0x0000, 0x0000, 0x0000, 0x0FFF, 0x0555, 0x0000,
  0x0000, 0x0000, 0x0000, 0x0000, 0x0000, 0x0000, 0x0000, 0x0000,
  0x0000, 0x0000, 0x0000, 0x0000, 0x0000, 0x0000, 0x0000, 0x0000,
  0x0000, 0x0000, 0x0000, 0x0000, 0x0000, 0x0000, 0x0000, 0x0000,
  0x1111, 0xEBBB, 0xFFFF, 0xFAAA, 0xFAAB, 0xFCCD, 0xFCCC, 0xFCCC,
  0xFCCC, 0xFCCC, 0xFCCC, 0xFCCC, 0xFCCC, 0xFCCC, 0xFCCC, 0xFCCC,
  0xFCCC, 0xFCCC, 0xFCCC, 0xFCCD, 0xFDDD, 0xFDDD, 0xFDDD, 0xFDDD,
  0xFDDD, 0xFCCD, 0xFCCC, 0xFCCD, 0xFDDD, 0xFDDD, 0xFCDD, 0xFCDD,
  0xFDDE, 0xFA9A, 0xF878, 0xF979, 0xF978, 0xF978, 0xF978, 0xF978,
  0xF978, 0xF978, 0xF978, 0xF978, 0xF978, 0xF878, 0xF878, 0xF878,
  0xF878, 0xF878, 0xF878, 0xF878, 0xF878, 0xF868, 0xF545, 0xFA89,
  0xFA89, 0x9433, 0x0000, 0x0AAA, 0x0000, 0x0000, 0xF988, 0xFFFE,
  0xFFED, 0xFFED, 0xFFED, 0xFFED, 0xFFED, 0xFFED, 0xFFED, 0xFFED,
  0xFFED, 0xFFED, 0xFFED, 0xFFED, 0xFFED, 0xFFED, 0xFFED, 0xFFED,
  0xFFED, 0xFFED, 0xFFED, 0xFFED, 0xFFED, 0xFFED, 0xFFFE, 0xFFEE,
  0xFFED, 0xFFED, 0xFFED, 0xFFED, 0xFFED, 0xFFED, 0xFFED, 0xFFFE,
  0xFFFE, 0xFDCC, 0xC988, 0x7655, 0x2000, 0x0000, 0x0000, 0x0000,
  0x0FFF, 0x0000, 0x0000, 0x0000, 0x0000, 0x0000, 0x0000, 0x0000,
  0x0000, 0x0000, 0x0000, 0x0000, 0x0000, 0x0000, 0x0000, 0x0000,
  0x0000, 0x0000, 0x0000, 0x0000, 0x0000, 0x0000, 0x0000, 0x0000,
  0x7333, 0xFFFF, 0xFDDD, 0xF999, 0xFDDE, 0xFCCC, 0xFCCC, 0xFCCC,
  0xFCCC, 0xFCCC, 0xFCCC, 0xFCCC, 0xFCCC, 0xFCCC, 0xFCCC, 0xFCCC,
  0xFCCD, 0xFCDD, 0xFDDD, 0xFDDD, 0xFDDD, 0xFDDD, 0xFDDD, 0xFDDD,
  0xFDDD, 0xFDDD, 0xFCDD, 0xFCDD, 0xFDDD, 0xFCDD, 0xFCDD, 0xFDDD,
  0xFBBC, 0xF978, 0xF978, 0xF978, 0xF978, 0xF978, 0xF978, 0xF978,
  0xF978, 0xF978, 0xF978, 0xF878, 0xF878, 0xF878, 0xF878, 0xF878,
  0xF878, 0xF878, 0xF878, 0xF878, 0xF878, 0xF878, 0xF768, 0xF655,
  0xFB9A, 0xFA89, 0x6222, 0x0000, 0x0777, 0x0000, 0xF887, 0xFFFE,
  0xFFED, 0xFFED, 0xFFED, 0xFFED, 0xFFED, 0xFFED, 0xFFED, 0xFFED,
  0xFFED, 0xFFED, 0xFFED, 0xFFED, 0xFFED, 0xFFED, 0xFFED, 0xFFED,
  0xFFED, 0xFFED, 0xFFED, 0xFFED, 0xFFED, 0xFFEE, 0xFEDC, 0xFFED,
  0xFFFE, 0xFFED, 0xFFED, 0xFFED, 0xFFED, 0xFFED, 0xFFED, 0xFFED,
  0xFFED, 0xFFEE, 0xFFFE, 0xFEDD, 0xECBA, 0xA766, 0x4222, 0x0000,
  0x0000, 0x0000, 0x0000, 0x0AA5, 0x0000, 0x0000, 0x0000, 0x0000,
  0x0000, 0x0000, 0x0000, 0x0000, 0x0000, 0x0000, 0x0000, 0x0000,
  0x0000, 0x0000, 0x0000, 0x0000, 0x0000, 0x0000, 0x0000, 0x0000,
  0xA999, 0xFFFF, 0xF999, 0xFABB, 0xFDDE, 0xFDDD, 0xFCDD, 0xFCCD,
  0xFCCC, 0xFCCC, 0xFCCC, 0xFCCC, 0xFCCD, 0xFCCD, 0xFCDD, 0xFDDD,
  0xFDDD, 0xFDDD, 0xFDDD, 0xFDDD, 0xFDDD, 0xFDDD, 0xFDDD, 0xFDDD,
  0xFCDD, 0xFCDD, 0xFDDD, 0xFCDD, 0xFCDD, 0xFCDD, 0xFDDD, 0xFCCC,
  0xF978, 0xF978, 0xF978, 0xF978, 0xF978, 0xF978, 0xF978, 0xF978,
  0xF978, 0xF878, 0xF878, 0xF878, 0xF878, 0xF878, 0xF878, 0xF878,
  0xF878, 0xF878, 0xF878, 0xF878, 0xF878, 0xF868, 0xF878, 0xF656,
  0xF766, 0xFCAB, 0xE867, 0x2000, 0x0FFF, 0x0000, 0xD998, 0xFFFE,
  0xFFED, 0xFFED, 0xFFED, 0xFFED, 0xFFED, 0xFFED, 0xFFED, 0xFFED,
  0xFFED, 0xFFED, 0xFFED, 0xFFED, 0xFFED, 0xFFED, 0xFFED, 0xFFED,
  0xFFED, 0xFFED, 0xFFED, 0xFFED, 0xFFEE, 0xFEDD, 0xF978, 0xC655,
  0xFCCB, 0xFFFE, 0xFFED, 0xFFED, 0xFFED, 0xFFED, 0xFFED, 0xFFED,
  0xFFED, 0xFFED, 0xFFED, 0xFFED, 0xFFEE, 0xFFEE, 0xFDCB, 0xDA99,
  0x9766, 0x4000, 0x0000, 0x0000, 0x0000, 0x0555, 0x0000, 0x0000,
  0x0000, 0x0000, 0x0000, 0x0000, 0x0000, 0x0000, 0x0000, 0x0000,
  0x0000, 0x0000, 0x0000, 0x0000, 0x0000, 0x0000, 0x0000, 0x0000,
  0xE888, 0xFFFF, 0xF888, 0xFBBC, 0xFDDE, 0xFCDD, 0xFDDD, 0xFDDD,
  0xFCDD, 0xFCDD, 0xFCDD, 0xFDDD, 0xFDDD, 0xFDDD, 0xFDDD, 0xFDDD,
  0xFDDD, 0xFDDD, 0xFDDD, 0xFDDD, 0xFDDD, 0xFCDD, 0xFCDD, 0xFCDD,
  0xFCDD, 0xFCDD, 0xFCDD, 0xFCDD, 0xFCDD, 0xFCDD, 0xFDDD, 0xFCBC,
  0xF978, 0xF978, 0xF978, 0xF978, 0xF978, 0xF978, 0xF978, 0xF878,
  0xF878, 0xF878, 0xF878, 0xF878, 0xF878, 0xF878, 0xF878, 0xF878,
  0xF878, 0xF878, 0xF878, 0xF878, 0xF878, 0xF868, 0xF768, 0xF868,
  0xF545, 0xFA89, 0xFB9A, 0xB544, 0x0000, 0x0FFF, 0x9BAA, 0xFFFE,
  0xFFED, 0xFFED, 0xFFED, 0xFFED, 0xFFED, 0xFFED, 0xFFED, 0xFFED,
  0xFFED, 0xFFED, 0xFFED, 0xFFED, 0xFFED, 0xFFED, 0xFFED, 0xFFED,
  0xFFED, 0xFFED, 0xFFED, 0xFFED, 0xFFFE, 0xFCAA, 0xB544, 0x0000,
  0x5222, 0xEAA9, 0xFFFE, 0xFFEE, 0xFFED, 0xFFED, 0xFFED, 0xFFED,
  0xFFED, 0xFFED, 0xFFED, 0xFFED, 0xFFDD, 0xFFED, 0xFFED, 0xFFEE,
  0xFFED, 0xFCBB, 0xC988, 0x6544, 0x1000, 0x0000, 0x0744, 0x0000,
  0x0000, 0x0000, 0x0000, 0x0000, 0x0000, 0x0000, 0x0000, 0x0000,
  0x0000, 0x0000, 0x0000, 0x0000, 0x0000, 0x0000, 0x0000, 0x0000,
  0xD999, 0xFFFF, 0xFBBC, 0xFBBC, 0xFDDE, 0xFCDD, 0xFDDD, 0xFDDD,
  0xFDDD, 0xFDDD, 0xFDDD, 0xFDDD, 0xFDDD, 0xFDDD, 0xFDDD, 0xFDDD,
  0xFDDD, 0xFCDD, 0xFCDD, 0xFCDD, 0xFCDD, 0xFCDD, 0xFCDD, 0xFCDD,
  0xFCDD, 0xFCDD, 0xFCDD, 0xFCDD, 0xFCDD, 0xFCDD, 0xFCDD, 0xFCDD,
  0xFA9A, 0xF878, 0xF978, 0xF978, 0xF978, 0xF878, 0xF878, 0xF878,
  0xF878, 0xF878, 0xF878, 0xF878, 0xF878, 0xF878, 0xF878, 0xF878,
  0xF878, 0xF878, 0xF878, 0xF868, 0xF868, 0xF768, 0xF768, 0xF768,
  0xF656, 0xF766, 0xFC9A, 0xF978, 0x4111, 0x0000, 0x8665, 0xFFED,
  0xFFEE, 0xFFED, 0xFFED, 0xFFED, 0xFFED, 0xFFED, 0xFFED, 0xFFED,
  0xFFED, 0xFFED, 0xFFED, 0xFFED, 0xFFED, 0xFFED, 0xFFED, 0xFFED,
  0xFFED, 0xFFED, 0xFFED, 0xFFED, 0xFFFE, 0xFDCB, 0x5111, 0x0000,
  0x0000, 0x2000, 0xA877, 0xFEED, 0xFFFE, 0xFFED, 0xFFED, 0xFFED,
  0xFFED, 0xFFED, 0xFFED, 0xFFED, 0xFFED, 0xFFED, 0xFFDD, 0xFFDD,
  0xFFDD, 0xFFED, 0xFFEE, 0xFEDC, 0xD988, 0x5322, 0x0000, 0x0AAA,
  0x0000, 0x0000, 0x0000, 0x0000, 0x0000, 0x0000, 0x0000, 0x0000,
  0x0000, 0x0000, 0x0000, 0x0000, 0x0000, 0x0000, 0x0000, 0x0000,
  0x8666, 0xFFFF, 0xFEEE, 0xF999, 0xFDDE, 0xFCDD, 0xFDDD, 0xFDDD,
  0xFDDD, 0xFDDD, 0xFDDD, 0xFCDD, 0xFCDD, 0xFCDD, 0xFCDD, 0xFCDD,
  0xFCDD, 0xFCDD, 0xFCDD, 0xFCDD, 0xFCDD, 0xFCDD, 0xFCDD, 0xFCDD,
  0xFCDD, 0xFCDD, 0xFCDD, 0xFCDD, 0xFCDD, 0xFCDD, 0xFCCD, 0xFCDD,
  0xFBBC, 0xF878, 0xF878, 0xF978, 0xF878, 0xF878, 0xF878, 0xF878,
  0xF878, 0xF878, 0xF878, 0xF878, 0xF878, 0xF878, 0xF878, 0xF878,
  0xF878, 0xF878, 0xF868, 0xF868, 0xF768, 0xF768, 0xF768, 0xF767,
  0xF768, 0xF545, 0xFA89, 0xFB9A, 0xA545, 0x0000, 0x8222, 0xFEDD,
  0xFFFE, 0xFFED, 0xFFED, 0xFFED, 0xFFED, 0xFFED, 0xFFED, 0xFFED,
  0xFFED, 0xFFED, 0xFFED, 0xFFED, 0xFFED, 0xFFED, 0xFFED, 0xFFED,
  0xFFED, 0xFFED, 0xFFED, 0xFFED, 0xFFED, 0xFFFE, 0xEBAA, 0x3111,
  0x0FFF, 0x0000, 0x0000, 0x7554, 0xFBBA, 0xFFFE, 0xFFEE, 0xFFED,
  0xFFED, 0xFFED, 0xFFED, 0xFFED, 0xFFED, 0xFFED, 0xFFDD, 0xFFDD,
  0xFFDD, 0xFFDD, 0xFFDC, 0xFFED, 0xFFED, 0xFCBB, 0x7433, 0x0000,
  0x0BBB, 0x0000, 0x0000, 0x0000, 0x0000, 0x0000, 0x0000, 0x0000,
  0x0000, 0x0000, 0x0000, 0x0000, 0x0000, 0x0000, 0x0000, 0x0000,
  0x2111, 0xECCC, 0xFFFF, 0xF99A, 0xFCCD, 0xFDDD, 0xFDDD, 0xFCDD,
  0xFCDD, 0xFCDD, 0xFCDD, 0xFCDD, 0xFCDD, 0xFCDD, 0xFCDD, 0xFCDD,
  0xFCDD, 0xFCDD, 0xFCDD, 0xFCDD, 0xFCDD, 0xFCDD, 0xFCDD, 0xFCDD,
  0xFCDD, 0xFCDD, 0xFCDD, 0xFCDD, 0xFCDD, 0xFCDD, 0xFCCD, 0xFCCD,
  0xFCDD, 0xFBBB, 0xF878, 0xF878, 0xF878, 0xF878, 0xF878, 0xF878,
  0xF878, 0xF878, 0xF878, 0xF878, 0xF878, 0xF878, 0xF878, 0xF878,
  0xF868, 0xF868, 0xF768, 0xF768, 0xF768, 0xF767, 0xF767, 0xF767,
  0xF768, 0xF556, 0xF867, 0xFC9A, 0xE877, 0x2111, 0x4322, 0xFEDD,
  0xFFFE, 0xFFED, 0xFFED, 0xFFED, 0xFFED, 0xFFED, 0xFFED, 0xFFED,
  0xFFED, 0xFFED, 0xFFED, 0xFFED, 0xFFED, 0xFFED, 0xFFED, 0xFFED,
  0xFFED, 0xFFED, 0xFFED, 0xFFED, 0xFFED, 0xFFED, 0xFFFE, 0xC888,
  0x0000, 0x0FFF, 0x0FFF, 0x0000, 0x3100, 0xB887, 0xFEDD, 0xFFFE,
  0xFFED, 0xFFED, 0xFFED, 0xFFED, 0xFFED, 0xFFED, 0xFFDD, 0xFFDD,
  0xFFDD, 0xFFDD, 0xFFDD, 0xFFDD, 0xFFDC, 0xFFEE, 0xFDCB, 0x7433,
  0x0000, 0x0777, 0x0000, 0x0000, 0x0000, 0x0000, 0x0000, 0x0000,
  0x0000, 0x0000, 0x0000, 0x0000, 0x0000, 0x0000, 0x0000, 0x0000,
  0x0000, 0xA888, 0xFFFF, 0xFCCC, 0xF9AA, 0xFDDE, 0xFCDD, 0xFCDD,
  0xFCDD, 0xFDDD, 0xFCDD, 0xFCDD, 0xFCDD, 0xFCDD, 0xFCDD, 0xFCDD,
  0xFCDD, 0xFCDD, 0xFCDD, 0xFCDD, 0xFCDD, 0xFCDD, 0xFCDD, 0xFCDD,
  0xFCDD, 0xFCDD, 0xFCCD, 0xFCDD, 0xFCCD, 0xFCCD, 0xFCCD, 0xFCCD,
  0xFCCD, 0xFCDD, 0xFBAB, 0xF878, 0xF878, 0xF878, 0xF878, 0xF878,
  0xF878, 0xF878, 0xF878, 0xF878, 0xF878, 0xF878, 0xF878, 0xF868,
  0xF768, 0xF768, 0xF768, 0xF768, 0xF767, 0xF767, 0xF767, 0xF767,
  0xF767, 0xF656, 0xF656, 0xFC9A, 0xFA89, 0x7211, 0x1110, 0xEBAA,
  0xFFFE, 0xFFED, 0xFFED, 0xFFED, 0xFFED, 0xFFED, 0xFFED, 0xFFED,
  0xFFED, 0xFFED, 0xFFED, 0xFFED, 0xFFED, 0xFFED, 0xFFED, 0xFFED,
  0xFFFE, 0xFFEE, 0xFFED, 0xFFED, 0xFFED, 0xFFED, 0xFFED, 0xFFFE,
  0xB766, 0x0000, 0x0FFF, 0x0666, 0x0000, 0x0000, 0x7444, 0xEAA9,
  0xFFED, 0xFFEE, 0xFFDD, 0xFFED, 0xFFED, 0xFFED, 0xFFDD, 0xFFDD,
  0xFFDD, 0xFFDD, 0xFFDD, 0xFFDD, 0xFFDD, 0xFFDC, 0xFFED, 0xFDCB,
  0x7443, 0x0000, 0x0000, 0x0000, 0x0000, 0x0000, 0x0000, 0x0000,
  0x0000, 0x0000, 0x0000, 0x0000, 0x0000, 0x0000, 0x0000, 0x0000,
  0x0000, 0x3222, 0xFCCC, 0xFFFF, 0xF999, 0xFCCC, 0xFDDD, 0xFCDD,
  0xFCDD, 0xFCCD, 0xFCCD, 0xFCCD, 0xFCCD, 0xFCCD, 0xFCCD, 0xFCCD,
  0xFCDD, 0xFCDD, 0xFCDD, 0xFCDD, 0xFCDD, 0xFCDD, 0xFCCD, 0xFCCD,
  0xFCCD, 0xFCCD, 0xFCCD, 0xFCCC, 0xFBBC, 0xFBBC, 0xFBBC, 0xFBCC,
  0xFCCD, 0xFCCD, 0xFCCD, 0xFAAB, 0xF878, 0xF878, 0xF878, 0xF878,
  0xF878, 0xF878, 0xF878, 0xF878, 0xF878, 0xF868, 0xF868, 0xF768,
  0xF768, 0xF768, 0xF768, 0xF767, 0xF767, 0xF767, 0xF767, 0xF767,
  0xF767, 0xF657, 0xF767, 0xFB9A, 0xFB9A, 0x9656, 0x0000, 0xD888,
  0xFFFF, 0xFFED, 0xFFED, 0xFFED, 0xFFED, 0xFFED, 0xFFED, 0xFFED,
  0xFFED, 0xFFED, 0xFFED, 0xFFED, 0xFFED, 0xFFED, 0xFFEE, 0xFFEE,
  0xFDBB, 0xFECC, 0xFFFE, 0xFFED, 0xFFED, 0xFFED, 0xFFED, 0xFFEE,
  0xFFEE, 0xA666, 0x0000, 0x0FFB, 0x0000, 0x0FFF, 0x0000, 0x2000,
  0x9766, 0xFCBB, 0xFFFE, 0xFFED, 0xFFDD, 0xFFDD, 0xFFDD, 0xFFDD,
  0xFFDD, 0xFFDD, 0xFFDD, 0xFFDD, 0xFFDD, 0xFFDD, 0xFFDC, 0xFFEE,
  0xFB99, 0x2000, 0x0000, 0x0000, 0x0000, 0x0000, 0x0000, 0x0000,
  0x0000, 0x0000, 0x0000, 0x0000, 0x0000, 0x0000, 0x0000, 0x0000,
  0x0BBB, 0x0000, 0x9777, 0xFFFF, 0xFDDD, 0xF999, 0xFDDE, 0xFCCC,
  0xFCCC, 0xFCBC, 0xFCBC, 0xFBBC, 0xFBBC, 0xFBBC, 0xFCCC, 0xFCCD,
  0xFCDD, 0xFCDD, 0xFCDD, 0xFCCD, 0xFCCD, 0xFCCD, 0xFCCD, 0xFCCD,
  0xFCCD, 0xFCCC, 0xFBBC, 0xFBBC, 0xFBBC, 0xFBBC, 0xFBBC, 0xFBBC,
  0xFCCD, 0xFCCD, 0xFBCD, 0xFCCD, 0xFAAB, 0xF868, 0xF868, 0xF878,
  0xF878, 0xF878, 0xF878, 0xF868, 0xF868, 0xF768, 0xF768, 0xF768,
  0xF768, 0xF767, 0xF767, 0xF767, 0xF767, 0xF767, 0xF767, 0xF767,
  0xF667, 0xF767, 0xF545, 0xF988, 0xFC9B, 0xD756, 0x0000, 0x9A99,
  0xFFFE, 0xFFED, 0xFFED, 0xFFED, 0xFFED, 0xFFED, 0xFFED, 0xFFED,
  0xFFED, 0xFFED, 0xFFED, 0xFFED, 0xFFED, 0xFFED, 0xFFEE, 0xFCAA,
  0xFA88, 0xD544, 0xFDCB, 0xFFFE, 0xFFED, 0xFFED, 0xFFED, 0xFFED,
  0xFFFE, 0xFEED, 0x8655, 0x0000, 0x0FBB, 0x0000, 0x0AAA, 0x0000,
  0x0000, 0x4211, 0xC988, 0xFEDC, 0xFFEE, 0xFFDD, 0xFFDD, 0xFFDD,
  0xFFDD, 0xFFDD, 0xFFDD, 0xFFDD, 0xFFDD, 0xFFDD, 0xFFDC, 0xFFDD,
  0xFFDC, 0xA222, 0x0000, 0x0000, 0x0000, 0x0000, 0x0000, 0x0000,
  0x0000, 0x0000, 0x0000, 0x0000, 0x0000, 0x0000, 0x0000, 0x0000,
  0x0000, 0x0FFF, 0x2000, 0xEAAA, 0xFFFF, 0xFAAA, 0xFAAB, 0xFCCC,
  0xFBBC, 0xFBBC, 0xFBBC, 0xFCCC, 0xFCCC, 0xFCCD, 0xFCDD, 0xFCDD,
  0xFCCD, 0xFCCD, 0xFCCD, 0xFCCD, 0xFCCD, 0xFCCD, 0xFCCD, 0xFCCC,
  0xFBBC, 0xFBBC, 0xFBBC, 0xFBBC, 0xFBBC, 0xFBBC, 0xFBBC, 0xFBBC,
  0xFBCC, 0xFBCD, 0xFBCC, 0xFBCC, 0xFBCD, 0xFAAB, 0xF889, 0xF868,
  0xF868, 0xF878, 0xF868, 0xF868, 0xF768, 0xF768, 0xF768, 0xF768,
  0xF767, 0xF767, 0xF767, 0xF767, 0xF767, 0xF767, 0xF767, 0xF767,
  0xF657, 0xF767, 0xF434, 0xF978, 0xFC9A, 0xF655, 0x0000, 0x7333,
  0xFFED, 0xFFFE, 0xFFED, 0xFFED, 0xFFED, 0xFFED, 0xFFED, 0xFFED,
  0xFFED, 0xFFED, 0xFFED, 0xFFED, 0xFFED, 0xFFED, 0xFFEE, 0xF877,
  0xB655, 0x1000, 0xA665, 0xFFEE, 0xFFEE, 0xFFED, 0xFFED, 0xFFED,
  0xFFED, 0xFFFE, 0xFDCC, 0x7544, 0x0000, 0x0FFF, 0x0000, 0x0000,
  0x0AAA, 0x0000, 0x0000, 0x7444, 0xEBA9, 0xFFEE, 0xFFED, 0xFFDD,
  0xFFDC, 0xFFDD, 0xFFDD, 0xFFDD, 0xFFDD, 0xFFDD, 0xFFDD, 0xFFDD,
  0xFECC, 0xF866, 0x0000, 0x0000, 0x0000, 0x0000, 0x0000, 0x0000,
  0x0000, 0x0000, 0x0000, 0x0000, 0x0000, 0x0000, 0x0000, 0x0000,
  0x0000, 0x0AAA, 0x0000, 0x6444, 0xFEEE, 0xFEEE, 0xF888, 0xFCCC,
  0xFCCC, 0xFCCC, 0xFCCD, 0xFCCD, 0xFCDD, 0xFCCD, 0xFCCD, 0xFCCD,
  0xFCCD, 0xFCCD, 0xFCCD, 0xFCCD, 0xFCCD, 0xFCCC, 0xFBBC, 0xFBBC,
  0xFBBC, 0xFBBC, 0xFBBC, 0xFBBC, 0xFBBC, 0xFBBC, 0xFBBC, 0xFBBB,
  0xFBBC, 0xFBCC, 0xFBCC, 0xFBCC, 0xFBBC, 0xFBCC, 0xFBBC, 0xFA9A,
  0xF878, 0xF767, 0xF768, 0xF768, 0xF768, 0xF768, 0xF767, 0xF767,
  0xF767, 0xF767, 0xF767, 0xF767, 0xF767, 0xF767, 0xF767, 0xF667,
  0xF657, 0xF767, 0xF434, 0xF988, 0xFC9A, 0xF655, 0x0000, 0x4111,
  0xFEDC, 0xFFFE, 0xFFED, 0xFFED, 0xFFED, 0xFFED, 0xFFEE, 0xFFEE,
  0xFFFE, 0xFFEE, 0xFFED, 0xFFED, 0xFFED, 0xFFED, 0xFFFE, 0xFA99,
  0x2000, 0x0000, 0x1000, 0xD776, 0xFFFE, 0xFFED, 0xFFED, 0xFFED,
  0xFFED, 0xFFED, 0xFFFE, 0xFDCB, 0x7544, 0x0000, 0x0FFF, 0x0000,
  0x0000, 0x0550, 0x0000, 0x0000, 0x2000, 0xA876, 0xFCBB, 0xFFED,
  0xFFED, 0xFFDD, 0xFFDC, 0xFFDC, 0xFFDD, 0xFFDC, 0xFFDC, 0xFFDD,
  0xFECC, 0xFDA9, 0x0000, 0x0000, 0x0000, 0x0000, 0x0000, 0x0000,
  0x0000, 0x0000, 0x0000, 0x0000, 0x0000, 0x0000, 0x0000, 0x0000,
  0x0000, 0x0000, 0x0BBB, 0x0000, 0xA777, 0xFFFF, 0xFCCC, 0xF99A,
  0xFDDE, 0xFCCD, 0xFCCD, 0xFCCD, 0xFCCD, 0xFCCD, 0xFCCD, 0xFCCD,
  0xFCCD, 0xFCCD, 0xFCCD, 0xFCCD, 0xFBBC, 0xFBBC, 0xFBBC, 0xFBBC,
  0xFBBC, 0xFBBC, 0xFBBC, 0xFBBC, 0xFBBC, 0xFBBC, 0xFBBC, 0xFBBB,
  0xFBBC, 0xFBCC, 0xFBBC, 0xFBBC, 0xFBBC, 0xFBBC, 0xFBBC, 0xFBBC,
  0xFABC, 0xF989, 0xF768, 0xF767, 0xF768, 0xF768, 0xF767, 0xF767,
  0xF767, 0xF767, 0xF767, 0xF767, 0xF767, 0xF767, 0xF667, 0xF667,
  0xF657, 0xF667, 0xF434, 0xF988, 0xFC9A, 0xE655, 0x0000, 0x0000,
  0xEBAA, 0xFFFE, 0xFFED, 0xFFED, 0xFFED, 0xFFED, 0xFFED, 0xFEDC,
  0xFCAA, 0xFDBB, 0xFFFE, 0xFFED, 0xFFED, 0xFFED, 0xFFEE, 0xFEED,
  0x7554, 0x0000, 0x0000, 0x4000, 0xFBBA, 0xFFFE, 0xFFED, 0xFFED,
  0xFFED, 0xFFED, 0xFFED, 0xFFFE, 0xFDCC, 0x8555, 0x0000, 0x0FFF,
  0x0000, 0x0000, 0x0000, 0x0AAA, 0x0000, 0x0000, 0x4111, 0xB876,
  0xFCAA, 0xFFED, 0xFFED, 0xFFDD, 0xFFDD, 0xFFED, 0xFFED, 0xFFDC,
  0xFFDC, 0xE866, 0x0000, 0x0000, 0x0000, 0x0000, 0x0000, 0x0000,
  0x0000, 0x0000, 0x0000, 0x0000, 0x0000, 0x0000, 0x0000, 0x0000,
  0x0000, 0x0000, 0x0000, 0x0FFF, 0x1000, 0xD999, 0xFFFF, 0xFAAA,
  0xFABB, 0xFCDD, 0xFCCD, 0xFCCD, 0xFCCD, 0xFCCD, 0xFCCD, 0xFCCD,
  0xFCCD, 0xFCCD, 0xFCCD, 0xFBBC, 0xFBBC, 0xFBBC, 0xFBBC, 0xFBBC,
  0xFBBC, 0xFBBC, 0xFBBC, 0xFBBB, 0xFBBB, 0xFBBB, 0xFABB, 0xFAAB,
  0xFBBC, 0xFBBC, 0xFBBC, 0xFBBC, 0xFBBC, 0xFBBC, 0xFBBC, 0xFABC,
  0xFABC, 0xFBBC, 0xFAAB, 0xF879, 0xF767, 0xF767, 0xF767, 0xF767,
  0xF767, 0xF767, 0xF767, 0xF767, 0xF667, 0xF667, 0xF657, 0xF657,
  0xF657, 0xF667, 0xF434, 0xF988, 0xFC9B, 0xC766, 0x0000, 0x1000,
  0xEBA9, 0xFFFE, 0xFFED, 0xFFED, 0xFFED, 0xFFFE, 0xFDCC, 0xFA78,
  0xF867, 0xD766, 0xFEED, 0xFFEE, 0xFFED, 0xFFED, 0xFFED, 0xFFFE,
  0xD998, 0x0000, 0x0FFF, 0x0000, 0x7333, 0xFEDD, 0xFFEE, 0xFFED,
  0xFFED, 0xFFED, 0xFFED, 0xFFED, 0xFFEE, 0xFEDC, 0x9665, 0x0000,
  0x0FFF, 0x0000, 0x0000, 0x0000, 0x0000, 0x0FFF, 0x0000, 0x0000,
  0x3000, 0x9766, 0xEA99, 0xFECC, 0xFFDD, 0xFDBB, 0xFCBA, 0xFA88,
  0xD977, 0x3111, 0x0000, 0x0000, 0x0000, 0x0000, 0x0000, 0x0000,
  0x0000, 0x0000, 0x0000, 0x0000, 0x0000, 0x0000, 0x0000, 0x0000,
  0x0000, 0x0000, 0x0000, 0x0555, 0x0000, 0x3000, 0xEBBB, 0xFFFF,
  0xF888, 0xFBCC, 0xFCCD, 0xFCCC, 0xFCCD, 0xFCCD, 0xFCCD, 0xFCCD,
  0xFCCD, 0xFCCD, 0xFCCD, 0xFCCD, 0xFCCD, 0xFBCC, 0xFBCC, 0xFBBC,
  0xFBBC, 0xFBBC, 0xFAAB, 0xFAAB, 0xFAAB, 0xFAAB, 0xFAAB, 0xFBBC,
  0xFBBC, 0xFBBC, 0xFBBC, 0xFBBC, 0xFBBC, 0xFABC, 0xFABC, 0xFABC,
  0xFABC, 0xFABC, 0xFABC, 0xFABC, 0xF99A, 0xF878, 0xF767, 0xF767,
  0xF767, 0xF767, 0xF767, 0xF667, 0xF667, 0xF667, 0xF657, 0xF657,
  0xF657, 0xF657, 0xF656, 0xFA89, 0xFB9A, 0x9656, 0x0000, 0x1000,
  0xEAA9, 0xFFFE, 0xFFED, 0xFFED, 0xFFED, 0xFFFE, 0xEA99, 0x7433,
  0x3000, 0x5000, 0xFDDC, 0xFFFE, 0xFFED, 0xFFED, 0xFFED, 0xFFEE,
  0xFEDD, 0x6333, 0x0000, 0x0BBB, 0x0000, 0xC766, 0xFFFE, 0xFFED,
  0xFFED, 0xFFED, 0xFFED, 0xFFED, 0xFFED, 0xFFEE, 0xFEDD, 0xA665,
  0x0000, 0x0000, 0x0000, 0x0000, 0x0000, 0x0000, 0x0555, 0x0FFF,
  0x0000, 0x0000, 0x2000, 0x5554, 0x8665, 0xA000, 0x8211, 0x5533,
  0x1000, 0x0000, 0x0000, 0x0000, 0x0000, 0x0000, 0x0000, 0x0000,
  0x0000, 0x0000, 0x0000, 0x0000, 0x0000, 0x0000, 0x0000, 0x0000,
  0x0000, 0x0000, 0x0000, 0x0000, 0x0AAA, 0x0000, 0x6444, 0xFEEE,
  0xFDDD, 0xF778, 0xFBBC, 0xFBBC, 0xFBBC, 0xFBBC, 0xFBBC, 0xFBBC,
  0xFBBC, 0xFBBC, 0xFBBC, 0xFBBC, 0xFBBC, 0xFBBC, 0xFBCC, 0xFBCC,
  0xFBCC, 0xFBBC, 0xFBBC, 0xFBBC, 0xFABC, 0xFBBC, 0xFBBC, 0xFBBC,
  0xFBBC, 0xFBBC, 0xFBBC, 0xFABC, 0xFABC, 0xFABC, 0xFABC, 0xFABC,
  0xFABC, 0xFABC, 0xFAAB, 0xFAAB, 0xFABC, 0xFAAC, 0xF99B, 0xF889,
  0xF768, 0xF657, 0xF657, 0xF657, 0xF657, 0xF657, 0xF657, 0xF657,
  0xF657, 0xF556, 0xF656, 0xFC9A, 0xFA89, 0x7212, 0x0000, 0x1000,
  0xEA99, 0xFFFE, 0xFFED, 0xFFED, 0xFFEE, 0xFFFE, 0x9AA9, 0x0000,
  0x0000, 0x1111, 0xECBA, 0xFFFE, 0xFFED, 0xFFED, 0xFFED, 0xFFED,
  0xFFFE, 0xE988, 0x1000, 0x0FFF, 0x0000, 0x3000, 0xFBA9, 0xFFFE,
  0xFFED, 0xFFED, 0xFFED, 0xFFED, 0xFFED, 0xFFED, 0xFFED, 0xFFED,
  0xB887, 0x1000, 0x0000, 0x0555, 0x0000, 0x0000, 0x0000, 0x0000,
  0x0000, 0x0FAA, 0x0000, 0x0000, 0x0000, 0x0000, 0x0000, 0x0000,
  0x0000, 0x0000, 0x0000, 0x0000, 0x0000, 0x0000, 0x0000, 0x0000,
  0x0000, 0x0000, 0x0000, 0x0000, 0x0000, 0x0000, 0x0000, 0x0000,
  0x0000, 0x0000, 0x0000, 0x0000, 0x0000, 0x0999, 0x0000, 0x9666,
  0xFFFF, 0xFCCC, 0xF999, 0xFCCD, 0xFBBC, 0xFBBC, 0xFBBB, 0xFBBB,
  0xFBBB, 0xFBBB, 0xFBBB, 0xFABB, 0xFAAB, 0xFAAB, 0xFABB, 0xFABC,
  0xFBBC, 0xFBBC, 0xFBBC, 0xFBBC, 0xFBBC, 0xFBBC, 0xFBBC, 0xFBBC,
  0xFBBC, 0xFABC, 0xFABC, 0xFABC, 0xFABC, 0xFABC, 0xFABC, 0xFABC,
  0xFABC, 0xFAAC, 0xFAAB, 0xFAAB, 0xFAAB, 0xF9AB, 0xFAAB, 0xFAAB,
  0xF9AB, 0xF89A, 0xF779, 0xF778, 0xF667, 0xF657, 0xF657, 0xF657,
  0xF657, 0xF556, 0xF877, 0xFB9A, 0xF877, 0x2212, 0x0000, 0x1000,
  0xE988, 0xFFFE, 0xFFED, 0xFFED, 0xFFEE, 0xFFEE, 0x9776, 0x0A55,
  0x1CAA, 0x0000, 0xB887, 0xFFFE, 0xFFED, 0xFFED, 0xFFED, 0xFFED,
  0xFFEE, 0xFEED, 0x9433, 0x0000, 0x0996, 0x0000, 0x6333, 0xFEDC,
  0xFFEE, 0xFFED, 0xFFED, 0xFFED, 0xFFED, 0xFFED, 0xFFDD, 0xFFED,
  0xFFEE, 0xCA98, 0x1000, 0x0000, 0x0555, 0x0000, 0x0000, 0x0000,
  0x0000, 0x0000, 0x0000, 0x0A55, 0x0FAA, 0x0777, 0x0555, 0x0A55,
  0x0000, 0x0000, 0x0000, 0x0000, 0x0000, 0x0000, 0x0000, 0x0000,
  0x0000, 0x0000, 0x0000, 0x0000, 0x0000, 0x0000, 0x0000, 0x0000,
  0x0000, 0x0000, 0x0000, 0x0000, 0x0000, 0x0000, 0x0FFF, 0x1000,
  0xC888, 0xFFFF, 0xFAAA, 0xF9AA, 0xFCDD, 0xFBBC, 0xFBBC, 0xFBBC,
  0xFBBB, 0xFAAB, 0xFAAB, 0xFABB, 0xFAAB, 0xFAAB, 0xFAAB, 0xFAAB,
  0xFAAB, 0xFAAB, 0xFAAB, 0xFAAB, 0xFABC, 0xFBBC, 0xFABC, 0xFABC,
  0xFABC, 0xFABC, 0xFABC, 0xFABC, 0xFABC, 0xFABC, 0xFABC, 0xFAAC,
  0xFAAB, 0xFAAB, 0xFAAB, 0xFAAB, 0xF9AB, 0xF9AB, 0xF9AB, 0xF9AB,
  0xF9AB, 0xF9AB, 0xF9AB, 0xF9AB, 0xF89A, 0xF89A, 0xF779, 0xF768,
  0xF668, 0xF545, 0xFA89, 0xFB9A, 0xC655, 0x0000, 0x0000, 0x1000,
  0xE988, 0xFFFE, 0xFFED, 0xFFED, 0xFFEE, 0xFFED, 0x9554, 0x0000,
  0x1555, 0x0000, 0x5444, 0xFEDD, 0xFFFE, 0xFFED, 0xFFED, 0xFFED,
  0xFFED, 0xFFFE, 0xFBBA, 0x4111, 0x0000, 0x0AAA, 0x0000, 0xA776,
  0xFFEE, 0xFFED, 0xFFED, 0xFFED, 0xFFED, 0xFFED, 0xFFED, 0xFFDD,
  0xFFED, 0xFFED, 0xCA99, 0x2000, 0x0000, 0x0555, 0x0000, 0x0000,
  0x0000, 0x0000, 0x0000, 0x0000, 0x0000, 0x0000, 0x0000, 0x0000,
  0x0000, 0x0000, 0x0000, 0x0000, 0x0000, 0x0000, 0x0000, 0x0000,
  0x0000, 0x0000, 0x0000, 0x0000, 0x0000, 0x0000, 0x0000, 0x0000,
  0x0000, 0x0000, 0x0000, 0x0000, 0x0000, 0x0000, 0x0000, 0x0000,
  0x2000, 0xD999, 0xFFFF, 0xF999, 0xF9AA, 0xFCCD, 0xFBBC, 0xFBCC,
  0xFBBC, 0xFBBC, 0xFBBC, 0xFABB, 0xFAAB, 0xFAAB, 0xFAAB, 0xFAAB,
  0xFAAB, 0xFAAB, 0xFAAB, 0xFAAB, 0xFAAB, 0xFABC, 0xFABC, 0xFABC,
  0xFABC, 0xFABC, 0xFABC, 0xFABC, 0xFABC, 0xFABC, 0xFAAC, 0xFAAB,
  0xFAAB, 0xFAAB, 0xFAAB, 0xF9AB, 0xF9AB, 0xF9AB, 0xF9AB, 0xF9AB,
  0xF9AB, 0xF9AB, 0xF99B, 0xF99B, 0xF99B, 0xF99B, 0xF99B, 0xF99B,
  0xF88A, 0xF999, 0xFEEE, 0xFDCC, 0x6333, 0x0000, 0x0000, 0x1000,
  0xEA99, 0xFFFE, 0xFFED, 0xFFED, 0xFFEE, 0xFFED, 0x9444, 0x0000,
  0x0555, 0x0000, 0x1000, 0xEBAA, 0xFFFE, 0xFFED, 0xFFED, 0xFFED,
  0xFFED, 0xFFED, 0xFFFE, 0xD988, 0x1000, 0x0BBB, 0x0FFF, 0x1000,
  0xD877, 0xFFFE, 0xFFED, 0xFFED, 0xFFED, 0xFFED, 0xFFED, 0xFFDD,
  0xFFDD, 0xFFDD, 0xFFED, 0xEBA9, 0x3000, 0x0000, 0x0555, 0x0000,
  0x0000, 0x0000, 0x0000, 0x0000, 0x0000, 0x0000, 0x0000, 0x0000,
  0x0000, 0x0000, 0x0000, 0x0000, 0x0000, 0x0000, 0x0000, 0x0000,
  0x0000, 0x0000, 0x0000, 0x0000, 0x0000, 0x0000, 0x0000, 0x0000,
  0x0000, 0x0000, 0x0000, 0x0000, 0x0000, 0x0000, 0x0000, 0x0555,
  0x0000, 0x2000, 0xD999, 0xFFFF, 0xF999, 0xF9AA, 0xFCCD, 0xFBBC,
  0xFBBC, 0xFBBC, 0xFBBC, 0xFBBC, 0xFBBC, 0xFAAB, 0xFAAB, 0xFAAB,
  0xFAAB, 0xFAAB, 0xFAAB, 0xFAAB, 0xFAAB, 0xFABB, 0xFABC, 0xFABC,
  0xFABC, 0xFABC, 0xFABC, 0xFAAB, 0xFAAB, 0xF9AB, 0xF9AB, 0xF99B,
  0xF99B, 0xF99B, 0xF9AB, 0xF9AB, 0xF9AB, 0xF9AB, 0xF9AB, 0xF9AB,
  0xF9AB, 0xF99B, 0xF99B, 0xF99B, 0xF99B, 0xF89B, 0xF89A, 0xF89B,
  0xF788, 0xFDDD, 0xFFFF, 0xEBBB, 0x1111, 0x0000, 0x0000, 0x1000,
  0xECBA, 0xFFFE, 0xFFED, 0xFFED, 0xFFEE, 0xFFED, 0x9433, 0x0000,
  0x0666, 0x0FFF, 0x0000, 0x9877, 0xFFFE, 0xFFED, 0xFFED, 0xFFED,
  0xFFED, 0xFFED, 0xFFED, 0xFFED, 0x9555, 0x0000, 0x0777, 0x0000,
  0x4000, 0xFBA9, 0xFFFE, 0xFFDD, 0xFFED, 0xFFED, 0xFFDD, 0xFFDD,
  0xFFDD, 0xFFDD, 0xFFDD, 0xFFEE, 0xEB99, 0x3111, 0x0000, 0x0555,
  0x0000, 0x0000, 0x0000, 0x0000, 0x0000, 0x0000, 0x0000, 0x0000,
  0x0000, 0x0000, 0x0000, 0x0000, 0x0000, 0x0000, 0x0000, 0x0000,
  0x0000, 0x0000, 0x0000, 0x0000, 0x0000, 0x0000, 0x0000, 0x0000,
  0x0000, 0x0000, 0x0000, 0x0000, 0x0000, 0x0000, 0x0000, 0x0000,
  0x0555, 0x0000, 0x2000, 0xEAAA, 0xFFFF, 0xF889, 0xF9AB, 0xFBCD,
  0xFBBC, 0xFBBC, 0xFBBC, 0xFBBC, 0xFBBC, 0xFBBC, 0xFABC, 0xFAAB,
  0xFAAB, 0xFAAB, 0xFAAB, 0xFAAB, 0xFAAB, 0xFAAB, 0xFABC, 0xFABC,
  0xFABC, 0xFAAC, 0xFAAB, 0xF9AB, 0xF99A, 0xF99A, 0xF99A, 0xF99A,
  0xF99A, 0xF99A, 0xF99A, 0xF99A, 0xF99A, 0xF99A, 0xF99B, 0xF9AB,
  0xF9AB, 0xF99B, 0xF99B, 0xF99B, 0xF89B, 0xF89B, 0xF89B, 0xF78A,
  0xF999, 0xFFFF, 0xFFFF, 0x8655, 0x0000, 0x0BBB, 0x0000, 0x2222,
  0xFDCC, 0xFFFE, 0xFFED, 0xFFED, 0xFFEE, 0xFFED, 0x9433, 0x0000,
  0x0666, 0x0440, 0x0000, 0x4222, 0xFEDC, 0xFFEE, 0xFFED, 0xFFED,
  0xFFED, 0xFFED, 0xFFED, 0xFFFE, 0xFCBB, 0x3111, 0x0000, 0x0555,
  0x0000, 0x8222, 0xFEDC, 0xFFED, 0xFFDD, 0xFFDD, 0xFFDD, 0xFFDD,
  0xFFDD, 0xFFDD, 0xFFDD, 0xFFDC, 0xFFEE, 0xDA88, 0x1000, 0x0000,
  0x0000, 0x0000, 0x0000, 0x0000, 0x0000, 0x0000, 0x0000, 0x0000,
  0x0000, 0x0000, 0x0000, 0x0000, 0x0000, 0x0000, 0x0000, 0x0000,
  0x0000, 0x0000, 0x0000, 0x0000, 0x0000, 0x0000, 0x0000, 0x0000,
  0x0000, 0x0000, 0x0000, 0x0000, 0x0000, 0x0000, 0x0000, 0x0000,
  0x0000, 0x0444, 0x0000, 0x3000, 0xEBBB, 0xFFFF, 0xF889, 0xF9AA,
  0xFBCD, 0xFABC, 0xFBBC, 0xFABC, 0xFABC, 0xFABC, 0xFABC, 0xFABC,
  0xFAAB, 0xFAAB, 0xFAAB, 0xF9AB, 0xF9AB, 0xFAAB, 0xFABC, 0xFAAC,
  0xFAAC, 0xFAAB, 0xFAAB, 0xF9AB, 0xF99A, 0xF99A, 0xF99A, 0xF99A,
  0xF99A, 0xF99A, 0xF99A, 0xF99A, 0xF99A, 0xF89A, 0xF89A, 0xF89A,
  0xF99A, 0xF99B, 0xF99B, 0xF89B, 0xF89B, 0xF89A, 0xF89B, 0xF778,
  0xFEEE, 0xFFFF, 0xEBBB, 0x1000, 0x0FFF, 0x0000, 0x0000, 0x3332,
  0xFEDD, 0xFFEE, 0xFFED, 0xFFED, 0xFFEE, 0xFFED, 0x9554, 0x0000,
  0x0666, 0x0000, 0x0000, 0x0000, 0xDBA9, 0xFFFE, 0xFFED, 0xFFED,
  0xFFED, 0xFFED, 0xFFED, 0xFFED, 0xFFFE, 0xB877, 0x0000, 0x0BBB,
  0x0999, 0x1000, 0xB766, 0xFFEE, 0xFFED, 0xFFDD, 0xFFDD, 0xFFDD,
  0xFFDD, 0xFFDD, 0xFFDD, 0xFFDD, 0xFFDD, 0xFFED, 0xB766, 0x0000,
  0x0FAA, 0x0000, 0x0000, 0x0000, 0x0000, 0x0000, 0x0000, 0x0000,
  0x0000, 0x0000, 0x0000, 0x0000, 0x0000, 0x0000, 0x0000, 0x0000,
  0x0000, 0x0000, 0x0000, 0x0000, 0x0000, 0x0000, 0x0000, 0x0000,
  0x0000, 0x0000, 0x0000, 0x0000, 0x0000, 0x0000, 0x0000, 0x0000,
  0x0000, 0x0000, 0x0777, 0x0000, 0x4222, 0xEBBB, 0xFFFF, 0xF889,
  0xF99A, 0xFBCD, 0xFABC, 0xFABC, 0xFABC, 0xFABC, 0xFABC, 0xFAAB,
  0xFAAB, 0xF9AB, 0xF9AB, 0xF9AB, 0xF99B, 0xFAAB, 0xFAAC, 0xFAAB,
  0xFAAB, 0xFAAB, 0xFAAB, 0xFAAB, 0xF9AB, 0xF99A, 0xF99A, 0xF99A,
  0xF99A, 0xF99A, 0xF99A, 0xF99A, 0xF89A, 0xF89A, 0xF89A, 0xF89A,
  0xF89A, 0xF89A, 0xF89B, 0xF89B, 0xF89A, 0xF99B, 0xF678, 0xFBBB,
  0xFFFF, 0xFFFF, 0x7555, 0x0000, 0x0AAA, 0x0000, 0x0000, 0x5222,
  0xFEDD, 0xFFEE, 0xFFED, 0xFFED, 0xFFED, 0xFFFE, 0x9A99, 0x0000,
  0x0C99, 0x0000, 0x0FFF, 0x0000, 0x9776, 0xFFFE, 0xFFED, 0xFFED,
  0xFFED, 0xFFED, 0xFFED, 0xFFED, 0xFFEE, 0xFDCC, 0x5332, 0x0000,
  0x0663, 0x0000, 0x1000, 0xD988, 0xFFEE, 0xFFDD, 0xFFDD, 0xFFDD,
  0xFFDD, 0xFFDD, 0xFFDD, 0xFFDD, 0xFFDC, 0xFFDD, 0xFFDD, 0x8554,
  0x0000, 0x0AAA, 0x0000, 0x0000, 0x0000, 0x0000, 0x0000, 0x0000,
  0x0000, 0x0000, 0x0000, 0x0000, 0x0000, 0x0000, 0x0000, 0x0000,
  0x0000, 0x0000, 0x0000, 0x0000, 0x0000, 0x0000, 0x0000, 0x0000,
  0x0000, 0x0000, 0x0000, 0x0000, 0x0000, 0x0000, 0x0000, 0x0000,
  0x0000, 0x0000, 0x0000, 0x0777, 0x0000, 0x5333, 0xFCCC, 0xFFFF,
  0xF888, 0xF99A, 0xFBBC, 0xFABC, 0xFABC, 0xFAAB, 0xFAAB, 0xF9AB,
  0xF9AB, 0xF9AB, 0xF9AB, 0xF9AB, 0xF99B, 0xF9AB, 0xFAAB, 0xFAAB,
  0xFAAB, 0xFAAB, 0xFAAB, 0xF9AB, 0xF9AB, 0xF9AB, 0xF99B, 0xF99A,
  0xF99A, 0xF99A, 0xF99A, 0xF89A, 0xF89A, 0xF89A, 0xF89A, 0xF89A,
  0xF89A, 0xF88A, 0xF88A, 0xF89A, 0xF99B, 0xF779, 0xF999, 0xFFFF,
  0xFFFF, 0xC888, 0x1000, 0x0FFF, 0x0000, 0x0000, 0x0000, 0x5222,
  0xFEDD, 0xFFEE, 0xFFED, 0xFFED, 0xFFED, 0xFFFE, 0x9BAA, 0x0000,
  0x0FFB, 0x0000, 0x0000, 0x0000, 0x4222, 0xFDCC, 0xFFEE, 0xFFED,
  0xFFED, 0xFFED, 0xFFED, 0xFFED, 0xFFDD, 0xFFFE, 0xC988, 0x0000,
  0x0FFF, 0x0444, 0x0000, 0x3111, 0xFBA9, 0xFFEE, 0xFFDC, 0xFFDD,
  0xFFDD, 0xFFDD, 0xFFDD, 0xFFDD, 0xFFDD, 0xFFDC, 0xFFED, 0xFCAA,
  0x3000, 0x0FFF, 0x0000, 0x0000, 0x0000, 0x0000, 0x0000, 0x0000,
  0x0000, 0x0000, 0x0000, 0x0000, 0x0000, 0x0000, 0x0000, 0x0000,
  0x0000, 0x0000, 0x0000, 0x0000, 0x0000, 0x0000, 0x0000, 0x0000,
  0x0000, 0x0000, 0x0000, 0x0000, 0x0000, 0x0000, 0x0000, 0x0000,
  0x0000, 0x0000, 0x0000, 0x0000, 0x0999, 0x0000, 0x7444, 0xFDDD,
  0xFFFF, 0xF889, 0xF89A, 0xFBBC, 0xF9AB, 0xF9AB, 0xF9AB, 0xF9AB,
  0xF9AB, 0xF9AB, 0xF99B, 0xF99B, 0xF99B, 0xF99B, 0xFAAB, 0xFAAB,
  0xFAAB, 0xFAAB, 0xF9AB, 0xF9AB, 0xF9AB, 0xF9AB, 0xF9AB, 0xF9AB,
  0xF99B, 0xF99A, 0xF99A, 0xF89A, 0xF89A, 0xF89A, 0xF89A, 0xF88A,
  0xF88A, 0xF88A, 0xF88A, 0xF88A, 0xF78A, 0xF788, 0xFFFF, 0xFFFF,
  0xFBBB, 0x3000, 0x0000, 0x0555, 0x0000, 0x0000, 0x0000, 0x6222,
  0xFEDC, 0xFFEE, 0xFFED, 0xFFED, 0xFFED, 0xFFFE, 0xACBA, 0x0000,
  0x0FFF, 0x0000, 0x0000, 0x0FFF, 0x0000, 0xC998, 0xFFFE, 0xFFED,
  0xFFED, 0xFFED, 0xFFED, 0xFFED, 0xFFED, 0xFFED, 0xFECC, 0x5333,
  0x0000, 0x0555, 0x0744, 0x0000, 0x5222, 0xFCBA, 0xFFED, 0xFFDC,
  0xFFDD, 0xFFDD, 0xFFDD, 0xFFDD, 0xFFDC, 0xFFDC, 0xFFDC, 0xFFED,
  0xA766, 0x0000, 0x0FFF, 0x0000, 0x0000, 0x0000, 0x0000, 0x0000,
  0x0000, 0x0000, 0x0000, 0x0000, 0x0000, 0x0000, 0x0000, 0x0000,
  0x0000, 0x0000, 0x0000, 0x0000, 0x0000, 0x0000, 0x0000, 0x0000,
  0x0000, 0x0000, 0x0000, 0x0000, 0x0000, 0x0000, 0x0000, 0x0000,
  0x0000, 0x0000, 0x0000, 0x0000, 0x0000, 0x0BBB, 0x0000, 0x8555,
  0xFEEE, 0xFFFF, 0xF889, 0xF889, 0xFAAB, 0xF99B, 0xF9AB, 0xF9AB,
  0xF9AB, 0xF99B, 0xF99B, 0xF99B, 0xF99A, 0xF9AB, 0xFAAB, 0xFAAB,
  0xFAAB, 0xF9AB, 0xF9AB, 0xF9AB, 0xF9AB, 0xF9AB, 0xF9AB, 0xF9AB,
  0xF9AB, 0xF9AB, 0xF99B, 0xF99B, 0xF99B, 0xF99B, 0xF89B, 0xF89A,
  0xF89A, 0xF89A, 0xF89A, 0xF78A, 0xF667, 0xFDDD, 0xFFFF, 0xFCCC,
  0x6333, 0x0000, 0x0555, 0x0000, 0x0000, 0x0000, 0x0000, 0x6222,
  0xFEDC, 0xFFEE, 0xFFED, 0xFFED, 0xFFED, 0xFFFE, 0xCCBA, 0x0000,
  0x0000, 0x0000, 0x0000, 0x0777, 0x0000, 0x6444, 0xFEDD, 0xFFED,
  0xFFED, 0xFFED, 0xFFED, 0xFFED, 0xFFED, 0xFFDD, 0xFFEE, 0xC877,
  0x0000, 0x0FFF, 0x0000, 0x0777, 0x0000, 0x6322, 0xFCBB, 0xFFED,
  0xFFDC, 0xFFDD, 0xFFDD, 0xFFDC, 0xFFDC, 0xFFDC, 0xFFDC, 0xFFED,
  0xEBA9, 0x1000, 0x0000, 0x0000, 0x0000, 0x0000, 0x0000, 0x0000,
  0x0000, 0x0000, 0x0000, 0x0000, 0x0000, 0x0000, 0x0000, 0x0000,
  0x0000, 0x0000, 0x0000, 0x0000, 0x0000, 0x0000, 0x0000, 0x0000,
  0x0000, 0x0000, 0x0000, 0x0000, 0x0000, 0x0000, 0x0000, 0x0000,
  0x0000, 0x0000, 0x0000, 0x0000, 0x0000, 0x0000, 0x0FFF, 0x0000,
  0xA777, 0xFFFF, 0xFFFF, 0xF999, 0xF889, 0xFAAB, 0xF99B, 0xF99B,
  0xF99B, 0xF99B, 0xF99B, 0xF99B, 0xF99A, 0xF9AB, 0xFAAB, 0xF9AB,
  0xF9AB, 0xF9AB, 0xF9AB, 0xF9AB, 0xF9AB, 0xF9AB, 0xF9AB, 0xF9AB,
  0xF9AB, 0xF99B, 0xF99B, 0xF99B, 0xF99B, 0xF89B, 0xF89B, 0xF89B,
  0xF89B, 0xF89A, 0xF89B, 0xF667, 0xFDDD, 0xFFFF, 0xFCCC, 0x6333,
  0x0000, 0x0777, 0x0000, 0x0000, 0x0000, 0x0000, 0x0000, 0x6222,
  0xFEDC, 0xFFEE, 0xFFED, 0xFFED, 0xFFED, 0xFFFE, 0xEA98, 0x1000,
  0x0000, 0x0000, 0x0000, 0x0000, 0x0FFF, 0x1000, 0xDA99, 0xFFFE,
  0xFFDD, 0xFFED, 0xFFED, 0xFFED, 0xFFED, 0xFFDD, 0xFFED, 0xFCBB,
  0x3111, 0x0FFF, 0x0555, 0x0000, 0x0777, 0x0000, 0x6333, 0xFCBB,
  0xFFED, 0xFFDC, 0xFFDC, 0xFFDC, 0xFFDC, 0xFFDC, 0xFFDC, 0xFFED,
  0xFECB, 0x6111, 0x0000, 0x0444, 0x0000, 0x0000, 0x0000, 0x0000,
  0x0000, 0x0000, 0x0000, 0x0000, 0x0000, 0x0000, 0x0000, 0x0000,
  0x0000, 0x0000, 0x0000, 0x0000, 0x0000, 0x0000, 0x0000, 0x0000,
  0x0000, 0x0000, 0x0000, 0x0000, 0x0000, 0x0000, 0x0000, 0x0000,
  0x0000, 0x0000, 0x0000, 0x0000, 0x0000, 0x0000, 0x0000, 0x0FFF,
  0x1000, 0xC888, 0xFFFF, 0xFFFF, 0xF9AA, 0xF889, 0xFAAC, 0xF9AB,
  0xF9AB, 0xF99A, 0xF99A, 0xF99A, 0xF9AB, 0xFAAB, 0xF9AB, 0xF9AB,
  0xF9AB, 0xF9AB, 0xF9AB, 0xF9AB, 0xF9AB, 0xF9AB, 0xF9AB, 0xF9AB,
  0xF99B, 0xF99B, 0xF99B, 0xF99B, 0xF89B, 0xF89B, 0xF89B, 0xF89A,
  0xF89A, 0xF89B, 0xF668, 0xFCCC, 0xFFFF, 0xFDDD, 0x6333, 0x0000,
  0x0999, 0x0000, 0x0000, 0x0000, 0x0000, 0x0000, 0x0000, 0x6211,
  0xFEDC, 0xFFEE, 0xFFED, 0xFFED, 0xFFED, 0xFFFE, 0xF988, 0x2000,
  0x0000, 0x0000, 0x0000, 0x0000, 0x0FAA, 0x0000, 0x7655, 0xFEED,
  0xFFED, 0xFFED, 0xFFED, 0xFFDD, 0xFFDD, 0xFFDD, 0xFFDD, 0xFFED,
  0x9665, 0x0000, 0x0FFF, 0x0000, 0x0000, 0x0666, 0x0000, 0x6333,
  0xFCBA, 0xFFEE, 0xFFDC, 0xFFDC, 0xFFDC, 0xFFDC, 0xFFDC, 0xFFED,
  0xFFDC, 0x7866, 0x0000, 0x0B77, 0x0000, 0x0000, 0x0000, 0x0000,
  0x0000, 0x0000, 0x0000, 0x0000, 0x0000, 0x0000, 0x0000, 0x0000,
  0x0000, 0x0000, 0x0000, 0x0000, 0x0000, 0x0000, 0x0000, 0x0000,
  0x0000, 0x0000, 0x0000, 0x0000, 0x0000, 0x0000, 0x0000, 0x0000,
  0x0000, 0x0000, 0x0000, 0x0000, 0x0000, 0x0000, 0x0000, 0x0000,
  0x0000, 0x2000, 0xD999, 0xFFFF, 0xFFFF, 0xFAAA, 0xF889, 0xFABC,
  0xFAAB, 0xFAAB, 0xF9AB, 0xF9AB, 0xFAAB, 0xF9AB, 0xF9AB, 0xF9AB,
  0xF9AB, 0xF9AB, 0xF9AB, 0xF9AB, 0xF9AB, 0xF9AB, 0xF9AB, 0xF99B,
  0xF99B, 0xF99B, 0xF99B, 0xF89B, 0xF89B, 0xF89B, 0xF89A, 0xF89A,
  0xF89B, 0xF668, 0xFBBB, 0xFFFF, 0xFDDD, 0x6444, 0x0000, 0x0999,
  0x0000, 0x0000, 0x0000, 0x0000, 0x0000, 0x0000, 0x0000, 0x6211,
  0xFEDC, 0xFFEE, 0xFFED, 0xFFED, 0xFFED, 0xFFFE, 0xF988, 0x2000,
  0x0000, 0x0000, 0x0000, 0x0000, 0x0000, 0x0FFF, 0x2000, 0xECBA,
  0xFFED, 0xFFDD, 0xFFDD, 0xFFDD, 0xFFDD, 0xFFDD, 0xFFDD, 0xFFED,
  0xEB99, 0x2000, 0x0FFF, 0x0000, 0x0000, 0x0000, 0x0666, 0x0000,
  0x5322, 0xEA99, 0xFFED, 0xFFED, 0xFFDC, 0xFFDC, 0xFFDD, 0xFEDC,
  0xFDAA, 0x7A87, 0x0000, 0x0B77, 0x0000, 0x0000, 0x0000, 0x0000,
  0x0000, 0x0000, 0x0000, 0x0000, 0x0000, 0x0000, 0x0000, 0x0000,
  0x0000, 0x0000, 0x0000, 0x0000, 0x0000, 0x0000, 0x0000, 0x0000,
  0x0000, 0x0000, 0x0000, 0x0000, 0x0000, 0x0000, 0x0000, 0x0000,
  0x0000, 0x0000, 0x0000, 0x0000, 0x0000, 0x0000, 0x0000, 0x0000,
  0x0000, 0x0000, 0x2000, 0xEAAA, 0xFFFF, 0xFFFF, 0xFAAA, 0xF889,
  0xFABC, 0xF9AB, 0xFAAB, 0xF9AB, 0xF9AB, 0xF9AB, 0xF9AB, 0xF9AB,
  0xF9AB, 0xF9AB, 0xF9AB, 0xF9AB, 0xF9AB, 0xF9AB, 0xF99B, 0xF99B,
  0xF99B, 0xF99B, 0xF89B, 0xF89B, 0xF89B, 0xF89A, 0xF89B, 0xF89A,
  0xF667, 0xFBBB, 0xFFFF, 0xFDDD, 0x6444, 0x0000, 0x0999, 0x0000,
  0x0000, 0x0000, 0x0000, 0x0000, 0x0000, 0x0000, 0x0000, 0x5222,
  0xFEDC, 0xFFED, 0xFFED, 0xFFED, 0xFFDD, 0xFFFE, 0xF998, 0x2000,
  0x0000, 0x0000, 0x0000, 0x0000, 0x0000, 0x0FFF, 0x0000, 0xB876,
  0xFFEE, 0xFFDD, 0xFFDD, 0xFFDD, 0xFFDD, 0xFFDD, 0xFFDD, 0xFFED,
  0xFECC, 0x5544, 0x0000, 0x0555, 0x0000, 0x0000, 0x0000, 0x0A55,
  0x0000, 0x2000, 0xA766, 0xFCBB, 0xFFED, 0xFFED, 0xFFEE, 0xFB99,
  0xFB88, 0x5333, 0x0000, 0x0400, 0x0000, 0x0000, 0x0000, 0x0000,
  0x0000, 0x0000, 0x0000, 0x0000, 0x0000, 0x0000, 0x0000, 0x0000,
  0x0000, 0x0000, 0x0000, 0x0000, 0x0000, 0x0000, 0x0000, 0x0000,
  0x0000, 0x0000, 0x0000, 0x0000, 0x0000, 0x0000, 0x0000, 0x0000,
  0x0000, 0x0000, 0x0000, 0x0000, 0x0000, 0x0000, 0x0000, 0x0000,
  0x0000, 0x0777, 0x0000, 0x4333, 0xFCCC, 0xFFFF, 0xFFFF, 0xF788,
  0xF889, 0xFABC, 0xF9AB, 0xF9AB, 0xF9AB, 0xF9AB, 0xF9AB, 0xF9AB,
  0xF9AB, 0xF9AB, 0xF9AB, 0xF9AB, 0xF99B, 0xF99B, 0xF99B, 0xF99B,
  0xF89B, 0xF89B, 0xF89B, 0xF89B, 0xF89A, 0xF99B, 0xF78A, 0xF667,
  0xFCCC, 0xFFFF, 0xFDDD, 0x6444, 0x0000, 0x0999, 0x0000, 0x0000,
  0x0000, 0x0000, 0x0000, 0x0000, 0x0000, 0x0000, 0x0000, 0x2222,
  0xEDCC, 0xFFED, 0xFFED, 0xFFED, 0xFFED, 0xFFEE, 0xFBAA, 0x2221,
  0x0000, 0x0777, 0x0000, 0x0000, 0x0000, 0x0444, 0x0FF0, 0x5444,
  0xFECC, 0xFFED, 0xFFDD, 0xFFDD, 0xFFDD, 0xFFDD, 0xFFDD, 0xFFDC,
  0xFFED, 0xA665, 0x0000, 0x0FFF, 0x0000, 0x0000, 0x0000, 0x0000,
  0x0555, 0x0000, 0x0000, 0x4111, 0xB987, 0xFBAA, 0xF877, 0xFB88,
  0xA976, 0x0000, 0x0FFF, 0x0000, 0x0000, 0x0000, 0x0000, 0x0000,
  0x0000, 0x0000, 0x0000, 0x0000, 0x0000, 0x0000, 0x0000, 0x0000,
  0x0000, 0x0000, 0x0000, 0x0000, 0x0000, 0x0000, 0x0000, 0x0000,
  0x0000, 0x0000, 0x0000, 0x0000, 0x0000, 0x0000, 0x0000, 0x0000,
  0x0000, 0x0000, 0x0000, 0x0000, 0x0000, 0x0000, 0x0000, 0x0000,
  0x0000, 0x0000, 0x0777, 0x0000, 0x7444, 0xFDDD, 0xFFFF, 0xFBCD,
  0xF567, 0xF89A, 0xFAAC, 0xF9AB, 0xF9AB, 0xF9AB, 0xF9AB, 0xF9AB,
  0xF9AB, 0xF9AB, 0xF9AB, 0xF99B, 0xF99B, 0xF99B, 0xF99B, 0xF89B,
  0xF89B, 0xF89B, 0xF89A, 0xF89A, 0xF99B, 0xF779, 0xF778, 0xFDDD,
  0xFFFF, 0xFCCC, 0x6333, 0x0000, 0x0BBB, 0x0000, 0x0000, 0x0000,
  0x0000, 0x0000, 0x0000, 0x0000, 0x0000, 0x0000, 0x0000, 0x1000,
  0xEA98, 0xFFEE, 0xFFDD, 0xFFED, 0xFFED, 0xFFED, 0xFEDC, 0x3665,
  0x0000, 0x0777, 0x0000, 0x0000, 0x0000, 0x0000, 0x0FFF, 0x0000,
  0xC987, 0xFFEE, 0xFFDD, 0xFFDD, 0xFFDD, 0xFFDD, 0xFFDD, 0xFFDC,
  0xFFED, 0xCB99, 0x0000, 0x0FFF, 0x0000, 0x0000, 0x0000, 0x0000,
  0x0000, 0x0000, 0x0FFF, 0x0000, 0x0000, 0x3000, 0x7111, 0x5433,
  0x0000, 0x0000, 0x0000, 0x0000, 0x0000, 0x0000, 0x0000, 0x0000,
  0x0000, 0x0000, 0x0000, 0x0000, 0x0000, 0x0000, 0x0000, 0x0000,
  0x0000, 0x0000, 0x0000, 0x0000, 0x0000, 0x0000, 0x0000, 0x0000,
  0x0000, 0x0000, 0x0000, 0x0000, 0x0000, 0x0000, 0x0000, 0x0000,
  0x0000, 0x0000, 0x0000, 0x0000, 0x0000, 0x0000, 0x0000, 0x0000,
  0x0000, 0x0000, 0x0000, 0x0FFF, 0x0000, 0x8555, 0xFEEE, 0xFCCD,
  0xF99B, 0xF667, 0xF9AB, 0xF9AB, 0xF9AB, 0xF9AB, 0xF9AB, 0xF9AB,
  0xF9AB, 0xF99B, 0xF99B, 0xF99B, 0xF99B, 0xF99B, 0xF89B, 0xF89B,
  0xF89A, 0xF89A, 0xF99B, 0xF89A, 0xF678, 0xF999, 0xFFFF, 0xFFFF,
  0xDAAA, 0x4222, 0x0000, 0x0BBB, 0x0000, 0x0000, 0x0000, 0x0000,
  0x0000, 0x0000, 0x0000, 0x0000, 0x0000, 0x0000, 0x0000, 0x0000,
  0xD887, 0xFFFE, 0xFFDD, 0xFFED, 0xFFED, 0xFFED, 0xFFDD, 0x4665,
  0x0000, 0x0A55, 0x0000, 0x0000, 0x0000, 0x0000, 0x0555, 0x0000,
  0x4222, 0xFDBB, 0xFFED, 0xFFDC, 0xFFDD, 0xFFDD, 0xFFDD, 0xFFDC,
  0xFFED, 0xFCAA, 0x3000, 0x0000, 0x0000, 0x0000, 0x0000, 0x0000,
  0x0000, 0x0000, 0x0000, 0x0555, 0x0FFF, 0x0000, 0x0000, 0x0000,
  0x0000, 0x0000, 0x0000, 0x0000, 0x0000, 0x0000, 0x0000, 0x0000,
  0x0000, 0x0000, 0x0000, 0x0000, 0x0000, 0x0000, 0x0000, 0x0000,
  0x0000, 0x0000, 0x0000, 0x0000, 0x0000, 0x0000, 0x0000, 0x0000,
  0x0000, 0x0000, 0x0000, 0x0000, 0x0000, 0x0000, 0x0000, 0x0000,
  0x0000, 0x0000, 0x0000, 0x0000, 0x0000, 0x0000, 0x0000, 0x0000,
  0x0000, 0x0000, 0x0000, 0x0000, 0x0FFF, 0x0000, 0xB777, 0xFABC,
  0xF9AB, 0xF89A, 0xF667, 0xF9AB, 0xF9AB, 0xF9AB, 0xF9AB, 0xF9AB,
  0xF99B, 0xF99B, 0xF99B, 0xF99B, 0xF99B, 0xF89B, 0xF89B, 0xF89A,
  0xF99B, 0xF89B, 0xF779, 0xF778, 0xFBBB, 0xFFFF, 0xFEEE, 0xB888,
  0x2000, 0x0000, 0x0AAA, 0x0000, 0x0000, 0x0000, 0x0000, 0x0000,
  0x0000, 0x0000, 0x0000, 0x0000, 0x0000, 0x0000, 0x0FBB, 0x0000,
  0x9988, 0xFFED, 0xFFED, 0xFFED, 0xFFED, 0xFFED, 0xFFDD, 0x5554,
  0x0000, 0x0A55, 0x0000, 0x0000, 0x0000, 0x0000, 0x0000, 0x0AAA,
  0x0000, 0x9665, 0xFFED, 0xFFDD, 0xFFDD, 0xFFDD, 0xFFDD, 0xFFDC,
  0xFFED, 0xFCBA, 0x4100, 0x0000, 0x0055, 0x0000, 0x0000, 0x0000,
  0x0000, 0x0000, 0x0000, 0x0000, 0x0000, 0x0000, 0x0333, 0x0444,
  0x0000, 0x0000, 0x0000, 0x0000, 0x0000, 0x0000, 0x0000, 0x0000,
  0x0000, 0x0000, 0x0000, 0x0000, 0x0000, 0x0000, 0x0000, 0x0000,
  0x0000, 0x0000, 0x0000, 0x0000, 0x0000, 0x0000, 0x0000, 0x0000,
  0x0000, 0x0000, 0x0000, 0x0000, 0x0000, 0x0000, 0x0000, 0x0000,
  0x0000, 0x0000, 0x0000, 0x0000, 0x0000, 0x0000, 0x0000, 0x0000,
  0x0000, 0x0000, 0x0000, 0x0000, 0x0000, 0x0FFF, 0x2000, 0xD667,
  0xFABC, 0xF9AB, 0xF889, 0xF667, 0xF9AB, 0xF99B, 0xF9AB, 0xF99B,
  0xF99B, 0xF99B, 0xF99B, 0xF89B, 0xF89B, 0xF89A, 0xF99B, 0xF89B,
  0xF779, 0xF678, 0xF9AA, 0xFFFE, 0xFFFF, 0xFCCC, 0x7555, 0x0000,
  0x0000, 0x0555, 0x0000, 0x0000, 0x0000, 0x0000, 0x0000, 0x0000,
  0x0000, 0x0000, 0x0000, 0x0000, 0x0000, 0x0000, 0x0444, 0x0000,
  0x5222, 0xFEDC, 0xFFED, 0xFFDD, 0xFFDD, 0xFFED, 0xFFDD, 0x5544,
  0x0000, 0x0A55, 0x0000, 0x0000, 0x0000, 0x0000, 0x0000, 0x0000,
  0x0FFF, 0x1000, 0xDA88, 0xFFEE, 0xFFDC, 0xFFDC, 0xFFDC, 0xFFDC,
  0xFFDD, 0xFDAA, 0x4644, 0x0000, 0x0A55, 0x0000, 0x0000, 0x0000,
  0x0000, 0x0000, 0x0000, 0x0000, 0x0000, 0x0000, 0x0000, 0x0000,
  0x0000, 0x0000, 0x0000, 0x0000, 0x0000, 0x0000, 0x0000, 0x0000,
  0x0000, 0x0000, 0x0000, 0x0000, 0x0000, 0x0000, 0x0000, 0x0000,
  0x0000, 0x0000, 0x0000, 0x0000, 0x0000, 0x0000, 0x0000, 0x0000,
  0x0000, 0x0000, 0x0000, 0x0000, 0x0000, 0x0000, 0x0000, 0x0000,
  0x0000, 0x0000, 0x0000, 0x0000, 0x0000, 0x0000, 0x0000, 0x0000,
  0x0000, 0x0000, 0x0000, 0x0000, 0x0000, 0x0555, 0x0000, 0x5222,
  0xF88A, 0xF9AC, 0xF9AC, 0xF678, 0xF789, 0xF9AB, 0xF99B, 0xF99B,
  0xF99B, 0xF99B, 0xF89A, 0xF99B, 0xF99B, 0xF99B, 0xF789, 0xF678,
  0xF9AA, 0xFEEE, 0xFFFF, 0xFFFF, 0xDAAA, 0x5333, 0x0000, 0x0FFF,
  0x0000, 0x0000, 0x0000, 0x0000, 0x0000, 0x0000, 0x0000, 0x0000,
  0x0000, 0x0000, 0x0000, 0x0000, 0x0000, 0x0000, 0x0000, 0x0FFF,
  0x0000, 0xD987, 0xFFFE, 0xFFED, 0xFFED, 0xFFDD, 0xFDAA, 0x3533,
  0x0000, 0x0777, 0x0000, 0x0000, 0x0000, 0x0000, 0x0000, 0x0000,
  0x0555, 0x0000, 0x3222, 0xFCAA, 0xFFEE, 0xFFDD, 0xFFDD, 0xFFED,
  0xFBA9, 0xFB88, 0x4322, 0x0000, 0x0500, 0x0000, 0x0000, 0x0000,
  0x0000, 0x0000, 0x0000, 0x0000, 0x0000, 0x0000, 0x0000, 0x0000,
  0x0000, 0x0000, 0x0000, 0x0000, 0x0000, 0x0000, 0x0000, 0x0000,
  0x0000, 0x0000, 0x0000, 0x0000, 0x0000, 0x0000, 0x0000, 0x0000,
  0x0000, 0x0000, 0x0000, 0x0000, 0x0000, 0x0000, 0x0000, 0x0000,
  0x0000, 0x0000, 0x0000, 0x0000, 0x0000, 0x0000, 0x0000, 0x0000,
  0x0000, 0x0000, 0x0000, 0x0000, 0x0000, 0x0000, 0x0000, 0x0000,
  0x0000, 0x0000, 0x0000, 0x0000, 0x0000, 0x0000, 0x0366, 0x0000,
  0x8333, 0xF99B, 0xF9AB, 0xF9AB, 0xF667, 0xF89A, 0xF9AB, 0xF89B,
  0xF99B, 0xF99B, 0xF9AB, 0xF89A, 0xF789, 0xF567, 0xF999, 0xFEEE,
  0xFFFF, 0xFFFF, 0xDAAA, 0x6555, 0x1000, 0x0000, 0x0AAA, 0x0000,
  0x0000, 0x0000, 0x0000, 0x0000, 0x0000, 0x0000, 0x0000, 0x0000,
  0x0000, 0x0000, 0x0000, 0x0000, 0x0000, 0x0000, 0x0000, 0x0777,
  0x0000, 0x3111, 0xEA99, 0xFEDD, 0xFCBA, 0xFDAA, 0xD977, 0x1000,
  0x0FFF, 0x0000, 0x0000, 0x0000, 0x0000, 0x0000, 0x0000, 0x0000,
  0x0000, 0x0555, 0x0000, 0x4433, 0xEA99, 0xFEDC, 0xFECC, 0xFB98,
  0xFDA9, 0xEA88, 0x2000, 0x0FFF, 0x0000, 0x0000, 0x0000, 0x0000,
  0x0000, 0x0000, 0x0000, 0x0000, 0x0000, 0x0000, 0x0000, 0x0000,
  0x0000, 0x0000, 0x0000, 0x0000, 0x0000, 0x0000, 0x0000, 0x0000,
  0x0000, 0x0000, 0x0000, 0x0000, 0x0000, 0x0000, 0x0000, 0x0000,
  0x0000, 0x0000, 0x0000, 0x0000, 0x0000, 0x0000, 0x0000, 0x0000,
  0x0000, 0x0000, 0x0000, 0x0000, 0x0000, 0x0000, 0x0000, 0x0000,
  0x0000, 0x0000, 0x0000, 0x0000, 0x0000, 0x0000, 0x0000, 0x0000,
  0x0000, 0x0000, 0x0000, 0x0000, 0x0000, 0x0000, 0x0000, 0x0AAF,
  0x0000, 0xC556, 0xF9AB, 0xF9AB, 0xF89A, 0xF567, 0xF99B, 0xF9AB,
  0xF89A, 0xF789, 0xF667, 0xF567, 0xF668, 0xFCCC, 0xFFFF, 0xFFFF,
  0xFBBB, 0x8777, 0x1000, 0x0000, 0x0000, 0x0555, 0x0000, 0x0000,
  0x0000, 0x0000, 0x0000, 0x0000, 0x0000, 0x0000, 0x0000, 0x0000,
  0x0000, 0x0000, 0x0000, 0x0000, 0x0000, 0x0000, 0x0000, 0x0000,
  0x0550, 0x0000, 0x4000, 0xE654, 0xFDAA, 0xFC98, 0x5433, 0x0000,
  0x0555, 0x0000, 0x0000, 0x0000, 0x0000, 0x0000, 0x0000, 0x0000,
  0x0000, 0x0000, 0x0555, 0x0000, 0x3000, 0xB222, 0xF544, 0xFC99,
  0xEA87, 0x5322, 0x0000, 0x0777, 0x0000, 0x0000, 0x0000, 0x0000,
  0x0000, 0x0000, 0x0000, 0x0000, 0x0000, 0x0000, 0x0000, 0x0000,
  0x0000, 0x0000, 0x0000, 0x0000, 0x0000, 0x0000, 0x0000, 0x0000,
  0x0000, 0x0000, 0x0000, 0x0000, 0x0000, 0x0000, 0x0000, 0x0000,
  0x0000, 0x0000, 0x0000, 0x0000, 0x0000, 0x0000, 0x0000, 0x0000,
  0x0000, 0x0000, 0x0000, 0x0000, 0x0000, 0x0000, 0x0000, 0x0000,
  0x0000, 0x0000, 0x0000, 0x0000, 0x0000, 0x0000, 0x0000, 0x0000,
  0x0000, 0x0000, 0x0000, 0x0000, 0x0000, 0x0000, 0x0000, 0x0000,
  0x0000, 0x2000, 0xE678, 0xF9AB, 0xF9AB, 0xF779, 0xF678, 0xF678,
  0xF678, 0xF667, 0xF789, 0xF9AB, 0xF9AB, 0xFCCD, 0xEAAA, 0x8777,
  0x2000, 0x0000, 0x0000, 0x0777, 0x0000, 0x0000, 0x0000, 0x0000,
  0x0000, 0x0000, 0x0000, 0x0000, 0x0000, 0x0000, 0x0000, 0x0000,
  0x0000, 0x0000, 0x0000, 0x0000, 0x0000, 0x0000, 0x0000, 0x0000,
  0x0000, 0x0000, 0x0000, 0x0000, 0x0000, 0x0000, 0x0000, 0x0000,
  0x0000, 0x0000, 0x0000, 0x0000, 0x0000, 0x0000, 0x0000, 0x0000,
  0x0000, 0x0000, 0x0000, 0x0000, 0x0000, 0x0000, 0x0000, 0x0000,
  0x0000, 0x0000, 0x0000, 0x0000, 0x0000, 0x0000, 0x0000, 0x0000,
  0x0000, 0x0000, 0x0000, 0x0000, 0x0000, 0x0000, 0x0000, 0x0000,
  0x0000, 0x0000, 0x0000, 0x0000, 0x0000, 0x0000, 0x0000, 0x0000,
  0x0000, 0x0000, 0x0000, 0x0000, 0x0000, 0x0000, 0x0000, 0x0000,
  0x0000, 0x0000, 0x0000, 0x0000, 0x0000, 0x0000, 0x0000, 0x0000,
  0x0000, 0x0000, 0x0000, 0x0000, 0x0000, 0x0000, 0x0000, 0x0000,
  0x0000, 0x0000, 0x0000, 0x0000, 0x0000, 0x0000, 0x0000, 0x0000,
  0x0000, 0x0000, 0x0000, 0x0000, 0x0000, 0x0000, 0x0000, 0x0000,
  0x0555, 0x0000, 0x6223, 0xF88A, 0xF9AB, 0xF99B, 0xF89A, 0xF88A,
  0xF9AB, 0xF9AC, 0xF89B, 0xE678, 0x9556, 0x5122, 0x1000, 0x0000,
  0x0000, 0x0AAA, 0x0000, 0x0000, 0x0000, 0x0000, 0x0000, 0x0000,
  0x0000, 0x0000, 0x0000, 0x0000, 0x0000, 0x0000, 0x0000, 0x0000,
  0x0000, 0x0000, 0x0000, 0x0000, 0x0000, 0x0000, 0x0000, 0x0000,
  0x0000, 0x0000, 0x0000, 0x0000, 0x0000, 0x0000, 0x0000, 0x0000,
  0x0000, 0x0000, 0x0000, 0x0000, 0x0000, 0x0000, 0x0000, 0x0000,
  0x0000, 0x0000, 0x0000, 0x0000, 0x0000, 0x0000, 0x0000, 0x0000,
  0x0000, 0x0000, 0x0000, 0x0000, 0x0000, 0x0000, 0x0000, 0x0000,
  0x0000, 0x0000, 0x0000, 0x0000, 0x0000, 0x0000, 0x0000, 0x0000,
  0x0000, 0x0000, 0x0000, 0x0000, 0x0000, 0x0000, 0x0000, 0x0000,
  0x0000, 0x0000, 0x0000, 0x0000, 0x0000, 0x0000, 0x0000, 0x0000,
  0x0000, 0x0000, 0x0000, 0x0000, 0x0000, 0x0000, 0x0000, 0x0000,
  0x0000, 0x0000, 0x0000, 0x0000, 0x0000, 0x0000, 0x0000, 0x0000,
  0x0000, 0x0000, 0x0000, 0x0000, 0x0000, 0x0000, 0x0000, 0x0000,
  0x0000, 0x0000, 0x0000, 0x0000, 0x0000, 0x0000, 0x0000, 0x0000,
  0x0000, 0x0777, 0x0000, 0xA445, 0xF9AB, 0xF9AB, 0xF9AB, 0xF89B,
  0xE778, 0xA567, 0x6223, 0x1000, 0x0000, 0x0000, 0x0000, 0x0BBB,
  0x0000, 0x0000, 0x0000, 0x0000, 0x0000, 0x0000, 0x0000, 0x0000,
  0x0000, 0x0000, 0x0000, 0x0000, 0x0000, 0x0000, 0x0000, 0x0000,
  0x0000, 0x0000, 0x0000, 0x0000, 0x0000, 0x0000, 0x0000, 0x0000,
  0x0000, 0x0000, 0x0000, 0x0000, 0x0000, 0x0000, 0x0000, 0x0000,
  0x0000, 0x0000, 0x0000, 0x0000, 0x0000, 0x0000, 0x0000, 0x0000,
  0x0000, 0x0000, 0x0000, 0x0000, 0x0000, 0x0000, 0x0000, 0x0000,
  0x0000, 0x0000, 0x0000, 0x0000, 0x0000, 0x0000, 0x0000, 0x0000,
  0x0000, 0x0000, 0x0000, 0x0000, 0x0000, 0x0000, 0x0000, 0x0000,
  0x0000, 0x0000, 0x0000, 0x0000, 0x0000, 0x0000, 0x0000, 0x0000,
  0x0000, 0x0000, 0x0000, 0x0000, 0x0000, 0x0000, 0x0000, 0x0000,
  0x0000, 0x0000, 0x0000, 0x0000, 0x0000, 0x0000, 0x0000, 0x0000,
  0x0000, 0x0000, 0x0000, 0x0000, 0x0000, 0x0000, 0x0000, 0x0000,
  0x0000, 0x0000, 0x0000, 0x0000, 0x0000, 0x0000, 0x0000, 0x0000,
  0x0000, 0x0000, 0x0000, 0x0000, 0x0000, 0x0000, 0x0000, 0x0000,
  0x0000, 0x0000, 0x0AAA, 0x2000, 0xD556, 0xF678, 0xA667, 0x7223,
  0x1000, 0x0000, 0x0000, 0x0000, 0x0AAF, 0x0555, 0x0000, 0x0000,
  0x0000, 0x0000, 0x0000, 0x0000, 0x0000, 0x0000, 0x0000, 0x0000,
  0x0000, 0x0000, 0x0000, 0x0000, 0x0000, 0x0000, 0x0000, 0x0000,
  0x0000, 0x0000, 0x0000, 0x0000, 0x0000, 0x0000, 0x0000, 0x0000,
  0x0000, 0x0000, 0x0000, 0x0000, 0x0000, 0x0000, 0x0000, 0x0000,
  0x0000, 0x0000, 0x0000, 0x0000, 0x0000, 0x0000, 0x0000, 0x0000,
  0x0000, 0x0000, 0x0000, 0x0000, 0x0000, 0x0000, 0x0000, 0x0000,
  0x0000, 0x0000, 0x0000, 0x0000, 0x0000, 0x0000, 0x0000, 0x0000,
  0x0000, 0x0000, 0x0000, 0x0000, 0x0000, 0x0000, 0x0000, 0x0000,
  0x0000, 0x0000, 0x0000, 0x0000, 0x0000, 0x0000, 0x0000, 0x0000,
  0x0000, 0x0000, 0x0000, 0x0000, 0x0000, 0x0000, 0x0000, 0x0000,
  0x0000, 0x0000, 0x0000, 0x0000, 0x0000, 0x0000, 0x0000, 0x0000,
  0x0000, 0x0000, 0x0000, 0x0000, 0x0000, 0x0000, 0x0000, 0x0000,
  0x0000, 0x0000, 0x0000, 0x0000, 0x0000, 0x0000, 0x0000, 0x0000,
  0x0000, 0x0000, 0x0000, 0x0000, 0x0000, 0x0000, 0x0000, 0x0000,
  0x0000, 0x0000, 0x0000, 0x0000, 0x0000, 0x0000, 0x0000, 0x0000,
  0x0000, 0x0000, 0x0000, 0x0000, 0x0000, 0x0000, 0x0000, 0x0000,
  0x0000, 0x0000, 0x0000, 0x0000, 0x0000, 0x0000, 0x0000, 0x0000,
  0x0000, 0x0000, 0x0000, 0x0000, 0x0000, 0x0000, 0x0000, 0x0000,
  0x0000, 0x0000, 0x0000, 0x0000, 0x0000, 0x0000, 0x0000, 0x0000,
  0x0FFF, 0x0000, 0x1000, 0x2655, 0x5333, 0x8222, 0x8554, 0x8A98,
  0x9BA9, 0xCA99, 0xE887, 0xF887, 0xF877, 0xD655, 0xB866, 0x9766,
  0x8544, 0x8211, 0x8222, 0x1000, 0x0000, 0x0000, 0x0000, 0x0000,
  0x0000, 0x0000, 0x0000, 0x0000, 0x0000, 0x0000, 0x0000, 0x3000,
  0x7322, 0x9544, 0xA645, 0xB655, 0xD755, 0xD756, 0xB544, 0x1000,
  0x0000, 0x0000, 0x0000, 0x0000, 0x0000, 0x0000, 0x0000, 0x0000,
  0x0000, 0x0000, 0x0000, 0x0000, 0x0000, 0x0000, 0x0000, 0x0000,
  0x0000, 0x0000, 0x0000, 0x0000, 0x0000, 0x0000, 0x0000, 0x0000,
  0x0000, 0x0000, 0x0000, 0x0000, 0x0000, 0x0000, 0x0000, 0x0000,
  0x0000, 0x0000, 0x0000, 0x0000, 0x0000, 0x0000, 0x0000, 0x0000,
  0x0000, 0x0000, 0x0000, 0x0000, 0x0000, 0x0000, 0x0000, 0x0000,
  0x0000, 0x0000, 0x0000, 0x0000, 0x0000, 0x0000, 0x0000, 0x0000,
  0x0000, 0x0000, 0x0000, 0x0000, 0x0000, 0x0000, 0x0000, 0x0000,
  0x0000, 0x0000, 0x0000, 0x0000, 0x0000, 0x0000, 0x0000, 0x0000,
  0x0000, 0x0000, 0x0000, 0x0000, 0x0000, 0x0000, 0x0000, 0x0000,
  0x0000, 0x0000, 0x0000, 0x0000, 0x0000, 0x0000, 0x0000, 0x0FFF,
  0x0000, 0x7544, 0xEA99, 0xEECC, 0xFECC, 0xFECC, 0xFFDC, 0xFFDD,
  0xFFED, 0xFFEE, 0xFFEE, 0xFFEE, 0xFFEE, 0xFCAA, 0xFB89, 0xFB89,
  0xFA88, 0xFA88, 0xFA88, 0x7544, 0x0000, 0x0777, 0x0000, 0x0000,
  0x0000, 0x0000, 0x0000, 0x0000, 0x3000, 0x9544, 0xC756, 0xF977,
  0xFA88, 0xFA89, 0xFB89, 0xFB89, 0xFB99, 0xFB99, 0xFA88, 0x6322,
  0x0000, 0x0444, 0x0000, 0x0000, 0x0000, 0x0000, 0x0000, 0x0000,
  0x0000, 0x0000, 0x0000, 0x0000, 0x0000, 0x0000, 0x0000, 0x0000,
  0x0000, 0x0000, 0x0000, 0x0000, 0x0000, 0x0000, 0x0000, 0x0000,
  0x0000, 0x0000, 0x0000, 0x0000, 0x0000, 0x0000, 0x0000, 0x0000,
  0x0000, 0x0000, 0x0000, 0x0000, 0x0000, 0x0000, 0x0000, 0x0000,
  0x0000, 0x0000, 0x0000, 0x0000, 0x0000, 0x0000, 0x0000, 0x0000,
  0x0000, 0x0000, 0x0000, 0x0000, 0x0000, 0x0000, 0x0000, 0x0000,
  0x0000, 0x0000, 0x0000, 0x0000, 0x0000, 0x0000, 0x0000, 0x0000,
  0x0000, 0x0000, 0x0000, 0x0000, 0x0000, 0x0000, 0x0000, 0x0000,
  0x0000, 0x0000, 0x0000, 0x0000, 0x0000, 0x0000, 0x0000, 0x0000,
  0x0000, 0x0000, 0x0000, 0x0000, 0x0000, 0x0000, 0x0000, 0x0000,
  0x9655, 0xFECC, 0xFFEE, 0xFFDD, 0xFFDD, 0xFFDD, 0xFFDD, 0xFFDD,
  0xFFDD, 0xFFDD, 0xFFDD, 0xFFDD, 0xFFED, 0xFDBB, 0xFA88, 0xFB89,
  0xFB89, 0xFB89, 0xFC9A, 0xD766, 0x0FFF, 0x0000, 0x0000, 0x0000,
  0x0000, 0x0000, 0x0400, 0x0000, 0x6111, 0xF978, 0xFC99, 0xFB89,
  0xFB89, 0xFB89, 0xFB89, 0xFB89, 0xFA88, 0xFA88, 0xFB89, 0xA645,
  0x0000, 0x0FFF, 0x0000, 0x0000, 0x0000, 0x0000, 0x0000, 0x0000,
  0x0000, 0x0000, 0x0000, 0x0000, 0x0000, 0x0000, 0x0000, 0x0000,
  0x0000, 0x0000, 0x0000, 0x0000, 0x0000, 0x0000, 0x0000, 0x0000,
  0x0000, 0x0000, 0x0000, 0x0000, 0x0000, 0x0000, 0x0000, 0x0000,
  0x0000, 0x0000, 0x0000, 0x0000, 0x0000, 0x0000, 0x0000, 0x0000,
  0x0000, 0x0000, 0x0000, 0x0000, 0x0000, 0x0000, 0x0000, 0x0000,
  0x0000, 0x0000, 0x0000, 0x0000, 0x0000, 0x0000, 0x0000, 0x0000,
  0x0000, 0x0000, 0x0000, 0x0000, 0x0000, 0x0000, 0x0000, 0x0000,
  0x0000, 0x0000, 0x0000, 0x0000, 0x0000, 0x0000, 0x0000, 0x0000,
  0x0000, 0x0000, 0x0000, 0x0000, 0x0000, 0x0000, 0x0000, 0x0000,
  0x0000, 0x0000, 0x0000, 0x0000, 0x0000, 0x0FFF, 0x1000, 0xA766,
  0xFFDD, 0xFFED, 0xFFDC, 0xFFDD, 0xFFDD, 0xFFDD, 0xFFDD, 0xFFDD,
  0xFFDD, 0xFFDD, 0xFFED, 0xFFED, 0xFFED, 0xFFED, 0xFB99, 0xFA88,
  0xFB89, 0xFB89, 0xFB89, 0xFA88, 0x4121, 0x0000, 0x0000, 0x0000,
  0x0000, 0x0000, 0x0000, 0x0000, 0x4000, 0xF967, 0xFB89, 0xFA88,
  0xFB89, 0xFB89, 0xFB89, 0xFB89, 0xFB89, 0xFA88, 0xFB99, 0xD756,
  0x0000, 0x0000, 0x0000, 0x0000, 0x0000, 0x0000, 0x0000, 0x0000,
  0x0000, 0x0000, 0x0000, 0x0000, 0x0000, 0x0000, 0x0000, 0x0000,
  0x0000, 0x0000, 0x0000, 0x0000, 0x0000, 0x0000, 0x0000, 0x0000,
  0x0000, 0x0000, 0x0000, 0x0000, 0x0000, 0x0000, 0x0000, 0x0000,
  0x0000, 0x0000, 0x0000, 0x0000, 0x0000, 0x0000, 0x0000, 0x0000,
  0x0000, 0x0000, 0x0000, 0x0000, 0x0000, 0x0000, 0x0000, 0x0000,
  0x0000, 0x0000, 0x0000, 0x0000, 0x0000, 0x0000, 0x0000, 0x0000,
  0x0000, 0x0000, 0x0000, 0x0000, 0x0000, 0x0000, 0x0000, 0x0000,
  0x0000, 0x0000, 0x0000, 0x0000, 0x0000, 0x0000, 0x0000, 0x0000,
  0x0000, 0x0000, 0x0000, 0x0000, 0x0000, 0x0000, 0x0000, 0x0000,
  0x0000, 0x0000, 0x0000, 0x0000, 0x0000, 0x0000, 0xA877, 0xFFED,
  0xFFED, 0xFFDC, 0xFFDD, 0xFFDD, 0xFFDD, 0xFFDD, 0xFFDD, 0xFFDD,
  0xFFDD, 0xFFDD, 0xFFED, 0xFFED, 0xFFED, 0xFFEE, 0xFDBB, 0xFA88,
  0xFB89, 0xFB89, 0xFB89, 0xFB99, 0x9666, 0x0000, 0x0FFF, 0x0000,
  0x0000, 0x0000, 0x0000, 0x0000, 0x2000, 0xE866, 0xFB99, 0xFA88,
  0xFB89, 0xFB89, 0xFB89, 0xFB89, 0xFB89, 0xFA88, 0xFB99, 0xE866,
  0x1000, 0x0000, 0x0000, 0x0000, 0x0000, 0x0000, 0x0000, 0x0000,
  0x0000, 0x0000, 0x0000, 0x0000, 0x0000, 0x0000, 0x0000, 0x0000,
  0x0000, 0x0000, 0x0000, 0x0000, 0x0000, 0x0000, 0x0000, 0x0000,
  0x0000, 0x0000, 0x0000, 0x0000, 0x0000, 0x0000, 0x0000, 0x0000,
  0x0000, 0x0000, 0x0000, 0x0000, 0x0000, 0x0000, 0x0000, 0x0000,
  0x0000, 0x0000, 0x0000, 0x0000, 0x0000, 0x0000, 0x0000, 0x0000,
  0x0000, 0x0000, 0x0000, 0x0000, 0x0000, 0x0000, 0x0000, 0x0000,
  0x0000, 0x0000, 0x0000, 0x0000, 0x0000, 0x0000, 0x0000, 0x0000,
  0x0000, 0x0000, 0x0000, 0x0000, 0x0000, 0x0000, 0x0000, 0x0000,
  0x0000, 0x0000, 0x0000, 0x0000, 0x0000, 0x0000, 0x0000, 0x0000,
  0x0000, 0x0000, 0x0000, 0x0000, 0x0000, 0xA987, 0xFFED, 0xFFED,
  0xFFDD, 0xFFDD, 0xFFDD, 0xFFDD, 0xFFDD, 0xFFDD, 0xFFDD, 0xFFDD,
  0xFFED, 0xFFED, 0xFFED, 0xFFED, 0xFFED, 0xFFED, 0xFFDD, 0xFB89,
  0xFB88, 0xFB89, 0xFA88, 0xFB99, 0xE988, 0x1111, 0x0000, 0x0000,
  0x0000, 0x0000, 0x0000, 0x0000, 0x1000, 0xE866, 0xFB99, 0xFA88,
  0xFB89, 0xFB89, 0xFB89, 0xFB89, 0xFB89, 0xFA88, 0xFB89, 0xF867,
  0x2000, 0x0000, 0x0000, 0x0000, 0x0000, 0x0000, 0x0000, 0x0000,
  0x0000, 0x0000, 0x0000, 0x0000, 0x0000, 0x0000, 0x0000, 0x0000,
  0x0000, 0x0000, 0x0000, 0x0000, 0x0000, 0x0000, 0x0000, 0x0000,
  0x0000, 0x0000, 0x0000, 0x0000, 0x0000, 0x0000, 0x0000, 0x0000,
  0x0000, 0x0000, 0x0000, 0x0000, 0x0000, 0x0000, 0x0000, 0x0000,
  0x0000, 0x0000, 0x0000, 0x0000, 0x0000, 0x0000, 0x0000, 0x0000,
  0x0000, 0x0000, 0x0000, 0x0000, 0x0000, 0x0000, 0x0000, 0x0000,
  0x0000, 0x0000, 0x0000, 0x0000, 0x0000, 0x0000, 0x0000, 0x0000,
  0x0000, 0x0000, 0x0000, 0x0000, 0x0000, 0x0000, 0x0000, 0x0000,
  0x0000, 0x0000, 0x0000, 0x0000, 0x0000, 0x0000, 0x0000, 0x0000,
  0x0000, 0x0500, 0x0000, 0x1000, 0xB887, 0xFFED, 0xFFED, 0xFFDD,
  0xFFED, 0xFFDD, 0xFFDD, 0xFFDD, 0xFFDD, 0xFFDD, 0xFFDD, 0xFFED,
  0xFFED, 0xFFED, 0xFFED, 0xFFED, 0xFFED, 0xFFED, 0xFFEE, 0xFDBB,
  0xFA88, 0xFB89, 0xFB89, 0xFA88, 0xFCAA, 0x7554, 0x0000, 0x0777,
  0x0000, 0x0000, 0x0000, 0x0000, 0x3000, 0xF877, 0xFB89, 0xFA88,
  0xFB89, 0xFB89, 0xFB89, 0xFB89, 0xFB89, 0xFA88, 0xFB89, 0xE866,
  0x2000, 0x0000, 0x0000, 0x0000, 0x0000, 0x0000, 0x0000, 0x0000,
  0x0000, 0x0000, 0x0000, 0x0000, 0x0000, 0x0000, 0x0000, 0x0000,
  0x0000, 0x0000, 0x0000, 0x0000, 0x0000, 0x0000, 0x0000, 0x0000,
  0x0000, 0x0000, 0x0000, 0x0000, 0x0000, 0x0000, 0x0000, 0x0000,
  0x0000, 0x0000, 0x0000, 0x0000, 0x0000, 0x0000, 0x0000, 0x0000,
  0x0000, 0x0000, 0x0000, 0x0000, 0x0000, 0x0000, 0x0000, 0x0000,
  0x0000, 0x0000, 0x0000, 0x0000, 0x0000, 0x0000, 0x0000, 0x0000,
  0x0000, 0x0000, 0x0000, 0x0000, 0x0000, 0x0000, 0x0000, 0x0000,
  0x0000, 0x0000, 0x0000, 0x0000, 0x0000, 0x0000, 0x0000, 0x0000,
  0x0000, 0x0000, 0x0000, 0x0000, 0x0000, 0x0000, 0x0000, 0x0000,
  0x0444, 0x0000, 0x1000, 0xC887, 0xFFFE, 0xFFED, 0xFFED, 0xFFED,
  0xFFED, 0xFFED, 0xFFED, 0xFFED, 0xFFED, 0xFFED, 0xFFED, 0xFFED,
  0xFFED, 0xFFED, 0xFFED, 0xFFED, 0xFFED, 0xFFED, 0xFFED, 0xFEDD,
  0xFB89, 0xFB89, 0xFB89, 0xFA88, 0xFCAA, 0xD988, 0x0000, 0x0FFF,
  0x0000, 0x0000, 0x0404, 0x0000, 0x5212, 0xFA78, 0xFB89, 0xFB89,
  0xFB89, 0xFB89, 0xFB89, 0xFA88, 0xFA88, 0xFA88, 0xFB99, 0xD756,
  0x1000, 0x0000, 0x0000, 0x0000, 0x0000, 0x0000, 0x0000, 0x0000,
  0x0000, 0x0000, 0x0000, 0x0000, 0x0000, 0x0000, 0x0000, 0x0000,
  0x0000, 0x0000, 0x0000, 0x0000, 0x0000, 0x0000, 0x0000, 0x0000,
  0x0000, 0x0000, 0x0000, 0x0000, 0x0000, 0x0000, 0x0000, 0x0000,
  0x0000, 0x0000, 0x0000, 0x0000, 0x0000, 0x0000, 0x0000, 0x0000,
  0x0000, 0x0000, 0x0000, 0x0000, 0x0000, 0x0000, 0x0000, 0x0000,
  0x0000, 0x0000, 0x0000, 0x0000, 0x0000, 0x0000, 0x0000, 0x0000,
  0x0000, 0x0000, 0x0000, 0x0000, 0x0000, 0x0000, 0x0000, 0x0000,
  0x0000, 0x0000, 0x0000, 0x0000, 0x0000, 0x0000, 0x0000, 0x0000,
  0x0000, 0x0000, 0x0000, 0x0000, 0x0000, 0x0000, 0x0000, 0x0444,
  0x0000, 0x2000, 0xD988, 0xFFFE, 0xFFED, 0xFFED, 0xFFED, 0xFFED,
  0xFFED, 0xFFED, 0xFFED, 0xFFED, 0xFFED, 0xFFED, 0xFFED, 0xFFED,
  0xFFED, 0xFFED, 0xFFED, 0xFFED, 0xFFED, 0xFFED, 0xFFED, 0xFFEE,
  0xFCAA, 0xFA88, 0xFB89, 0xFA88, 0xFB99, 0xFCBB, 0x4111, 0x0000,
  0x0000, 0x0000, 0x0FAF, 0x0000, 0x9655, 0xFDCC, 0xFEDC, 0xFEDD,
  0xFFED, 0xFFED, 0xFEDD, 0xFDCC, 0xFCAA, 0xFB89, 0xFB89, 0xA655,
  0x0000, 0x0FFF, 0x0000, 0x0000, 0x0000, 0x0000, 0x0000, 0x0000,
  0x0000, 0x0000, 0x0000, 0x0000, 0x0000, 0x0000, 0x0000, 0x0000,
  0x0000, 0x0000, 0x0000, 0x0000, 0x0000, 0x0000, 0x0000, 0x0000,
  0x0000, 0x0000, 0x0000, 0x0000, 0x0000, 0x0000, 0x0000, 0x0000,
  0x0000, 0x0000, 0x0000, 0x0000, 0x0000, 0x0000, 0x0000, 0x0000,
  0x0000, 0x0000, 0x0000, 0x0000, 0x0000, 0x0000, 0x0000, 0x0000,
  0x0000, 0x0000, 0x0000, 0x0000, 0x0000, 0x0000, 0x0000, 0x0000,
  0x0000, 0x0000, 0x0000, 0x0000, 0x0000, 0x0000, 0x0000, 0x0000,
  0x0000, 0x0000, 0x0000, 0x0000, 0x0000, 0x0000, 0x0000, 0x0000,
  0x0000, 0x0000, 0x0000, 0x0000, 0x0000, 0x0000, 0x0444, 0x0000,
  0x3000, 0xD998, 0xFFFE, 0xFFED, 0xFFED, 0xFFED, 0xFFED, 0xFFED,
  0xFFED, 0xFFED, 0xFFED, 0xFFED, 0xFFED, 0xFFED, 0xFFED, 0xFFED,
  0xFFED, 0xFFED, 0xFFED, 0xFFED, 0xFFED, 0xFFED, 0xFFED, 0xFFEE,
  0xFEDC, 0xFA88, 0xFB89, 0xFB89, 0xFA88, 0xFECC, 0x9877, 0x0000,
  0x0000, 0x0000, 0x0000, 0x1000, 0xEAA9, 0xFFFE, 0xFFED, 0xFFED,
  0xFFED, 0xFFED, 0xFFED, 0xFFEE, 0xFFEE, 0xFEDD, 0xFB99, 0x7323,
  0x0000, 0x0444, 0x0000, 0x0000, 0x0000, 0x0000, 0x0000, 0x0000,
  0x0000, 0x0000, 0x0000, 0x0000, 0x0000, 0x0000, 0x0000, 0x0000,
  0x0000, 0x0000, 0x0000, 0x0000, 0x0000, 0x0000, 0x0000, 0x0000,
  0x0000, 0x0000, 0x0000, 0x0000, 0x0000, 0x0000, 0x0000, 0x0000,
  0x0000, 0x0000, 0x0000, 0x0000, 0x0000, 0x0000, 0x0000, 0x0000,
  0x0000, 0x0000, 0x0000, 0x0000, 0x0000, 0x0000, 0x0000, 0x0000,
  0x0000, 0x0000, 0x0000, 0x0000, 0x0000, 0x0000, 0x0000, 0x0000,
  0x0000, 0x0000, 0x0000, 0x0000, 0x0000, 0x0000, 0x0000, 0x0000,
  0x0000, 0x0000, 0x0000, 0x0000, 0x0000, 0x0000, 0x0000, 0x0000,
  0x0000, 0x0000, 0x0000, 0x0000, 0x0000, 0x0633, 0x0000, 0x3000,
  0xEA99, 0xFFFE, 0xFFED, 0xFFED, 0xFFED, 0xFFED, 0xFFED, 0xFFED,
  0xFFED, 0xFFED, 0xFFED, 0xFFED, 0xFFED, 0xFFED, 0xFFEE, 0xFFEE,
  0xFFEE, 0xFFEE, 0xFFFE, 0xFFFE, 0xFFED, 0xFFED, 0xFFED, 0xFFED,
  0xFFEE, 0xFCAA, 0xFA88, 0xFB89, 0xFA78, 0xFECC, 0xEBBA, 0x2000,
  0x0000, 0x0444, 0x0000, 0x5333, 0xFEDC, 0xFFEE, 0xFFED, 0xFFED,
  0xFFED, 0xFFED, 0xFFED, 0xFFED, 0xFFED, 0xFFFE, 0xFCBA, 0x2000,
  0x0000, 0x0000, 0x0000, 0x0000, 0x0000, 0x0000, 0x0000, 0x0000,
  0x0000, 0x0000, 0x0000, 0x0000, 0x0000, 0x0000, 0x0000, 0x0000,
  0x0000, 0x0000, 0x0000, 0x0000, 0x0000, 0x0000, 0x0000, 0x0000,
  0x0000, 0x0000, 0x0000, 0x0000, 0x0000, 0x0000, 0x0000, 0x0000,
  0x0000, 0x0000, 0x0000, 0x0000, 0x0000, 0x0000, 0x0000, 0x0000,
  0x0000, 0x0000, 0x0000, 0x0000, 0x0000, 0x0000, 0x0000, 0x0000,
  0x0000, 0x0000, 0x0000, 0x0000, 0x0000, 0x0000, 0x0000, 0x0000,
  0x0000, 0x0000, 0x0000, 0x0000, 0x0000, 0x0000, 0x0000, 0x0000,
  0x0000, 0x0000, 0x0000, 0x0000, 0x0000, 0x0000, 0x0000, 0x0000,
  0x0000, 0x0000, 0x0000, 0x0000, 0x0777, 0x0000, 0x3000, 0xEA99,
  0xFFFE, 0xFFED, 0xFFED, 0xFFED, 0xFFED, 0xFFED, 0xFFED, 0xFFED,
  0xFFED, 0xFFED, 0xFFED, 0xFFED, 0xFFED, 0xFFED, 0xFEDC, 0xEDCC,
  0xEDCB, 0xEDDC, 0xFDCC, 0xFEDC, 0xFFFE, 0xFFFF, 0xFFFE, 0xFFFE,
  0xFFFE, 0xFFED, 0xFB89, 0xFB89, 0xFA88, 0xFDBB, 0xFFEE, 0x7544,
  0x0000, 0x0FFF, 0x0000, 0xA877, 0xFFEE, 0xFFED, 0xFFED, 0xFFED,
  0xFFED, 0xFFED, 0xFFED, 0xFFED, 0xFFED, 0xFFFE, 0xB988, 0x0000,
  0x0FFF, 0x0000, 0x0000, 0x0000, 0x0000, 0x0000, 0x0000, 0x0000,
  0x0000, 0x0000, 0x0000, 0x0000, 0x0000, 0x0000, 0x0000, 0x0000,
  0x0000, 0x0000, 0x0000, 0x0000, 0x0000, 0x0000, 0x0000, 0x0000,
  0x0000, 0x0000, 0x0000, 0x0000, 0x0000, 0x0000, 0x0000, 0x0000,
  0x0000, 0x0000, 0x0000, 0x0000, 0x0000, 0x0000, 0x0000, 0x0000,
  0x0000, 0x0000, 0x0000, 0x0000, 0x0000, 0x0000, 0x0000, 0x0000,
  0x0000, 0x0000, 0x0000, 0x0000, 0x0000, 0x0000, 0x0000, 0x0000,
  0x0000, 0x0000, 0x0000, 0x0000, 0x0000, 0x0000, 0x0000, 0x0000,
  0x0000, 0x0000, 0x0000, 0x0000, 0x0000, 0x0000, 0x0000, 0x0000,
  0x0000, 0x0000, 0x0000, 0x0777, 0x0000, 0x5222, 0xEAA9, 0xFFFE,
  0xFFED, 0xFFED, 0xFFED, 0xFFED, 0xFFED, 0xFFED, 0xFFED, 0xFFED,
  0xFFED, 0xFFED, 0xFFED, 0xFFED, 0xFFFE, 0xFDCB, 0x7332, 0x2000,
  0x1000, 0x2000, 0x5000, 0x6444, 0x8A99, 0xC776, 0xDAA9, 0xFDCC,
  0xFDCC, 0xFEED, 0xFDCC, 0xFB89, 0xFB89, 0xFDBB, 0xFFFF, 0xF988,
  0x0000, 0x0000, 0x1000, 0xEA99, 0xFFFE, 0xFFDD, 0xFFED, 0xFFED,
  0xFFED, 0xFFED, 0xFFED, 0xFFED, 0xFFED, 0xFEDC, 0x6444, 0x0000,
  0x0747, 0x0000, 0x0000, 0x0000, 0x0000, 0x0000, 0x0000, 0x0000,
  0x0000, 0x0000, 0x0000, 0x0000, 0x0000, 0x0000, 0x0000, 0x0000,
  0x0000, 0x0000, 0x0000, 0x0000, 0x0000, 0x0000, 0x0000, 0x0000,
  0x0000, 0x0000, 0x0000, 0x0000, 0x0000, 0x0000, 0x0000, 0x0000,
  0x0000, 0x0000, 0x0000, 0x0000, 0x0000, 0x0000, 0x0000, 0x0000,
  0x0000, 0x0000, 0x0000, 0x0000, 0x0000, 0x0000, 0x0000, 0x0000,
  0x0000, 0x0000, 0x0000, 0x0000, 0x0000, 0x0000, 0x0000, 0x0000,
  0x0000, 0x0000, 0x0000, 0x0000, 0x0000, 0x0000, 0x0000, 0x0000,
  0x0000, 0x0000, 0x0000, 0x0000, 0x0000, 0x0000, 0x0000, 0x0000,
  0x0000, 0x0000, 0x0B77, 0x0000, 0x5333, 0xFCBB, 0xFFFE, 0xFFED,
  0xFFED, 0xFFED, 0xFFED, 0xFFED, 0xFFED, 0xFFED, 0xFFED, 0xFFED,
  0xFFED, 0xFFED, 0xFFED, 0xFFFE, 0xFDDC, 0x6444, 0x0000, 0x0000,
  0x0000, 0x0000, 0x0000, 0x0000, 0x0000, 0x0000, 0x0000, 0x3000,
  0x6000, 0x6554, 0x6999, 0x8766, 0xB544, 0xC655, 0xA777, 0x8544,
  0x0444, 0x0000, 0x5333, 0xFECC, 0xFFED, 0xFFDD, 0xFFED, 0xFFED,
  0xFFED, 0xFFED, 0xFFED, 0xFFED, 0xFFFE, 0xEA99, 0x1000, 0x0000,
  0x0000, 0x0000, 0x0000, 0x0000, 0x0000, 0x0000, 0x0000, 0x0000,
  0x0000, 0x0000, 0x0000, 0x0000, 0x0000, 0x0000, 0x0000, 0x0000,
  0x0000, 0x0000, 0x0000, 0x0000, 0x0000, 0x0000, 0x0000, 0x0000,
  0x0000, 0x0000, 0x0000, 0x0000, 0x0000, 0x0000, 0x0000, 0x0000,
  0x0000, 0x0000, 0x0000, 0x0000, 0x0000, 0x0000, 0x0000, 0x0000,
  0x0000, 0x0000, 0x0000, 0x0000, 0x0000, 0x0000, 0x0000, 0x0000,
  0x0000, 0x0000, 0x0000, 0x0000, 0x0000, 0x0000, 0x0000, 0x0000,
  0x0000, 0x0000, 0x0000, 0x0000, 0x0000, 0x0000, 0x0000, 0x0000,
  0x0000, 0x0000, 0x0000, 0x0000, 0x0000, 0x0000, 0x0000, 0x0000,
  0x0000, 0x0B77, 0x0000, 0x5433, 0xFCBB, 0xFFFE, 0xFFED, 0xFFED,
  0xFFED, 0xFFED, 0xFFED, 0xFFED, 0xFFED, 0xFFED, 0xFFED, 0xFFED,
  0xFFED, 0xFFED, 0xFFFE, 0xFEDD, 0x8544, 0x0000, 0x0999, 0x0000,
  0x0000, 0x0000, 0x0000, 0x0444, 0x0FFF, 0x0000, 0x0000, 0x0000,
  0x0000, 0x0000, 0x0000, 0x0000, 0x0000, 0x0000, 0x0000, 0x0000,
  0x0FFF, 0x0000, 0xA877, 0xFFED, 0xFFED, 0xFFDD, 0xFFDD, 0xFFDD,
  0xFFDD, 0xFFDD, 0xFFED, 0xFFED, 0xFFED, 0x8665, 0x0000, 0x0FFA,
  0x0000, 0x0000, 0x0000, 0x0000, 0x0000, 0x0000, 0x0000, 0x0000,
  0x0000, 0x0000, 0x0000, 0x0000, 0x0000, 0x0000, 0x0000, 0x0000,
  0x0000, 0x0000, 0x0000, 0x0000, 0x0000, 0x0000, 0x0000, 0x0000,
  0x0000, 0x0000, 0x0000, 0x0000, 0x0000, 0x0000, 0x0000, 0x0000,
  0x0000, 0x0000, 0x0000, 0x0000, 0x0000, 0x0000, 0x0000, 0x0000,
  0x0000, 0x0000, 0x0000, 0x0000, 0x0000, 0x0000, 0x0000, 0x0000,
  0x0000, 0x0000, 0x0000, 0x0000, 0x0000, 0x0000, 0x0000, 0x0000,
  0x0000, 0x0000, 0x0000, 0x0000, 0x0000, 0x0000, 0x0000, 0x0000,
  0x0000, 0x0000, 0x0000, 0x0000, 0x0000, 0x0000, 0x0000, 0x0000,
  0x0BBB, 0x0000, 0x6433, 0xFCBB, 0xFFFE, 0xFFED, 0xFFED, 0xFFED,
  0xFFED, 0xFFED, 0xFFED, 0xFFED, 0xFFED, 0xFFED, 0xFFED, 0xFFED,
  0xFFED, 0xFFED, 0xFFFE, 0xB776, 0x0000, 0x0FFF, 0x0000, 0x0000,
  0x0000, 0x0000, 0x0000, 0x0000, 0x0000, 0x0000, 0x0000, 0x0000,
  0x0000, 0x0774, 0x0BBB, 0x0FAA, 0x0FFF, 0x0FFF, 0x0FFF, 0x0AAA,
  0x0000, 0x1000, 0xEA99, 0xFFEE, 0xFFDD, 0xFFDD, 0xFFDD, 0xFFDD,
  0xFFDD, 0xFFDD, 0xFFDD, 0xFFED, 0xDA99, 0x2000, 0x0FFF, 0x0000,
  0x0000, 0x0000, 0x0000, 0x0000, 0x0000, 0x0000, 0x0000, 0x0000,
  0x0000, 0x0000, 0x0000, 0x0000, 0x0000, 0x0000, 0x0000, 0x0000,
  0x0000, 0x0000, 0x0000, 0x0000, 0x0000, 0x0000, 0x0000, 0x0000,
  0x0000, 0x0000, 0x0000, 0x0000, 0x0000, 0x0000, 0x0000, 0x0000,
  0x0000, 0x0000, 0x0000, 0x0000, 0x0000, 0x0000, 0x0000, 0x0000,
  0x0000, 0x0000, 0x0000, 0x0000, 0x0000, 0x0000, 0x0000, 0x0000,
  0x0000, 0x0000, 0x0000, 0x0000, 0x0000, 0x0000, 0x0000, 0x0000,
  0x0000, 0x0000, 0x0000, 0x0000, 0x0000, 0x0000, 0x0000, 0x0000,
  0x0000, 0x0000, 0x0000, 0x0000, 0x0000, 0x0000, 0x0000, 0x0BBB,
  0x0000, 0x6433, 0xFCCB, 0xFFFE, 0xFFED, 0xFFED, 0xFFED, 0xFFED,
  0xFFED, 0xFFED, 0xFFED, 0xFFED, 0xFFED, 0xFFED, 0xFFED, 0xFFED,
  0xFFED, 0xFFFE, 0xD988, 0x1000, 0x0FFF, 0x0000, 0x0000, 0x0000,
  0x0000, 0x0000, 0x0000, 0x0000, 0x0000, 0x0000, 0x0000, 0x0000,
  0x0000, 0x0000, 0x0000, 0x0000, 0x0000, 0x0000, 0x0000, 0x0000,
  0x0000, 0x4211, 0xFDCB, 0xFFED, 0xFFDC, 0xFFDD, 0xFFDD, 0xFFDD,
  0xFFDD, 0xFFDD, 0xFFDD, 0xFFED, 0xA766, 0x0000, 0x0FFF, 0x0000,
  0x0000, 0x0000, 0x0000, 0x0000, 0x0000, 0x0000, 0x0000, 0x0000,
  0x0000, 0x0000, 0x0000, 0x0000, 0x0000, 0x0000, 0x0000, 0x0000,
  0x0000, 0x0000, 0x0000, 0x0000, 0x0000, 0x0000, 0x0000, 0x0000,
  0x0000, 0x0000, 0x0000, 0x0000, 0x0000, 0x0000, 0x0000, 0x0000,
  0x0000, 0x0000, 0x0000, 0x0000, 0x0000, 0x0000, 0x0000, 0x0000,
  0x0000, 0x0000, 0x0000, 0x0000, 0x0000, 0x0000, 0x0000, 0x0000,
  0x0000, 0x0000, 0x0000, 0x0000, 0x0000, 0x0000, 0x0000, 0x0000,
  0x0000, 0x0000, 0x0000, 0x0000, 0x0000, 0x0000, 0x0000, 0x0000,
  0x0000, 0x0000, 0x0000, 0x0000, 0x0000, 0x0000, 0x0FAA, 0x0000,
  0x6333, 0xFCCB, 0xFFFE, 0xFFED, 0xFFED, 0xFFED, 0xFFED, 0xFFED,
  0xFFED, 0xFFED, 0xFFED, 0xFFED, 0xFFED, 0xFFED, 0xFFED, 0xFFED,
  0xFFFE, 0xFCBB, 0x3000, 0x0000, 0x0555, 0x0000, 0x0000, 0x0000,
  0x0000, 0x0000, 0x0000, 0x0000, 0x0000, 0x0000, 0x0000, 0x0000,
  0x0000, 0x0000, 0x0000, 0x0000, 0x0000, 0x0000, 0x0000, 0x0000,
  0x0000, 0x7655, 0xFFDD, 0xFFDD, 0xFFDC, 0xFFDC, 0xFFDC, 0xFFDC,
  0xFFDC, 0xFFDD, 0xFFDC, 0xFFED, 0xEBAA, 0x2000, 0x0000, 0x0000,
  0x0000, 0x0000, 0x0000, 0x0000, 0x0000, 0x0000, 0x0000, 0x0000,
  0x0000, 0x0000, 0x0000, 0x0000, 0x0000, 0x0000, 0x0000, 0x0000,
  0x0000, 0x0000, 0x0000, 0x0000, 0x0000, 0x0000, 0x0000, 0x0000,
  0x0000, 0x0000, 0x0000, 0x0000, 0x0000, 0x0000, 0x0000, 0x0000,
  0x0000, 0x0000, 0x0000, 0x0000, 0x0000, 0x0000, 0x0000, 0x0000,
  0x0000, 0x0000, 0x0000, 0x0000, 0x0000, 0x0000, 0x0000, 0x0000,
  0x0000, 0x0000, 0x0000, 0x0000, 0x0000, 0x0000, 0x0000, 0x0000,
  0x0000, 0x0000, 0x0000, 0x0000, 0x0000, 0x0000, 0x0000, 0x0000,
  0x0000, 0x0000, 0x0000, 0x0000, 0x0000, 0x0777, 0x0000, 0x6333,
  0xFCBB, 0xFFFE, 0xFFED, 0xFFED, 0xFFED, 0xFFED, 0xFFED, 0xFFED,
  0xFFED, 0xFFED, 0xFFED, 0xFFED, 0xFFED, 0xFFED, 0xFFED, 0xFFFE,
  0xFDDC, 0x7333, 0x0000, 0x0777, 0x0000, 0x0000, 0x0000, 0x0000,
  0x0000, 0x0000, 0x0000, 0x0000, 0x0000, 0x0000, 0x0000, 0x0000,
  0x0000, 0x0000, 0x0000, 0x0000, 0x0000, 0x0000, 0x0000, 0x0000,
  0x0000, 0xA987, 0xFFED, 0xFFDC, 0xFFDC, 0xFFDC, 0xFFDC, 0xFFDC,
  0xFFDC, 0xFFDD, 0xFFDD, 0xFFED, 0xFFDD, 0x8655, 0x0000, 0x0AAA,
  0x0000, 0x0000, 0x0000, 0x0000, 0x0000, 0x0000, 0x0000, 0x0000,
  0x0000, 0x0000, 0x0000, 0x0000, 0x0000, 0x0000, 0x0000, 0x0000,
  0x0000, 0x0000, 0x0000, 0x0000, 0x0000, 0x0000, 0x0000, 0x0000,
  0x0000, 0x0000, 0x0000, 0x0000, 0x0000, 0x0000, 0x0000, 0x0000,
  0x0000, 0x0000, 0x0000, 0x0000, 0x0000, 0x0000, 0x0000, 0x0000,
  0x0000, 0x0000, 0x0000, 0x0000, 0x0000, 0x0000, 0x0000, 0x0000,
  0x0000, 0x0000, 0x0000, 0x0000, 0x0000, 0x0000, 0x0000, 0x0000,
  0x0000, 0x0000, 0x0000, 0x0000, 0x0000, 0x0000, 0x0000, 0x0000,
  0x0000, 0x0000, 0x0000, 0x0000, 0x0B77, 0x0000, 0x6433, 0xFCCB,
  0xFFFE, 0xFFED, 0xFFED, 0xFFED, 0xFFED, 0xFFED, 0xFFED, 0xFFED,
  0xFFED, 0xFFED, 0xFFED, 0xFFED, 0xFFED, 0xFFED, 0xFFFE, 0xFEED,
  0xA444, 0x0000, 0x0FAA, 0x0000, 0x0000, 0x0000, 0x0000, 0x0000,
  0x0000, 0x0000, 0x0000, 0x0000, 0x0000, 0x0000, 0x0000, 0x0000,
  0x0000, 0x0000, 0x0000, 0x0000, 0x0000, 0x0000, 0x0000, 0x0000,
  0x0000, 0xC988, 0xFFEE, 0xFFDC, 0xFFDC, 0xFFDC, 0xFFDC, 0xFFDC,
  0xFFDC, 0xFFDD, 0xFFDD, 0xFFDD, 0xFFEE, 0xC998, 0x0000, 0x0000,
  0x0000, 0x0000, 0x0000, 0x0000, 0x0000, 0x0000, 0x0000, 0x0000,
  0x0000, 0x0000, 0x0000, 0x0000, 0x0000, 0x0000, 0x0000, 0x0000,
  0x0000, 0x0000, 0x0000, 0x0000, 0x0000, 0x0000, 0x0000, 0x0000,
  0x0000, 0x0000, 0x0000, 0x0000, 0x0000, 0x0000, 0x0000, 0x0000,
  0x0000, 0x0000, 0x0000, 0x0000, 0x0000, 0x0000, 0x0000, 0x0000,
  0x0000, 0x0000, 0x0000, 0x0000, 0x0000, 0x0000, 0x0000, 0x0000,
  0x0000, 0x0000, 0x0000, 0x0000, 0x0000, 0x0000, 0x0000, 0x0000,
  0x0000, 0x0000, 0x0000, 0x0000, 0x0000, 0x0000, 0x0000, 0x0000,
  0x0000, 0x0000, 0x0000, 0x0777, 0x0000, 0x4222, 0xFCBB, 0xFFFE,
  0xFFED, 0xFFED, 0xFFED, 0xFFED, 0xFFED, 0xFFED, 0xFFED, 0xFFED,
  0xFFED, 0xFFED, 0xFFED, 0xFFED, 0xFFED, 0xFFEE, 0xFFFE, 0xB776,
  0x1000, 0x0FFF, 0x0000, 0x0000, 0x0000, 0x0000, 0x0000, 0x0000,
  0x0000, 0x0000, 0x0000, 0x0000, 0x0000, 0x0000, 0x0000, 0x0000,
  0x0000, 0x0000, 0x0000, 0x0000, 0x0000, 0x0000, 0x0000, 0x0000,
  0x0000, 0xA987, 0xFFED, 0xFFDC, 0xFFDC, 0xFFDC, 0xFFDC, 0xFFDC,
  0xFFDD, 0xFFDD, 0xFFDD, 0xFFDD, 0xFFEE, 0xFCBA, 0x2111, 0x0000,
  0x0FF0, 0x0000, 0x0000, 0x0000, 0x0000, 0x0000, 0x0000, 0x0000,
  0x0000, 0x0000, 0x0000, 0x0000, 0x0000, 0x0000, 0x0000, 0x0000,
  0x0000, 0x0000, 0x0000, 0x0000, 0x0000, 0x0000, 0x0000, 0x0000,
  0x0000, 0x0000, 0x0000, 0x0000, 0x0000, 0x0000, 0x0000, 0x0000,
  0x0000, 0x0000, 0x0000, 0x0000, 0x0000, 0x0000, 0x0000, 0x0000,
  0x0000, 0x0000, 0x0000, 0x0000, 0x0000, 0x0000, 0x0000, 0x0000,
  0x0000, 0x0000, 0x0000, 0x0000, 0x0000, 0x0000, 0x0000, 0x0000,
  0x0000, 0x0000, 0x0000, 0x0000, 0x0000, 0x0000, 0x0000, 0x0000,
  0x0000, 0x0000, 0x0666, 0x0000, 0x4222, 0xFBBA, 0xFFFE, 0xFFED,
  0xFFED, 0xFFED, 0xFFED, 0xFFED, 0xFFED, 0xFFED, 0xFFED, 0xFFED,
  0xFFED, 0xFFED, 0xFFED, 0xFFED, 0xFFFE, 0xFFFE, 0xB877, 0x1000,
  0x0000, 0x0000, 0x0000, 0x0000, 0x0000, 0x0000, 0x0000, 0x0000,
  0x0000, 0x0000, 0x0000, 0x0000, 0x0000, 0x0000, 0x0000, 0x0000,
  0x0000, 0x0000, 0x0000, 0x0000, 0x0000, 0x0000, 0x0000, 0x0000,
  0x0000, 0x9877, 0xFFED, 0xFFDD, 0xFFDC, 0xFFDC, 0xFFDC, 0xFFDD,
  0xFFDD, 0xFFDD, 0xFFDD, 0xFFED, 0xFFED, 0xFEDC, 0x5333, 0x0000,
  0x0444, 0x0000, 0x0000, 0x0000, 0x0000, 0x0000, 0x0000, 0x0000,
  0x0000, 0x0000, 0x0000, 0x0000, 0x0000, 0x0000, 0x0000, 0x0000,
  0x0000, 0x0000, 0x0000, 0x0000, 0x0000, 0x0000, 0x0000, 0x0000,
  0x0000, 0x0000, 0x0000, 0x0000, 0x0000, 0x0000, 0x0000, 0x0000,
  0x0000, 0x0000, 0x0000, 0x0000, 0x0000, 0x0000, 0x0000, 0x0000,
  0x0000, 0x0000, 0x0000, 0x0000, 0x0000, 0x0000, 0x0000, 0x0000,
  0x0000, 0x0000, 0x0000, 0x0000, 0x0000, 0x0000, 0x0000, 0x0000,
  0x0000, 0x0000, 0x0000, 0x0000, 0x0000, 0x0000, 0x0000, 0x0000,
  0x0000, 0x0666, 0x0000, 0x4111, 0xFBBA, 0xFFFE, 0xFFED, 0xFFED,
  0xFFED, 0xFFED, 0xFFED, 0xFFED, 0xFFED, 0xFFED, 0xFFED, 0xFFED,
  0xFFED, 0xFFED, 0xFFED, 0xFFFE, 0xFFED, 0xA776, 0x1000, 0x0000,
  0x0000, 0x0000, 0x0000, 0x0000, 0x0000, 0x0000, 0x0000, 0x0000,
  0x0000, 0x0000, 0x0000, 0x0000, 0x0000, 0x0000, 0x0000, 0x0000,
  0x0000, 0x0000, 0x0000, 0x0000, 0x0000, 0x0000, 0x0000, 0x0000,
  0x0000, 0xCA99, 0xFFEE, 0xFFDC, 0xFFDD, 0xFFDD, 0xFFDD, 0xFFDD,
  0xFFDD, 0xFFDD, 0xFFED, 0xFFED, 0xFFED, 0xFFED, 0x8665, 0x0000,
  0x0B77, 0x0000, 0x0000, 0x0000, 0x0000, 0x0000, 0x0000, 0x0000,
  0x0000, 0x0000, 0x0000, 0x0000, 0x0000, 0x0000, 0x0000, 0x0000,
  0x0000, 0x0000, 0x0000, 0x0000, 0x0000, 0x0000, 0x0000, 0x0000,
  0x0000, 0x0555, 0x0555, 0x0AAA, 0x077B, 0x077B, 0x0555, 0x0000,
  0x0000, 0x0000, 0x0000, 0x0000, 0x0000, 0x0000, 0x0000, 0x0000,
  0x0000, 0x0000, 0x0000, 0x0000, 0x0000, 0x0000, 0x0000, 0x0000,
  0x0000, 0x0000, 0x0000, 0x0000, 0x0000, 0x0000, 0x0000, 0x0000,
  0x0000, 0x0000, 0x0000, 0x0000, 0x0000, 0x0000, 0x0000, 0x0000,
  0x0FFF, 0x0000, 0x4211, 0xFBAA, 0xFFFE, 0xFFED, 0xFFED, 0xFFED,
  0xFFED, 0xFFED, 0xFFED, 0xFFED, 0xFFED, 0xFFED, 0xFFED, 0xFFED,
  0xFFED, 0xFFED, 0xFFFE, 0xFDDC, 0x9666, 0x0000, 0x0000, 0x0000,
  0x0000, 0x0000, 0x0000, 0x0000, 0x0000, 0x0000, 0x0000, 0x0000,
  0x0000, 0x0000, 0x0000, 0x0000, 0x0000, 0x0000, 0x0000, 0x0000,
  0x0000, 0x0000, 0x0000, 0x0000, 0x0000, 0x0000, 0x0000, 0x0000,
  0x2000, 0xFCBA, 0xFFED, 0xFFDD, 0xFFDD, 0xFFDD, 0xFFDD, 0xFFDD,
  0xFFDD, 0xFFED, 0xFFED, 0xFFED, 0xFFED, 0xFFFE, 0xC988, 0x0000,
  0x0FFF, 0x0000, 0x0000, 0x0000, 0x0000, 0x0000, 0x0000, 0x0000,
  0x0000, 0x0000, 0x0000, 0x0000, 0x0000, 0x0000, 0x0000, 0x0000,
  0x0000, 0x0000, 0x0000, 0x0000, 0x0000, 0x0000, 0x0000, 0x0000,
  0x0000, 0x0000, 0x0000, 0x0000, 0x0000, 0x0000, 0x0000, 0x0FFF,
  0x0000, 0x0000, 0x0000, 0x0000, 0x0000, 0x0000, 0x0000, 0x0000,
  0x0000, 0x0000, 0x0000, 0x0000, 0x0000, 0x0000, 0x0000, 0x0000,
  0x0000, 0x0000, 0x0000, 0x0000, 0x0000, 0x0000, 0x0000, 0x0000,
  0x0000, 0x0000, 0x0000, 0x0000, 0x0000, 0x0000, 0x0000, 0x0FFF,
  0x0000, 0x7444, 0xFCBB, 0xFFFE, 0xFFED, 0xFFED, 0xFFED, 0xFFED,
  0xFFED, 0xFFED, 0xFFED, 0xFFED, 0xFFED, 0xFFED, 0xFFED, 0xFFED,
  0xFFFE, 0xFFFE, 0xFBBA, 0x6433, 0x0000, 0x0FFF, 0x0000, 0x0000,
  0x0000, 0x0000, 0x0000, 0x0000, 0x0000, 0x0000, 0x0000, 0x0000,
  0x0000, 0x0000, 0x0000, 0x0000, 0x0000, 0x0000, 0x0000, 0x0000,
  0x0000, 0x0000, 0x0000, 0x0000, 0x0000, 0x0000, 0x0000, 0x0000,
  0x6444, 0xFEDC, 0xFFED, 0xFFDD, 0xFFED, 0xFFED, 0xFFED, 0xFFED,
  0xFFED, 0xFFED, 0xFFED, 0xFFED, 0xFFED, 0xFFFE, 0xFCCB, 0x4221,
  0x0000, 0x0555, 0x0000, 0x0000, 0x0000, 0x0000, 0x0000, 0x0000,
  0x0000, 0x0000, 0x0000, 0x0000, 0x0000, 0x0000, 0x0000, 0x0000,
  0x0000, 0x0000, 0x0000, 0x0000, 0x0000, 0x0000, 0x0000, 0x0000,
  0x1000, 0x9112, 0x4223, 0x8445, 0xB455, 0xA445, 0x4233, 0x0000,
  0x0000, 0x0000, 0x0000, 0x0000, 0x0000, 0x0000, 0x0000, 0x0000,
  0x0000, 0x0000, 0x0000, 0x0000, 0x0000, 0x0000, 0x0000, 0x0000,
  0x0000, 0x0000, 0x0000, 0x0000, 0x0000, 0x0000, 0x0000, 0x0000,
  0x0000, 0x0000, 0x0000, 0x0000, 0x0000, 0x0000, 0x0FFF, 0x0000,
  0x9666, 0xFEDD, 0xFFFE, 0xFFED, 0xFFED, 0xFFED, 0xFFED, 0xFFED,
  0xFFED, 0xFFED, 0xFFED, 0xFFED, 0xFFED, 0xFFED, 0xFFEE, 0xFFFE,
  0xFDDC, 0xB887, 0x3100, 0x0000, 0x0FFF, 0x0000, 0x0000, 0x0000,
  0x0000, 0x0000, 0x0000, 0x0000, 0x0000, 0x0000, 0x0000, 0x0000,
  0x0000, 0x0000, 0x0000, 0x0000, 0x0000, 0x0000, 0x0000, 0x0000,
  0x0000, 0x0000, 0x0000, 0x0000, 0x0000, 0x0000, 0x0000, 0x0000,
  0x9877, 0xFFED, 0xFFED, 0xFFED, 0xFFED, 0xFFED, 0xFFED, 0xFFED,
  0xFFED, 0xFFED, 0xFFED, 0xFFED, 0xFFED, 0xFFED, 0xFFFE, 0xC888,
  0x0000, 0x0FFF, 0x0000, 0x0000, 0x0000, 0x0000, 0x0000, 0x0000,
  0x0000, 0x0000, 0x0000, 0x0000, 0x0000, 0x0000, 0x0000, 0x0000,
  0x0000, 0x0000, 0x0000, 0x0000, 0x0000, 0x0000, 0x0000, 0x0000,
  0x5011, 0xF446, 0xF335, 0xFABC, 0xFBDE, 0xFBDE, 0xF9BC, 0x9456,
  0x0000, 0x05AA, 0x0000, 0x0000, 0x0000, 0x0000, 0x0000, 0x0000,
  0x0000, 0x0000, 0x0000, 0x0000, 0x0000, 0x0000, 0x0000, 0x0000,
  0x0000, 0x0000, 0x0000, 0x0000, 0x0000, 0x0000, 0x0000, 0x0000,
  0x0000, 0x0000, 0x0000, 0x0000, 0x0555, 0x0000, 0x0000, 0xA766,
  0xFFEE, 0xFFFE, 0xFFED, 0xFFED, 0xFFED, 0xFFED, 0xFFED, 0xFFED,
  0xFFED, 0xFFED, 0xFFED, 0xFFED, 0xFFED, 0xFFFE, 0xFFEE, 0xD999,
  0x6333, 0x0000, 0x0000, 0x0AA5, 0x0000, 0x0000, 0x0000, 0x0000,
  0x0000, 0x0000, 0x0000, 0x0000, 0x0000, 0x0000, 0x0000, 0x0000,
  0x0000, 0x0000, 0x0000, 0x0000, 0x0000, 0x0000, 0x0000, 0x0000,
  0x0000, 0x0000, 0x0000, 0x0000, 0x0000, 0x0000, 0x0000, 0x0000,
  0xC998, 0xFFFE, 0xFFED, 0xFFED, 0xFFED, 0xFFED, 0xFFED, 0xFFED,
  0xFFED, 0xFFED, 0xFFED, 0xFFED, 0xFFED, 0xFFED, 0xFFEE, 0xFEED,
  0x7544, 0x0000, 0x0FBB, 0x0000, 0x0000, 0x0000, 0x0000, 0x0000,
  0x0000, 0x0000, 0x0000, 0x0000, 0x0000, 0x0000, 0x0000, 0x0000,
  0x0000, 0x0000, 0x0000, 0x0000, 0x0000, 0x0000, 0x0000, 0x0000,
  0x8111, 0xF446, 0xF556, 0xFACD, 0xFACD, 0xFACD, 0xFBDE, 0xFACD,
  0xA456, 0x0000, 0x0FFF, 0x0000, 0x0000, 0x0000, 0x0000, 0x0000,
  0x0000, 0x0000, 0x0000, 0x0000, 0x0000, 0x0000, 0x0000, 0x0000,
  0x0000, 0x0000, 0x0000, 0x0000, 0x0000, 0x0000, 0x0000, 0x0000,
  0x0000, 0x0000, 0x0000, 0x0777, 0x0000, 0x1110, 0xB877, 0xFFEE,
  0xFFFE, 0xFFED, 0xFFED, 0xFFED, 0xFFED, 0xFFED, 0xFFED, 0xFFED,
  0xFFED, 0xFFED, 0xFFED, 0xFFFE, 0xFFFE, 0xEBBA, 0x9665, 0x1000,
  0x0000, 0x0000, 0x0000, 0x0000, 0x0000, 0x0000, 0x0000, 0x0000,
  0x0000, 0x0000, 0x0000, 0x0000, 0x0000, 0x0000, 0x0000, 0x0000,
  0x0000, 0x0000, 0x0000, 0x0000, 0x0000, 0x0000, 0x0000, 0x0000,
  0x0000, 0x0000, 0x0000, 0x0000, 0x0000, 0x0000, 0x0000, 0x0000,
  0xDA99, 0xFFFE, 0xFFED, 0xFFED, 0xFFED, 0xFFED, 0xFFED, 0xFFED,
  0xFFED, 0xFFED, 0xFFED, 0xFFED, 0xFFED, 0xFFED, 0xFFED, 0xFFFE,
  0xECBB, 0x5222, 0x0000, 0x0555, 0x0000, 0x0000, 0x0000, 0x0000,
  0x0000, 0x0000, 0x0000, 0x0000, 0x0000, 0x0000, 0x0000, 0x0000,
  0x0000, 0x0000, 0x0000, 0x0000, 0x0000, 0x0000, 0x0000, 0x0000,
  0x8335, 0xF346, 0xF678, 0xFBDE, 0xFACD, 0xFACD, 0xFACD, 0xFBCE,
  0xFABD, 0x8334, 0x0000, 0x0000, 0x0AAA, 0x0000, 0x0000, 0x0000,
  0x0000, 0x0000, 0x0000, 0x0000, 0x0000, 0x0000, 0x0555, 0x0555,
  0x0000, 0x0000, 0x0555, 0x0000, 0x0000, 0x0000, 0x0000, 0x0000,
  0x0000, 0x0000, 0x0BBB, 0x0000, 0x3000, 0xD665, 0xFEED, 0xFFFE,
  0xFFED, 0xFFED, 0xFFED, 0xFFED, 0xFFED, 0xFFED, 0xFFED, 0xFFED,
  0xFFED, 0xFFFE, 0xFFFE, 0xFCBB, 0xA777, 0x2000, 0x0000, 0x0000,
  0x0555, 0x0000, 0x0000, 0x0000, 0x0000, 0x0000, 0x0000, 0x0000,
  0x0000, 0x0000, 0x0000, 0x0000, 0x0000, 0x0000, 0x0000, 0x0000,
  0x0000, 0x0000, 0x0000, 0x0000, 0x0000, 0x0000, 0x0000, 0x0000,
  0x0000, 0x0000, 0x0000, 0x0000, 0x0000, 0x0000, 0x0000, 0x0000,
  0xEAA9, 0xFFFE, 0xFFED, 0xFFED, 0xFFED, 0xFFED, 0xFFED, 0xFFED,
  0xFFED, 0xFFED, 0xFFED, 0xFFED, 0xFFED, 0xFFED, 0xFFED, 0xFFED,
  0xFFFE, 0xFBBA, 0x6444, 0x0000, 0x0777, 0x0000, 0x0000, 0x0000,
  0x0000, 0x0000, 0x0000, 0x0000, 0x0000, 0x0000, 0x0000, 0x0000,
  0x0000, 0x0000, 0x0000, 0x0000, 0x0000, 0x0000, 0x0000, 0x0000,
  0xC335, 0xF446, 0xF678, 0xFBDE, 0xFACD, 0xFACD, 0xFACD, 0xFACD,
  0xFABD, 0xF888, 0xA777, 0x2000, 0x0000, 0x0000, 0x0000, 0x0000,
  0x0000, 0x0000, 0x0000, 0x0000, 0x0000, 0x0000, 0x0000, 0x0000,
  0x0000, 0x0000, 0x0000, 0x1000, 0x4000, 0x4000, 0x2000, 0x0000,
  0x0444, 0x0000, 0x0000, 0x6333, 0xEBBB, 0xFDDD, 0xF999, 0xFEDD,
  0xFFEE, 0xFFED, 0xFFED, 0xFFED, 0xFFED, 0xFFED, 0xFFED, 0xFFFE,
  0xFFFE, 0xFCCB, 0xA877, 0x3110, 0x0000, 0x0000, 0x0FAA, 0x0000,
  0x0000, 0x0000, 0x0000, 0x0000, 0x0000, 0x0000, 0x0000, 0x0000,
  0x0000, 0x0000, 0x0000, 0x0000, 0x0000, 0x0000, 0x0000, 0x0000,
  0x0000, 0x0000, 0x0000, 0x0000, 0x0000, 0x0000, 0x0000, 0x0000,
  0x0000, 0x0000, 0x0000, 0x0000, 0x0000, 0x0000, 0x0000, 0x0000,
  0xEAA9, 0xFFFE, 0xFFED, 0xFFED, 0xFFED, 0xFFED, 0xFFED, 0xFFED,
  0xFFED, 0xFFED, 0xFFED, 0xFFED, 0xFFED, 0xFFED, 0xFFED, 0xFFED,
  0xFFED, 0xFFFF, 0xEBA9, 0x2000, 0x0FFF, 0x0000, 0x0000, 0x0000,
  0x0000, 0x0000, 0x0000, 0x0000, 0x0000, 0x0000, 0x0000, 0x0000,
  0x0000, 0x0000, 0x0000, 0x0000, 0x0000, 0x0000, 0x0000, 0x0000,
  0xF234, 0xF456, 0xF9BC, 0xFBCD, 0xFACD, 0xFACD, 0xFACD, 0xFBCD,
  0xF9BC, 0xFCCC, 0xF677, 0xE345, 0x5555, 0x3000, 0x0000, 0x0000,
  0x0005, 0x0000, 0x0000, 0x0000, 0x0000, 0x3000, 0xB334, 0xB112,
  0x6000, 0x8000, 0xB223, 0xD446, 0xF345, 0xF345, 0xE335, 0x5112,
  0x0000, 0x1000, 0x9677, 0xFDDD, 0xFFFF, 0xFFFF, 0xFDDE, 0xFAA9,
  0xFFFE, 0xFFED, 0xFFED, 0xFFED, 0xFFED, 0xFFEE, 0xFFFE, 0xFDDC,
  0xC988, 0x4211, 0x0000, 0x0000, 0x0FFF, 0x0000, 0x0000, 0x0000,
  0x0000, 0x0000, 0x0000, 0x0000, 0x0000, 0x0000, 0x0000, 0x0000,
  0x0000, 0x0000, 0x0000, 0x0000, 0x0000, 0x0000, 0x0000, 0x0000,
  0x0000, 0x0000, 0x0000, 0x0000, 0x0000, 0x0000, 0x0000, 0x0000,
  0x0000, 0x0000, 0x0000, 0x0000, 0x0000, 0x0000, 0x0000, 0x0000,
  0xEA99, 0xFFFE, 0xFFED, 0xFFED, 0xFFED, 0xFFED, 0xFFED, 0xFFED,
  0xFFED, 0xFFED, 0xFFED, 0xFFED, 0xFFED, 0xFFED, 0xFFED, 0xFFED,
  0xFFED, 0xFFED, 0xFFEE, 0x9665, 0x0000, 0x0FAA, 0x0000, 0x0000,
  0x0000, 0x0000, 0x0000, 0x0000, 0x0000, 0x0000, 0x0000, 0x0000,
  0x0000, 0x0000, 0x0000, 0x0000, 0x0000, 0x0000, 0x0000, 0x0000,
  0xF234, 0xF446, 0xFABC, 0xFBCD, 0xFACD, 0xFACD, 0xFACD, 0xFBCE,
  0xF89A, 0xFDDD, 0xF334, 0xF789, 0xFDDD, 0xF335, 0x8111, 0x2000,
  0x0000, 0x0000, 0x0000, 0x0000, 0x2000, 0xE335, 0xF346, 0xF667,
  0xFBBB, 0xFCCC, 0xF888, 0xF346, 0xF557, 0xF457, 0xF557, 0xC234,
  0x5333, 0xD999, 0xFEFF, 0xFFFF, 0xFFFF, 0xFFFF, 0xFFFF, 0xFBAA,
  0xFDCB, 0xFFFE, 0xFFED, 0xFFEE, 0xFFFE, 0xFEDD, 0xC998, 0x6443,
  0x0000, 0x0000, 0x0FFF, 0x0000, 0x0000, 0x0000, 0x0000, 0x0000,
  0x0000, 0x0000, 0x0000, 0x0000, 0x0000, 0x0000, 0x0000, 0x0000,
  0x0000, 0x0000, 0x0000, 0x0000, 0x0000, 0x0000, 0x0000, 0x0000,
  0x0000, 0x0000, 0x0000, 0x0000, 0x0000, 0x0000, 0x0000, 0x0000,
  0x0000, 0x0000, 0x0000, 0x0000, 0x0000, 0x0000, 0x0000, 0x0000,
  0xDA99, 0xFFFE, 0xFFED, 0xFFED, 0xFFED, 0xFFED, 0xFFED, 0xFFED,
  0xFFED, 0xFFED, 0xFFED, 0xFFED, 0xFFED, 0xFFED, 0xFFED, 0xFFED,
  0xFFED, 0xFFED, 0xFFFE, 0xFBAA, 0x2000, 0x0000, 0x0000, 0x0000,
  0x0000, 0x0000, 0x0000, 0x0000, 0x0000, 0x0000, 0x0000, 0x0000,
  0x0000, 0x0000, 0x0000, 0x0000, 0x0000, 0x0000, 0x0000, 0x0000,
  0xF234, 0xF446, 0xF9BC, 0xFBCD, 0xFACD, 0xFACD, 0xFACD, 0xFBDE,
  0xF789, 0xFDDC, 0xF556, 0xF335, 0xFCCC, 0xF567, 0xF123, 0xE223,
  0x9112, 0x3000, 0x1000, 0x2000, 0xD234, 0xF335, 0xF788, 0xFFEE,
  0xFFCD, 0xFFFF, 0xFEEE, 0xF456, 0xF446, 0xF456, 0xF457, 0xF234,
  0xF9AA, 0xFFFF, 0xFEFF, 0xFEFF, 0xFFFF, 0xFFFF, 0xFFFF, 0xFDDD,
  0xFCBB, 0xFFFE, 0xFFFE, 0xFFEE, 0xDAA9, 0x6444, 0x0000, 0x0000,
  0x0000, 0x0555, 0x0000, 0x0000, 0x0000, 0x0000, 0x0000, 0x0000,
  0x0000, 0x0000, 0x0000, 0x0000, 0x0000, 0x0000, 0x0000, 0x0000,
  0x0000, 0x0000, 0x0000, 0x0000, 0x0000, 0x0000, 0x0000, 0x0000,
  0x0000, 0x0000, 0x0000, 0x0000, 0x0000, 0x0000, 0x0000, 0x0000,
  0x0000, 0x0000, 0x0000, 0x0000, 0x0000, 0x0000, 0x0000, 0x0000,
  0xC998, 0xFFFE, 0xFFED, 0xFFED, 0xFFED, 0xFFED, 0xFFED, 0xFFED,
  0xFFED, 0xFFED, 0xFFED, 0xFFED, 0xFFED, 0xFFED, 0xFFED, 0xFFED,
  0xFFED, 0xFFED, 0xFFEE, 0xFFFE, 0xA766, 0x0000, 0x0000, 0x0000,
  0x0000, 0x0000, 0x0000, 0x0000, 0x0000, 0x0000, 0x0000, 0x0000,
  0x0000, 0x0000, 0x0000, 0x0000, 0x0000, 0x0000, 0x0000, 0x0000,
  0xE334, 0xF446, 0xF788, 0xFBDE, 0xFACD, 0xFACD, 0xFACD, 0xFBCD,
  0xF9AB, 0xFFFF, 0xF999, 0xF335, 0xF556, 0xF445, 0xF224, 0xF335,
  0xF223, 0xF223, 0xD223, 0xE223, 0xF445, 0xF889, 0xFFFF, 0xFBDA,
  0xFAAE, 0xFDDF, 0xFFFF, 0xF567, 0xF446, 0xF456, 0xF457, 0xF335,
  0xFACC, 0xFEFF, 0xFDEF, 0xFEFF, 0xFEFF, 0xFFFF, 0xFFFF, 0xFFFF,
  0xFA99, 0xFFFE, 0xEBBA, 0x8665, 0x1000, 0x0000, 0x0000, 0x0555,
  0x0000, 0x0000, 0x0000, 0x0000, 0x0000, 0x0000, 0x0000, 0x0000,
  0x0000, 0x0000, 0x0000, 0x0000, 0x0000, 0x0000, 0x0000, 0x0000,
  0x0000, 0x0000, 0x0000, 0x0000, 0x0000, 0x0000, 0x0000, 0x0000,
  0x0000, 0x0000, 0x0000, 0x0000, 0x0000, 0x0000, 0x0000, 0x0000,
  0x0000, 0x0000, 0x0000, 0x0000, 0x0000, 0x0000, 0x0000, 0x0000,
  0xA887, 0xFFEE, 0xFFEE, 0xFFED, 0xFFED, 0xFFED, 0xFFED, 0xFFED,
  0xFFED, 0xFFED, 0xFFED, 0xFFED, 0xFFED, 0xFFED, 0xFFED, 0xFFED,
  0xFFED, 0xFFED, 0xFFED, 0xFFFE, 0xFCBB, 0x3111, 0x0000, 0x0000,
  0x0000, 0x0000, 0x0000, 0x0000, 0x0000, 0x0000, 0x0000, 0x0000,
  0x0000, 0x0000, 0x0000, 0x0000, 0x0000, 0x0000, 0x0000, 0x0000,
  0xA334, 0xF447, 0xF456, 0xFACD, 0xFBCD, 0xFACD, 0xFACD, 0xFBCD,
  0xF9BC, 0xFBBB, 0xFDDD, 0xF345, 0xF446, 0xF234, 0xF334, 0xF346,
  0xF223, 0xF345, 0xF334, 0xF334, 0xF666, 0xFFFF, 0xFFFF, 0xFEFE,
  0xFFFF, 0xFFFF, 0xFBBB, 0xF334, 0xF446, 0xF457, 0xF446, 0xF456,
  0xFCDE, 0xFDEF, 0xFDEF, 0xFEEF, 0xFEFF, 0xFEFF, 0xFFFF, 0xFFFF,
  0xF877, 0xA877, 0x3000, 0x0000, 0x0000, 0x0AAA, 0x0000, 0x0000,
  0x0000, 0x0000, 0x0000, 0x0000, 0x0000, 0x0000, 0x0000, 0x0000,
  0x0000, 0x0000, 0x0000, 0x0000, 0x0000, 0x0000, 0x0000, 0x0000,
  0x0000, 0x0000, 0x0000, 0x0000, 0x0000, 0x0000, 0x0000, 0x0000,
  0x0000, 0x0000, 0x0000, 0x0000, 0x0000, 0x0000, 0x0000, 0x0000,
  0x0000, 0x0000, 0x0000, 0x0000, 0x0000, 0x0000, 0x0000, 0x0000,
  0x9776, 0xFFED, 0xFFEE, 0xFFED, 0xFFED, 0xFFED, 0xFFED, 0xFFED,
  0xFFED, 0xFFED, 0xFFED, 0xFFED, 0xFFED, 0xFFED, 0xFFED, 0xFFED,
  0xFFED, 0xFFED, 0xFFED, 0xFFEE, 0xFFED, 0x8666, 0x0000, 0x0000,
  0x0000, 0x0000, 0x0000, 0x0000, 0x0000, 0x0000, 0x0000, 0x0000,
  0x0000, 0x0000, 0x0000, 0x0000, 0x0000, 0x0000, 0x0000, 0x0000,
  0x6111, 0xF456, 0xF345, 0xF89A, 0xFACD, 0xFACD, 0xFACD, 0xFBCD,
  0xF9BC, 0xF99A, 0xFFFF, 0xF999, 0xF335, 0xF457, 0xF335, 0xF335,
  0xF223, 0xF224, 0xF223, 0xF234, 0xF335, 0xFBBB, 0xFFFF, 0xFFFF,
  0xFDDD, 0xF667, 0xF335, 0xF345, 0xF334, 0xF335, 0xF346, 0xF678,
  0xFDFF, 0xFCEE, 0xFDEF, 0xFDEF, 0xFEEF, 0xFFFF, 0xFFFF, 0xDAAA,
  0x5222, 0x0000, 0x0000, 0x0777, 0x0000, 0x0000, 0x0000, 0x0000,
  0x0000, 0x0000, 0x0000, 0x0000, 0x0000, 0x0000, 0x0000, 0x0000,
  0x0000, 0x0000, 0x0000, 0x0000, 0x0000, 0x0000, 0x0000, 0x0000,
  0x0000, 0x0000, 0x0000, 0x0000, 0x0000, 0x0000, 0x0000, 0x0000,
  0x0000, 0x0000, 0x0000, 0x0000, 0x0000, 0x0000, 0x0000, 0x0000,
  0x0000, 0x0000, 0x0000, 0x0000, 0x0000, 0x0000, 0x0000, 0x0000,
  0x7555, 0xFEED, 0xFFEE, 0xFFED, 0xFFED, 0xFFED, 0xFFED, 0xFFED,
  0xFFED, 0xFFED, 0xFFED, 0xFFED, 0xFFED, 0xFFED, 0xFFED, 0xFFED,
  0xFFED, 0xFFED, 0xFFED, 0xFFED, 0xFFFE, 0xB988, 0x0000, 0x0000,
  0x0000, 0x0000, 0x0000, 0x0000, 0x0000, 0x0000, 0x0000, 0x0000,
  0x0000, 0x0000, 0x0000, 0x0000, 0x0000, 0x0000, 0x0000, 0x0000,
  0x1000, 0xE334, 0xF457, 0xF345, 0xF446, 0xF667, 0xFBCE, 0xFACD,
  0xFBCE, 0xF89A, 0xFEEE, 0xFFFF, 0xF999, 0xF335, 0xF446, 0xF223,
  0xF234, 0xF334, 0xF223, 0xF334, 0xF335, 0xF556, 0xFFFF, 0xFBBB,
  0xF445, 0xF346, 0xF557, 0xF457, 0xF457, 0xF446, 0xF223, 0xFACC,
  0xFCEF, 0xFCEE, 0xFDEF, 0xFDEE, 0xFEFF, 0xFDDD, 0x9666, 0x1000,
  0x0000, 0x0FFF, 0x0000, 0x0000, 0x0000, 0x0000, 0x0000, 0x0000,
  0x0000, 0x0000, 0x0000, 0x0000, 0x0000, 0x0000, 0x0000, 0x0000,
  0x0000, 0x0000, 0x0000, 0x0000, 0x0000, 0x0000, 0x0000, 0x0000,
  0x0000, 0x0000, 0x0000, 0x0000, 0x0000, 0x0000, 0x0000, 0x0000,
  0x0000, 0x0000, 0x0000, 0x0000, 0x0000, 0x0000, 0x0000, 0x0000,
  0x0000, 0x0000, 0x0000, 0x0000, 0x0000, 0x0000, 0x0000, 0x0000,
  0x6333, 0xFEDC, 0xFFEE, 0xFFED, 0xFFED, 0xFFED, 0xFFED, 0xFFED,
  0xFFED, 0xFFED, 0xFFED, 0xFFED, 0xFFED, 0xFFED, 0xFFED, 0xFFED,
  0xFFED, 0xFFED, 0xFFED, 0xFFED, 0xFFFE, 0xDA99, 0x0000, 0x0000,
  0x0000, 0x0000, 0x0000, 0x0000, 0x0000, 0x0000, 0x0000, 0x0000,
  0x0000, 0x0000, 0x0000, 0x0000, 0x0000, 0x0000, 0x0000, 0x0000,
  0x0000, 0x7122, 0xF345, 0xF457, 0xF457, 0xF335, 0xF89A, 0xFBDE,
  0xFBCE, 0xF89A, 0xFCCC, 0xFFFF, 0xFFFF, 0xF999, 0xF335, 0xF457,
  0xF223, 0xF334, 0xF335, 0xF335, 0xF335, 0xF446, 0xF777, 0xF345,
  0xF447, 0xF557, 0xF346, 0xF446, 0xF446, 0xF457, 0xF446, 0xF567,
  0xFCEE, 0xFDFF, 0xFCEE, 0xFEFF, 0xEAAA, 0x5223, 0x0000, 0x0000,
  0x0555, 0x0000, 0x0000, 0x0000, 0x0000, 0x0000, 0x0000, 0x0000,
  0x0000, 0x0000, 0x0000, 0x0000, 0x0000, 0x0000, 0x0000, 0x0000,
  0x0000, 0x0000, 0x0000, 0x0000, 0x0000, 0x0000, 0x0000, 0x0000,
  0x0000, 0x0000, 0x0000, 0x0000, 0x0000, 0x0000, 0x0000, 0x0000,
  0x0000, 0x0000, 0x0000, 0x0000, 0x0000, 0x0000, 0x0000, 0x0000,
  0x0000, 0x0000, 0x0000, 0x0000, 0x0000, 0x0000, 0x0000, 0x0000,
  0x5222, 0xFDCC, 0xFFFE, 0xFFED, 0xFFED, 0xFFED, 0xFFED, 0xFFED,
  0xFFED, 0xFFED, 0xFFED, 0xFFED, 0xFFED, 0xFFED, 0xFFED, 0xFFED,
  0xFFED, 0xFFED, 0xFFED, 0xFFED, 0xFFFE, 0xEA99, 0x0000, 0x0000,
  0x0000, 0x0000, 0x0000, 0x0000, 0x0000, 0x0000, 0x0000, 0x0000,
  0x0000, 0x0000, 0x0000, 0x0000, 0x0000, 0x0000, 0x0000, 0x0000,
  0x0000, 0x0000, 0x3000, 0x8122, 0xF335, 0xF457, 0xF335, 0xF89A,
  0xFACD, 0xFABD, 0xF999, 0xFFEE, 0xFFFF, 0xFFFF, 0xFAAB, 0xF345,
  0xF557, 0xF457, 0xF335, 0xF334, 0xF223, 0xF345, 0xF224, 0xF457,
  0xF457, 0xF335, 0xF667, 0xFDDD, 0xFBBB, 0xF335, 0xF457, 0xF345,
  0xF567, 0xF9BB, 0xFCEF, 0xD9AA, 0x3000, 0x0000, 0x0FFF, 0x0000,
  0x0000, 0x0000, 0x0000, 0x0000, 0x0000, 0x0000, 0x0000, 0x0000,
  0x0000, 0x0000, 0x0000, 0x0000, 0x0000, 0x0000, 0x0000, 0x0000,
  0x0000, 0x0000, 0x0000, 0x0000, 0x0000, 0x0000, 0x0000, 0x0000,
  0x0000, 0x0000, 0x0000, 0x0000, 0x0000, 0x0000, 0x0000, 0x0000,
  0x0000, 0x0000, 0x0000, 0x0000, 0x0000, 0x0000, 0x0000, 0x0000,
  0x0000, 0x0000, 0x0000, 0x0000, 0x0000, 0x0000, 0x0000, 0x0000,
  0x5222, 0xFDCC, 0xFFFE, 0xFFED, 0xFFED, 0xFFED, 0xFFED, 0xFFED,
  0xFFED, 0xFFED, 0xFFED, 0xFFED, 0xFFED, 0xFFED, 0xFFED, 0xFFED,
  0xFFED, 0xFFED, 0xFFED, 0xFFED, 0xFFFE, 0xEA99, 0x0000, 0x0000,
  0x0000, 0x0000, 0x0000, 0x0000, 0x0000, 0x0000, 0x0000, 0x0000,
  0x0000, 0x0000, 0x0000, 0x0000, 0x0000, 0x0000, 0x0000, 0x0000,
  0x0000, 0x0004, 0x0000, 0x3000, 0xF346, 0xF446, 0xF446, 0xF68A,
  0xF78A, 0xF678, 0xF456, 0xF567, 0xF9AA, 0xFAAB, 0xFCCB, 0xF667,
  0xF345, 0xF446, 0xF457, 0xF557, 0xF446, 0xF446, 0xF557, 0xF447,
  0xF345, 0xF999, 0xFFFF, 0xFFFF, 0xFFFF, 0xF9AA, 0xF335, 0xF557,
  0xF345, 0xF345, 0xF445, 0x7001, 0x0000, 0x0666, 0x0000, 0x0000,
  0x0000, 0x0000, 0x0000, 0x0000, 0x0000, 0x0000, 0x0000, 0x0000,
  0x0000, 0x0000, 0x0000, 0x0000, 0x0000, 0x0000, 0x0000, 0x0000,
  0x0000, 0x0000, 0x0000, 0x0000, 0x0000, 0x0000, 0x0000, 0x0000,
  0x0000, 0x0000, 0x0000, 0x0000, 0x0000, 0x0000, 0x0000, 0x0000,
  0x0000, 0x0000, 0x0000, 0x0000, 0x0000, 0x0000, 0x0000, 0x0000,
  0x0000, 0x0000, 0x0000, 0x0000, 0x0000, 0x0000, 0x0000, 0x0000,
  0x5222, 0xFDDC, 0xFFFE, 0xFFED, 0xFFED, 0xFFED, 0xFFED, 0xFFED,
  0xFFED, 0xFFED, 0xFFED, 0xFFED, 0xFFED, 0xFFED, 0xFFED, 0xFFED,
  0xFFED, 0xFFED, 0xFFED, 0xFFED, 0xFFFE, 0xDA99, 0x0000, 0x0000,
  0x0000, 0x0000, 0x0000, 0x0000, 0x0000, 0x0000, 0x0000, 0x0000,
  0x0000, 0x0000, 0x0000, 0x0000, 0x0000, 0x0000, 0x0000, 0x0000,
  0x0000, 0x0000, 0x0777, 0x6111, 0xF446, 0xF457, 0xF345, 0xF79B,
  0xF78B, 0xF79B, 0xF79B, 0xF79B, 0xF78B, 0xF579, 0xF679, 0xF789,
  0xF345, 0xF456, 0xF457, 0xF335, 0xF335, 0xF446, 0xF446, 0xF445,
  0xFCCC, 0xFFFF, 0xFFFF, 0xFFFF, 0xFFFF, 0xFFFF, 0xF778, 0xF346,
  0xF557, 0xF457, 0xF447, 0xF446, 0x7112, 0x0000, 0x0005, 0x0000,
  0x0000, 0x0000, 0x0000, 0x0000, 0x0000, 0x0000, 0x0000, 0x0000,
  0x0000, 0x0000, 0x0000, 0x0000, 0x0000, 0x0000, 0x0000, 0x0000,
  0x0000, 0x0000, 0x0000, 0x0000, 0x0000, 0x0000, 0x0000, 0x0000,
  0x0000, 0x0000, 0x0000, 0x0000, 0x0000, 0x0000, 0x0000, 0x0000,
  0x0000, 0x0000, 0x0000, 0x0000, 0x0000, 0x0000, 0x0000, 0x0000,
  0x0000, 0x0000, 0x0000, 0x0000, 0x0000, 0x0000, 0x0000, 0x0000,
  0x4222, 0xFDCB, 0xFFFE, 0xFFED, 0xFFED, 0xFFED, 0xFFED, 0xFFED,
  0xFFED, 0xFFED, 0xFFED, 0xFFED, 0xFFED, 0xFFED, 0xFFED, 0xFFED,
  0xFFED, 0xFFED, 0xFFED, 0xFFED, 0xFFFE, 0xD998, 0x0000, 0x0000,
  0x0000, 0x0000, 0x0000, 0x0000, 0x0000, 0x0000, 0x0000, 0x0000,
  0x0000, 0x0000, 0x0000, 0x0000, 0x0000, 0x0000, 0x0000, 0x0000,
  0x0000, 0x0000, 0x0777, 0x0000, 0x9122, 0xF457, 0xF446, 0xF334,
  0xF345, 0xF679, 0xF89B, 0xF79B, 0xF79B, 0xF89B, 0xF89B, 0xF79B,
  0xF89B, 0xF89B, 0xF78B, 0xF679, 0xF679, 0xF679, 0xF457, 0xF455,
  0xF889, 0xFABB, 0xFBBB, 0xFAAA, 0xFAAA, 0xFAAA, 0xFAAA, 0xF345,
  0xF457, 0xF457, 0xF457, 0xF457, 0x7223, 0x0000, 0x0555, 0x0000,
  0x0000, 0x0000, 0x0000, 0x0000, 0x0000, 0x0000, 0x0000, 0x0000,
  0x0000, 0x0000, 0x0000, 0x0000, 0x0000, 0x0000, 0x0000, 0x0000,
  0x0000, 0x0000, 0x0000, 0x0000, 0x0000, 0x0000, 0x0000, 0x0000,
  0x0000, 0x0000, 0x0000, 0x0000, 0x0000, 0x0000, 0x0000, 0x0000,
  0x0000, 0x0000, 0x0000, 0x0000, 0x0000, 0x0000, 0x0000, 0x0000,
  0x0000, 0x0000, 0x0000, 0x0000, 0x0000, 0x0000, 0x0000, 0x0000,
  0x3111, 0xFCBB, 0xFFFE, 0xFFED, 0xFFED, 0xFFED, 0xFFED, 0xFFED,
  0xFFED, 0xFFED, 0xFFED, 0xFFED, 0xFFED, 0xFFED, 0xFFED, 0xFFED,
  0xFFED, 0xFFED, 0xFFED, 0xFFED, 0xFFFE, 0xB988, 0x0000, 0x0000,
  0x0000, 0x0000, 0x0000, 0x0000, 0x0000, 0x0000, 0x0000, 0x0000,
  0x0000, 0x0000, 0x0000, 0x0000, 0x0000, 0x0000, 0x0000, 0x0000,
  0x0000, 0x0000, 0x0000, 0x0555, 0x0000, 0xB223, 0xF457, 0xF457,
  0xF456, 0xF345, 0xF78A, 0xF79B, 0xF79B, 0xF79B, 0xF79B, 0xF79B,
  0xF79B, 0xF79B, 0xF79B, 0xF89B, 0xF89B, 0xF79B, 0xF89B, 0xF89B,
  0xF79B, 0xF78A, 0xF679, 0xF679, 0xF568, 0xF345, 0xF8AB, 0xF89A,
  0xF335, 0xF457, 0xF457, 0xF345, 0x2000, 0x0000, 0x0000, 0x0000,
  0x0000, 0x0000, 0x0000, 0x0000, 0x0000, 0x0000, 0x0000, 0x0000,
  0x0000, 0x0000, 0x0000, 0x0000, 0x0000, 0x0000, 0x0000, 0x0000,
  0x0000, 0x0000, 0x0000, 0x0000, 0x0000, 0x0000, 0x0000, 0x0000,
  0x0000, 0x0000, 0x0000, 0x0000, 0x0000, 0x0000, 0x0000, 0x0000,
  0x0000, 0x0000, 0x0000, 0x0000, 0x0000, 0x0000, 0x0000, 0x0000,
  0x0000, 0x0000, 0x0000, 0x0000, 0x0000, 0x0000, 0x0000, 0x0000,
  0x1000, 0xEBAA, 0xFFFE, 0xFFED, 0xFFED, 0xFFED, 0xFFED, 0xFFED,
  0xFFED, 0xFFED, 0xFFED, 0xFFED, 0xFFED, 0xFFED, 0xFFED, 0xFFED,
  0xFFED, 0xFFED, 0xFFED, 0xFFEE, 0xFFED, 0x9766, 0x0000, 0x0000,
  0x0000, 0x0000, 0x0000, 0x0000, 0x0000, 0x0000, 0x0000, 0x0000,
  0x0000, 0x0000, 0x0000, 0x0000, 0x0000, 0x0000, 0x0000, 0x0000,
  0x0000, 0x0000, 0x0000, 0x0000, 0x0000, 0x1000, 0x8111, 0x9112,
  0xE446, 0xF335, 0xF678, 0xF8AC, 0xF79B, 0xF79B, 0xF79B, 0xF79B,
  0xF79B, 0xF79B, 0xF79B, 0xF79B, 0xF79B, 0xF79B, 0xF79B, 0xF79B,
  0xF79B, 0xF89B, 0xF8AC, 0xF68A, 0xF678, 0xFABC, 0xFBCE, 0xFBDE,
  0xF89A, 0xF335, 0xF457, 0xA223, 0x0000, 0x0444, 0x0000, 0x0000,
  0x0000, 0x0000, 0x0000, 0x0000, 0x0000, 0x0000, 0x0000, 0x0000,
  0x0000, 0x0000, 0x0000, 0x0000, 0x0000, 0x0000, 0x0000, 0x0000,
  0x0000, 0x0000, 0x0000, 0x0000, 0x0000, 0x0000, 0x0000, 0x0000,
  0x0000, 0x0000, 0x0000, 0x0000, 0x0000, 0x0000, 0x0000, 0x0000,
  0x0000, 0x0000, 0x0000, 0x0000, 0x0000, 0x0000, 0x0000, 0x0000,
  0x0000, 0x0000, 0x0000, 0x0000, 0x0000, 0x0000, 0x0000, 0x0000,
  0x0000, 0xC998, 0xFFFE, 0xFFED, 0xFFED, 0xFFED, 0xFFED, 0xFFED,
  0xFFED, 0xFFED, 0xFFED, 0xFFED, 0xFFED, 0xFFED, 0xFFED, 0xFFED,
  0xFFED, 0xFFED, 0xFFED, 0xFFFE, 0xFDCC, 0x4222, 0x0000, 0x0000,
  0x0000, 0x0000, 0x0000, 0x0000, 0x0000, 0x0000, 0x0000, 0x0000,
  0x0000, 0x0000, 0x0000, 0x0000, 0x0000, 0x0000, 0x0000, 0x0000,
  0x0000, 0x0000, 0x0000, 0x0000, 0x0000, 0x0777, 0x0000, 0x4000,
  0xF446, 0xF345, 0xF557, 0xF567, 0xF78A, 0xF79B, 0xF79B, 0xF79B,
  0xF79B, 0xF79B, 0xF79B, 0xF79B, 0xF79B, 0xF79B, 0xF79B, 0xF79B,
  0xF89B, 0xF68A, 0xF567, 0xF789, 0xFACD, 0xFBCD, 0xFACD, 0xFACD,
  0xFBDE, 0xF9BC, 0xE345, 0x2000, 0x0FFF, 0x0000, 0x0000, 0x0000,
  0x0000, 0x0000, 0x0000, 0x0000, 0x0000, 0x0000, 0x0000, 0x0000,
  0x0000, 0x0000, 0x0000, 0x0000, 0x0000, 0x0000, 0x0000, 0x0000,
  0x0000, 0x0000, 0x0000, 0x0000, 0x0000, 0x0000, 0x0000, 0x0000,
  0x0000, 0x0000, 0x0000, 0x0000, 0x0000, 0x0000, 0x0000, 0x0000,
  0x0000, 0x0000, 0x0000, 0x0000, 0x0000, 0x0000, 0x0000, 0x0000,
  0x0000, 0x0000, 0x0000, 0x0000, 0x0000, 0x0000, 0x0000, 0x0000,
  0x0000, 0x7555, 0xFFED, 0xFFEE, 0xFFED, 0xFFED, 0xFFED, 0xFFED,
  0xFFED, 0xFFED, 0xFFED, 0xFFED, 0xFFED, 0xFFED, 0xFFED, 0xFFED,
  0xFFED, 0xFFED, 0xFFED, 0xFFFE, 0xC888, 0x0000, 0x0000, 0x0000,
  0x0000, 0x0000, 0x0000, 0x0000, 0x0000, 0x0000, 0x0000, 0x0000,
  0x0000, 0x0000, 0x0000, 0x0000, 0x0000, 0x0000, 0x0000, 0x0000,
  0x0000, 0x0000, 0x0000, 0x0000, 0x0000, 0x0000, 0x0225, 0x2111,
  0xB223, 0xF457, 0xF345, 0xF335, 0xF445, 0xF78A, 0xF79B, 0xF79B,
  0xF79B, 0xF79B, 0xF79B, 0xF79B, 0xF79B, 0xF79B, 0xF89B, 0xF78B,
  0xF578, 0xF889, 0xF889, 0xFBDE, 0xFACD, 0xFACD, 0xFACD, 0xFACD,
  0xFBDE, 0xD789, 0x2233, 0x0000, 0x0007, 0x0000, 0x0000, 0x0000,
  0x0000, 0x0000, 0x0000, 0x0000, 0x0000, 0x0000, 0x0000, 0x0000,
  0x0000, 0x0000, 0x0000, 0x0000, 0x0000, 0x0000, 0x0000, 0x0000,
  0x0000, 0x0000, 0x0000, 0x0000, 0x0000, 0x0000, 0x0000, 0x0000,
  0x0000, 0x0000, 0x0000, 0x0000, 0x0000, 0x0000, 0x0000, 0x0000,
  0x0000, 0x0000, 0x0000, 0x0000, 0x0000, 0x0000, 0x0000, 0x0000,
  0x0000, 0x0000, 0x0000, 0x0000, 0x0000, 0x0000, 0x0000, 0x0000,
  0x0000, 0x1000, 0xEAA9, 0xFFFE, 0xFFED, 0xFFED, 0xFFED, 0xFFED,
  0xFFED, 0xFFED, 0xFFED, 0xFFED, 0xFFED, 0xFFED, 0xFFED, 0xFFED,
  0xFFED, 0xFFED, 0xFFFE, 0xFCBB, 0x4222, 0x0000, 0x0000, 0x0000,
  0x0000, 0x0000, 0x0000, 0x0000, 0x0000, 0x0000, 0x0000, 0x0000,
  0x0000, 0x0000, 0x0000, 0x0000, 0x0000, 0x0000, 0x0000, 0x0000,
  0x0000, 0x0000, 0x0000, 0x0000, 0x0000, 0x0000, 0x0000, 0x0000,
  0x0000, 0xA223, 0xF446, 0xF446, 0xF446, 0xF445, 0xF78A, 0xF79B,
  0xF79B, 0xF79B, 0xF79B, 0xF79B, 0xF89B, 0xF79B, 0xF679, 0xF778,
  0xFCCC, 0xFFFF, 0xFBBB, 0xF89B, 0xFACD, 0xFABC, 0xFABC, 0xFBCE,
  0xD678, 0x2000, 0x0000, 0x0000, 0x0000, 0x0000, 0x0000, 0x0000,
  0x0000, 0x0000, 0x0000, 0x0000, 0x0000, 0x0000, 0x0000, 0x0000,
  0x0000, 0x0000, 0x0000, 0x0000, 0x0000, 0x0000, 0x0000, 0x0000,
  0x0000, 0x0000, 0x0000, 0x0000, 0x0000, 0x0000, 0x0000, 0x0000,
  0x0000, 0x0000, 0x0000, 0x0000, 0x0000, 0x0000, 0x0000, 0x0000,
  0x0000, 0x0000, 0x0000, 0x0000, 0x0000, 0x0000, 0x0000, 0x0000,
  0x0000, 0x0000, 0x0000, 0x0000, 0x0000, 0x0000, 0x0000, 0x0000,
  0x0AAA, 0x0000, 0x6444, 0xFEDC, 0xFFFE, 0xFFED, 0xFFED, 0xFFED,
  0xFFED, 0xFFED, 0xFFED, 0xFFED, 0xFFED, 0xFFED, 0xFFED, 0xFFED,
  0xFFED, 0xFFFE, 0xFEDD, 0x8555, 0x0000, 0x0FFF, 0x0000, 0x0000,
  0x0000, 0x0000, 0x0000, 0x0000, 0x0000, 0x0000, 0x0000, 0x0000,
  0x0000, 0x0000, 0x0000, 0x0000, 0x0000, 0x0000, 0x0000, 0x0000,
  0x0000, 0x0000, 0x0000, 0x0000, 0x0000, 0x0000, 0x0000, 0x0000,
  0x0000, 0x0000, 0x2000, 0x6011, 0xF457, 0xF335, 0xF679, 0xF89B,
  0xF79B, 0xF79B, 0xF89B, 0xF79B, 0xF679, 0xF678, 0xFAAA, 0xFFFF,
  0xFFFF, 0xFFFF, 0xFEEE, 0xF667, 0xF557, 0xF567, 0xF678, 0xD667,
  0x1000, 0x0000, 0x0044, 0x0000, 0x0000, 0x0000, 0x0000, 0x0000,
  0x0000, 0x0000, 0x0000, 0x0000, 0x0000, 0x0000, 0x0000, 0x0000,
  0x0000, 0x0000, 0x0000, 0x0000, 0x0000, 0x0000, 0x0000, 0x0000,
  0x0000, 0x0000, 0x0000, 0x0000, 0x0000, 0x0000, 0x0000, 0x0000,
  0x0000, 0x0000, 0x0000, 0x0000, 0x0000, 0x0000, 0x0000, 0x0000,
  0x0000, 0x0000, 0x0000, 0x0000, 0x0000, 0x0000, 0x0000, 0x0000,
  0x0000, 0x0000, 0x0000, 0x0000, 0x0000, 0x0000, 0x0000, 0x0000,
  0x0000, 0x0FFF, 0x0000, 0x8655, 0xFDDC, 0xFFFE, 0xFFED, 0xFFED,
  0xFFED, 0xFFED, 0xFFED, 0xFFED, 0xFFED, 0xFFED, 0xFFED, 0xFFED,
  0xFFFE, 0xFFEE, 0xA766, 0x0000, 0x0FFF, 0x0000, 0x0000, 0x0000,
  0x0000, 0x0000, 0x0000, 0x0000, 0x0000, 0x0000, 0x0000, 0x0000,
  0x0000, 0x0000, 0x0000, 0x0000, 0x0000, 0x0000, 0x0000, 0x0000,
  0x0000, 0x0000, 0x0000, 0x0000, 0x0000, 0x0000, 0x0000, 0x0000,
  0x0000, 0x055A, 0x0000, 0x5111, 0xF346, 0xF345, 0xF567, 0xF78A,
  0xF78A, 0xF79B, 0xF679, 0xF678, 0xFAAA, 0xFFFF, 0xFFFF, 0xFFFF,
  0xFFFF, 0xFFFF, 0xFFFF, 0xF667, 0xF79B, 0xF89C, 0xF78A, 0x5112,
  0x0000, 0x0336, 0x0000, 0x0000, 0x0000, 0x0000, 0x0000, 0x0000,
  0x0000, 0x0000, 0x0000, 0x0000, 0x0000, 0x0000, 0x0000, 0x0000,
  0x0000, 0x0000, 0x0000, 0x0000, 0x0000, 0x0000, 0x0000, 0x0000,
  0x0000, 0x0000, 0x0000, 0x0000, 0x0000, 0x0000, 0x0000, 0x0000,
  0x0000, 0x0000, 0x0000, 0x0000, 0x0000, 0x0000, 0x0000, 0x0000,
  0x0000, 0x0000, 0x0000, 0x0000, 0x0000, 0x0000, 0x0000, 0x0000,
  0x0000, 0x0000, 0x0000, 0x0000, 0x0000, 0x0000, 0x0000, 0x0000,
  0x0000, 0x0000, 0x0FFF, 0x0000, 0x7544, 0xEBAA, 0xFFFE, 0xFFFE,
  0xFFEE, 0xFFED, 0xFFED, 0xFFED, 0xFFED, 0xFFEE, 0xFFFE, 0xFFFE,
  0xFDDC, 0x9666, 0x0000, 0x0FFF, 0x0000, 0x0000, 0x0000, 0x0000,
  0x0000, 0x0000, 0x0000, 0x0000, 0x0000, 0x0000, 0x0000, 0x0000,
  0x0000, 0x0000, 0x0000, 0x0000, 0x0000, 0x0000, 0x0000, 0x0000,
  0x0000, 0x0000, 0x0000, 0x0000, 0x0000, 0x0000, 0x0000, 0x0000,
  0x0000, 0x0000, 0x0004, 0x0000, 0x5111, 0xF345, 0xF446, 0xF456,
  0xF456, 0xF345, 0xF223, 0xF445, 0xF9AA, 0xF9AA, 0xF999, 0xFDDD,
  0xFEEE, 0xFFFF, 0xFFFF, 0xFAAB, 0xF89C, 0xF79B, 0x8334, 0x0000,
  0x0477, 0x0000, 0x0000, 0x0000, 0x0000, 0x0000, 0x0000, 0x0000,
  0x0000, 0x0000, 0x0000, 0x0000, 0x0000, 0x0000, 0x0000, 0x0000,
  0x0000, 0x0000, 0x0000, 0x0000, 0x0000, 0x0000, 0x0000, 0x0000,
  0x0000, 0x0000, 0x0000, 0x0000, 0x0000, 0x0000, 0x0000, 0x0000,
  0x0000, 0x0000, 0x0000, 0x0000, 0x0000, 0x0000, 0x0000, 0x0000,
  0x0000, 0x0000, 0x0000, 0x0000, 0x0000, 0x0000, 0x0000, 0x0000,
  0x0000, 0x0000, 0x0000, 0x0000, 0x0000, 0x0000, 0x0000, 0x0000,
  0x0000, 0x0000, 0x0000, 0x0FFF, 0x0000, 0x3000, 0xA777, 0xFBBB,
  0xFFED, 0xFFFE, 0xFFFE, 0xFFFE, 0xFFFE, 0xFFEE, 0xFEDC, 0xDA99,
  0x6443, 0x0000, 0x0000, 0x0000, 0x0000, 0x0000, 0x0000, 0x0000,
  0x0000, 0x0000, 0x0000, 0x0000, 0x0000, 0x0000, 0x0000, 0x0000,
  0x0000, 0x0000, 0x0000, 0x0000, 0x0000, 0x0000, 0x0000, 0x0000,
  0x0000, 0x0000, 0x0000, 0x0000, 0x0000, 0x0000, 0x0000, 0x0000,
  0x0000, 0x0000, 0x0000, 0x0007, 0x0000, 0x4000, 0xC334, 0xF334,
  0xF335, 0xF457, 0xF457, 0xF457, 0xF346, 0xF335, 0xF335, 0xF456,
  0xF345, 0xF667, 0xFAAA, 0xF677, 0xF457, 0xC456, 0x0000, 0x07FF,
  0x0000, 0x0000, 0x0000, 0x0000, 0x0000, 0x0000, 0x0000, 0x0000,
  0x0000, 0x0000, 0x0000, 0x0000, 0x0000, 0x0000, 0x0000, 0x0000,
  0x0000, 0x0000, 0x0000, 0x0000, 0x0000, 0x0000, 0x0000, 0x0000,
  0x0000, 0x0000, 0x0000, 0x0000, 0x0000, 0x0000, 0x0000, 0x0000,
  0x0000, 0x0000, 0x0000, 0x0000, 0x0000, 0x0000, 0x0000, 0x0000,
  0x0000, 0x0000, 0x0000, 0x0000, 0x0000, 0x0000, 0x0000, 0x0000,
  0x0000, 0x0000, 0x0000, 0x0000, 0x0000, 0x0000, 0x0000, 0x0000,
  0x0000, 0x0000, 0x0000, 0x0000, 0x0AAA, 0x0000, 0x0000, 0x3000,
  0x8655, 0xB988, 0xDA99, 0xDA99, 0xC998, 0xA877, 0x6333, 0x1000,
  0x0000, 0x0FFF, 0x0000, 0x0000, 0x0000, 0x0000, 0x0000, 0x0000,
  0x0000, 0x0000, 0x0000, 0x0000, 0x0000, 0x0000, 0x0000, 0x0000,
  0x0000, 0x0000, 0x0000, 0x0000, 0x0000, 0x0000, 0x0000, 0x0000,
  0x0000, 0x0000, 0x0000, 0x0000, 0x0000, 0x0000, 0x0000, 0x0000,
  0x0000, 0x0000, 0x0000, 0x0000, 0x0005, 0x0000, 0x1000, 0x1000,
  0x6000, 0xF446, 0xF457, 0xF457, 0xF457, 0xF457, 0xF457, 0xF457,
  0xF457, 0xF446, 0xF346, 0xF335, 0xF345, 0xA111, 0x0000, 0x0333,
  0x0000, 0x0000, 0x0000, 0x0000, 0x0000, 0x0000, 0x0000, 0x0000,
  0x0000, 0x0000, 0x0000, 0x0000, 0x0000, 0x0000, 0x0000, 0x0000,
  0x0000, 0x0000, 0x0000, 0x0000, 0x0000, 0x0000, 0x0000, 0x0000,
  0x0000, 0x0000, 0x0000, 0x0000, 0x0000, 0x0000, 0x0000, 0x0000,
  0x0000, 0x0000, 0x0000, 0x0000, 0x0000, 0x0000, 0x0000, 0x0000,
  0x0000, 0x0000, 0x0000, 0x0000, 0x0000, 0x0000, 0x0000, 0x0000,
  0x0000, 0x0000, 0x0000, 0x0000, 0x0000, 0x0000, 0x0000, 0x0000,
  0x0000, 0x0000, 0x0000, 0x0000, 0x0000, 0x0000, 0x0000, 0x0000,
  0x0000, 0x0000, 0x0000, 0x0000, 0x0000, 0x0000, 0x0000, 0x0000,
  0x0000, 0x0000, 0x0000, 0x0000, 0x0000, 0x0000, 0x0000, 0x0000,
  0x0000, 0x0000, 0x0000, 0x0000, 0x0000, 0x0000, 0x0000, 0x0000,
  0x0000, 0x0000, 0x0000, 0x0000, 0x0000, 0x0000, 0x0000, 0x0000,
  0x0000, 0x0000, 0x0000, 0x0000, 0x0000, 0x0000, 0x0000, 0x0000,
  0x0000, 0x0000, 0x0000, 0x0000, 0x0000, 0x0000, 0x077F, 0x0000,
  0x6111, 0xF446, 0xF457, 0xF456, 0xF457, 0xF457, 0xF457, 0xF457,
  0xF457, 0xF457, 0xF457, 0xF457, 0xF457, 0x6122, 0x0000, 0x0444,
  0x0000, 0x0000, 0x0000, 0x0000, 0x0000, 0x0000, 0x0000, 0x0000,
  0x0000, 0x0000, 0x0000, 0x0000, 0x0000, 0x0000, 0x0000, 0x0000,
  0x0000, 0x0000, 0x0000, 0x0000, 0x0000, 0x0000, 0x0000, 0x0000,
  0x0000, 0x0000, 0x0000, 0x0000, 0x0000, 0x0000, 0x0000, 0x0000,
  0x0000, 0x0000, 0x0000, 0x0000, 0x0000, 0x0000, 0x0000, 0x0000,
  0x0000, 0x0000, 0x0000, 0x0000, 0x0000, 0x0000, 0x0000, 0x0000,
  0x0000, 0x0000, 0x0000, 0x0000, 0x0000, 0x0000, 0x0000, 0x0000,
  0x0000, 0x0000, 0x0000, 0x0000, 0x0000, 0x0000, 0x0000, 0x0000,
  0x0000, 0x0000, 0x0000, 0x0000, 0x0000, 0x0000, 0x0000, 0x0000,
  0x0000, 0x0000, 0x0000, 0x0000, 0x0000, 0x0000, 0x0000, 0x0000,
  0x0000, 0x0000, 0x0000, 0x0000, 0x0000, 0x0000, 0x0000, 0x0000,
  0x0000, 0x0000, 0x0000, 0x0000, 0x0000, 0x0000, 0x0000, 0x0000,
  0x0000, 0x0000, 0x0000, 0x0000, 0x0000, 0x0000, 0x0000, 0x0000,
  0x0000, 0x0000, 0x0000, 0x0000, 0x0000, 0x0000, 0x0000, 0x0005,
  0x1111, 0xA223, 0xF446, 0xF457, 0xF457, 0xF456, 0xF457, 0xF457,
  0xF457, 0xF457, 0xF456, 0xF457, 0xE335, 0x2000, 0x0000, 0x0000,
  0x0000, 0x0000, 0x0000, 0x0000, 0x0000, 0x0000, 0x0000, 0x0000,
  0x0000, 0x0000, 0x0000, 0x0000, 0x0000, 0x0000, 0x0000, 0x0000,
  0x0000, 0x0000, 0x0000, 0x0000, 0x0000, 0x0000, 0x0000, 0x0000,
  0x0000, 0x0000, 0x0000, 0x0000, 0x0000, 0x0000, 0x0000, 0x0000,
  0x0000, 0x0000, 0x0000, 0x0000, 0x0000, 0x0000, 0x0000, 0x0000,
  0x0000, 0x0000, 0x0000, 0x0000, 0x0000, 0x0000, 0x0000, 0x0000,
  0x0000, 0x0000, 0x0000, 0x0000, 0x0000, 0x0000, 0x0000, 0x0000,
  0x0000, 0x0000, 0x0000, 0x0000, 0x0000, 0x0000, 0x0000, 0x0000,
  0x0000, 0x0000, 0x0000, 0x0000, 0x0000, 0x0000, 0x0000, 0x0000,
  0x0000, 0x0000, 0x0000, 0x0000, 0x0000, 0x0000, 0x0000, 0x0000,
  0x0000, 0x0000, 0x0000, 0x0000, 0x0000, 0x0000, 0x0000, 0x0000,
  0x0000, 0x0000, 0x0000, 0x0000, 0x0000, 0x0000, 0x0000, 0x0000,
  0x0000, 0x0000, 0x0000, 0x0000, 0x0000, 0x0000, 0x0000, 0x0000,
  0x0000, 0x0000, 0x0000, 0x0000, 0x0000, 0x0000, 0x0000, 0x0000,
  0x0000, 0x0000, 0x6112, 0xD335, 0xF457, 0xF457, 0xF457, 0xF456,
  0xF457, 0xF457, 0xF457, 0xF457, 0x9223, 0x0000, 0x0444, 0x0000,
  0x0000, 0x0000, 0x0000, 0x0000, 0x0000, 0x0000, 0x0000, 0x0000,
  0x0000, 0x0000, 0x0000, 0x0000, 0x0000, 0x0000, 0x0000, 0x0000,
  0x0000, 0x0000, 0x0000, 0x0000, 0x0000, 0x0000, 0x0000, 0x0000,
  0x0000, 0x0000, 0x0000, 0x0000, 0x0000, 0x0000, 0x0000, 0x0000,
  0x0000, 0x0000, 0x0000, 0x0000, 0x0000, 0x0000, 0x0000, 0x0000,
  0x0000, 0x0000, 0x0000, 0x0000, 0x0000, 0x0000, 0x0000, 0x0000,
  0x0000, 0x0000, 0x0000, 0x0000, 0x0000, 0x0000, 0x0000, 0x0000,
  0x0000, 0x0000, 0x0000, 0x0000, 0x0000, 0x0000, 0x0000, 0x0000,
  0x0000, 0x0000, 0x0000, 0x0000, 0x0000, 0x0000, 0x0000, 0x0000,
  0x0000, 0x0000, 0x0000, 0x0000, 0x0000, 0x0000, 0x0000, 0x0000,
  0x0000, 0x0000, 0x0000, 0x0000, 0x0000, 0x0000, 0x0000, 0x0000,
  0x0000, 0x0000, 0x0000, 0x0000, 0x0000, 0x0000, 0x0000, 0x0000,
  0x0000, 0x0000, 0x0000, 0x0000, 0x0000, 0x0000, 0x0000, 0x0000,
  0x0000, 0x0000, 0x0000, 0x0000, 0x0000, 0x0000, 0x0000, 0x0000,
  0x0000, 0x0FFF, 0x0000, 0x1000, 0x8223, 0xE335, 0xF457, 0xF457,
  0xF457, 0xF457, 0xF457, 0xF335, 0x2000, 0x0000, 0x0000, 0x0000,
  0x0000, 0x0000, 0x0000, 0x0000, 0x0000, 0x0000, 0x0000, 0x0000,
  0x0000, 0x0000, 0x0000, 0x0000, 0x0000, 0x0000, 0x0000, 0x0000,
  0x0000, 0x0000, 0x0000, 0x0000, 0x0000, 0x0000, 0x0000, 0x0000,
  0x0000, 0x0000, 0x0000, 0x0000, 0x0000, 0x0000, 0x0000, 0x0000,
  0x0000, 0x0000, 0x0000, 0x0000, 0x0000, 0x0000, 0x0000, 0x0000,
  0x0000, 0x0000, 0x0000, 0x0000, 0x0000, 0x0000, 0x0000, 0x0000,
  0x0000, 0x0000, 0x0000, 0x0000, 0x0000, 0x0000, 0x0000, 0x0000,
  0x0000, 0x0000, 0x0000, 0x0000, 0x0000, 0x0000, 0x0000, 0x0000,
  0x0000, 0x0000, 0x0000, 0x0000, 0x0000, 0x0000, 0x0000, 0x0000,
  0x0000, 0x0000, 0x0000, 0x0000, 0x0000, 0x0000, 0x0000, 0x0000,
  0x0000, 0x0000, 0x0000, 0x0000, 0x0000, 0x0000, 0x0000, 0x0000,
  0x0000, 0x0000, 0x0000, 0x0000, 0x0000, 0x0000, 0x0000, 0x0000,
  0x0000, 0x0000, 0x0000, 0x0000, 0x0000, 0x0000, 0x0000, 0x0000,
  0x0000, 0x0000, 0x0000, 0x0000, 0x0000, 0x0000, 0x0000, 0x0000,
  0x0000, 0x0000, 0x0004, 0x0000, 0x0000, 0x2000, 0x7223, 0xD334,
  0xF446, 0xF457, 0xF457, 0x8112, 0x0000, 0x0555, 0x0000, 0x0000,
  0x0000, 0x0000, 0x0000, 0x0000, 0x0000, 0x0000, 0x0000, 0x0000,
  0x0000, 0x0000, 0x0000, 0x0000, 0x0000, 0x0000, 0x0000, 0x0000,
  0x0000, 0x0000, 0x0000, 0x0000, 0x0000, 0x0000, 0x0000, 0x0000,
  0x0000, 0x0000, 0x0000, 0x0000, 0x0000, 0x0000, 0x0000, 0x0000,
  0x0000, 0x0000, 0x0000, 0x0000, 0x0000, 0x0000, 0x0000, 0x0000,
  0x0000, 0x0000, 0x0000, 0x0000, 0x0000, 0x0000, 0x0000, 0x0000,
  0x0000, 0x0000, 0x0000, 0x0000, 0x0000, 0x0000, 0x0000, 0x0000,
  0x0000, 0x0000, 0x0000, 0x0000, 0x0000, 0x0000, 0x0000, 0x0000,
  0x0000, 0x0000, 0x0000, 0x0000, 0x0000, 0x0000, 0x0000, 0x0000,
  0x0000, 0x0000, 0x0000, 0x0000, 0x0000, 0x0000, 0x0000, 0x0000,
  0x0000, 0x0000, 0x0000, 0x0000, 0x0000, 0x0000, 0x0000, 0x0000,
  0x0000, 0x0000, 0x0000, 0x0000, 0x0000, 0x0000, 0x0000, 0x0000,
  0x0000, 0x0000, 0x0000, 0x0000, 0x0000, 0x0000, 0x0000, 0x0000,
  0x0000, 0x0000, 0x0000, 0x0000, 0x0000, 0x0000, 0x0000, 0x0000,
  0x0000, 0x0000, 0x0000, 0x0000, 0x0555, 0x0000, 0x0000, 0x1000,
  0x5111, 0x8223, 0xA233, 0x1000, 0x0FFF, 0x0000, 0x0000, 0x0000,
  0x0000, 0x0000, 0x0000, 0x0000, 0x0000, 0x0000, 0x0000, 0x0000,
  0x0000, 0x0000, 0x0000, 0x0000, 0x0000, 0x0000, 0x0000, 0x0000,
  0x0000, 0x0000, 0x0000, 0x0000, 0x0000, 0x0000, 0x0000, 0x0000,
  0x0000, 0x0000, 0x0000, 0x0000, 0x0000, 0x0000, 0x0000, 0x0000,
  0x0000, 0x0000, 0x0000, 0x0000, 0x0000, 0x0000, 0x0000, 0x0000,
  0x0000, 0x0000, 0x0000, 0x0000, 0x0000, 0x0000, 0x0000, 0x0000,
  0x0000, 0x0000, 0x0000, 0x0000, 0x0000, 0x0000, 0x0000, 0x0000,
  0x0000, 0x0000, 0x0000, 0x0000, 0x0000, 0x0000, 0x0000, 0x0000,
  0x0000, 0x0000, 0x0000, 0x0000, 0x0000, 0x0000, 0x0000, 0x0000,
  0x0000, 0x0000, 0x0000, 0x0000, 0x0000, 0x0000, 0x0000, 0x0000,
  0x0000, 0x0000, 0x0000, 0x0000, 0x0000, 0x0000, 0x0000, 0x0000,
  0x0000, 0x0000, 0x0000, 0x0000, 0x0000, 0x0000, 0x0000, 0x0000,
  0x0000, 0x0000, 0x0000, 0x0000, 0x0000, 0x0000, 0x0000, 0x0000,
  0x0000, 0x0000, 0x0000, 0x0000, 0x0000, 0x0000, 0x0000, 0x0000,
  0x0000, 0x0000, 0x0000, 0x0000, 0x0000, 0x0000, 0x0000, 0x0000,
  0x0000, 0x0000, 0x0000, 0x0000, 0x0000, 0x0000, 0x0000, 0x0000,
  0x0000, 0x0000, 0x0000, 0x0000, 0x0000, 0x0000, 0x0000, 0x0000,
  0x0000, 0x0000, 0x0000, 0x0000, 0x0000, 0x0000, 0x0000, 0x0000,
  0x0000, 0x0000, 0x0000, 0x1000, 0x3000, 0x7111, 0xB122, 0xD222,
  0x0000, 0x0000, 0x0000, 0x0000, 0x0774, 0x0000, 0x0000, 0x0000,
  0x1000, 0x2543, 0x6221, 0x8875, 0xBB96, 0xE875, 0xF865, 0xF864,
  0xC985, 0x8764, 0x5221, 0x1000, 0x0000, 0x0000, 0x0444, 0x0000,
  0x0000, 0x0000, 0x0000, 0x0000, 0x0000, 0x0000, 0x0000, 0x0000,
  0x0000, 0x0000, 0x0000, 0x0000, 0x0000, 0x0000, 0x0000, 0x0000,
  0x0000, 0x0000, 0x0000, 0x0000, 0x0000, 0x0000, 0x0000, 0x0000,
  0x0000, 0x0000, 0x0000, 0x0000, 0x0000, 0x0000, 0x0000, 0x0000,
  0x0000, 0x0000, 0x0000, 0x0000, 0x0000, 0x0000, 0x0000, 0x0000,
  0x0000, 0x0000, 0x0000, 0x0000, 0x0000, 0x0000, 0x0000, 0x0000,
  0x0000, 0x0000, 0x0000, 0x0000, 0x0000, 0x0000, 0x0000, 0x0000,
  0x0000, 0x0000, 0x0000, 0x0000, 0x0000, 0x0000, 0x0000, 0x0000,
  0x0000, 0x0000, 0x0000, 0x0000, 0x0000, 0x0000, 0x0000, 0x0000,
  0x0000, 0x0000, 0x0000, 0x0000, 0x0000, 0x0000, 0x0000, 0x0000,
  0x0000, 0x0000, 0x0000, 0x0000, 0x0000, 0x0000, 0x0000, 0x0000,
  0x0000, 0x0000, 0x0000, 0x0000, 0x0000, 0x0000, 0x0000, 0x0000,
  0x3000, 0x6111, 0xA222, 0xD233, 0xF333, 0xF334, 0xF444, 0xE223,
  0x0000, 0x0000, 0x0555, 0x0000, 0x0000, 0x1000, 0x6332, 0xA985,
  0xE986, 0xEDB8, 0xFDB8, 0xFEC8, 0xFFC9, 0xFFC9, 0xFFC9, 0xFFC9,
  0xFFC9, 0xFEC8, 0xFCA7, 0xD975, 0x7553, 0x1000, 0x0000, 0x0FFF,
  0x0000, 0x0000, 0x0000, 0x0000, 0x0000, 0x0000, 0x0000, 0x0000,
  0x0000, 0x0000, 0x0000, 0x0000, 0x0000, 0x0000, 0x0000, 0x0000,
  0x0000, 0x0000, 0x0000, 0x0000, 0x0000, 0x0000, 0x0000, 0x0000,
  0x0000, 0x0000, 0x0000, 0x0000, 0x0000, 0x0000, 0x0000, 0x0000,
  0x0000, 0x0000, 0x0000, 0x0000, 0x0000, 0x0000, 0x0000, 0x0000,
  0x0000, 0x0000, 0x0000, 0x0000, 0x0000, 0x0000, 0x0000, 0x0000,
  0x0000, 0x0000, 0x0000, 0x0000, 0x0000, 0x0000, 0x0000, 0x0000,
  0x0000, 0x0000, 0x0000, 0x0000, 0x0000, 0x0000, 0x0000, 0x0000,
  0x0000, 0x0000, 0x0000, 0x0000, 0x0000, 0x0000, 0x0000, 0x0000,
  0x0000, 0x0000, 0x0000, 0x0000, 0x0000, 0x0000, 0x0000, 0x0000,
  0x0000, 0x0000, 0x0000, 0x0000, 0x0000, 0x0000, 0x0000, 0x0000,
  0x0000, 0x0000, 0x0000, 0x0000, 0x0000, 0x4000, 0x8111, 0xC212,
  0xF333, 0xF444, 0xF444, 0xF444, 0xF444, 0xF444, 0xF444, 0xA222,
  0x0000, 0x0000, 0x0000, 0x2000, 0x8654, 0xEA86, 0xFDB8, 0xFFC9,
  0xFFD9, 0xFEC8, 0xFEC8, 0xFEC8, 0xFEC8, 0xFEC8, 0xFEC8, 0xFEC8,
  0xFEC8, 0xFEC8, 0xFEC8, 0xFFD9, 0xFEC8, 0xDA97, 0x5443, 0x0000,
  0x0000, 0x0000, 0x0000, 0x0000, 0x0000, 0x0000, 0x0000, 0x0000,
  0x0000, 0x0000, 0x0000, 0x0000, 0x0000, 0x0000, 0x0000, 0x0000,
  0x0000, 0x0000, 0x0000, 0x0000, 0x0000, 0x0000, 0x0000, 0x0000,
  0x0000, 0x0000, 0x0000, 0x0000, 0x0000, 0x0000, 0x0000, 0x0000,
  0x0000, 0x0000, 0x0000, 0x0000, 0x0000, 0x0000, 0x0000, 0x0000,
  0x0000, 0x0000, 0x0000, 0x0000, 0x0000, 0x0000, 0x0000, 0x0000,
  0x0000, 0x0000, 0x0000, 0x0000, 0x0000, 0x0000, 0x0000, 0x0000,
  0x0000, 0x0000, 0x0000, 0x0000, 0x0000, 0x0000, 0x0000, 0x0000,
  0x0000, 0x0000, 0x0000, 0x0000, 0x0000, 0x0000, 0x0000, 0x0000,
  0x0000, 0x0000, 0x0000, 0x0000, 0x0000, 0x0000, 0x0000, 0x0000,
  0x0000, 0x0000, 0x0000, 0x0000, 0x0000, 0x0000, 0x0000, 0x0000,
  0x0000, 0x0000, 0x2000, 0x7111, 0xC212, 0xF222, 0xF323, 0xF323,
  0xF323, 0xF333, 0xF444, 0xF444, 0xF444, 0xF444, 0xF444, 0x8112,
  0x0000, 0x0000, 0x6443, 0xEA86, 0xFEC8, 0xFFC9, 0xFEC8, 0xFEC8,
  0xFEC8, 0xFEC8, 0xFEC8, 0xFEC8, 0xFEC8, 0xFEC8, 0xFEC8, 0xFEC8,
  0xFEC8, 0xFEC8, 0xFEC8, 0xFEC8, 0xFEC8, 0xFFD9, 0xFDDA, 0xA775,
  0x0000, 0x0000, 0x0000, 0x0000, 0x0000, 0x0000, 0x0000, 0x0000,
  0x0000, 0x0000, 0x0000, 0x0000, 0x0000, 0x0000, 0x0000, 0x0000,
  0x0000, 0x0000, 0x0000, 0x0000, 0x0000, 0x0000, 0x0000, 0x0000,
  0x0000, 0x0000, 0x0000, 0x0000, 0x0000, 0x0000, 0x0000, 0x0000,
  0x0000, 0x0000, 0x0000, 0x0000, 0x0000, 0x0000, 0x0000, 0x0000,
  0x0000, 0x0000, 0x0000, 0x0000, 0x0000, 0x0000, 0x0000, 0x0000,
  0x0000, 0x0000, 0x0000, 0x0000, 0x0000, 0x0000, 0x0000, 0x0000,
  0x0000, 0x0000, 0x0000, 0x0000, 0x0000, 0x0000, 0x0000, 0x0000,
  0x0000, 0x0000, 0x0000, 0x0000, 0x0000, 0x0000, 0x0000, 0x0000,
  0x0000, 0x0000, 0x0000, 0x0000, 0x0000, 0x0000, 0x0000, 0x0000,
  0x0000, 0x0000, 0x0000, 0x0000, 0x0000, 0x0000, 0x0FFF, 0x0000,
  0x2000, 0x8111, 0xE222, 0xF223, 0xF323, 0xF323, 0xF323, 0xF323,
  0xF323, 0xF223, 0xF334, 0xF444, 0xF444, 0xF444, 0xF334, 0x4000,
  0x1000, 0xA654, 0xFDB8, 0xFFC9, 0xFEC8, 0xFEC8, 0xFEC8, 0xFEC8,
  0xFEC8, 0xFEC8, 0xFEC8, 0xFEC8, 0xFEC8, 0xFEC8, 0xFEC8, 0xFEC8,
  0xFEC8, 0xFEC8, 0xFEC8, 0xFEC8, 0xFEC8, 0xFDB8, 0xFFEA, 0xFFFC,
  0xB886, 0x1000, 0x0000, 0x0000, 0x0000, 0x0000, 0x0000, 0x0000,
  0x0000, 0x0000, 0x0000, 0x0000, 0x0000, 0x0000, 0x0000, 0x0000,
  0x0000, 0x0000, 0x0000, 0x0000, 0x0000, 0x0000, 0x0000, 0x0000,
  0x0000, 0x0000, 0x0000, 0x0000, 0x0000, 0x0000, 0x0000, 0x0000,
  0x0000, 0x0000, 0x0000, 0x0000, 0x0000, 0x0000, 0x0000, 0x0000,
  0x0000, 0x0000, 0x0000, 0x0000, 0x0000, 0x0000, 0x0000, 0x0000,
  0x0000, 0x0000, 0x0000, 0x0000, 0x0000, 0x0000, 0x0000, 0x0000,
  0x0000, 0x0000, 0x0000, 0x0000, 0x0000, 0x0000, 0x0000, 0x0000,
  0x0000, 0x0000, 0x0000, 0x0000, 0x0000, 0x0000, 0x0000, 0x0000,
  0x0000, 0x0000, 0x0000, 0x0000, 0x0000, 0x0000, 0x0000, 0x0000,
  0x0000, 0x0000, 0x0000, 0x0000, 0x0000, 0x0000, 0x0000, 0x6222,
  0xD333, 0xF333, 0xF323, 0xF323, 0xF323, 0xF323, 0xF323, 0xF323,
  0xF323, 0xF333, 0xF444, 0xF444, 0xF444, 0xF444, 0xD222, 0x1000,
  0xB764, 0xFEC9, 0xFEC8, 0xFEB8, 0xFEC8, 0xFEC8, 0xFEC8, 0xFEC8,
  0xFEC8, 0xFEC8, 0xFEC8, 0xFEC8, 0xFEC8, 0xFEC8, 0xFEC8, 0xFEC8,
  0xFEC8, 0xFEC8, 0xFEC8, 0xFEC8, 0xFEC8, 0xFEC8, 0xFEC8, 0xFFFB,
  0xFFFD, 0xC997, 0x1000, 0x0000, 0x0000, 0x0000, 0x0000, 0x0000,
  0x0000, 0x0000, 0x0000, 0x0000, 0x0000, 0x0000, 0x0000, 0x0000,
  0x0000, 0x0000, 0x0000, 0x0000, 0x0000, 0x0000, 0x0000, 0x0000,
  0x0000, 0x0000, 0x0000, 0x0000, 0x0000, 0x0000, 0x0000, 0x0000,
  0x0000, 0x0000, 0x0000, 0x0000, 0x0000, 0x0000, 0x0000, 0x0000,
  0x0000, 0x0000, 0x0000, 0x0000, 0x0000, 0x0000, 0x0000, 0x0000,
  0x0000, 0x0000, 0x0000, 0x0000, 0x0000, 0x0000, 0x0000, 0x0000,
  0x0000, 0x0000, 0x0000, 0x0000, 0x0000, 0x0000, 0x0000, 0x0000,
  0x0000, 0x0000, 0x0000, 0x0000, 0x0000, 0x0000, 0x0000, 0x0000,
  0x0000, 0x0000, 0x0000, 0x0000, 0x0000, 0x0000, 0x0000, 0x0000,
  0x0000, 0x0000, 0x0000, 0x0000, 0x0000, 0x3100, 0xB222, 0xF233,
  0xF323, 0xF333, 0xF323, 0xF323, 0xF323, 0xF323, 0xF323, 0xF323,
  0xF323, 0xF333, 0xF444, 0xF344, 0xE333, 0x9222, 0x2000, 0x0000,
  0x9975, 0xFEC8, 0xFEC8, 0xFEC8, 0xFEC8, 0xFEC8, 0xFEC8, 0xFEC8,
  0xFEC8, 0xFEC8, 0xFEC8, 0xFEC8, 0xFEC8, 0xFEC8, 0xFEC8, 0xFEC8,
  0xFEC8, 0xFEC8, 0xFEC8, 0xFEC8, 0xFEC8, 0xFEC8, 0xFEC8, 0xFEC9,
  0xFFEB, 0xFFFD, 0xC886, 0x1000, 0x0000, 0x0000, 0x0000, 0x0000,
  0x0000, 0x0000, 0x0000, 0x0000, 0x0000, 0x0000, 0x0000, 0x0000,
  0x0000, 0x0000, 0x0000, 0x0000, 0x0000, 0x0000, 0x0000, 0x0000,
  0x0000, 0x0000, 0x0000, 0x0000, 0x0000, 0x0000, 0x0000, 0x0000,
  0x0000, 0x0000, 0x0000, 0x0000, 0x0000, 0x0000, 0x0000, 0x0000,
  0x0000, 0x0000, 0x0000, 0x0000, 0x0000, 0x0000, 0x0000, 0x0000,
  0x0000, 0x0000, 0x0000, 0x0000, 0x0000, 0x0000, 0x0000, 0x0000,
  0x0000, 0x0000, 0x0000, 0x0000, 0x0000, 0x0000, 0x0000, 0x0000,
  0x0000, 0x0000, 0x0000, 0x0000, 0x0000, 0x0000, 0x0000, 0x0000,
  0x0000, 0x0000, 0x0000, 0x0000, 0x0000, 0x0000, 0x0000, 0x0000,
  0x0777, 0x0000, 0x0000, 0x0000, 0x5111, 0xE222, 0xF222, 0xF412,
  0xF312, 0xF222, 0xF323, 0xF223, 0xF223, 0xF323, 0xF323, 0xF323,
  0xF222, 0xD222, 0xA222, 0x6111, 0x2000, 0x0000, 0x0000, 0x0000,
  0x8332, 0xFDB8, 0xFEC8, 0xFEC8, 0xFEC8, 0xFEC8, 0xFEC8, 0xFEC8,
  0xFEC8, 0xFEC8, 0xFEC8, 0xFEC8, 0xFEC8, 0xFEC8, 0xFEC8, 0xFEC8,
  0xFEC8, 0xFEC8, 0xFEC8, 0xFEC8, 0xFEC8, 0xFEC8, 0xFEC8, 0xFEC8,
  0xFEC8, 0xFFEB, 0xFFFD, 0xB886, 0x1000, 0x0FFF, 0x0000, 0x0000,
  0x0000, 0x0000, 0x0000, 0x0000, 0x0000, 0x0000, 0x0000, 0x0000,
  0x0000, 0x0000, 0x0000, 0x0000, 0x0000, 0x0000, 0x0000, 0x0000,
  0x0000, 0x0000, 0x0000, 0x0000, 0x0000, 0x0000, 0x0000, 0x0000,
  0x0000, 0x0000, 0x0000, 0x0000, 0x0000, 0x0000, 0x0000, 0x0000,
  0x0000, 0x0000, 0x0000, 0x0000, 0x0000, 0x0000, 0x0000, 0x0000,
  0x0000, 0x0000, 0x0000, 0x0000, 0x0000, 0x0000, 0x0000, 0x0000,
  0x0000, 0x0000, 0x0000, 0x0000, 0x0000, 0x0000, 0x0000, 0x0000,
  0x0000, 0x0000, 0x0000, 0x0000, 0x0000, 0x0000, 0x0000, 0x0000,
  0x0000, 0x0000, 0x0000, 0x0000, 0x0000, 0x0FFF, 0x0000, 0x0000,
  0x0000, 0x0000, 0x2001, 0x8111, 0xF222, 0xF333, 0xF613, 0xF923,
  0xF222, 0xF323, 0xF333, 0xF333, 0xF333, 0xF333, 0xD222, 0x9111,
  0x4000, 0x1000, 0x0000, 0x0000, 0x0000, 0x0777, 0x0000, 0x0000,
  0x8322, 0xFDB8, 0xFEC8, 0xFEC8, 0xFEC8, 0xFEC8, 0xFEC8, 0xFEC8,
  0xFEC8, 0xFEC8, 0xFEC8, 0xFEC8, 0xFEC8, 0xFEC8, 0xFEC8, 0xFEC8,
  0xFEC8, 0xFEC8, 0xFEC8, 0xFEC8, 0xFEC8, 0xFEC8, 0xFEC8, 0xFEC8,
  0xFEC8, 0xFEC8, 0xFFEB, 0xFFFD, 0xB776, 0x0000, 0x0FFA, 0x0000,
  0x0000, 0x0000, 0x0000, 0x0000, 0x0000, 0x0000, 0x0000, 0x0000,
  0x0000, 0x0000, 0x0000, 0x0000, 0x0000, 0x0000, 0x0000, 0x0000,
  0x0000, 0x0000, 0x0000, 0x0000, 0x0000, 0x0000, 0x0000, 0x0000,
  0x0000, 0x0000, 0x0000, 0x0000, 0x0000, 0x0000, 0x0000, 0x0000,
  0x0000, 0x0000, 0x0000, 0x0000, 0x0000, 0x0000, 0x0000, 0x0000,
  0x0000, 0x0000, 0x0000, 0x0000, 0x0000, 0x0000, 0x0000, 0x0000,
  0x0000, 0x0000, 0x0000, 0x0000, 0x0000, 0x0000, 0x0000, 0x0000,
  0x0000, 0x0000, 0x0000, 0x0000, 0x0000, 0x0000, 0x0000, 0x0000,
  0x0000, 0x0000, 0x0555, 0x0000, 0x0000, 0x0000, 0x2000, 0x6111,
  0xA222, 0xD222, 0xF111, 0xF222, 0xF444, 0xF444, 0xF634, 0xF623,
  0xF333, 0xF444, 0xF444, 0xF333, 0xA222, 0x5111, 0x1000, 0x0000,
  0x0000, 0x0000, 0x0777, 0x0000, 0x0000, 0x0000, 0x0000, 0x0000,
  0x8442, 0xFDB8, 0xFEC8, 0xFEC8, 0xFEC8, 0xFEC8, 0xFEC8, 0xFEC8,
  0xFEC8, 0xFEC8, 0xFEC8, 0xFEC8, 0xFEC8, 0xFEC8, 0xFEC8, 0xFEC8,
  0xFEC8, 0xFEC8, 0xFEC8, 0xFEC8, 0xFEC8, 0xFEC8, 0xFEC8, 0xFEC8,
  0xFEC8, 0xFEC8, 0xFEC8, 0xFFFC, 0xFEEB, 0x7443, 0x0000, 0x0AAA,
  0x0000, 0x0000, 0x0000, 0x0000, 0x0000, 0x0000, 0x0000, 0x0000,
  0x0000, 0x0000, 0x0000, 0x0000, 0x0000, 0x0000, 0x0000, 0x0000,
  0x0000, 0x0000, 0x0000, 0x0000, 0x0000, 0x0000, 0x0000, 0x0000,
  0x0000, 0x0000, 0x0000, 0x0000, 0x0000, 0x0000, 0x0000, 0x0000,
  0x0000, 0x0000, 0x0000, 0x0000, 0x0000, 0x0000, 0x0000, 0x0000,
  0x0000, 0x0000, 0x0000, 0x0000, 0x0000, 0x0000, 0x0000, 0x0000,
  0x0000, 0x0000, 0x0000, 0x0000, 0x0000, 0x0000, 0x0000, 0x0000,
  0x0000, 0x0000, 0x0000, 0x0000, 0x0000, 0x0000, 0x0000, 0x0000,
  0x0000, 0x0000, 0x0000, 0x1000, 0x6111, 0xB222, 0xE333, 0xF444,
  0xF444, 0xF344, 0xF333, 0xF444, 0xF444, 0xF444, 0xF444, 0xF444,
  0xF444, 0xF333, 0xA222, 0x3000, 0x0000, 0x0000, 0x0000, 0x0505,
  0x0000, 0x0000, 0x0000, 0x0000, 0x0000, 0x0000, 0x0000, 0x0000,
  0x8764, 0xFEC8, 0xFEC8, 0xFEC8, 0xFEC8, 0xFEC8, 0xFEC8, 0xFEC8,
  0xFEC8, 0xFEC8, 0xFEC8, 0xFEC8, 0xFEC8, 0xFEC8, 0xFEC8, 0xFEC8,
  0xFEC8, 0xFEC8, 0xFEC8, 0xFEC8, 0xFEC8, 0xFEC8, 0xFEC8, 0xFEC8,
  0xFEC8, 0xFEC8, 0xFEC8, 0xFEC8, 0xFFFC, 0xFBB9, 0x2000, 0x0FFF,
  0x0000, 0x0000, 0x0000, 0x0000, 0x0000, 0x0000, 0x0000, 0x0000,
  0x0000, 0x0000, 0x0000, 0x0000, 0x0000, 0x0000, 0x0000, 0x0000,
  0x0000, 0x0000, 0x0000, 0x0000, 0x0000, 0x0000, 0x0000, 0x0000,
  0x0000, 0x0000, 0x0000, 0x0000, 0x0000, 0x0000, 0x0000, 0x0000,
  0x0000, 0x0000, 0x0000, 0x0000, 0x0000, 0x0000, 0x0000, 0x0000,
  0x0000, 0x0000, 0x0000, 0x0000, 0x0000, 0x0000, 0x0000, 0x0000,
  0x0000, 0x0000, 0x0000, 0x0000, 0x0000, 0x0000, 0x0000, 0x0000,
  0x0000, 0x0000, 0x0000, 0x0000, 0x0000, 0x0000, 0x0000, 0x0000,
  0x0FF0, 0x1000, 0x8222, 0xE333, 0xF444, 0xF444, 0xF444, 0xF444,
  0xF444, 0xF444, 0xF444, 0xF444, 0xF444, 0xF444, 0xF344, 0xD233,
  0x7111, 0x2000, 0x0000, 0x0000, 0x0FFF, 0x0000, 0x0000, 0x0000,
  0x0000, 0x0000, 0x0000, 0x0000, 0x0000, 0x0000, 0x0000, 0x0000,
  0x8764, 0xFEC8, 0xFEC8, 0xFEC8, 0xFEC8, 0xFEC8, 0xFEC8, 0xFEC8,
  0xFEC8, 0xFEC8, 0xFEC8, 0xFEC8, 0xFEC8, 0xFEC8, 0xFEC8, 0xFEC8,
  0xFEC8, 0xFEC8, 0xFEC8, 0xFEC8, 0xFEC8, 0xFEC8, 0xFEC8, 0xFEC8,
  0xFEC8, 0xFEC8, 0xFEC8, 0xFEC8, 0xFED9, 0xFFFD, 0xA776, 0x0000,
  0x0FFF, 0x0000, 0x0000, 0x0000, 0x0000, 0x0000, 0x0000, 0x0000,
  0x0000, 0x0000, 0x0000, 0x0000, 0x0000, 0x0000, 0x0000, 0x0000,
  0x0000, 0x0000, 0x0000, 0x0000, 0x0000, 0x0000, 0x0000, 0x0000,
  0x0000, 0x0000, 0x0000, 0x0000, 0x0000, 0x0000, 0x0000, 0x0000,
  0x0000, 0x0000, 0x0000, 0x0000, 0x0000, 0x0000, 0x0000, 0x0000,
  0x0000, 0x0000, 0x0000, 0x0000, 0x0000, 0x0000, 0x0000, 0x0000,
  0x0000, 0x0000, 0x0000, 0x0000, 0x0000, 0x0000, 0x0000, 0x0000,
  0x0000, 0x0000, 0x0000, 0x0000, 0x0000, 0x0000, 0x0000, 0x0007,
  0x0000, 0xA222, 0xF444, 0xF444, 0xF444, 0xF444, 0xF444, 0xF444,
  0xF444, 0xF444, 0xF444, 0xF444, 0xF333, 0xC222, 0x6111, 0x1000,
  0x0000, 0x0000, 0x0777, 0x0000, 0x0000, 0x0000, 0x0000, 0x0000,
  0x0000, 0x0000, 0x0000, 0x0000, 0x0000, 0x0000, 0x0000, 0x0000,
  0x8543, 0xFDB8, 0xFEC8, 0xFEC8, 0xFEC8, 0xFEC8, 0xFEC8, 0xFEC8,
  0xFEC8, 0xFEC8, 0xFEC8, 0xFEC8, 0xFEC8, 0xFEC8, 0xFEC8, 0xFEC8,
  0xFEC8, 0xFEC8, 0xFEC8, 0xFEC8, 0xFEC8, 0xFEC8, 0xFEC8, 0xFEC8,
  0xFEC8, 0xFEC8, 0xFEC8, 0xFC97, 0xFD97, 0xFFEB, 0xFDDA, 0x4221,
  0x0000, 0x0550, 0x0000, 0x0000, 0x0000, 0x0000, 0x0000, 0x0000,
  0x0000, 0x0000, 0x0000, 0x0000, 0x0000, 0x0000, 0x0000, 0x0000,
  0x0000, 0x0000, 0x0000, 0x0000, 0x0000, 0x0000, 0x0000, 0x0000,
  0x0000, 0x0000, 0x0000, 0x0000, 0x0000, 0x0000, 0x0000, 0x0000,
  0x0000, 0x0000, 0x0000, 0x0000, 0x0000, 0x0000, 0x0000, 0x0000,
  0x0000, 0x0000, 0x0000, 0x0000, 0x0000, 0x0000, 0x0000, 0x0000,
  0x0000, 0x0000, 0x0000, 0x0000, 0x0000, 0x0000, 0x0000, 0x0000,
  0x0000, 0x0000, 0x0000, 0x0000, 0x0000, 0x0000, 0x0555, 0x0000,
  0x6111, 0xF344, 0xF444, 0xF444, 0xF444, 0xF444, 0xF444, 0xF444,
  0xF444, 0xF444, 0xF334, 0xB222, 0x4111, 0x0000, 0x0000, 0x0000,
  0x0444, 0x0000, 0x0000, 0x0000, 0x0000, 0x0000, 0x0000, 0x0000,
  0x0000, 0x0000, 0x0000, 0x0000, 0x0000, 0x0000, 0x0000, 0x0000,
  0x8322, 0xFDB8, 0xFEC8, 0xFEC8, 0xFEC8, 0xFEC8, 0xFEC8, 0xFEC8,
  0xFEC8, 0xFEC8, 0xFEC8, 0xFEC8, 0xFEC8, 0xFEC8, 0xFEC8, 0xFEC8,
  0xFEC8, 0xFEC8, 0xFEC8, 0xFEC8, 0xFEC8, 0xFEC8, 0xFEC8, 0xFEC8,
  0xFEC8, 0xFEC8, 0xFDA7, 0xFB65, 0xFB65, 0xFDA7, 0xFFFC, 0xA886,
  0x0000, 0x0FFF, 0x0000, 0x0000, 0x0000, 0x0000, 0x0000, 0x0000,
  0x0000, 0x0000, 0x0000, 0x0000, 0x0000, 0x0000, 0x0000, 0x0000,
  0x0000, 0x0000, 0x0000, 0x0000, 0x0000, 0x0000, 0x0000, 0x0000,
  0x0000, 0x0000, 0x0000, 0x0000, 0x0000, 0x0000, 0x0000, 0x0000,
  0x0000, 0x0000, 0x0000, 0x0000, 0x0000, 0x0000, 0x0000, 0x0000,
  0x0000, 0x0000, 0x0000, 0x0000, 0x0000, 0x0000, 0x0000, 0x0000,
  0x0000, 0x0000, 0x0000, 0x0000, 0x0000, 0x0000, 0x0000, 0x0000,
  0x0000, 0x0000, 0x0000, 0x0000, 0x0000, 0x0000, 0x0FFF, 0x1000,
  0xE233, 0xF444, 0xF444, 0xF444, 0xF444, 0xF444, 0xF444, 0xF444,
  0xF444, 0xE333, 0x6111, 0x0000, 0x0000, 0x0000, 0x0000, 0x0000,
  0x0000, 0x0000, 0x0000, 0x0000, 0x0000, 0x0000, 0x0000, 0x0000,
  0x0000, 0x0000, 0x0000, 0x0000, 0x0000, 0x0000, 0x0000, 0x0000,
  0x8322, 0xFDB8, 0xFEC8, 0xFEC8, 0xFEC8, 0xFEC8, 0xFEC8, 0xFEC8,
  0xFEC8, 0xFEC8, 0xFEC8, 0xFEC8, 0xFEC8, 0xFEC8, 0xFEC8, 0xFEC8,
  0xFEC8, 0xFEC8, 0xFEC8, 0xFEC8, 0xFEB8, 0xFEB8, 0xFEC8, 0xFEC8,
  0xFEC8, 0xFEC8, 0xFC87, 0xFB65, 0xFB66, 0xFB76, 0xFED9, 0xFBB9,
  0x2000, 0x0000, 0x0FF0, 0x0000, 0x0000, 0x0000, 0x0000, 0x0000,
  0x0000, 0x0000, 0x0000, 0x0000, 0x0000, 0x0000, 0x0000, 0x0000,
  0x0000, 0x0000, 0x0000, 0x0000, 0x0000, 0x0000, 0x0000, 0x0000,
  0x0000, 0x0000, 0x0000, 0x0000, 0x0000, 0x0000, 0x0000, 0x0000,
  0x0000, 0x0000, 0x0000, 0x0000, 0x0000, 0x0000, 0x0000, 0x0000,
  0x0000, 0x0000, 0x0000, 0x0000, 0x0000, 0x0000, 0x0000, 0x0000,
  0x0000, 0x0000, 0x0000, 0x0000, 0x0000, 0x0000, 0x0000, 0x0000,
  0x0000, 0x0000, 0x0000, 0x0000, 0x0000, 0x0555, 0x0000, 0x6111,
  0xF444, 0xF444, 0xF444, 0xF444, 0xF444, 0xF444, 0xF444, 0xF444,
  0xA222, 0x2000, 0x0000, 0x0FFF, 0x0000, 0x0000, 0x0000, 0x0000,
  0x0000, 0x0000, 0x0000, 0x0000, 0x0000, 0x0000, 0x0000, 0x0000,
  0x0000, 0x0000, 0x0000, 0x0000, 0x0000, 0x0000, 0x0000, 0x0000,
  0x8221, 0xFDB8, 0xFEC8, 0xFEC8, 0xFEC8, 0xFEC8, 0xFEC8, 0xFEC8,
  0xFEC8, 0xFEC8, 0xFEC8, 0xFEC8, 0xFEC8, 0xFEC8, 0xFEC8, 0xFEC8,
  0xFEC8, 0xFEC8, 0xFEC8, 0xFEC8, 0xFEC8, 0xFDA7, 0xFEC8, 0xFEC8,
  0xFEC8, 0xFEC8, 0xFC76, 0xFB65, 0xFB66, 0xFB76, 0xFEB8, 0xFED9,
  0x7454, 0x0000, 0x0333, 0x0000, 0x0000, 0x0000, 0x0000, 0x0000,
  0x0000, 0x0000, 0x0000, 0x0000, 0x0000, 0x0000, 0x0000, 0x0000,
  0x0000, 0x0000, 0x0000, 0x0000, 0x0000, 0x0000, 0x0000, 0x0000,
  0x0000, 0x0000, 0x0000, 0x0000, 0x0000, 0x0000, 0x0000, 0x0000,
  0x0000, 0x0000, 0x0000, 0x0000, 0x0000, 0x0000, 0x0000, 0x0000,
  0x0000, 0x0000, 0x0000, 0x0000, 0x0000, 0x0000, 0x0000, 0x0000,
  0x0000, 0x0000, 0x0000, 0x0000, 0x0000, 0x0000, 0x0000, 0x0000,
  0x0000, 0x0000, 0x0000, 0x0000, 0x0000, 0x0FFF, 0x0000, 0xC222,
  0xF444, 0xF444, 0xF444, 0xF444, 0xF444, 0xF444, 0xF444, 0x9222,
  0x0000, 0x0000, 0x0000, 0x0000, 0x0000, 0x0000, 0x0000, 0x0000,
  0x0000, 0x0000, 0x0000, 0x0000, 0x0000, 0x0000, 0x0000, 0x0000,
  0x0000, 0x0000, 0x0000, 0x0000, 0x0000, 0x0000, 0x0000, 0x0000,
  0x7221, 0xFDB8, 0xFEC8, 0xFEC8, 0xFEC8, 0xFEC8, 0xFEC8, 0xFEC8,
  0xFEC8, 0xFEC8, 0xFEC8, 0xFEC8, 0xFEC8, 0xFEC8, 0xFEC8, 0xFEC8,
  0xFEC8, 0xFEC8, 0xFEC8, 0xFEC8, 0xFEC8, 0xFDA7, 0xFDA7, 0xFEC8,
  0xFEC8, 0xFEB8, 0xFB76, 0xFB65, 0xFB76, 0xFB65, 0xFB97, 0xFFD9,
  0xB986, 0x0000, 0x0FFF, 0x0000, 0x0000, 0x0000, 0x0000, 0x0000,
  0x0000, 0x0000, 0x0000, 0x0000, 0x0000, 0x0000, 0x0000, 0x0000,
  0x0000, 0x0000, 0x0000, 0x0000, 0x0000, 0x0000, 0x0000, 0x0000,
  0x0000, 0x0000, 0x0000, 0x0000, 0x0000, 0x0000, 0x0000, 0x0000,
  0x0000, 0x0000, 0x0000, 0x0000, 0x0000, 0x0000, 0x0000, 0x0000,
  0x0000, 0x0000, 0x0000, 0x0000, 0x0000, 0x0000, 0x0000, 0x0000,
  0x0000, 0x0000, 0x0000, 0x0000, 0x0000, 0x0000, 0x0000, 0x0000,
  0x0000, 0x0000, 0x0000, 0x0000, 0x0000, 0x0000, 0x3000, 0xF333,
  0xF444, 0xF444, 0xF444, 0xF444, 0xF444, 0xF444, 0x9122, 0x0000,
  0x0777, 0x0000, 0x0000, 0x0000, 0x0000, 0x0000, 0x0000, 0x0000,
  0x0000, 0x0000, 0x0000, 0x0000, 0x0000, 0x0000, 0x0000, 0x0000,
  0x0000, 0x0000, 0x0000, 0x0000, 0x0000, 0x0000, 0x0000, 0x0000,
  0x4322, 0xFDB8, 0xFEC8, 0xFEC8, 0xFEC8, 0xFEC8, 0xFEC8, 0xFEC8,
  0xFEC8, 0xFEC8, 0xFEC8, 0xFEC8, 0xFEC8, 0xFEC8, 0xFEC8, 0xFEC8,
  0xFEC8, 0xFEC8, 0xFEC8, 0xFEC8, 0xFEC8, 0xFEB8, 0xFC86, 0xFEC8,
  0xFEC8, 0xFEB8, 0xFB76, 0xFB65, 0xFC76, 0xF955, 0xF764, 0xFFD9,
  0xE985, 0x1211, 0x0000, 0x0000, 0x0000, 0x0000, 0x0000, 0x0000,
  0x0000, 0x0000, 0x0000, 0x0000, 0x0000, 0x0000, 0x0000, 0x0000,
  0x0000, 0x0000, 0x0000, 0x0000, 0x0000, 0x0000, 0x0000, 0x0000,
  0x0000, 0x0000, 0x0000, 0x0000, 0x0000, 0x0000, 0x0000, 0x0000,
  0x0000, 0x0000, 0x0000, 0x0000, 0x0000, 0x0000, 0x0000, 0x0000,
  0x0000, 0x0000, 0x0000, 0x0000, 0x0000, 0x0000, 0x0000, 0x0000,
  0x0000, 0x0000, 0x0000, 0x0000, 0x0000, 0x0000, 0x0000, 0x0000,
  0x0000, 0x0000, 0x0000, 0x0000, 0x0777, 0x0000, 0xB222, 0xF444,
  0xF444, 0xF444, 0xF444, 0xF444, 0xF444, 0xB222, 0x0000, 0x0777,
  0x0000, 0x0000, 0x0000, 0x0000, 0x0000, 0x0000, 0x0000, 0x0000,
  0x0000, 0x0000, 0x0000, 0x0000, 0x0000, 0x0000, 0x0000, 0x0000,
  0x0000, 0x0000, 0x0000, 0x0000, 0x0000, 0x0000, 0x0000, 0x0000,
  0x1110, 0xEA96, 0xFFC9, 0xFEC8, 0xFEC8, 0xFEC8, 0xFEC8, 0xFEC8,
  0xFEC8, 0xFEC8, 0xFEC8, 0xFEC8, 0xFEC8, 0xFEC8, 0xFEC8, 0xFEC8,
  0xFEC8, 0xFEC8, 0xFEC8, 0xFEC8, 0xFEC8, 0xFEC8, 0xFC87, 0xFDA7,
  0xFEC8, 0xFEB8, 0xFB76, 0xFB65, 0xFB76, 0xFA55, 0xF764, 0xFFD9,
  0xFDB8, 0x5211, 0x0000, 0x0444, 0x0000, 0x0000, 0x0000, 0x0000,
  0x0000, 0x0000, 0x0000, 0x0000, 0x0000, 0x0000, 0x0000, 0x0000,
  0x0000, 0x0000, 0x0000, 0x0000, 0x0000, 0x0000, 0x0000, 0x0000,
  0x0000, 0x0000, 0x0000, 0x0000, 0x0000, 0x0000, 0x0000, 0x0000,
  0x0000, 0x0000, 0x0000, 0x0000, 0x0000, 0x0000, 0x0000, 0x0000,
  0x0000, 0x0000, 0x0000, 0x0000, 0x0000, 0x0000, 0x0000, 0x0000,
  0x0000, 0x0000, 0x0000, 0x0000, 0x0000, 0x0000, 0x0000, 0x0000,
  0x0000, 0x0000, 0x0000, 0x0555, 0x0000, 0x6111, 0xF344, 0xF444,
  0xF444, 0xF444, 0xF444, 0xF444, 0xE233, 0x2000, 0x0000, 0x0000,
  0x0000, 0x0000, 0x0000, 0x0000, 0x0000, 0x0000, 0x0000, 0x0000,
  0x0000, 0x0000, 0x0000, 0x0000, 0x0000, 0x0000, 0x0000, 0x0000,
  0x0000, 0x0000, 0x0000, 0x0000, 0x0000, 0x0000, 0x0000, 0x0000,
  0x1000, 0xE864, 0xFFD9, 0xFEB8, 0xFEC8, 0xFEC8, 0xFEC8, 0xFEC8,
  0xFEC8, 0xFEC8, 0xFEC8, 0xFEC8, 0xFEC8, 0xFEC8, 0xFEC8, 0xFEC8,
  0xFEC8, 0xFEC8, 0xFEC8, 0xFEC8, 0xFEC8, 0xFEC8, 0xFDA7, 0xFC86,
  0xFEC8, 0xFEB8, 0xFB76, 0xFB65, 0xFB76, 0xFA65, 0xF654, 0xFEC8,
  0xFEC8, 0x8653, 0x0000, 0x0663, 0x0000, 0x0000, 0x0000, 0x0000,
  0x0000, 0x0000, 0x0000, 0x0000, 0x0000, 0x0000, 0x0000, 0x0000,
  0x0000, 0x0000, 0x0000, 0x0000, 0x0000, 0x0000, 0x0000, 0x0000,
  0x0000, 0x0000, 0x0000, 0x0000, 0x0000, 0x0000, 0x0000, 0x0000,
  0x0000, 0x0000, 0x0000, 0x0000, 0x0000, 0x0000, 0x0000, 0x0000,
  0x0000, 0x0000, 0x0000, 0x0000, 0x0000, 0x0000, 0x0000, 0x0000,
  0x0000, 0x0000, 0x0000, 0x0000, 0x0000, 0x0000, 0x0000, 0x0000,
  0x0000, 0x0000, 0x0000, 0x0FFF, 0x1000, 0xD223, 0xF444, 0xF444,
  0xF444, 0xF444, 0xF444, 0xF334, 0x5111, 0x0000, 0x0555, 0x0000,
  0x0000, 0x0000, 0x0000, 0x0000, 0x0000, 0x0000, 0x0000, 0x0000,
  0x0000, 0x0000, 0x0000, 0x0000, 0x0000, 0x0000, 0x0000, 0x0000,
  0x0000, 0x0000, 0x0000, 0x0000, 0x0000, 0x0000, 0x0000, 0x0000,
  0x0000, 0xB985, 0xFFD9, 0xFEC8, 0xFEC8, 0xFEC8, 0xFEC8, 0xFEC8,
  0xFEC8, 0xFEC8, 0xFEC8, 0xFEC8, 0xFEC8, 0xFEC8, 0xFEC8, 0xFEC8,
  0xFEC8, 0xFEC8, 0xFEC8, 0xFEC8, 0xFEC8, 0xFEC8, 0xFEB8, 0xFD97,
  0xFEC8, 0xFEC8, 0xFB76, 0xFB65, 0xFB76, 0xFA65, 0xF764, 0xFEC8,
  0xFFD9, 0xB985, 0x0000, 0x0FFF, 0x0000, 0x0000, 0x0000, 0x0000,
  0x0000, 0x0000, 0x0000, 0x0000, 0x0000, 0x0000, 0x0000, 0x0000,
  0x0000, 0x0000, 0x0000, 0x0000, 0x0000, 0x0000, 0x0000, 0x0000,
  0x0000, 0x0000, 0x0000, 0x0000, 0x0000, 0x0000, 0x0000, 0x0000,
  0x0000, 0x0000, 0x0000, 0x0000, 0x0000, 0x0000, 0x0000, 0x0000,
  0x0000, 0x0000, 0x0000, 0x0000, 0x0000, 0x0000, 0x0000, 0x0000,
  0x0000, 0x0000, 0x0000, 0x0000, 0x0000, 0x0000, 0x0000, 0x0000,
  0x0000, 0x0000, 0x0000, 0x0000, 0x5111, 0xF334, 0xF444, 0xF444,
  0xF444, 0xF444, 0xF444, 0x9122, 0x0000, 0x0000, 0x0000, 0x0000,
  0x0000, 0x0000, 0x0000, 0x0000, 0x0000, 0x0000, 0x0000, 0x0000,
  0x0000, 0x0000, 0x0000, 0x0000, 0x0000, 0x0000, 0x0000, 0x0000,
  0x0000, 0x0000, 0x0000, 0x0000, 0x0000, 0x0000, 0x0000, 0x0000,
  0x0000, 0x8654, 0xFEC8, 0xFEC8, 0xFEC8, 0xFEC8, 0xFEC8, 0xFEC8,
  0xFEC8, 0xFEC8, 0xFEC8, 0xFEC8, 0xFEC8, 0xFEC8, 0xFEC8, 0xFEC8,
  0xFEC8, 0xFEC8, 0xFEC8, 0xFEC8, 0xFEC8, 0xFEC8, 0xFEC8, 0xFEC8,
  0xFEC8, 0xFEB8, 0xFC76, 0xFB65, 0xFC76, 0xF854, 0xF875, 0xFDB8,
  0xFFD9, 0xE875, 0x1000, 0x0000, 0x0000, 0x0000, 0x0000, 0x0000,
  0x0000, 0x0000, 0x0000, 0x0000, 0x0000, 0x0000, 0x0000, 0x0000,
  0x0000, 0x0000, 0x0000, 0x0000, 0x0000, 0x0000, 0x0000, 0x0000,
  0x0000, 0x0000, 0x0000, 0x0000, 0x0000, 0x0000, 0x0000, 0x0000,
  0x0000, 0x0000, 0x0000, 0x0000, 0x0000, 0x0000, 0x0000, 0x0000,
  0x0000, 0x0000, 0x0000, 0x0000, 0x0000, 0x0000, 0x0000, 0x0000,
  0x0000, 0x0000, 0x0000, 0x0000, 0x0000, 0x0000, 0x0000, 0x0000,
  0x0000, 0x0000, 0x0777, 0x0000, 0xB222, 0xF444, 0xF444, 0xF444,
  0xF444, 0xF444, 0xD223, 0x1000, 0x0FFF, 0x0000, 0x0000, 0x0000,
  0x0000, 0x0000, 0x0000, 0x0000, 0x0000, 0x0000, 0x0000, 0x0000,
  0x0000, 0x0000, 0x0000, 0x0000, 0x0000, 0x0000, 0x0000, 0x0000,
  0x0000, 0x0000, 0x0000, 0x0000, 0x0000, 0x0000, 0x0000, 0x0000,
  0x0000, 0x6211, 0xFDB8, 0xFEC8, 0xFEC8, 0xFEC8, 0xFEC8, 0xFEC8,
  0xFEC8, 0xFEC8, 0xFEC8, 0xFEC8, 0xFEC8, 0xFEC8, 0xFEC8, 0xFEC8,
  0xFEC8, 0xFEC8, 0xFEC8, 0xFEC8, 0xFEC8, 0xFEC8, 0xFEC8, 0xFEC8,
  0xFDA7, 0xFB76, 0xFB65, 0xFB66, 0xFB65, 0xF743, 0xF875, 0xFCB7,
  0xFEC9, 0xFCB7, 0x3322, 0x0000, 0x0770, 0x0000, 0x0000, 0x0000,
  0x0000, 0x0000, 0x0000, 0x0000, 0x0000, 0x0000, 0x0000, 0x0000,
  0x0000, 0x0000, 0x0000, 0x0000, 0x0000, 0x0000, 0x0000, 0x0000,
  0x0000, 0x0000, 0x0000, 0x0000, 0x0000, 0x0000, 0x0000, 0x0000,
  0x0000, 0x0000, 0x0000, 0x0000, 0x0000, 0x0000, 0x0000, 0x0000,
  0x0000, 0x0000, 0x0000, 0x0000, 0x0000, 0x0000, 0x0000, 0x0000,
  0x0000, 0x0000, 0x0000, 0x0000, 0x0000, 0x0000, 0x0000, 0x0000,
  0x0000, 0x0000, 0x0000, 0x2000, 0xF333, 0xF444, 0xF444, 0xF444,
  0xF444, 0xF444, 0x7111, 0x0000, 0x0555, 0x0000, 0x0000, 0x0000,
  0x0000, 0x0000, 0x0000, 0x0000, 0x0000, 0x0000, 0x0000, 0x0000,
  0x0000, 0x0000, 0x0000, 0x0000, 0x0000, 0x0000, 0x0000, 0x0000,
  0x0000, 0x0000, 0x0000, 0x0000, 0x0000, 0x0000, 0x0000, 0x0000,
  0x0000, 0x2321, 0xFB96, 0xFEC8, 0xFEC8, 0xFEC8, 0xFEC8, 0xFEC8,
  0xFEC8, 0xFEC8, 0xFEC8, 0xFEC8, 0xFEC8, 0xFEC8, 0xFEC8, 0xFEC8,
  0xFEC8, 0xFEC8, 0xFEC8, 0xFEC8, 0xFEC8, 0xFEC8, 0xFEC8, 0xFC97,
  0xFB65, 0xFB65, 0xFB66, 0xFC76, 0xF743, 0xF743, 0xFB96, 0xFDB7,
  0xFEC9, 0xFDB8, 0x7221, 0x0000, 0x0333, 0x0000, 0x0000, 0x0000,
  0x0000, 0x0000, 0x0000, 0x0000, 0x0000, 0x0000, 0x0000, 0x0000,
  0x0000, 0x0000, 0x0000, 0x0000, 0x0000, 0x0000, 0x0000, 0x0000,
  0x0000, 0x0000, 0x0000, 0x0000, 0x0000, 0x0000, 0x0000, 0x0000,
  0x0000, 0x0000, 0x0000, 0x0000, 0x0000, 0x0000, 0x0000, 0x0000,
  0x0000, 0x0000, 0x0000, 0x0000, 0x0000, 0x0000, 0x0000, 0x0000,
  0x0000, 0x0000, 0x0000, 0x0000, 0x0000, 0x0000, 0x0000, 0x0000,
  0x0000, 0x0FFF, 0x0000, 0x6111, 0xF444, 0xF444, 0xF444, 0xF444,
  0xF444, 0xE333, 0x1000, 0x0FFF, 0x0000, 0x0000, 0x0000, 0x0000,
  0x0000, 0x0000, 0x0000, 0x0000, 0x0000, 0x0000, 0x0000, 0x0000,
  0x0000, 0x0000, 0x0000, 0x0000, 0x0000, 0x0000, 0x0000, 0x0000,
  0x0000, 0x0000, 0x0000, 0x0000, 0x0000, 0x0000, 0x0000, 0x0000,
  0x0000, 0x0000, 0xD875, 0xFFD9, 0xFEC8, 0xFEC8, 0xFEC8, 0xFEC8,
  0xFEC8, 0xFEC8, 0xFEC8, 0xFEC8, 0xFEC8, 0xFEC8, 0xFEC8, 0xFEC8,
  0xFEC8, 0xFEC8, 0xFEC8, 0xFEC8, 0xFEC8, 0xFEC8, 0xFC86, 0xFB65,
  0xFB66, 0xFB66, 0xFB76, 0xFA65, 0xF633, 0xF955, 0xFCA7, 0xFEC8,
  0xFEC8, 0xFEC8, 0x8875, 0x0000, 0x0966, 0x0000, 0x0000, 0x0000,
  0x0000, 0x0000, 0x0000, 0x0000, 0x0000, 0x0000, 0x0000, 0x0000,
  0x0000, 0x0000, 0x0000, 0x0000, 0x0000, 0x0000, 0x0000, 0x0000,
  0x0000, 0x0000, 0x0000, 0x0000, 0x0000, 0x0000, 0x0000, 0x0000,
  0x0000, 0x0000, 0x0000, 0x0000, 0x0000, 0x0000, 0x0000, 0x0000,
  0x0000, 0x0000, 0x0000, 0x0000, 0x0000, 0x0000, 0x0000, 0x0000,
  0x0000, 0x0000, 0x0000, 0x0000, 0x0000, 0x0000, 0x0FFF, 0x0000,
  0x0000, 0x2000, 0xB222, 0xE333, 0xF444, 0xF444, 0xF444, 0xF444,
  0xF444, 0x9222, 0x0000, 0x0555, 0x0000, 0x0000, 0x0000, 0x0000,
  0x0000, 0x0000, 0x0000, 0x0000, 0x0000, 0x0000, 0x0000, 0x0000,
  0x0000, 0x0000, 0x0000, 0x0000, 0x0000, 0x0000, 0x0000, 0x0000,
  0x0000, 0x0000, 0x0000, 0x0000, 0x0000, 0x0000, 0x0000, 0x0000,
  0x0666, 0x0000, 0x8654, 0xFEC8, 0xFEC8, 0xFEC8, 0xFEC8, 0xFEC8,
  0xFEC8, 0xFEC8, 0xFEC8, 0xFEC8, 0xFEC8, 0xFEC8, 0xFEC8, 0xFEC8,
  0xFEC8, 0xFEC8, 0xFEC8, 0xFEC8, 0xFEB8, 0xFC76, 0xFB65, 0xFB76,
  0xFB66, 0xFB66, 0xFB65, 0xF844, 0xF854, 0xF954, 0xF975, 0xFFC9,
  0xFDB8, 0xFFD9, 0xC985, 0x0777, 0x0FFF, 0x0000, 0x0000, 0x0000,
  0x0000, 0x0000, 0x0000, 0x0000, 0x0000, 0x0000, 0x0000, 0x0000,
  0x0000, 0x0000, 0x0000, 0x0000, 0x0000, 0x0000, 0x0000, 0x0000,
  0x0000, 0x0000, 0x0000, 0x0000, 0x0000, 0x0000, 0x0000, 0x0000,
  0x0000, 0x0000, 0x0000, 0x0000, 0x0000, 0x0000, 0x0000, 0x0000,
  0x0000, 0x0000, 0x0000, 0x0000, 0x0000, 0x0000, 0x0000, 0x0000,
  0x0000, 0x0000, 0x0000, 0x0555, 0x0000, 0x0000, 0x0000, 0x2000,
  0x6111, 0xB222, 0xF444, 0xF444, 0xF444, 0xF444, 0xF444, 0xF444,
  0xF333, 0x4111, 0x0000, 0x0000, 0x0000, 0x0000, 0x0000, 0x0000,
  0x0000, 0x0000, 0x0000, 0x0000, 0x0000, 0x0000, 0x0000, 0x0000,
  0x0000, 0x0000, 0x0000, 0x0000, 0x0000, 0x0000, 0x0000, 0x0000,
  0x0000, 0x0000, 0x0000, 0x0000, 0x0000, 0x0000, 0x0000, 0x0000,
  0x0555, 0x0000, 0x4111, 0xFCA7, 0xFEC8, 0xFEC8, 0xFEC8, 0xFEC8,
  0xFEC8, 0xFEC8, 0xFEC8, 0xFEC8, 0xFEC8, 0xFEC8, 0xFEC8, 0xFEC8,
  0xFEC8, 0xFEC8, 0xFEC8, 0xFEB8, 0xFB76, 0xFB65, 0xFB76, 0xFB66,
  0xFB66, 0xFC76, 0xF954, 0xF854, 0xF955, 0xFA55, 0xF864, 0xFFC9,
  0xFDB8, 0xFEC8, 0xFB96, 0x2000, 0x0000, 0x0770, 0x0000, 0x0000,
  0x0000, 0x0000, 0x0000, 0x0000, 0x0000, 0x0000, 0x0000, 0x0000,
  0x0000, 0x0000, 0x0000, 0x0000, 0x0000, 0x0000, 0x0000, 0x0000,
  0x0000, 0x0000, 0x0000, 0x0000, 0x0000, 0x0000, 0x0000, 0x0000,
  0x0000, 0x0000, 0x0000, 0x0000, 0x0000, 0x0000, 0x0000, 0x0000,
  0x0000, 0x0000, 0x0000, 0x0000, 0x0000, 0x0000, 0x0000, 0x0000,
  0x0000, 0x0FFF, 0x0000, 0x0000, 0x0000, 0x5111, 0xA222, 0xE333,
  0xF444, 0xF444, 0xF444, 0xF444, 0xF444, 0xF444, 0xF444, 0xF444,
  0xC222, 0x1000, 0x0FFF, 0x0000, 0x0000, 0x0000, 0x0000, 0x0000,
  0x0000, 0x0000, 0x0000, 0x0000, 0x0000, 0x0000, 0x0000, 0x0000,
  0x0000, 0x0000, 0x0000, 0x0000, 0x0000, 0x0000, 0x0000, 0x0000,
  0x0000, 0x0000, 0x0000, 0x0000, 0x0000, 0x0000, 0x0000, 0x0000,
  0x0000, 0x0FFF, 0x0000, 0xC875, 0xFFD9, 0xFEC8, 0xFEC8, 0xFEC8,
  0xFEC8, 0xFEC8, 0xFEC8, 0xFEC8, 0xFEC8, 0xFEC8, 0xFEC8, 0xFEC8,
  0xFEC8, 0xFEC8, 0xFDB8, 0xFB76, 0xFB65, 0xFB65, 0xFB66, 0xFB66,
  0xFB66, 0xFB65, 0xF744, 0xFA65, 0xF854, 0xFA55, 0xF886, 0xFFEA,
  0xFEC9, 0xFED9, 0xFED9, 0x7664, 0x0000, 0x0666, 0x0000, 0x0000,
  0x0000, 0x0000, 0x0000, 0x0000, 0x0000, 0x0000, 0x0000, 0x0000,
  0x0000, 0x0000, 0x0000, 0x0000, 0x0000, 0x0000, 0x0000, 0x0000,
  0x0000, 0x0000, 0x0000, 0x0000, 0x0000, 0x0000, 0x0000, 0x0000,
  0x0000, 0x0000, 0x0000, 0x0000, 0x0000, 0x0000, 0x0000, 0x0000,
  0x0000, 0x0000, 0x0000, 0x0000, 0x0000, 0x0000, 0x0000, 0x0000,
  0x0000, 0x0000, 0x3000, 0x8112, 0xD223, 0xF334, 0xF444, 0xF444,
  0xF444, 0xF444, 0xF444, 0xF444, 0xF444, 0xF444, 0xF444, 0xF444,
  0x7111, 0x0000, 0x0555, 0x0000, 0x0000, 0x0000, 0x0000, 0x0000,
  0x0000, 0x0000, 0x0000, 0x0000, 0x0000, 0x0000, 0x0000, 0x0000,
  0x0000, 0x0000, 0x0000, 0x0000, 0x0000, 0x0000, 0x0000, 0x0000,
  0x0000, 0x0000, 0x0000, 0x0000, 0x0000, 0x0000, 0x0000, 0x0000,
  0x0000, 0x0555, 0x0000, 0x5332, 0xFDB7, 0xFEC8, 0xFEC8, 0xFEC8,
  0xFEC8, 0xFEC8, 0xFEC8, 0xFEC8, 0xFEC8, 0xFEC8, 0xFEC8, 0xFEC8,
  0xFEC8, 0xFEB8, 0xFB76, 0xFB65, 0xFC76, 0xF844, 0xFA65, 0xFB66,
  0xFC76, 0xF854, 0xF955, 0xFB65, 0xFA65, 0xFA54, 0xF986, 0xFFFD,
  0xFFFC, 0xFFFC, 0xFFFD, 0xCAA8, 0x0000, 0x0FFF, 0x0000, 0x0000,
  0x0000, 0x0000, 0x0000, 0x0000, 0x0000, 0x0000, 0x0000, 0x0000,
  0x0000, 0x0000, 0x0000, 0x0000, 0x0000, 0x0000, 0x0000, 0x0000,
  0x0000, 0x0000, 0x0000, 0x0000, 0x0000, 0x0000, 0x0000, 0x0000,
  0x0000, 0x0000, 0x0000, 0x0000, 0x0000, 0x0000, 0x0000, 0x0000,
  0x0000, 0x0000, 0x0000, 0x0000, 0x0044, 0x0000, 0x0000, 0x0000,
  0x5111, 0xA222, 0xF333, 0xF444, 0xF444, 0xF444, 0xF444, 0xF444,
  0xF444, 0xF444, 0xF444, 0xF444, 0xF444, 0xF444, 0xF444, 0xE333,
  0x2000, 0x0000, 0x0000, 0x0000, 0x0000, 0x0000, 0x0000, 0x0000,
  0x0000, 0x0000, 0x0000, 0x0000, 0x0000, 0x0000, 0x0000, 0x0000,
  0x0000, 0x0000, 0x0000, 0x0000, 0x0000, 0x0000, 0x0000, 0x0000,
  0x0000, 0x0000, 0x0000, 0x0000, 0x0000, 0x0000, 0x0000, 0x0000,
  0x0000, 0x0000, 0x0FFF, 0x0000, 0xC875, 0xFFD9, 0xFEC8, 0xFEC8,
  0xFEC8, 0xFEC8, 0xFEC8, 0xFFC9, 0xFFC9, 0xFFC9, 0xFEC9, 0xFEC9,
  0xFEC9, 0xFC86, 0xFB65, 0xFB66, 0xFC76, 0xF854, 0xFA65, 0xFB76,
  0xFB65, 0xF744, 0xFB76, 0xF955, 0xFB66, 0xFA55, 0xF886, 0xFFFD,
  0xFFFC, 0xFFFC, 0xFFFC, 0xFEEB, 0x5443, 0x0000, 0x0774, 0x0000,
  0x0000, 0x0000, 0x0000, 0x0000, 0x0000, 0x0000, 0x0000, 0x0000,
  0x0000, 0x0000, 0x0000, 0x0000, 0x0000, 0x0000, 0x0000, 0x0000,
  0x0000, 0x0000, 0x0000, 0x0000, 0x0000, 0x0000, 0x0000, 0x0000,
  0x0000, 0x0000, 0x0000, 0x0000, 0x0000, 0x0000, 0x0000, 0x0000,
  0x0000, 0x0000, 0x0555, 0x0000, 0x0000, 0x1000, 0x6111, 0xC223,
  0xF334, 0xF444, 0xF444, 0xF444, 0xF444, 0xF444, 0xF444, 0xF444,
  0xF444, 0xF444, 0xF444, 0xF444, 0xF444, 0xF444, 0xF444, 0xC223,
  0x0222, 0x0FFF, 0x0000, 0x0000, 0x0000, 0x0000, 0x0000, 0x0000,
  0x0000, 0x0000, 0x0000, 0x0000, 0x0000, 0x0000, 0x0000, 0x0000,
  0x0000, 0x0000, 0x0000, 0x0000, 0x0000, 0x0000, 0x0000, 0x0000,
  0x0000, 0x0000, 0x0000, 0x0000, 0x0000, 0x0000, 0x0000, 0x0000,
  0x0000, 0x0000, 0x0444, 0x0000, 0x6432, 0xF986, 0xFBA7, 0xFEC8,
  0xFEC8, 0xFEC8, 0xFCA7, 0xFA86, 0xEA96, 0xBB96, 0xA654, 0xA543,
  0xFB86, 0xFB76, 0xFB66, 0xFB66, 0xFB76, 0xFA65, 0xF844, 0xFC76,
  0xFA65, 0xF854, 0xFC76, 0xF954, 0xFB65, 0xFA65, 0xF432, 0xFEDA,
  0xFFEB, 0xFFFC, 0xFFFC, 0xFFFD, 0xDAA7, 0x1000, 0x0FFF, 0x0000,
  0x0000, 0x0000, 0x0000, 0x0000, 0x0000, 0x0000, 0x0000, 0x0000,
  0x0000, 0x0000, 0x0000, 0x0000, 0x0000, 0x0000, 0x0000, 0x0000,
  0x0000, 0x0000, 0x0000, 0x0000, 0x0000, 0x0000, 0x0000, 0x0000,
  0x0000, 0x0000, 0x0000, 0x0000, 0x0000, 0x0000, 0x0000, 0x0000,
  0x0000, 0x0000, 0x0000, 0x2000, 0x7112, 0xD223, 0xF344, 0xF444,
  0xF444, 0xF444, 0xF444, 0xF444, 0xF444, 0xF444, 0xF444, 0xF444,
  0xF444, 0xF444, 0xF444, 0xF444, 0xF444, 0xF444, 0xF444, 0x8112,
  0x0000, 0x0225, 0x0000, 0x0000, 0x0000, 0x0000, 0x0000, 0x0000,
  0x0000, 0x0000, 0x0000, 0x0000, 0x0000, 0x0000, 0x0000, 0x0000,
  0x0000, 0x0000, 0x0000, 0x0000, 0x0000, 0x0000, 0x0000, 0x0000,
  0x0000, 0x0000, 0x0000, 0x0000, 0x0000, 0x0000, 0x0000, 0x0000,
  0x0000, 0x0000, 0x0000, 0x0000, 0x0000, 0x2000, 0x3221, 0x6754,
  0x7653, 0x5764, 0x3433, 0x3000, 0x2000, 0x0000, 0x0000, 0x0000,
  0x8322, 0xFB66, 0xFB66, 0xFB65, 0xFB76, 0xFA65, 0xF743, 0xFC76,
  0xF844, 0xFA65, 0xFC76, 0xF955, 0xFB65, 0xFA65, 0xF422, 0xFA86,
  0xFEC9, 0xFEC9, 0xFFEA, 0xFFFC, 0xFEFC, 0x8554, 0x0000, 0x0AAA,
  0x0000, 0x0000, 0x0000, 0x0000, 0x0000, 0x0000, 0x0000, 0x0000,
  0x0000, 0x0000, 0x0000, 0x0000, 0x0000, 0x0000, 0x0000, 0x0000,
  0x0000, 0x0000, 0x0000, 0x0000, 0x0000, 0x0000, 0x0000, 0x0000,
  0x0000, 0x0000, 0x0000, 0x0000, 0x0000, 0x0000, 0x0000, 0x0000,
  0x1000, 0x3000, 0x9222, 0xE333, 0xF444, 0xF444, 0xF444, 0xF444,
  0xF444, 0xF444, 0xF444, 0xF444, 0xF444, 0xF444, 0xF444, 0xF444,
  0xF444, 0xF444, 0xF444, 0xF444, 0xF444, 0xF444, 0xF334, 0xB223,
  0x3444, 0x0000, 0x0555, 0x0000, 0x0000, 0x0000, 0x0000, 0x0000,
  0x0000, 0x0000, 0x0000, 0x0000, 0x0000, 0x0000, 0x0000, 0x0000,
  0x0000, 0x0000, 0x0000, 0x0000, 0x0000, 0x0000, 0x0000, 0x0000,
  0x0000, 0x0000, 0x0000, 0x0000, 0x0000, 0x0000, 0x0000, 0x0000,
  0x0000, 0x0000, 0x0000, 0x0000, 0x0000, 0x0000, 0x0000, 0x0000,
  0x0000, 0x0000, 0x0000, 0x0000, 0x0000, 0x0FFF, 0x0752, 0x0FFF,
  0x1010, 0xE844, 0xFC76, 0xFB65, 0xFB76, 0xFA65, 0xF954, 0xFC76,
  0xF633, 0xFA65, 0xFC76, 0xFA65, 0xF955, 0xFB65, 0xF532, 0xF754,
  0xFDB8, 0xFEC8, 0xFEB8, 0xFEC8, 0xFFEB, 0xEBC9, 0x3011, 0x0000,
  0x0000, 0x0000, 0x0000, 0x0000, 0x0000, 0x0000, 0x0000, 0x0000,
  0x0000, 0x0000, 0x0000, 0x0000, 0x0000, 0x0000, 0x0000, 0x0000,
  0x0000, 0x0000, 0x0000, 0x0000, 0x0000, 0x0000, 0x0000, 0x0000,
  0x0000, 0x0000, 0x0000, 0x0000, 0x0000, 0x0000, 0x0000, 0x0000,
  0x9000, 0xF333, 0xF444, 0xF444, 0xF444, 0xF444, 0xF444, 0xF444,
  0xF444, 0xF444, 0xF444, 0xF444, 0xF444, 0xF444, 0xF444, 0xF444,
  0xF444, 0xF444, 0xF444, 0xF444, 0xF444, 0xF444, 0xF333, 0xF334,
  0xD444, 0x2344, 0x0000, 0x0000, 0x0000, 0x0000, 0x0000, 0x0000,
  0x0000, 0x0000, 0x0000, 0x0000, 0x0000, 0x0000, 0x0000, 0x0000,
  0x0000, 0x0000, 0x0000, 0x0000, 0x0000, 0x0000, 0x0000, 0x0000,
  0x0000, 0x0000, 0x0000, 0x0000, 0x0000, 0x0000, 0x0000, 0x0000,
  0x0000, 0x0000, 0x0000, 0x0000, 0x0000, 0x0000, 0x0777, 0x0AA5,
  0x0AA5, 0x0AA5, 0x0777, 0x0000, 0x0000, 0x0000, 0x0000, 0x0744,
  0x0000, 0x7322, 0xFB65, 0xFB66, 0xFB66, 0xFB65, 0xFA55, 0xFA65,
  0xF533, 0xFB66, 0xFB76, 0xFA65, 0xF743, 0xFC76, 0xF854, 0xF744,
  0xF865, 0xFEC8, 0xFEC8, 0xFEB8, 0xFEB8, 0xFFEA, 0xC886, 0x0000,
  0x0FFF, 0x0000, 0x0000, 0x0000, 0x0000, 0x0000, 0x0000, 0x0000,
  0x0000, 0x0000, 0x0000, 0x0000, 0x0000, 0x0000, 0x0000, 0x0000,
  0x0000, 0x0000, 0x0000, 0x0000, 0x0000, 0x0000, 0x0000, 0x0000,
  0x0000, 0x0000, 0x0000, 0x0000, 0x0000, 0x0000, 0x0000, 0x0000,
  0x2000, 0xE333, 0xF444, 0xF444, 0xF444, 0xF444, 0xF444, 0xF444,
  0xF444, 0xF444, 0xF444, 0xF444, 0xF444, 0xF444, 0xF444, 0xF444,
  0xF444, 0xF444, 0xF444, 0xF444, 0xF444, 0xF334, 0xF223, 0xF444,
  0xF444, 0xD444, 0x2444, 0x0000, 0x0000, 0x0000, 0x0000, 0x0000,
  0x0000, 0x0000, 0x0000, 0x0000, 0x0000, 0x0000, 0x0000, 0x0000,
  0x0000, 0x0000, 0x0000, 0x0000, 0x0000, 0x0000, 0x0000, 0x0000,
  0x0000, 0x0000, 0x0000, 0x0000, 0x0000, 0x0000, 0x0000, 0x0000,
  0x0000, 0x0000, 0x0000, 0x0000, 0x0000, 0x0000, 0x0000, 0x0000,
  0x0000, 0x0000, 0x0000, 0x0000, 0x0000, 0x0000, 0x0000, 0x0000,
  0x0FFF, 0x1000, 0xE844, 0xFC76, 0xFB65, 0xFB65, 0xFA65, 0xF954,
  0xE643, 0xFC76, 0xFB66, 0xFA65, 0xF854, 0xFC76, 0xF955, 0xF744,
  0xF954, 0xF865, 0xFDC8, 0xFFC9, 0xFEC8, 0xFEC8, 0xFEC8, 0x8543,
  0x0000, 0x0774, 0x0000, 0x0000, 0x0000, 0x0000, 0x0000, 0x0000,
  0x0000, 0x0000, 0x0000, 0x0000, 0x0000, 0x0000, 0x0000, 0x0000,
  0x0000, 0x0000, 0x0000, 0x0000, 0x0000, 0x0000, 0x0000, 0x0000,
  0x0000, 0x0000, 0x0000, 0x0000, 0x0000, 0x0000, 0x0000, 0x0000,
  0x0000, 0x9222, 0xF444, 0xF444, 0xF444, 0xF444, 0xF444, 0xF444,
  0xF444, 0xF444, 0xF444, 0xF444, 0xF444, 0xF444, 0xF444, 0xF444,
  0xF444, 0xF444, 0xF444, 0xF444, 0xF333, 0xF223, 0xF334, 0xF444,
  0xF444, 0xF444, 0x8444, 0x0000, 0x0555, 0x0000, 0x0000, 0x0000,
  0x0000, 0x0000, 0x0000, 0x0000, 0x0000, 0x0000, 0x0000, 0x0000,
  0x0000, 0x0000, 0x0000, 0x0000, 0x0000, 0x0000, 0x0000, 0x0000,
  0x0000, 0x0000, 0x0000, 0x0000, 0x0000, 0x0000, 0x0000, 0x0000,
  0x0000, 0x0000, 0x0000, 0x0000, 0x0000, 0x0000, 0x0000, 0x0000,
  0x0000, 0x0000, 0x0000, 0x0000, 0x0000, 0x0000, 0x0000, 0x0000,
  0x0774, 0x0000, 0x9633, 0xFC76, 0xFB76, 0xFB65, 0xFB65, 0xF633,
  0xF533, 0xFC76, 0xFB65, 0xFC76, 0xF744, 0xFA65, 0xF954, 0xF955,
  0xF854, 0xFA65, 0xF854, 0xFA86, 0xFDB8, 0xFEC8, 0xFFD9, 0xFBA7,
  0x4100, 0x0000, 0x0555, 0x0000, 0x0000, 0x0000, 0x0000, 0x0000,
  0x0000, 0x0000, 0x0000, 0x0000, 0x0000, 0x0000, 0x0000, 0x0000,
  0x0000, 0x0000, 0x0000, 0x0000, 0x0000, 0x0000, 0x0000, 0x0000,
  0x0000, 0x0000, 0x0000, 0x0000, 0x0000, 0x0000, 0x0000, 0x0000,
  0x0000, 0x4000, 0xF333, 0xF444, 0xF444, 0xF444, 0xF444, 0xF444,
  0xF444, 0xF444, 0xF444, 0xF444, 0xF444, 0xF444, 0xF444, 0xF444,
  0xF444, 0xF334, 0xF233, 0xF222, 0xF223, 0xF444, 0xF444, 0xF444,
  0xF444, 0xF444, 0xB444, 0x0000, 0x0077, 0x0000, 0x0000, 0x0000,
  0x0000, 0x0000, 0x0000, 0x0000, 0x0000, 0x0000, 0x0000, 0x0000,
  0x0000, 0x0000, 0x0000, 0x0000, 0x0000, 0x0000, 0x0000, 0x0000,
  0x0000, 0x0000, 0x0000, 0x0000, 0x0000, 0x0000, 0x0000, 0x0000,
  0x0000, 0x0000, 0x0000, 0x0000, 0x0000, 0x0000, 0x0000, 0x0000,
  0x0000, 0x0000, 0x0000, 0x0000, 0x0000, 0x0000, 0x0000, 0x0000,
  0x0000, 0x0000, 0x3111, 0xFA65, 0xFC76, 0xFB65, 0xFB65, 0xB533,
  0xE633, 0xFC76, 0xFB65, 0xFC76, 0xE633, 0xF844, 0xFA65, 0xFB65,
  0xFA65, 0xF864, 0xFD97, 0xFA65, 0xF754, 0xFC86, 0xFDB8, 0xFFD9,
  0xE985, 0x1000, 0x0FFF, 0x0000, 0x0000, 0x0000, 0x0000, 0x0000,
  0x0000, 0x0000, 0x0000, 0x0000, 0x0000, 0x0000, 0x0000, 0x0000,
  0x0000, 0x0000, 0x0000, 0x0000, 0x0000, 0x0000, 0x0000, 0x0000,
  0x0000, 0x0000, 0x0000, 0x0000, 0x0000, 0x0000, 0x0000, 0x0000,
  0x0000, 0x0000, 0xD222, 0xF444, 0xF444, 0xF444, 0xF444, 0xF444,
  0xF444, 0xF444, 0xF444, 0xF444, 0xF444, 0xF444, 0xF334, 0xE333,
  0xE223, 0xF222, 0xF222, 0xF323, 0xF333, 0xF444, 0xF444, 0xF444,
  0xF444, 0xF444, 0xC444, 0x0000, 0x0000, 0x0000, 0x0000, 0x0000,
  0x0000, 0x0000, 0x0000, 0x0000, 0x0000, 0x0000, 0x0000, 0x0000,
  0x0000, 0x0000, 0x0000, 0x0000, 0x0000, 0x0000, 0x0000, 0x0000,
  0x0000, 0x0000, 0x0000, 0x0000, 0x0000, 0x0000, 0x0000, 0x0000,
  0x0000, 0x0000, 0x0000, 0x0000, 0x0000, 0x0000, 0x0000, 0x0000,
  0x0000, 0x0000, 0x0000, 0x0000, 0x0000, 0x0000, 0x0000, 0x0000,
  0x0000, 0x0000, 0x0000, 0xE643, 0xFC76, 0xFB65, 0xF854, 0x6211,
  0xD854, 0xFC76, 0xFB66, 0xFB76, 0x7322, 0x9532, 0xFA65, 0xFB65,
  0xFC76, 0xF844, 0xF654, 0xFDB8, 0xFEC8, 0xFD97, 0xFB86, 0xFA86,
  0xFEC8, 0xA654, 0x0000, 0x0000, 0x0000, 0x0000, 0x0000, 0x0000,
  0x0000, 0x0000, 0x0000, 0x0000, 0x0000, 0x0000, 0x0000, 0x0000,
  0x0000, 0x0000, 0x0000, 0x0000, 0x0000, 0x0000, 0x0000, 0x0000,
  0x0000, 0x0000, 0x0000, 0x0000, 0x0000, 0x0000, 0x0000, 0x0000,
  0x0555, 0x0000, 0x7111, 0xF444, 0xF444, 0xF444, 0xF444, 0xF444,
  0xF444, 0xF444, 0xF444, 0xF344, 0xD333, 0xD222, 0xE333, 0xF334,
  0xF444, 0xF444, 0xF333, 0xF323, 0xF333, 0xF444, 0xF444, 0xF444,
  0xF444, 0xF444, 0xC444, 0x0000, 0x0000, 0x0000, 0x0000, 0x0000,
  0x0000, 0x0000, 0x0000, 0x0000, 0x0000, 0x0000, 0x0000, 0x0000,
  0x0000, 0x0000, 0x0000, 0x0000, 0x0000, 0x0000, 0x0000, 0x0000,
  0x0000, 0x0000, 0x0000, 0x0000, 0x0000, 0x0000, 0x0000, 0x0000,
  0x0000, 0x0000, 0x0000, 0x0000, 0x0000, 0x0000, 0x0000, 0x0000,
  0x0000, 0x0000, 0x0000, 0x0000, 0x0000, 0x0000, 0x0000, 0x0000,
  0x0000, 0x0000, 0x0000, 0xC743, 0xFC76, 0xFB65, 0xC321, 0x1000,
  0xE954, 0xFB76, 0xFC76, 0xE844, 0x0000, 0x5000, 0xF865, 0xFD97,
  0xFB65, 0xFC76, 0xF633, 0xF744, 0xFA86, 0xFEC8, 0xFFD9, 0xFCA7,
  0xF985, 0xFB97, 0x4221, 0x0000, 0x0000, 0x0000, 0x0000, 0x0000,
  0x0000, 0x0000, 0x0000, 0x0000, 0x0000, 0x0000, 0x0000, 0x0000,
  0x0000, 0x0000, 0x0000, 0x0000, 0x0000, 0x0000, 0x0000, 0x0000,
  0x0000, 0x0000, 0x0000, 0x0000, 0x0000, 0x0000, 0x0000, 0x0000,
  0x0000, 0x0000, 0x2000, 0xF333, 0xF444, 0xF444, 0xF444, 0xF444,
  0xF444, 0xF333, 0xB222, 0x5111, 0x8333, 0xE444, 0xF444, 0xF444,
  0xF444, 0xF444, 0xF444, 0xF334, 0xF334, 0xF444, 0xF444, 0xF444,
  0xF444, 0xF444, 0xB444, 0x0000, 0x0777, 0x0000, 0x0000, 0x0000,
  0x0000, 0x0000, 0x0000, 0x0000, 0x0000, 0x0000, 0x0000, 0x0000,
  0x0000, 0x0000, 0x0000, 0x0000, 0x0000, 0x0000, 0x0000, 0x0000,
  0x0000, 0x0000, 0x0000, 0x0000, 0x0000, 0x0000, 0x0000, 0x0000,
  0x0000, 0x0000, 0x0000, 0x0000, 0x0000, 0x0000, 0x0000, 0x0000,
  0x0000, 0x0000, 0x0000, 0x0000, 0x0000, 0x0000, 0x0000, 0x0000,
  0x0000, 0x0000, 0x0000, 0xB744, 0xFD76, 0xF954, 0x3110, 0x1632,
  0xF955, 0xFC76, 0xFB65, 0x7321, 0x0000, 0x2000, 0xE875, 0xFFD9,
  0xFB65, 0xFC76, 0xE744, 0xD743, 0xFA65, 0xE533, 0xD875, 0xFEC8,
  0xFDB8, 0xF985, 0xC764, 0x0000, 0x0000, 0x0000, 0x0000, 0x0000,
  0x0000, 0x0000, 0x0000, 0x0000, 0x0000, 0x0000, 0x0000, 0x0000,
  0x0000, 0x0000, 0x0000, 0x0000, 0x0000, 0x0000, 0x0000, 0x0000,
  0x0000, 0x0000, 0x0000, 0x0000, 0x0000, 0x0000, 0x0000, 0x0000,
  0x0000, 0x0777, 0x0000, 0xA222, 0xF444, 0xF444, 0xF344, 0xD233,
  0x8122, 0x3000, 0x0000, 0x6444, 0xF444, 0xF444, 0xF444, 0xF444,
  0xF444, 0xF444, 0xF444, 0xF444, 0xF444, 0xF444, 0xF444, 0xF444,
  0xF444, 0xF444, 0x9444, 0x0000, 0x0555, 0x0000, 0x0000, 0x0000,
  0x0000, 0x0000, 0x0000, 0x0000, 0x0000, 0x0000, 0x0000, 0x0000,
  0x0000, 0x0000, 0x0000, 0x0000, 0x0000, 0x0000, 0x0000, 0x0000,
  0x0000, 0x0000, 0x0000, 0x0000, 0x0000, 0x0000, 0x0000, 0x0000,
  0x0000, 0x0000, 0x0000, 0x0000, 0x0000, 0x0000, 0x0000, 0x0000,
  0x0000, 0x0000, 0x0000, 0x0000, 0x0000, 0x0000, 0x0000, 0x0000,
  0x0000, 0x0000, 0x0000, 0xC744, 0xFC76, 0x9422, 0x0000, 0x5211,
  0xFA65, 0xFC76, 0xC533, 0x0000, 0x0FFF, 0x1000, 0xE985, 0xFFC9,
  0xFB65, 0xFC76, 0xD743, 0x6121, 0xFEA8, 0xE965, 0x1000, 0x6332,
  0xEB96, 0xFCA7, 0xF764, 0x0000, 0x0000, 0x0000, 0x0000, 0x0000,
  0x0000, 0x0000, 0x0000, 0x0000, 0x0000, 0x0000, 0x0000, 0x0000,
  0x0000, 0x0000, 0x0000, 0x0000, 0x0000, 0x0000, 0x0000, 0x0000,
  0x0000, 0x0000, 0x0000, 0x0000, 0x0000, 0x0000, 0x0000, 0x0000,
  0x0000, 0x0000, 0x0000, 0x4111, 0xF333, 0xB222, 0x6111, 0x1000,
  0x0000, 0x0000, 0x1444, 0xE444, 0xF444, 0xF444, 0xF444, 0xF444,
  0xF444, 0xF444, 0xF444, 0xF444, 0xF444, 0xF444, 0xF444, 0xF444,
  0xF444, 0xF444, 0x6444, 0x0000, 0x0555, 0x0000, 0x0000, 0x0000,
  0x0000, 0x0000, 0x0000, 0x0000, 0x0000, 0x0000, 0x0000, 0x0000,
  0x0000, 0x0000, 0x0000, 0x0000, 0x0000, 0x0000, 0x0000, 0x0000,
  0x0000, 0x0000, 0x0000, 0x0000, 0x0000, 0x0000, 0x0000, 0x0000,
  0x0000, 0x0000, 0x0000, 0x0000, 0x0000, 0x0000, 0x0000, 0x0000,
  0x0000, 0x0000, 0x0000, 0x0000, 0x0000, 0x0000, 0x0000, 0x0000,
  0x0000, 0x0000, 0x0000, 0xF643, 0xD743, 0x1000, 0x0000, 0x7321,
  0xFC76, 0xD744, 0x1000, 0x0FFF, 0x0000, 0x3000, 0xFA96, 0xFEB8,
  0xFB66, 0xFC76, 0x9633, 0x0000, 0xFA86, 0xFDB8, 0x1322, 0x0000,
  0x3000, 0xEA86, 0xFA86, 0x0000, 0x0000, 0x0000, 0x0000, 0x0000,
  0x0000, 0x0000, 0x0000, 0x0000, 0x0000, 0x0000, 0x0000, 0x0000,
  0x0000, 0x0000, 0x0000, 0x0000, 0x0000, 0x0000, 0x0000, 0x0000,
  0x0000, 0x0000, 0x0000, 0x0000, 0x0000, 0x0000, 0x0000, 0x0000,
  0x0000, 0x0000, 0x0000, 0x0000, 0x3000, 0x0000, 0x0000, 0x0000,
  0x0555, 0x0000, 0x4444, 0xF444, 0xF444, 0xF444, 0xF444, 0xF444,
  0xF444, 0xF444, 0xF444, 0xF444, 0xF444, 0xF444, 0xF444, 0xF444,
  0xF444, 0xE444, 0x2444, 0x0000, 0x0000, 0x0000, 0x0000, 0x0000,
  0x0000, 0x0000, 0x0000, 0x0000, 0x0000, 0x0000, 0x0000, 0x0000,
  0x0000, 0x0000, 0x0000, 0x0000, 0x0000, 0x0000, 0x0000, 0x0000,
  0x0000, 0x0000, 0x0000, 0x0000, 0x0000, 0x0000, 0x0000, 0x0000,
  0x0000, 0x0000, 0x0000, 0x0000, 0x0000, 0x0000, 0x0000, 0x0000,
  0x0000, 0x0000, 0x0000, 0x0000, 0x0000, 0x0000, 0x0000, 0x0000,
  0x0000, 0x0000, 0x2000, 0xB211, 0x3955, 0x0000, 0x0000, 0xC743,
  0xD854, 0x3000, 0x0000, 0x0222, 0x0000, 0x7111, 0xFDB8, 0xFDA7,
  0xFB66, 0xF954, 0x3111, 0x0000, 0xC985, 0xFB96, 0x1000, 0x0FB7,
  0x0000, 0x4332, 0xF764, 0x0000, 0x0000, 0x0000, 0x0000, 0x0000,
  0x0000, 0x0000, 0x0000, 0x0000, 0x0000, 0x0000, 0x0000, 0x0000,
  0x0000, 0x0000, 0x0000, 0x0000, 0x0000, 0x0000, 0x0000, 0x0000,
  0x0000, 0x0000, 0x0000, 0x0000, 0x0000, 0x0000, 0x0000, 0x0000,
  0x0000, 0x0000, 0x0000, 0x0000, 0x0000, 0x0000, 0x0000, 0x0000,
  0x0555, 0x0000, 0x3444, 0xF444, 0xF444, 0xF444, 0xF444, 0xF444,
  0xF444, 0xF444, 0xF444, 0xF444, 0xF444, 0xF444, 0xF444, 0xF444,
  0xF444, 0xB444, 0x0000, 0x0777, 0x0000, 0x0000, 0x0000, 0x0000,
  0x0000, 0x0000, 0x0000, 0x0000, 0x0000, 0x0000, 0x0000, 0x0000,
  0x0000, 0x0000, 0x0000, 0x0000, 0x0000, 0x0000, 0x0000, 0x0000,
  0x0000, 0x0000, 0x0000, 0x0000, 0x0000, 0x0000, 0x0000, 0x0000,
  0x0000, 0x0000, 0x0000, 0x0000, 0x0000, 0x0000, 0x0000, 0x0000,
  0x0000, 0x0000, 0x0000, 0x0000, 0x0000, 0x0000, 0x0000, 0x0000,
  0x0000, 0x0000, 0x4000, 0x3000, 0x5000, 0x4000, 0x7110, 0xA322,
  0x1000, 0x0000, 0x0000, 0x0333, 0x0000, 0x7221, 0xFDC8, 0xED97,
  0xFB65, 0x9432, 0x0000, 0x0000, 0x9CA7, 0xE875, 0x0000, 0x0000,
  0x0B77, 0x0000, 0xA653, 0x0000, 0x0000, 0x0000, 0x0000, 0x0000,
  0x0000, 0x0000, 0x0000, 0x0000, 0x0000, 0x0000, 0x0000, 0x0000,
  0x0000, 0x0000, 0x0000, 0x0000, 0x0000, 0x0000, 0x0000, 0x0000,
  0x0000, 0x0000, 0x0000, 0x0000, 0x0000, 0x0000, 0x0000, 0x0000,
  0x0000, 0x0000, 0x0000, 0x0000, 0x0000, 0x0000, 0x0000, 0x0000,
  0x0000, 0x0FFF, 0x0000, 0xB444, 0xF444, 0xF444, 0xF444, 0xF444,
  0xF444, 0xF444, 0xF444, 0xF444, 0xF444, 0xF444, 0xF444, 0xF444,
  0xF444, 0x4444, 0x0000, 0x0555, 0x0000, 0x0000, 0x0000, 0x0000,
  0x0000, 0x0000, 0x0000, 0x0000, 0x0000, 0x0000, 0x0000, 0x0000,
  0x0000, 0x0000, 0x0000, 0x0000, 0x0000, 0x0000, 0x0000, 0x0000,
  0x0000, 0x0000, 0x0000, 0x0000, 0x0000, 0x0000, 0x0000, 0x0000,
  0x0000, 0x0000, 0x0000, 0x0000, 0x0000, 0x0000, 0x0000, 0x0000,
  0x0000, 0x0000, 0x0000, 0x0000, 0x0000, 0x0000, 0x0000, 0x0000,
  0x0000, 0x0000, 0x0000, 0x1110, 0x2000, 0x2000, 0x2000, 0x0000,
  0x0000, 0x0000, 0x0000, 0x0FFF, 0x0000, 0xB985, 0xFFC9, 0xFC76,
  0xD743, 0x1000, 0x0FFB, 0x0000, 0x9985, 0xA764, 0x0000, 0x0B74,
  0x0000, 0x0FFF, 0x6000, 0x0000, 0x0000, 0x0000, 0x0000, 0x0000,
  0x0000, 0x0000, 0x0000, 0x0000, 0x0000, 0x0000, 0x0000, 0x0000,
  0x0000, 0x0000, 0x0000, 0x0000, 0x0000, 0x0000, 0x0000, 0x0000,
  0x0000, 0x0000, 0x0000, 0x0000, 0x0000, 0x0000, 0x0000, 0x0000,
  0x0000, 0x0000, 0x0000, 0x0000, 0x0000, 0x0000, 0x0000, 0x0000,
  0x0000, 0x0777, 0x0000, 0x2344, 0xC444, 0xF444, 0xF444, 0xF444,
  0xF444, 0xF444, 0xF444, 0xF444, 0xF444, 0xF444, 0xF444, 0xF444,
  0x9444, 0x0000, 0x0007, 0x0000, 0x0000, 0x0000, 0x0000, 0x0000,
  0x0000, 0x0000, 0x0000, 0x0000, 0x0000, 0x0000, 0x0000, 0x0000,
  0x0000, 0x0000, 0x0000, 0x0000, 0x0000, 0x0000, 0x0000, 0x0000,
  0x0000, 0x0000, 0x0000, 0x0000, 0x0000, 0x0000, 0x0000, 0x0000,
  0x0000, 0x0000, 0x0000, 0x0000, 0x0000, 0x0000, 0x0000, 0x0000,
  0x0000, 0x0000, 0x0000, 0x0000, 0x0000, 0x0000, 0x0000, 0x0000,
  0x0000, 0x0000, 0x0000, 0x0000, 0x0000, 0x0000, 0x0000, 0x0000,
  0x0000, 0x0000, 0x0000, 0x0000, 0x1000, 0xD654, 0xFB86, 0xF954,
  0x4211, 0x0000, 0x0966, 0x0000, 0xA553, 0x5332, 0x0000, 0x0000,
  0x0000, 0x0000, 0x6000, 0x0000, 0x0000, 0x0000, 0x0000, 0x0000,
  0x0000, 0x0000, 0x0000, 0x0000, 0x0000, 0x0000, 0x0000, 0x0000,
  0x0000, 0x0000, 0x0000, 0x0000, 0x0000, 0x0000, 0x0000, 0x0000,
  0x0000, 0x0000, 0x0000, 0x0000, 0x0000, 0x0000, 0x0000, 0x0000,
  0x0000, 0x0000, 0x0000, 0x0000, 0x0000, 0x0000, 0x0000, 0x0000,
  0x0000, 0x0000, 0x0000, 0x0000, 0x1344, 0xA444, 0xF444, 0xF444,
  0xF444, 0xF444, 0xF444, 0xF444, 0xF444, 0xF444, 0xF444, 0xB444,
  0x1335, 0x0777, 0x000F, 0x0000, 0x0000, 0x0000, 0x0000, 0x0000,
  0x0000, 0x0000, 0x0000, 0x0000, 0x0000, 0x0000, 0x0000, 0x0000,
  0x0000, 0x0000, 0x0000, 0x0000, 0x0000, 0x0000, 0x0000, 0x0000,
  0x0000, 0x0000, 0x0000, 0x0000, 0x0000, 0x0000, 0x0000, 0x0000,
  0x0000, 0x0000, 0x0000, 0x0000, 0x0000, 0x0000, 0x0000, 0x0000,
  0x0000, 0x0000, 0x0000, 0x0000, 0x0000, 0x0000, 0x0000, 0x0000,
  0x0000, 0x0000, 0x0000, 0x0000, 0x0000, 0x0000, 0x0000, 0x0000,
  0x0000, 0x0000, 0x0000, 0x0000, 0x0000, 0x1000, 0x2000, 0x3100,
  0x0000, 0x0000, 0x0000, 0x1000, 0x9000, 0x0770, 0x0000, 0x0000,
  0x0000, 0x0000, 0x1000, 0x0000, 0x0000, 0x0000, 0x0000, 0x0000,
  0x0000, 0x0000, 0x0000, 0x0000, 0x0000, 0x0000, 0x0000, 0x0000,
  0x0000, 0x0000, 0x0000, 0x0000, 0x0000, 0x0000, 0x0000, 0x0000,
  0x0000, 0x0000, 0x0000, 0x0000, 0x0000, 0x0000, 0x0000, 0x0000,
  0x0000, 0x0000, 0x0000, 0x0000, 0x0000, 0x0000, 0x0000, 0x0000,
  0x0000, 0x0000, 0x0000, 0x0077, 0x0000, 0x0000, 0x4344, 0xA444,
  0xE444, 0xF444, 0xF444, 0xF444, 0xF444, 0xF444, 0x9444, 0x1333,
  0x0000, 0x0000, 0x0000, 0x0000, 0x0000, 0x0000, 0x0000, 0x0000,
  0x0000, 0x0000, 0x0000, 0x0000, 0x0000, 0x0000, 0x0000, 0x0000,
  0x0000, 0x0000, 0x0000, 0x0000, 0x0000, 0x0000, 0x0000, 0x0000,
  0x0000, 0x0000, 0x0000, 0x0000, 0x0000, 0x0000, 0x0000, 0x0000,
  0x0000, 0x0000, 0x0000, 0x0000, 0x0000, 0x0000, 0x0000, 0x0000,
  0x0000, 0x0000, 0x0000, 0x0000, 0x0000, 0x0000, 0x0000, 0x0000,
  0x0000, 0x0000, 0x0000, 0x0000, 0x0000, 0x0000, 0x0000, 0x0000,
  0x0000, 0x0000, 0x0000, 0x0000, 0x0000, 0x0000, 0x0000, 0x0000,
  0x0700, 0x0000, 0x0000, 0x5000, 0x3000, 0x0000, 0x0000, 0x0000,
  0x0000, 0x0000, 0x0000, 0x0000, 0x0000, 0x0000, 0x0000, 0x0000,
  0x0000, 0x0000, 0x0000, 0x0000, 0x0000, 0x0000, 0x0000, 0x0000,
  0x0000, 0x0000, 0x0000, 0x0000, 0x0000, 0x0000, 0x0000, 0x0000,
  0x0000, 0x0000, 0x0000, 0x0000, 0x0000, 0x0000, 0x0000, 0x0000,
  0x0000, 0x0000, 0x0000, 0x0000, 0x0000, 0x0000, 0x0000, 0x0000,
  0x0000, 0x0000, 0x0000, 0x0000, 0x0000, 0x0007, 0x0000, 0x0000,
  0x3344, 0x9444, 0xE444, 0xE444, 0xB444, 0x4444, 0x0000, 0x0000,
  0x0000, 0x0000, 0x0000, 0x0000, 0x0000, 0x0000, 0x0000, 0x0000,
  0x0000, 0x0000, 0x0000, 0x0000, 0x0000, 0x0000, 0x0000, 0x0000,
  0x0000, 0x0000, 0x0000, 0x0000, 0x0000, 0x0000, 0x0000, 0x0000,
  0x0000, 0x0000, 0x0000, 0x0000, 0x0000, 0x0000, 0x0000, 0x0000,
  0x0000, 0x0000, 0x0000, 0x0000, 0x0000, 0x0000, 0x0000, 0x0000,
  0x0000, 0x0000, 0x0000, 0x0000, 0x0000, 0x0000, 0x0000, 0x0000,
  0x0000, 0x0000, 0x0000, 0x0000, 0x0000, 0x0000, 0x0000, 0x0000,
  0x0000, 0x0000, 0x0000, 0x0000, 0x0000, 0x0000, 0x0000, 0x0000,
  0x0000, 0x0000, 0x0000, 0x0000, 0x0000, 0x0000, 0x0000, 0x0000,
  0x0000, 0x0000, 0x0000, 0x0000, 0x0000, 0x0000, 0x0000, 0x0000,
  0x0000, 0x0000, 0x0000, 0x0000, 0x0000, 0x0000, 0x0000, 0x0000,
  0x0000, 0x0000, 0x0000, 0x0000, 0x0000, 0x0000, 0x0000, 0x0000,
  0x0000, 0x0000, 0x0000, 0x0000, 0x0000, 0x0000, 0x0000, 0x0000,
  0x8334, 0x9222, 0x0000, 0x0000, 0x0777, 0x0000, 0x0000, 0x0000,
  0x0000, 0x0000, 0x0000, 0x0000, 0x0000, 0x0000, 0x0000, 0x0000,
  0x0000, 0x0000, 0x0000, 0x0000, 0x0000, 0x0000, 0x0000, 0x0000,
  0x0000, 0x0000, 0x0000, 0x0000, 0x0000, 0x0000, 0x0000, 0x0000,
  0x0000, 0x0000, 0x0000, 0x0000, 0x0000, 0x0000, 0x0000, 0x0000,
  0x0000, 0x0000, 0x0000, 0x0000, 0x0000, 0x0000, 0x0000, 0x4000,
  0xE233, 0x9223, 0x0000, 0x0FFF, 0x0000, 0x0000, 0x0000, 0x0000,
  0x0000, 0x0000, 0x0000, 0x0000, 0x0000, 0x0000, 0x0000, 0x0000,
  0x0000, 0x0000, 0x0000, 0x0000, 0x0000, 0x0000, 0x0000, 0x0000,
  0x0000, 0x0000, 0x0000, 0x0000, 0x0000, 0x0000, 0x0000, 0x0000,
  0x0000, 0x0000, 0x0000, 0x0000, 0x0444, 0x0000, 0x0000, 0x0000,
  0x4233, 0x8677, 0xE888, 0xC566, 0x1000, 0x0FFF, 0x0000, 0x0000,
  0x0000, 0x0000, 0x0000, 0x0000, 0x0000, 0x0000, 0x0000, 0x0000,
  0x0000, 0x0000, 0x0000, 0x0000, 0x0000, 0x0000, 0x0000, 0x0000,
  0x0000, 0x0000, 0x0000, 0x0000, 0x0000, 0x0000, 0x0000, 0x0000,
  0x0000, 0x0000, 0x0000, 0x0000, 0x0000, 0x0000, 0x0000, 0x0000,
  0x4345, 0xF456, 0xC334, 0x5000, 0x0000, 0x0000, 0x0000, 0x0000,
  0x0000, 0x0000, 0x0000, 0x0000, 0x0000, 0x0000, 0x0000, 0x0000,
  0x0000, 0x0000, 0x0000, 0x0000, 0x0000, 0x0000, 0x0000, 0x0000,
  0x0000, 0x0000, 0x0000, 0x0000, 0x0000, 0x0000, 0x0000, 0x0000,
  0x0000, 0x0000, 0x0000, 0x0000, 0x0000, 0x0000, 0x0000, 0x0000,
  0x0000, 0x0000, 0x0000, 0x0000, 0x0000, 0x0000, 0x3011, 0xE334,
  0xF456, 0xF556, 0xA223, 0x0000, 0x0555, 0x0000, 0x0000, 0x0000,
  0x0000, 0x0000, 0x0000, 0x0000, 0x0000, 0x0000, 0x0000, 0x0000,
  0x0000, 0x0000, 0x0000, 0x0000, 0x0000, 0x0000, 0x0000, 0x0000,
  0x0000, 0x0000, 0x0000, 0x0000, 0x0000, 0x0000, 0x0000, 0x0000,
  0x0000, 0x0000, 0x0444, 0x0000, 0x0000, 0x0000, 0x6455, 0xC889,
  0xFBAB, 0xFC88, 0xFB89, 0xF9AA, 0x2000, 0x0000, 0x0000, 0x0000,
  0x0000, 0x0000, 0x0000, 0x0000, 0x0000, 0x0000, 0x0000, 0x0000,
  0x0000, 0x0000, 0x0000, 0x0000, 0x0000, 0x0000, 0x0000, 0x0000,
  0x0000, 0x0000, 0x0000, 0x0000, 0x0000, 0x0000, 0x0000, 0x0000,
  0x0000, 0x0000, 0x0000, 0x0000, 0x0000, 0x0000, 0x0000, 0x0000,
  0x1000, 0xE344, 0xF567, 0xF334, 0xA111, 0x2000, 0x0000, 0x0555,
  0x0000, 0x0000, 0x0000, 0x0000, 0x0000, 0x0000, 0x0000, 0x0000,
  0x0000, 0x0000, 0x0000, 0x0000, 0x0000, 0x0000, 0x0000, 0x0000,
  0x0000, 0x0000, 0x0000, 0x0000, 0x0000, 0x0000, 0x0000, 0x0000,
  0x0000, 0x0000, 0x0000, 0x0000, 0x0000, 0x0000, 0x0000, 0x0000,
  0x0000, 0x0000, 0x0000, 0x0000, 0x0000, 0x2000, 0xD334, 0xF445,
  0xF334, 0xF556, 0xF556, 0x6111, 0x0000, 0x0555, 0x0000, 0x0000,
  0x0000, 0x0000, 0x0000, 0x0000, 0x0000, 0x0000, 0x0000, 0x0000,
  0x0000, 0x0000, 0x0000, 0x0000, 0x0000, 0x0000, 0x0000, 0x0000,
  0x0000, 0x0000, 0x0000, 0x0000, 0x0000, 0x0000, 0x0000, 0x0000,
  0x0000, 0x0000, 0x0000, 0x0000, 0x6344, 0xD899, 0xFCBB, 0xFE9A,
  0xFD67, 0xFC44, 0xF878, 0xFCDD, 0x4555, 0x0000, 0x0555, 0x0000,
  0x0000, 0x0000, 0x0000, 0x0000, 0x0000, 0x0000, 0x0000, 0x0000,
  0x0000, 0x0000, 0x0000, 0x0000, 0x0000, 0x0000, 0x0000, 0x0000,
  0x0000, 0x0000, 0x0000, 0x0000, 0x0000, 0x0000, 0x0000, 0x0000,
  0x0000, 0x0000, 0x0000, 0x0000, 0x0000, 0x0000, 0x0000, 0x0000,
  0x1000, 0xE233, 0xF567, 0xF556, 0xF445, 0xE344, 0x5111, 0x0000,
  0x0777, 0x0000, 0x0000, 0x0000, 0x0000, 0x0000, 0x0000, 0x0000,
  0x0000, 0x0000, 0x0000, 0x0000, 0x0000, 0x0000, 0x0000, 0x0000,
  0x0000, 0x0000, 0x0000, 0x0000, 0x0000, 0x0000, 0x0000, 0x0000,
  0x0000, 0x0000, 0x0000, 0x0000, 0x0000, 0x0000, 0x0000, 0x0000,
  0x0000, 0x0000, 0x0000, 0x0FFF, 0x1000, 0xC333, 0xF445, 0xF334,
  0xF334, 0xF456, 0xF567, 0xE344, 0x2000, 0x0000, 0x0000, 0x0000,
  0x0000, 0x0000, 0x0000, 0x0000, 0x0000, 0x0000, 0x0000, 0x0000,
  0x0000, 0x0000, 0x0000, 0x0000, 0x0000, 0x0000, 0x0000, 0x0000,
  0x0000, 0x0000, 0x0000, 0x0000, 0x0000, 0x0000, 0x0000, 0x0AAA,
  0x0000, 0x0000, 0x6444, 0xD899, 0xFCBC, 0xFD99, 0xFD66, 0xFC55,
  0xFD66, 0xF955, 0xFBBC, 0xFDEE, 0x8444, 0x0000, 0x0777, 0x0000,
  0x0000, 0x0000, 0x0000, 0x0000, 0x0000, 0x0000, 0x0000, 0x0000,
  0x0000, 0x0000, 0x0000, 0x0000, 0x0000, 0x0000, 0x0000, 0x0000,
  0x0000, 0x0000, 0x0000, 0x0000, 0x0000, 0x0000, 0x0000, 0x0000,
  0x0000, 0x0000, 0x0000, 0x0000, 0x0000, 0x0000, 0x0000, 0x0000,
  0x1000, 0xD334, 0xF567, 0xF556, 0xF445, 0xF556, 0xF455, 0x8222,
  0x0000, 0x0FFF, 0x0000, 0x0000, 0x0000, 0x0000, 0x0000, 0x0000,
  0x0000, 0x0000, 0x0000, 0x0000, 0x0000, 0x0000, 0x0000, 0x0000,
  0x0000, 0x0000, 0x0000, 0x0000, 0x0000, 0x0000, 0x0000, 0x0000,
  0x0000, 0x0000, 0x0000, 0x0000, 0x0000, 0x0000, 0x0000, 0x0000,
  0x0000, 0x0000, 0x0055, 0x0000, 0xA223, 0xF445, 0xF334, 0xF334,
  0xF334, 0xF445, 0xF556, 0xF567, 0xA233, 0x0000, 0x05A5, 0x0000,
  0x0000, 0x0000, 0x0000, 0x0000, 0x0000, 0x0000, 0x0000, 0x0000,
  0x0000, 0x0000, 0x0000, 0x0000, 0x0000, 0x0000, 0x0000, 0x0000,
  0x0000, 0x0000, 0x0000, 0x0000, 0x0000, 0x0000, 0x0FFF, 0x0000,
  0x4111, 0xC888, 0xFCCD, 0xFECD, 0xFD67, 0xFD55, 0xFA55, 0xF633,
  0xFE66, 0xF867, 0xFDEE, 0xFDDD, 0x9334, 0x0000, 0x0777, 0x0000,
  0x0000, 0x0000, 0x0000, 0x0000, 0x0000, 0x0000, 0x0000, 0x0000,
  0x0000, 0x0000, 0x0000, 0x0000, 0x0000, 0x0000, 0x0000, 0x0000,
  0x0000, 0x0000, 0x0000, 0x0000, 0x0000, 0x0000, 0x0000, 0x0000,
  0x0000, 0x0000, 0x0000, 0x0000, 0x0000, 0x0000, 0x0000, 0x0000,
  0x1000, 0xD334, 0xF567, 0xF557, 0xF334, 0xF455, 0xF567, 0xF556,
  0xA222, 0x0000, 0x0000, 0x0000, 0x0000, 0x0000, 0x0000, 0x0000,
  0x0000, 0x0000, 0x0000, 0x0000, 0x0000, 0x0000, 0x0000, 0x0000,
  0x0000, 0x0000, 0x0000, 0x0000, 0x0000, 0x0000, 0x0000, 0x0000,
  0x0000, 0x0000, 0x0000, 0x0000, 0x0000, 0x0000, 0x0000, 0x0000,
  0x0000, 0x0555, 0x0000, 0x6112, 0xF445, 0xF334, 0xF334, 0xF334,
  0xF334, 0xF456, 0xF556, 0xF567, 0xE334, 0x1000, 0x0000, 0x0000,
  0x0000, 0x0000, 0x0000, 0x0000, 0x0000, 0x0000, 0x0000, 0x0000,
  0x0000, 0x0000, 0x0000, 0x0000, 0x0000, 0x0000, 0x0000, 0x0000,
  0x0000, 0x0000, 0x0000, 0x0000, 0x0000, 0x0000, 0x0000, 0x7445,
  0xFABB, 0xFDEE, 0xFDEE, 0xF644, 0xFB45, 0xFD66, 0xF966, 0xF755,
  0xF723, 0xFAAB, 0xFDDE, 0xFDDE, 0x9666, 0x0000, 0x0666, 0x0000,
  0x0000, 0x0000, 0x0000, 0x0000, 0x0000, 0x0000, 0x0000, 0x0000,
  0x0000, 0x0000, 0x0000, 0x0000, 0x0000, 0x0000, 0x0000, 0x0000,
  0x0000, 0x0000, 0x0000, 0x0000, 0x0000, 0x0000, 0x0000, 0x0000,
  0x0000, 0x0000, 0x0000, 0x0000, 0x0000, 0x0000, 0x0000, 0x0000,
  0x1000, 0xE333, 0xF567, 0xF567, 0xF334, 0xF456, 0xF556, 0xF557,
  0xF556, 0xB233, 0x2000, 0x0000, 0x0000, 0x0000, 0x0000, 0x0000,
  0x0000, 0x0000, 0x0000, 0x0000, 0x0000, 0x0000, 0x0000, 0x0000,
  0x0000, 0x0000, 0x0000, 0x0000, 0x0000, 0x0000, 0x0000, 0x0000,
  0x0000, 0x0000, 0x0000, 0x0000, 0x0000, 0x0000, 0x0000, 0x0000,
  0x0000, 0x0777, 0x1000, 0xE334, 0xF444, 0xF334, 0xF334, 0xF334,
  0xF334, 0xF456, 0xF556, 0xF567, 0xE344, 0x1000, 0x0000, 0x0000,
  0x0000, 0x0000, 0x0000, 0x0000, 0x0000, 0x0000, 0x0000, 0x0000,
  0x0000, 0x0000, 0x0000, 0x0000, 0x0000, 0x0000, 0x0000, 0x0000,
  0x0000, 0x0000, 0x0000, 0x0000, 0x0000, 0x1000, 0xA677, 0xFCCD,
  0xFDEE, 0xFCDD, 0xFCDD, 0xF777, 0xF977, 0xFB44, 0xFBAA, 0xF655,
  0xF444, 0xFDDD, 0xFDDD, 0xFDEE, 0xA9AA, 0x0000, 0x0FFF, 0x0000,
  0x0000, 0x0000, 0x0000, 0x0000, 0x0000, 0x0000, 0x0000, 0x0000,
  0x0000, 0x0000, 0x0000, 0x0000, 0x0000, 0x0000, 0x0000, 0x0000,
  0x0000, 0x0000, 0x0000, 0x0000, 0x0000, 0x0000, 0x0000, 0x0000,
  0x0000, 0x0000, 0x0000, 0x0000, 0x0000, 0x0000, 0x0000, 0x0000,
  0x1000, 0xE333, 0xF567, 0xF567, 0xF334, 0xF456, 0xF556, 0xF556,
  0xF556, 0xF567, 0xD334, 0x3000, 0x0000, 0x0000, 0x0000, 0x0000,
  0x0000, 0x0000, 0x0000, 0x0000, 0x0000, 0x0000, 0x0000, 0x0000,
  0x0000, 0x0000, 0x0000, 0x0000, 0x0000, 0x0000, 0x0000, 0x0000,
  0x0000, 0x0000, 0x0000, 0x0000, 0x0000, 0x0000, 0x0000, 0x0000,
  0x0777, 0x0000, 0x9223, 0xF445, 0xF334, 0xF334, 0xF334, 0xF334,
  0xF334, 0xF456, 0xF556, 0xF557, 0xE445, 0x1000, 0x0000, 0x0000,
  0x0000, 0x0000, 0x0000, 0x0000, 0x0000, 0x0000, 0x0000, 0x0000,
  0x0000, 0x0000, 0x0000, 0x0000, 0x0000, 0x0000, 0x0000, 0x0000,
  0x0000, 0x0000, 0x0000, 0x0BBB, 0x0000, 0xA777, 0xFDDE, 0xFDDE,
  0xFCDD, 0xFDDD, 0xFCDD, 0xF988, 0xFEEE, 0xF644, 0xFDEE, 0xFAAA,
  0xFAAA, 0xFDDE, 0xFCDD, 0xFDEE, 0xCAAA, 0x0000, 0x0000, 0x0000,
  0x0000, 0x0000, 0x0000, 0x0000, 0x0000, 0x0000, 0x0000, 0x0000,
  0x0000, 0x0000, 0x0000, 0x0000, 0x0000, 0x0000, 0x0000, 0x0000,
  0x0000, 0x0000, 0x0000, 0x0000, 0x0000, 0x0000, 0x0000, 0x0000,
  0x0000, 0x0000, 0x0000, 0x0000, 0x0000, 0x0000, 0x0000, 0x0000,
  0x1000, 0xE334, 0xF567, 0xF557, 0xF334, 0xF456, 0xF556, 0xF556,
  0xF556, 0xF556, 0xF567, 0xE334, 0x3000, 0x0000, 0x0000, 0x0000,
  0x0000, 0x0000, 0x0000, 0x0000, 0x0000, 0x0000, 0x0000, 0x0000,
  0x0000, 0x0000, 0x0000, 0x0000, 0x0000, 0x0000, 0x0000, 0x0000,
  0x0000, 0x0000, 0x0000, 0x0000, 0x0000, 0x0000, 0x0000, 0x0000,
  0x0000, 0x3011, 0xF344, 0xF434, 0xF334, 0xF334, 0xF334, 0xF334,
  0xF334, 0xF456, 0xF556, 0xF567, 0xE344, 0x1000, 0x0000, 0x0000,
  0x0000, 0x0000, 0x0000, 0x0000, 0x0000, 0x0000, 0x0000, 0x0000,
  0x0000, 0x0000, 0x0444, 0x0444, 0x0333, 0x0666, 0x0BBB, 0x0BBB,
  0x0333, 0x0555, 0x0AAA, 0x0000, 0x9666, 0xFDDD, 0xFDDE, 0xFCDD,
  0xFDDD, 0xFDDD, 0xFBCC, 0xF777, 0xFFFF, 0xFEEE, 0xFFFF, 0xFAAA,
  0xFCCC, 0xFDDD, 0xFCDD, 0xFDEE, 0xE889, 0x2000, 0x0000, 0x0000,
  0x0000, 0x0000, 0x0000, 0x0000, 0x0000, 0x0000, 0x0000, 0x0000,
  0x0000, 0x0000, 0x0000, 0x0000, 0x0000, 0x0000, 0x0000, 0x0000,
  0x0000, 0x0000, 0x0000, 0x0000, 0x0000, 0x0000, 0x0000, 0x0000,
  0x0000, 0x0000, 0x0000, 0x0000, 0x0000, 0x0000, 0x0000, 0x0000,
  0x1000, 0xE445, 0xF567, 0xF556, 0xF445, 0xF456, 0xF556, 0xF556,
  0xF556, 0xF556, 0xF556, 0xF567, 0xE344, 0x4000, 0x0000, 0x0004,
  0x0000, 0x0000, 0x0000, 0x0000, 0x0000, 0x0000, 0x0000, 0x0000,
  0x0000, 0x0000, 0x0000, 0x0000, 0x0000, 0x0000, 0x0000, 0x0000,
  0x0000, 0x0000, 0x0000, 0x0000, 0x0000, 0x0000, 0x0000, 0x055A,
  0x0000, 0x9233, 0xF445, 0xF334, 0xF334, 0xF334, 0xF334, 0xF334,
  0xF334, 0xF556, 0xF556, 0xF567, 0xE333, 0x1000, 0x0000, 0x0000,
  0x0000, 0x0000, 0x0000, 0x0000, 0x0000, 0x0000, 0x0000, 0x0000,
  0x0000, 0x0000, 0x0000, 0x0000, 0x0000, 0x0000, 0x0000, 0x0000,
  0x0000, 0x0000, 0x0000, 0x7444, 0xFCCC, 0xFDEE, 0xFCDD, 0xFCDD,
  0xFCDD, 0xFDDE, 0xF677, 0xF999, 0xFFFF, 0xFFFF, 0xFDDD, 0xF999,
  0xFDDE, 0xFCDD, 0xFCDD, 0xFDEE, 0xF889, 0x2000, 0x0000, 0x0000,
  0x0000, 0x0000, 0x0000, 0x0000, 0x0000, 0x0000, 0x0000, 0x0000,
  0x0000, 0x0000, 0x0000, 0x0000, 0x0000, 0x0000, 0x0000, 0x0000,
  0x0000, 0x0000, 0x0000, 0x0000, 0x0000, 0x0000, 0x0000, 0x0000,
  0x0000, 0x0000, 0x0000, 0x0000, 0x0000, 0x0000, 0x0000, 0x0000,
  0x3111, 0xF456, 0xF556, 0xF556, 0xF445, 0xF456, 0xF556, 0xF556,
  0xF556, 0xF556, 0xF556, 0xF556, 0xF567, 0xE344, 0x3000, 0x0000,
  0x0000, 0x0000, 0x0000, 0x0000, 0x0000, 0x0000, 0x0000, 0x0000,
  0x0000, 0x0000, 0x0000, 0x0000, 0x0000, 0x0000, 0x0000, 0x0000,
  0x0000, 0x0000, 0x0000, 0x0000, 0x0000, 0x0000, 0x0000, 0x0000,
  0x1000, 0xE344, 0xF445, 0xF334, 0xF334, 0xF334, 0xF334, 0xF334,
  0xF334, 0xF556, 0xF556, 0xF567, 0xB344, 0x0000, 0x0FFF, 0x0000,
  0x0000, 0x0000, 0x0000, 0x0000, 0x0000, 0x0000, 0x0000, 0x0000,
  0x0000, 0x0000, 0x6000, 0x7222, 0x7333, 0x7455, 0x899A, 0x8888,
  0x7333, 0x3444, 0x5222, 0xF99A, 0xFCDD, 0xFCCD, 0xFDDD, 0xFDDE,
  0xFDDE, 0xFDEE, 0xFCCC, 0xFEEE, 0xFFFF, 0xFFFF, 0xFAAA, 0xFBCC,
  0xFDDE, 0xFCDD, 0xFCDD, 0xFDDE, 0xFAAB, 0x2223, 0x0000, 0x0777,
  0x0000, 0x0000, 0x0000, 0x0000, 0x0000, 0x0000, 0x0000, 0x0000,
  0x0000, 0x0000, 0x0000, 0x0000, 0x0000, 0x0000, 0x0000, 0x0000,
  0x0000, 0x0000, 0x0000, 0x0000, 0x0000, 0x0000, 0x0000, 0x0000,
  0x0000, 0x0000, 0x0000, 0x0000, 0x0000, 0x0000, 0x0000, 0x0000,
  0x7111, 0xF456, 0xF556, 0xF556, 0xF445, 0xF556, 0xF556, 0xF556,
  0xF556, 0xF556, 0xF556, 0xF556, 0xF556, 0xF567, 0xE334, 0x3000,
  0x0000, 0x0000, 0x0000, 0x0000, 0x0000, 0x0000, 0x0000, 0x0000,
  0x0000, 0x0000, 0x0000, 0x0000, 0x0000, 0x0000, 0x0000, 0x0000,
  0x0000, 0x0000, 0x0000, 0x0000, 0x0000, 0x0000, 0x0000, 0x0000,
  0x6112, 0xF445, 0xF334, 0xF334, 0xF334, 0xF334, 0xF334, 0xF334,
  0xF334, 0xF445, 0xF556, 0xF567, 0x9344, 0x0000, 0x055A, 0x0000,
  0x0000, 0x0000, 0x0000, 0x0000, 0x0000, 0x0000, 0x0000, 0x0777,
  0x0000, 0x3333, 0xFABB, 0xFCCC, 0xFAAB, 0xFBCC, 0xFCCD, 0xFCCD,
  0xFBBC, 0xFBBB, 0xF888, 0xF677, 0xF677, 0xF999, 0xFAAA, 0xF99A,
  0xF889, 0xECCC, 0xFAAA, 0xFBBB, 0xFFFF, 0xFEEE, 0xF99A, 0xFDDE,
  0xFCDD, 0xFDDD, 0xFDDD, 0xFDDD, 0xFCDD, 0x4666, 0x0000, 0x0AAA,
  0x0000, 0x0000, 0x0000, 0x0000, 0x0000, 0x0000, 0x0000, 0x0000,
  0x0000, 0x0000, 0x0000, 0x0000, 0x0000, 0x0000, 0x0000, 0x0000,
  0x0000, 0x0000, 0x0000, 0x0000, 0x0000, 0x0000, 0x0000, 0x0000,
  0x0000, 0x0000, 0x0000, 0x0000, 0x0000, 0x0000, 0x0000, 0x0000,
  0x8112, 0xF456, 0xF556, 0xF556, 0xF445, 0xF556, 0xF556, 0xF556,
  0xF556, 0xF556, 0xF556, 0xF556, 0xF556, 0xF556, 0xF567, 0xE334,
  0x2000, 0x0000, 0x0000, 0x0000, 0x0000, 0x0000, 0x0000, 0x0000,
  0x0000, 0x0000, 0x0000, 0x0000, 0x0000, 0x0000, 0x0000, 0x0000,
  0x0000, 0x0000, 0x0000, 0x0000, 0x0000, 0x0000, 0x0000, 0x0000,
  0xA334, 0xF556, 0xF334, 0xF334, 0xF334, 0xF334, 0xF334, 0xF334,
  0xF334, 0xF334, 0xF445, 0xF567, 0x9344, 0x0000, 0x055A, 0x0000,
  0x0000, 0x0000, 0x0000, 0x0000, 0x0000, 0x0000, 0x0000, 0x0333,
  0x0000, 0x7222, 0xF99A, 0xFAAA, 0xF888, 0xFAAA, 0xFBBC, 0xFABB,
  0xFAAA, 0xFAAA, 0xFBBB, 0xF9AA, 0xF889, 0xF888, 0xFAAA, 0xF999,
  0xF666, 0xF888, 0xF677, 0xF888, 0xFAAA, 0xF888, 0xFABB, 0xFDEE,
  0xFDDE, 0xFDDD, 0xFCDD, 0xFDDD, 0xFDDD, 0x7444, 0x0000, 0x0777,
  0x0000, 0x0000, 0x0000, 0x0000, 0x0000, 0x0000, 0x0000, 0x0000,
  0x0000, 0x0000, 0x0000, 0x0000, 0x0000, 0x0000, 0x0000, 0x0000,
  0x0000, 0x0000, 0x0000, 0x0000, 0x0000, 0x0000, 0x0000, 0x0000,
  0x0000, 0x0000, 0x0000, 0x0000, 0x0000, 0x0000, 0x0000, 0x0000,
  0x8334, 0xF556, 0xF556, 0xF456, 0xF445, 0xF556, 0xF556, 0xF556,
  0xF556, 0xF556, 0xF556, 0xF556, 0xF556, 0xF556, 0xF556, 0xF567,
  0xC233, 0x1000, 0x0000, 0x0555, 0x0000, 0x0000, 0x0000, 0x0000,
  0x0000, 0x0000, 0x0000, 0x0000, 0x0000, 0x0000, 0x0000, 0x0000,
  0x0000, 0x0000, 0x0000, 0x0000, 0x0000, 0x0000, 0x0000, 0x1000,
  0xE334, 0xF567, 0xF445, 0xF334, 0xF334, 0xF334, 0xF334, 0xF334,
  0xF334, 0xF334, 0xF445, 0xF567, 0x9344, 0x0000, 0x055A, 0x0000,
  0x0000, 0x0000, 0x0000, 0x0000, 0x0000, 0x0000, 0x0000, 0x0FFF,
  0x0000, 0xB566, 0xFBCC, 0xFDDD, 0xFDEE, 0xFDDE, 0xFDDD, 0xFDDE,
  0xFDDE, 0xFDDE, 0xFDDD, 0xFDDE, 0xFDDE, 0xFDEE, 0xFDDE, 0xFCCD,
  0xFBCC, 0xFCCD, 0xF99A, 0xF999, 0xF888, 0xF889, 0xF999, 0xF9AA,
  0xFABB, 0xFCCD, 0xFDDE, 0xFDDE, 0xFDDD, 0x9333, 0x0000, 0x0777,
  0x0000, 0x0000, 0x0000, 0x0000, 0x0000, 0x0000, 0x0000, 0x0000,
  0x0000, 0x0000, 0x0000, 0x0000, 0x0000, 0x0000, 0x0000, 0x0000,
  0x0000, 0x0000, 0x0000, 0x0000, 0x0000, 0x0000, 0x0000, 0x0000,
  0x0000, 0x0000, 0x0000, 0x0000, 0x0000, 0x0000, 0x0000, 0x0000,
  0xA345, 0xF567, 0xF556, 0xF456, 0xF344, 0xF567, 0xF556, 0xF556,
  0xF556, 0xF556, 0xF556, 0xF556, 0xF556, 0xF556, 0xF556, 0xF556,
  0xF556, 0xB122, 0x3000, 0x0000, 0x0000, 0x0777, 0x0000, 0x0000,
  0x0000, 0x0000, 0x0000, 0x0000, 0x0000, 0x0000, 0x0000, 0x0000,
  0x0000, 0x0000, 0x0000, 0x0000, 0x0000, 0x0000, 0x0000, 0x4111,
  0xF456, 0xF556, 0xF556, 0xF445, 0xF334, 0xF334, 0xF334, 0xF334,
  0xF334, 0xF334, 0xF334, 0xF567, 0xB344, 0x0000, 0x0000, 0x0000,
  0x0000, 0x0000, 0x0000, 0x0000, 0x0000, 0x0000, 0x0000, 0x0000,
  0x1000, 0xF899, 0xFEEF, 0xFCDD, 0xFCDD, 0xFCDD, 0xFCDD, 0xFCDD,
  0xFCDD, 0xFCDD, 0xFCDD, 0xFCDD, 0xFCDD, 0xFCDD, 0xFCDD, 0xFDDD,
  0xFDDE, 0xFDDD, 0xFDEE, 0xFCCD, 0xF99A, 0xF989, 0xF777, 0xF888,
  0xFAAA, 0xF9AA, 0xFAAA, 0xFBCC, 0xFDDD, 0x9444, 0x0AAA, 0x0555,
  0x0000, 0x0000, 0x0000, 0x0000, 0x0000, 0x0000, 0x0000, 0x0000,
  0x0000, 0x0000, 0x0000, 0x0000, 0x0000, 0x0000, 0x0000, 0x0000,
  0x0000, 0x0000, 0x0000, 0x0000, 0x0000, 0x0000, 0x0000, 0x0000,
  0x0000, 0x0000, 0x0000, 0x0000, 0x0000, 0x0000, 0x0000, 0x0000,
  0xD334, 0xF567, 0xF556, 0xF456, 0xF334, 0xF567, 0xF556, 0xF556,
  0xF556, 0xF556, 0xF556, 0xF556, 0xF556, 0xF556, 0xF556, 0xF556,
  0xF557, 0xF456, 0xF233, 0xB334, 0x4000, 0x0000, 0x0000, 0x0005,
  0x0000, 0x0000, 0x0000, 0x0000, 0x0000, 0x0000, 0x0000, 0x0000,
  0x0000, 0x0000, 0x0000, 0x0000, 0x0000, 0x0000, 0x0000, 0x8111,
  0xF456, 0xF556, 0xF556, 0xF556, 0xF445, 0xF334, 0xF334, 0xF334,
  0xF334, 0xF334, 0xF334, 0xF557, 0xE334, 0x1000, 0x0000, 0x0000,
  0x0000, 0x0000, 0x0000, 0x0000, 0x0000, 0x0000, 0x0000, 0x0000,
  0x4222, 0xFBCC, 0xFDDD, 0xFCDD, 0xFDDD, 0xFDDD, 0xFDDD, 0xFDDD,
  0xFDDD, 0xFDDD, 0xFDDD, 0xFDDD, 0xFDDD, 0xFDDD, 0xFDDD, 0xFCDD,
  0xFCDD, 0xFDDE, 0xFAAB, 0xF878, 0xF878, 0xF878, 0xF878, 0xF768,
  0xF767, 0xF888, 0xF999, 0xF999, 0xFAAA, 0x9222, 0x0000, 0x0000,
  0x0777, 0x0000, 0x0000, 0x0000, 0x0000, 0x0000, 0x0000, 0x0000,
  0x0000, 0x0000, 0x0000, 0x0000, 0x0000, 0x0000, 0x0000, 0x0000,
  0x0000, 0x0000, 0x0000, 0x0000, 0x0000, 0x0000, 0x0000, 0x0000,
  0x0000, 0x0000, 0x0000, 0x0000, 0x0000, 0x0000, 0x0000, 0x0000,
  0xE333, 0xF567, 0xF556, 0xF455, 0xF334, 0xF567, 0xF556, 0xF556,
  0xF556, 0xF556, 0xF556, 0xF556, 0xF556, 0xF556, 0xF556, 0xF556,
  0xF556, 0xF567, 0xF445, 0xF445, 0xF456, 0xB233, 0x3000, 0x0000,
  0x0000, 0x0000, 0x0000, 0x0000, 0x0000, 0x0000, 0x0000, 0x0000,
  0x0000, 0x0000, 0x0000, 0x0000, 0x0000, 0x0000, 0x0000, 0x8334,
  0xF556, 0xF556, 0xF556, 0xF556, 0xF445, 0xF334, 0xF334, 0xF334,
  0xF334, 0xF334, 0xF334, 0xF456, 0xE334, 0x1000, 0x0000, 0x0000,
  0x0000, 0x0000, 0x0000, 0x0000, 0x0000, 0x0000, 0x0000, 0x0000,
  0x8333, 0xFCDD, 0xFDDE, 0xFDDD, 0xFDDD, 0xFDDD, 0xFDDD, 0xFDDD,
  0xFDDD, 0xFDDD, 0xFDDD, 0xFDDD, 0xFDDD, 0xFDDD, 0xFDDD, 0xFCDD,
  0xFDDE, 0xFAAB, 0xF768, 0xF878, 0xF878, 0xF878, 0xF878, 0xF878,
  0xF878, 0xF878, 0xF767, 0xF777, 0xF989, 0xF888, 0x8888, 0x2000,
  0x0000, 0x0000, 0x0444, 0x0000, 0x0000, 0x0000, 0x0000, 0x0000,
  0x0000, 0x0000, 0x0000, 0x0000, 0x0000, 0x0000, 0x0000, 0x0000,
  0x0000, 0x0000, 0x0000, 0x0000, 0x0000, 0x0000, 0x0000, 0x0000,
  0x0000, 0x0000, 0x0000, 0x0000, 0x0000, 0x0000, 0x0000, 0x0000,
  0xE334, 0xF567, 0xF556, 0xF456, 0xF334, 0xF567, 0xF556, 0xF556,
  0xF556, 0xF556, 0xF556, 0xF556, 0xF556, 0xF556, 0xF556, 0xF556,
  0xF556, 0xF556, 0xF556, 0xF334, 0xF556, 0xF567, 0xF334, 0x8111,
  0x1000, 0x0000, 0x0555, 0x0000, 0x0000, 0x0000, 0x0000, 0x0000,
  0x0000, 0x0000, 0x0000, 0x0000, 0x0000, 0x0000, 0x0000, 0xB345,
  0xF567, 0xF556, 0xF556, 0xF556, 0xF334, 0xF334, 0xF334, 0xF334,
  0xF334, 0xF334, 0xF334, 0xF445, 0xF445, 0x2000, 0x0000, 0x0000,
  0x0000, 0x0000, 0x0000, 0x0000, 0x0000, 0x0000, 0x0000, 0x0000,
  0x9999, 0xFDEE, 0xFDDD, 0xFDDD, 0xFDDD, 0xFDDD, 0xFDDD, 0xFDDD,
  0xFDDD, 0xFDDD, 0xFDDD, 0xFDDD, 0xFDDD, 0xFDDD, 0xFCDD, 0xFDDE,
  0xFAAB, 0xF768, 0xF778, 0xF778, 0xF878, 0xF878, 0xF878, 0xF878,
  0xF878, 0xF878, 0xF879, 0xF878, 0xF767, 0xF878, 0xF999, 0xE999,
  0x7777, 0x1000, 0x0000, 0x0000, 0x0000, 0x0000, 0x0000, 0x0000,
  0x0000, 0x0000, 0x0000, 0x0000, 0x0000, 0x0000, 0x0000, 0x0000,
  0x0000, 0x0000, 0x0000, 0x0000, 0x0000, 0x0000, 0x0000, 0x0000,
  0x0000, 0x0000, 0x0000, 0x0000, 0x0000, 0x0000, 0x0000, 0x0000,
  0xB334, 0xF567, 0xF556, 0xF556, 0xF455, 0xF556, 0xF556, 0xF556,
  0xF556, 0xF556, 0xF556, 0xF556, 0xF556, 0xF556, 0xF556, 0xF556,
  0xF556, 0xF556, 0xF556, 0xF456, 0xF456, 0xF567, 0xF445, 0xF334,
  0xD222, 0x4001, 0x0000, 0x0000, 0x0000, 0x0000, 0x0000, 0x0000,
  0x0000, 0x0000, 0x0000, 0x0000, 0x0000, 0x0000, 0x0000, 0xD334,
  0xF567, 0xF556, 0xF556, 0xF445, 0xF334, 0xF334, 0xF334, 0xF334,
  0xF334, 0xF334, 0xF334, 0xF334, 0xF445, 0x7222, 0x0000, 0x0333,
  0x0000, 0x0000, 0x0000, 0x0000, 0x0000, 0x0000, 0x0000, 0x1000,
  0xD888, 0xFEEE, 0xFCDD, 0xFDDD, 0xFDDD, 0xFDDD, 0xFDDD, 0xFDDD,
  0xFDDD, 0xFDDD, 0xFDDD, 0xFDDD, 0xFDDD, 0xFCDD, 0xFDDE, 0xFBBC,
  0xF768, 0xF768, 0xF768, 0xF768, 0xF768, 0xF778, 0xF878, 0xF878,
  0xF878, 0xF878, 0xF878, 0xF878, 0xF878, 0xF878, 0xF867, 0xF877,
  0xF999, 0xD999, 0x6555, 0x0000, 0x0FFF, 0x0000, 0x0000, 0x0000,
  0x0000, 0x0000, 0x0000, 0x0000, 0x0000, 0x0000, 0x0000, 0x0000,
  0x0000, 0x0000, 0x0000, 0x0000, 0x0000, 0x0000, 0x0000, 0x0000,
  0x0000, 0x0000, 0x0000, 0x0000, 0x0000, 0x0000, 0x0000, 0x0000,
  0x5112, 0xF455, 0xF556, 0xF556, 0xF345, 0xF455, 0xF557, 0xF556,
  0xF556, 0xF556, 0xF556, 0xF556, 0xF556, 0xF556, 0xF556, 0xF556,
  0xF556, 0xF556, 0xF556, 0xF556, 0xF556, 0xF556, 0xF445, 0xF334,
  0xF434, 0xF333, 0x9112, 0x2000, 0x0000, 0x0000, 0x0000, 0x0000,
  0x0000, 0x0000, 0x0000, 0x0000, 0x0000, 0x0000, 0x0000, 0xE334,
  0xF567, 0xF556, 0xF567, 0xF445, 0xF334, 0xF334, 0xF334, 0xF334,
  0xF334, 0xF334, 0xF334, 0xF334, 0xF445, 0xD334, 0x0000, 0x07FF,
  0x0000, 0x0000, 0x0000, 0x0000, 0x0000, 0x0000, 0x0000, 0x1000,
  0xE888, 0xFDEE, 0xFCDD, 0xFDDD, 0xFDDD, 0xFDDD, 0xFDDD, 0xFDDD,
  0xFDDD, 0xFDDD, 0xFDDD, 0xFDDD, 0xFCDD, 0xFDDD, 0xFCCD, 0xF778,
  0xF668, 0xF768, 0xF768, 0xF768, 0xF768, 0xF768, 0xF778, 0xF878,
  0xF878, 0xF878, 0xF878, 0xF878, 0xF878, 0xF878, 0xF978, 0xF978,
  0xF867, 0xF888, 0xF999, 0xA444, 0x0FFF, 0x0FFF, 0x0000, 0x0000,
  0x0000, 0x0000, 0x0000, 0x0000, 0x0000, 0x0000, 0x0000, 0x0000,
  0x0000, 0x0000, 0x0000, 0x0000, 0x0000, 0x0000, 0x0000, 0x0000,
  0x0000, 0x0000, 0x0000, 0x0000, 0x0000, 0x0000, 0x0000, 0x0000,
  0x0000, 0xB233, 0xF567, 0xF556, 0xF456, 0xF334, 0xF556, 0xF556,
  0xF556, 0xF556, 0xF556, 0xF556, 0xF556, 0xF556, 0xF556, 0xF556,
  0xF556, 0xF556, 0xF556, 0xF556, 0xF556, 0xF556, 0xF445, 0xF334,
  0xF334, 0xF334, 0xF334, 0xD222, 0x4000, 0x0000, 0x0777, 0x0000,
  0x0000, 0x0000, 0x0000, 0x0000, 0x0000, 0x0000, 0x0000, 0xE334,
  0xF567, 0xF556, 0xF456, 0xF334, 0xF334, 0xF334, 0xF334, 0xF334,
  0xF334, 0xF334, 0xF334, 0xF334, 0xF334, 0xF456, 0x7122, 0x0000,
  0x0444, 0x0000, 0x0000, 0x0000, 0x0000, 0x0000, 0x0000, 0x1111,
  0xEAAB, 0xFDDE, 0xFCDD, 0xFDDD, 0xFDDD, 0xFDDD, 0xFDDD, 0xFDDD,
  0xFDDD, 0xFDDD, 0xFDDD, 0xFCDD, 0xFDDE, 0xFCCD, 0xF778, 0xF667,
  0xF668, 0xF668, 0xF768, 0xF768, 0xF768, 0xF768, 0xF768, 0xF768,
  0xF878, 0xF878, 0xF878, 0xF878, 0xF878, 0xF878, 0xF878, 0xF878,
  0xF979, 0xF878, 0xF989, 0xF888, 0x3000, 0x0000, 0x0000, 0x0000,
  0x0000, 0x0000, 0x0000, 0x0000, 0x0000, 0x0000, 0x0000, 0x0000,
  0x0000, 0x0000, 0x0000, 0x0000, 0x0000, 0x0000, 0x0000, 0x0000,
  0x0000, 0x0000, 0x0000, 0x0000, 0x0000, 0x0000, 0x0000, 0x0000,
  0x0FFF, 0x2000, 0xE345, 0xF567, 0xF556, 0xF445, 0xF344, 0xF567,
  0xF556, 0xF556, 0xF556, 0xF556, 0xF556, 0xF556, 0xF556, 0xF556,
  0xF556, 0xF556, 0xF556, 0xF556, 0xF556, 0xF556, 0xF445, 0xF334,
  0xF334, 0xF334, 0xF334, 0xF434, 0xF333, 0x7111, 0x0000, 0x0000,
  0x0000, 0x0000, 0x0000, 0x0000, 0x0000, 0x0000, 0x0000, 0xE334,
  0xF567, 0xF445, 0xF334, 0xF334, 0xF334, 0xF334, 0xF334, 0xF334,
  0xF334, 0xF334, 0xF334, 0xF334, 0xF334, 0xF445, 0xF445, 0x4111,
  0x0000, 0x0000, 0x0000, 0x0000, 0x0000, 0x0000, 0x0000, 0x3333,
  0xFBCC, 0xFDDE, 0xFCDD, 0xFDDD, 0xFDDD, 0xFDDD, 0xFDDD, 0xFDDD,
  0xFDDD, 0xFCDD, 0xFCDD, 0xFDDE, 0xFBBC, 0xF668, 0xF657, 0xF668,
  0xF668, 0xF668, 0xF668, 0xF768, 0xF768, 0xF768, 0xF768, 0xF768,
  0xF768, 0xF778, 0xF878, 0xF878, 0xF878, 0xF878, 0xF878, 0xF878,
  0xF878, 0xF878, 0xF878, 0xF989, 0xA556, 0x0000, 0x0FFF, 0x0000,
  0x0000, 0x0000, 0x0000, 0x0000, 0x0000, 0x0000, 0x0000, 0x0000,
  0x0000, 0x0000, 0x0000, 0x0000, 0x0000, 0x0000, 0x0000, 0x0000,
  0x0000, 0x0000, 0x0000, 0x0000, 0x0000, 0x0000, 0x0000, 0x0000,
  0x0555, 0x0000, 0x7112, 0xF556, 0xF556, 0xF557, 0xF344, 0xF456,
  0xF556, 0xF556, 0xF556, 0xF556, 0xF556, 0xF556, 0xF556, 0xF556,
  0xF556, 0xF556, 0xF556, 0xF556, 0xF556, 0xF556, 0xF445, 0xF334,
  0xF334, 0xF334, 0xF334, 0xF334, 0xF334, 0xF334, 0x9112, 0x1000,
  0x0000, 0x0000, 0x0000, 0x0000, 0x0000, 0x0000, 0x0000, 0xC344,
  0xF456, 0xF334, 0xF334, 0xF334, 0xF334, 0xF334, 0xF334, 0xF334,
  0xF334, 0xF334, 0xF334, 0xF334, 0xF334, 0xF334, 0xF556, 0xD334,
  0x0000, 0x07FF, 0x0000, 0x0000, 0x0000, 0x0000, 0x0000, 0x5333,
  0xFCCC, 0xFDDD, 0xFCDD, 0xFDDD, 0xFDDD, 0xFDDD, 0xFDDD, 0xFDDD,
  0xFCDD, 0xFDDD, 0xFDDE, 0xFAAB, 0xF557, 0xF557, 0xF668, 0xF667,
  0xF668, 0xF668, 0xF668, 0xF668, 0xF768, 0xF768, 0xF768, 0xF768,
  0xF768, 0xF768, 0xF778, 0xF878, 0xF878, 0xF878, 0xF878, 0xF878,
  0xF878, 0xF878, 0xF878, 0xF989, 0xFAAA, 0x3222, 0x0000, 0x0000,
  0x0000, 0x0000, 0x0000, 0x0000, 0x0000, 0x0000, 0x0000, 0x0000,
  0x0000, 0x0000, 0x0000, 0x0000, 0x0000, 0x0000, 0x0000, 0x0000,
  0x0000, 0x0000, 0x0000, 0x0000, 0x0000, 0x0000, 0x0000, 0x0000,
  0x0000, 0x0777, 0x0000, 0xD334, 0xF567, 0xF556, 0xF456, 0xF334,
  0xF556, 0xF556, 0xF556, 0xF556, 0xF556, 0xF556, 0xF556, 0xF556,
  0xF556, 0xF556, 0xF556, 0xF556, 0xF556, 0xF556, 0xF456, 0xF334,
  0xF334, 0xF334, 0xF334, 0xF334, 0xF334, 0xF334, 0xF334, 0xC222,
  0x1000, 0x0777, 0x0000, 0x0000, 0x0000, 0x0000, 0x0000, 0xA345,
  0xF445, 0xF334, 0xF334, 0xF334, 0xF334, 0xF334, 0xF334, 0xF334,
  0xF334, 0xF334, 0xF334, 0xF334, 0xF334, 0xF334, 0xF435, 0xF556,
  0x9222, 0x0000, 0x0555, 0x0000, 0x0000, 0x0000, 0x0000, 0x7222,
  0xFCCC, 0xFDDE, 0xFCDD, 0xFDDD, 0xFDDD, 0xFDDD, 0xFDDD, 0xFCDD,
  0xFDDD, 0xFCDD, 0xF779, 0xF557, 0xF557, 0xF557, 0xF557, 0xF667,
  0xF667, 0xF668, 0xF668, 0xF668, 0xF668, 0xF668, 0xF768, 0xF768,
  0xF768, 0xF768, 0xF768, 0xF778, 0xF878, 0xF878, 0xF878, 0xF878,
  0xF878, 0xF878, 0xF878, 0xF878, 0xFA9A, 0x8666, 0x0000, 0x0000,
  0x0000, 0x0000, 0x0000, 0x0000, 0x0000, 0x0000, 0x0000, 0x0000,
  0x0000, 0x0000, 0x0000, 0x0000, 0x0000, 0x0000, 0x0000, 0x0000,
  0x0000, 0x0000, 0x0000, 0x0000, 0x0000, 0x0000, 0x0000, 0x0000,
  0x0000, 0x0000, 0x0000, 0x4111, 0xF445, 0xF557, 0xF557, 0xF445,
  0xF445, 0xF567, 0xF556, 0xF556, 0xF556, 0xF556, 0xF556, 0xF556,
  0xF556, 0xF556, 0xF556, 0xF556, 0xF556, 0xF556, 0xF456, 0xF334,
  0xF334, 0xF334, 0xF334, 0xF334, 0xF334, 0xF334, 0xF334, 0xF334,
  0x9112, 0x0000, 0x0444, 0x0000, 0x0000, 0x0000, 0x0000, 0x8233,
  0xF334, 0xF334, 0xF334, 0xF334, 0xF334, 0xF334, 0xF334, 0xF334,
  0xF334, 0xF334, 0xF334, 0xF334, 0xF334, 0xF334, 0xF334, 0xF456,
  0xF445, 0x4111, 0x0000, 0x0000, 0x0000, 0x0000, 0x0000, 0x8222,
  0xFCCC, 0xFDDE, 0xFCDD, 0xFDDD, 0xFDDD, 0xFDDD, 0xFDDD, 0xFDDD,
  0xFCDD, 0xF678, 0xF457, 0xF557, 0xF557, 0xF557, 0xF557, 0xF557,
  0xF667, 0xF667, 0xF668, 0xF668, 0xF668, 0xF668, 0xF668, 0xF768,
  0xF768, 0xF768, 0xF768, 0xF768, 0xF778, 0xF878, 0xF878, 0xF878,
  0xF878, 0xF878, 0xF878, 0xF878, 0xFA8A, 0xD888, 0x0222, 0x0000,
  0x0000, 0x0000, 0x0000, 0x0000, 0x0000, 0x0000, 0x0000, 0x0000,
  0x0000, 0x0000, 0x0000, 0x0000, 0x0000, 0x0000, 0x0000, 0x0000,
  0x0000, 0x0000, 0x0000, 0x0000, 0x0000, 0x0000, 0x0000, 0x0000,
  0x0000, 0x0000, 0x0555, 0x0000, 0x9222, 0xF556, 0xF556, 0xF556,
  0xF334, 0xF456, 0xF556, 0xF556, 0xF556, 0xF556, 0xF556, 0xF556,
  0xF556, 0xF556, 0xF556, 0xF556, 0xF556, 0xF556, 0xF556, 0xF334,
  0xF334, 0xF334, 0xF334, 0xF334, 0xF334, 0xF334, 0xF334, 0xF334,
  0xF333, 0x5111, 0x0000, 0x0000, 0x0000, 0x0000, 0x0000, 0x8111,
  0xF334, 0xF334, 0xF334, 0xF334, 0xF334, 0xF334, 0xF334, 0xF334,
  0xF334, 0xF334, 0xF334, 0xF334, 0xF334, 0xF334, 0xF334, 0xF334,
  0xF567, 0xD334, 0x0000, 0x077F, 0x0000, 0x0000, 0x0000, 0x8222,
  0xFCCD, 0xFDDE, 0xFCDD, 0xFDDD, 0xFDDD, 0xFDDD, 0xFCDD, 0xFDDE,
  0xF99A, 0xF447, 0xF557, 0xF557, 0xF557, 0xF557, 0xF557, 0xF557,
  0xF557, 0xF657, 0xF667, 0xF668, 0xF668, 0xF668, 0xF668, 0xF668,
  0xF768, 0xF768, 0xF768, 0xF768, 0xF778, 0xF778, 0xF878, 0xF878,
  0xF878, 0xF878, 0xF878, 0xF878, 0xF978, 0xF99A, 0x5222, 0x0000,
  0x0000, 0x0000, 0x0000, 0x0000, 0x0000, 0x0000, 0x0000, 0x0000,
  0x0000, 0x0000, 0x0000, 0x0000, 0x0000, 0x0000, 0x0000, 0x0000,
  0x0000, 0x0000, 0x0000, 0x0000, 0x0000, 0x0000, 0x0000, 0x0000,
  0x0000, 0x0000, 0x0000, 0x0FFF, 0x1000, 0xE334, 0xF567, 0xF556,
  0xF455, 0xF344, 0xF567, 0xF556, 0xF556, 0xF556, 0xF556, 0xF556,
  0xF556, 0xF556, 0xF556, 0xF556, 0xF556, 0xF556, 0xF556, 0xF445,
  0xF334, 0xF334, 0xF334, 0xF334, 0xF334, 0xF334, 0xF334, 0xF334,
  0xF434, 0xD223, 0x1000, 0x0777, 0x0000, 0x0000, 0x0000, 0x6111,
  0xF334, 0xF334, 0xF334, 0xF334, 0xF334, 0xF334, 0xF334, 0xF334,
  0xF334, 0xF334, 0xF334, 0xF334, 0xF334, 0xF334, 0xF334, 0xF334,
  0xF445, 0xF556, 0x8122, 0x0000, 0x0555, 0x0000, 0x0000, 0x8223,
  0xFCCD, 0xFDDE, 0xFCDD, 0xFDDD, 0xFDDD, 0xFCDD, 0xFDDD, 0xFCDD,
  0xF668, 0xF457, 0xF557, 0xF557, 0xF557, 0xF557, 0xF557, 0xF557,
  0xF557, 0xF557, 0xF657, 0xF667, 0xF667, 0xF668, 0xF668, 0xF668,
  0xF668, 0xF768, 0xF768, 0xF768, 0xF768, 0xF778, 0xF878, 0xF878,
  0xF878, 0xF878, 0xF878, 0xF878, 0xF878, 0xFAAB, 0x9777, 0x0000,
  0x0000, 0x0000, 0x0000, 0x0000, 0x0000, 0x0000, 0x0000, 0x0000,
  0x0000, 0x0000, 0x0000, 0x0000, 0x0000, 0x0000, 0x0000, 0x0000,
  0x0000, 0x0000, 0x0000, 0x0000, 0x0000, 0x0000, 0x0000, 0x0000,
  0x0000, 0x0000, 0x0000, 0x0000, 0x0000, 0x5111, 0xF456, 0xF556,
  0xF567, 0xF344, 0xF455, 0xF557, 0xF556, 0xF556, 0xF556, 0xF556,
  0xF556, 0xF556, 0xF556, 0xF556, 0xF556, 0xF556, 0xF556, 0xF445,
  0xF334, 0xF334, 0xF334, 0xF334, 0xF334, 0xF334, 0xF334, 0xF334,
  0xF334, 0xF334, 0x9111, 0x0000, 0x0555, 0x0000, 0x0000, 0x2112,
  0xE334, 0xF334, 0xF334, 0xF334, 0xF334, 0xF334, 0xF334, 0xF334,
  0xF334, 0xF334, 0xF334, 0xF334, 0xF334, 0xF334, 0xF334, 0xF334,
  0xF334, 0xF556, 0xF445, 0x3000, 0x0000, 0x0000, 0x0000, 0xB556,
  0xFBCC, 0xFDDE, 0xFCDD, 0xFDDD, 0xFDDD, 0xFCDD, 0xFDDD, 0xFBCC,
  0xF457, 0xF557, 0xF557, 0xF557, 0xF557, 0xF557, 0xF557, 0xF557,
  0xF557, 0xF557, 0xF557, 0xF567, 0xF667, 0xF668, 0xF668, 0xF668,
  0xF668, 0xF768, 0xF768, 0xF768, 0xF768, 0xF768, 0xF778, 0xF878,
  0xF878, 0xF878, 0xF878, 0xF878, 0xF878, 0xFA9A, 0xE888, 0x0000,
  0x0000, 0x0000, 0x0000, 0x0000, 0x0000, 0x0000, 0x0000, 0x0000,
  0x0000, 0x0000, 0x0000, 0x0000, 0x0000, 0x0000, 0x0000, 0x0000,
  0x0000, 0x0000, 0x0000, 0x0000, 0x0000, 0x0000, 0x0000, 0x0000,
  0x0000, 0x0000, 0x0000, 0x0000, 0x0555, 0x0000, 0xB233, 0xF567,
  0xF556, 0xF456, 0xF334, 0xF556, 0xF556, 0xF556, 0xF556, 0xF556,
  0xF556, 0xF556, 0xF556, 0xF556, 0xF556, 0xF556, 0xF556, 0xF455,
  0xF334, 0xF334, 0xF334, 0xF334, 0xF334, 0xF334, 0xF333, 0xF334,
  0xF334, 0xF334, 0xF323, 0x3000, 0x0000, 0x0000, 0x0000, 0x0000,
  0xD223, 0xF434, 0xF334, 0xF334, 0xF334, 0xF334, 0xF334, 0xF334,
  0xF334, 0xF334, 0xF334, 0xF334, 0xF334, 0xF334, 0xF334, 0xF334,
  0xF334, 0xF445, 0xF567, 0xB233, 0x0000, 0x0555, 0x0000, 0xE777,
  0xFBBC, 0xFDDE, 0xFCDD, 0xFDDD, 0xFDDD, 0xFCDD, 0xFDDD, 0xFBBC,
  0xF457, 0xF557, 0xF557, 0xF557, 0xF557, 0xF557, 0xF557, 0xF557,
  0xF557, 0xF557, 0xF557, 0xF557, 0xF667, 0xF667, 0xF668, 0xF668,
  0xF668, 0xF668, 0xF768, 0xF768, 0xF768, 0xF768, 0xF768, 0xF778,
  0xF878, 0xF878, 0xF878, 0xF878, 0xF878, 0xF989, 0xF777, 0x0000,
  0x0000, 0x0000, 0x0000, 0x0000, 0x0000, 0x0000, 0x0000, 0x0000,
  0x0000, 0x0000, 0x0000, 0x0000, 0x0000, 0x0000, 0x0000, 0x0000,
  0x0000, 0x0000, 0x0000, 0x0000, 0x0000, 0x0000, 0x0000, 0x0000,
  0x0000, 0x0000, 0x0000, 0x0000, 0x0000, 0x0000, 0x3000, 0xF445,
  0xF567, 0xF557, 0xF345, 0xF445, 0xF567, 0xF556, 0xF556, 0xF556,
  0xF556, 0xF556, 0xF556, 0xF556, 0xF556, 0xF556, 0xF556, 0xF556,
  0xF334, 0xF334, 0xF334, 0xF333, 0xF223, 0xF223, 0xF333, 0xF334,
  0xF334, 0xF334, 0xF434, 0xB212, 0x0000, 0x0777, 0x0000, 0x0000,
  0x9223, 0xF334, 0xF334, 0xF334, 0xF334, 0xF334, 0xF334, 0xF334,
  0xF334, 0xF334, 0xF334, 0xF334, 0xF334, 0xF334, 0xF334, 0xF334,
  0xF334, 0xF334, 0xF456, 0xF456, 0x5111, 0x0000, 0x0005, 0xF778,
  0xFBBC, 0xFDDE, 0xFCDD, 0xFDDD, 0xFCDD, 0xFDDD, 0xFDDE, 0xFABC,
  0xF457, 0xF557, 0xF557, 0xF557, 0xF557, 0xF557, 0xF557, 0xF557,
  0xF557, 0xF557, 0xF557, 0xF557, 0xF557, 0xF667, 0xF668, 0xF668,
  0xF668, 0xF668, 0xF668, 0xF768, 0xF768, 0xF768, 0xF768, 0xF768,
  0xF778, 0xF878, 0xF878, 0xF878, 0xF878, 0xF989, 0xF777, 0x0000,
  0x0000, 0x0000, 0x0000, 0x0000, 0x0000, 0x0000, 0x0000, 0x0000,
  0x0000, 0x0000, 0x0000, 0x0000, 0x0000, 0x0000, 0x0000, 0x0000,
  0x0000, 0x0000, 0x0000, 0x0000, 0x0000, 0x0000, 0x0000, 0x0000,
  0x0000, 0x0000, 0x0000, 0x0000, 0x0000, 0x0055, 0x0000, 0x8122,
  0xF556, 0xF556, 0xF556, 0xF334, 0xF556, 0xF556, 0xF556, 0xF556,
  0xF556, 0xF556, 0xF556, 0xF556, 0xF556, 0xF556, 0xF556, 0xF556,
  0xF334, 0xF323, 0xF223, 0xF223, 0xF334, 0xF334, 0xF334, 0xF334,
  0xF334, 0xF334, 0xF334, 0xF333, 0x4000, 0x000F, 0x0000, 0x0000,
  0x6111, 0xF445, 0xF334, 0xF334, 0xF334, 0xF334, 0xF334, 0xF334,
  0xF334, 0xF334, 0xF334, 0xF334, 0xF334, 0xF334, 0xF334, 0xF334,
  0xF334, 0xF334, 0xF444, 0xF567, 0xD334, 0x0000, 0x0FFF, 0xE777,
  0xFBCC, 0xFDDE, 0xFCDD, 0xFCDD, 0xFDDE, 0xFBBC, 0xFAAA, 0xFABC,
  0xF457, 0xF557, 0xF557, 0xF557, 0xF557, 0xF557, 0xF557, 0xF557,
  0xF557, 0xF557, 0xF557, 0xF557, 0xF557, 0xF667, 0xF667, 0xF668,
  0xF668, 0xF668, 0xF668, 0xF668, 0xF768, 0xF768, 0xF768, 0xF768,
  0xF778, 0xF878, 0xF878, 0xF878, 0xF878, 0xF989, 0xF888, 0x0000,
  0x0000, 0x0000, 0x0000, 0x0000, 0x0000, 0x0000, 0x0000, 0x0000,
  0x0000, 0x0000, 0x0000, 0x0000, 0x0000, 0x0000, 0x0000, 0x0000,
  0x0000, 0x0000, 0x0000, 0x0000, 0x0000, 0x0000, 0x0000, 0x0000,
  0x0000, 0x0000, 0x0000, 0x0000, 0x0000, 0x0000, 0x0777, 0x0000,
  0xD334, 0xF567, 0xF567, 0xF445, 0xF445, 0xF567, 0xF556, 0xF556,
  0xF556, 0xF556, 0xF556, 0xF556, 0xF556, 0xF557, 0xF456, 0xF445,
  0xF233, 0xF323, 0xF334, 0xF334, 0xF334, 0xF334, 0xF334, 0xF334,
  0xF334, 0xF334, 0xF334, 0xF434, 0xB222, 0x0000, 0x0777, 0x0000,
  0x1223, 0xF445, 0xF334, 0xF334, 0xF334, 0xF334, 0xF334, 0xF334,
  0xF334, 0xF334, 0xF334, 0xF334, 0xF334, 0xF334, 0xF334, 0xF334,
  0xF334, 0xF334, 0xF334, 0xF456, 0xF556, 0x6112, 0x0000, 0x9777,
  0xFCDD, 0xFDDD, 0xFCDD, 0xFCDD, 0xFDDE, 0xFABB, 0xF999, 0xF99A,
  0xF447, 0xF557, 0xF557, 0xF557, 0xF557, 0xF557, 0xF557, 0xF557,
  0xF557, 0xF557, 0xF557, 0xF557, 0xF557, 0xF557, 0xF667, 0xF668,
  0xF668, 0xF668, 0xF668, 0xF668, 0xF768, 0xF768, 0xF768, 0xF768,
  0xF768, 0xF778, 0xF878, 0xF878, 0xF878, 0xF989, 0xF888, 0x0000,
  0x0000, 0x0000, 0x0000, 0x0000, 0x0000, 0x0000, 0x0000, 0x0000,
  0x0000, 0x0000, 0x0000, 0x0000, 0x0000, 0x0000, 0x0000, 0x0000,
  0x0000, 0x0000, 0x0000, 0x0000, 0x0000, 0x0000, 0x0000, 0x0000,
  0x0000, 0x0000, 0x0000, 0x0000, 0x0000, 0x0000, 0x0000, 0x0000,
  0x4000, 0xF445, 0xF556, 0xF556, 0xF334, 0xF456, 0xF556, 0xF556,
  0xF556, 0xF556, 0xF567, 0xF556, 0xF456, 0xF344, 0xF344, 0xF456,
  0xF445, 0xF334, 0xF334, 0xF334, 0xF334, 0xF334, 0xF334, 0xF334,
  0xF334, 0xF334, 0xF334, 0xF334, 0xF333, 0x4001, 0x0000, 0x07FF,
  0x0000, 0xB334, 0xF445, 0xF334, 0xF334, 0xF334, 0xF334, 0xF334,
  0xF334, 0xF334, 0xF334, 0xF334, 0xF334, 0xF334, 0xF334, 0xF334,
  0xF334, 0xF334, 0xF334, 0xF445, 0xF567, 0xD334, 0x1000, 0x7AAA,
  0xFBCC, 0xFDDD, 0xFCDD, 0xFCDD, 0xFDDE, 0xFABB, 0xF9AA, 0xF89A,
  0xF446, 0xF557, 0xF557, 0xF557, 0xF557, 0xF557, 0xF557, 0xF557,
  0xF557, 0xF557, 0xF557, 0xF557, 0xF557, 0xF557, 0xF567, 0xF667,
  0xF668, 0xF668, 0xF668, 0xF668, 0xF668, 0xF768, 0xF768, 0xF768,
  0xF768, 0xF768, 0xF778, 0xF878, 0xF868, 0xF989, 0xF777, 0x0000,
  0x0000, 0x0000, 0x0000, 0x0000, 0x0000, 0x0000, 0x0000, 0x0000,
  0x0000, 0x0000, 0x0000, 0x0000, 0x0000, 0x0000, 0x0000, 0x0000,
  0x0000, 0x0000, 0x0000, 0x0000, 0x0000, 0x0000, 0x0000, 0x0000,
  0x0000, 0x0000, 0x0000, 0x0000, 0x0000, 0x0000, 0x0000, 0x0555,
  0x0000, 0xA223, 0xF567, 0xF557, 0xF445, 0xF345, 0xF567, 0xF556,
  0xF567, 0xF456, 0xF445, 0xF344, 0xF345, 0xF456, 0xF556, 0xF567,
  0xF456, 0xF334, 0xF334, 0xF334, 0xF334, 0xF334, 0xF334, 0xF334,
  0xF334, 0xF334, 0xF334, 0xF334, 0xF434, 0xB222, 0x0000, 0x0004,
  0x0000, 0x5112, 0xF456, 0xF334, 0xF334, 0xF334, 0xF334, 0xF334,
  0xF334, 0xF334, 0xF334, 0xF334, 0xF334, 0xF334, 0xF334, 0xF334,
  0xF334, 0xF334, 0xF334, 0xF334, 0xF456, 0xF456, 0x6111, 0x3666,
  0xF888, 0xFDEE, 0xFCDD, 0xFCDD, 0xFDDE, 0xFBBC, 0xF999, 0xF9AB,
  0xF447, 0xF557, 0xF557, 0xF557, 0xF557, 0xF557, 0xF557, 0xF557,
  0xF557, 0xF557, 0xF557, 0xF557, 0xF557, 0xF557, 0xF557, 0xF667,
  0xF667, 0xF668, 0xF668, 0xF668, 0xF668, 0xF668, 0xF768, 0xF768,
  0xF768, 0xF768, 0xF778, 0xF878, 0xF768, 0xF989, 0xC889, 0x0000,
  0x0000, 0x0000, 0x0000, 0x0000, 0x0000, 0x0000, 0x0000, 0x0000,
  0x0000, 0x0000, 0x0000, 0x0000, 0x0000, 0x0000, 0x0000, 0x0000,
  0x0000, 0x0000, 0x0000, 0x0000, 0x0000, 0x0000, 0x0000, 0x0000,
  0x0000, 0x0000, 0x0000, 0x0000, 0x0000, 0x0000, 0x0000, 0x0000,
  0x0000, 0x3000, 0xF445, 0xF567, 0xF556, 0xF334, 0xF456, 0xF456,
  0xF334, 0xF445, 0xF445, 0xF456, 0xF567, 0xF556, 0xF556, 0xF556,
  0xF556, 0xF334, 0xF334, 0xF334, 0xF334, 0xF334, 0xF334, 0xF334,
  0xF334, 0xF334, 0xF334, 0xF334, 0xF334, 0xF323, 0x3000, 0x0000,
  0x0777, 0x0000, 0xC334, 0xF445, 0xF334, 0xF334, 0xF334, 0xF334,
  0xF334, 0xF334, 0xF334, 0xF334, 0xF334, 0xF334, 0xF334, 0xF334,
  0xF334, 0xF334, 0xF334, 0xF334, 0xF445, 0xF567, 0xB334, 0x0000,
  0xD999, 0xFDEE, 0xFCDD, 0xFDDD, 0xFCDD, 0xFDDE, 0xF99A, 0xF999,
  0xF668, 0xF457, 0xF557, 0xF557, 0xF557, 0xF557, 0xF557, 0xF557,
  0xF557, 0xF557, 0xF557, 0xF557, 0xF557, 0xF557, 0xF557, 0xF567,
  0xF667, 0xF668, 0xF668, 0xF668, 0xF668, 0xF668, 0xF768, 0xF768,
  0xF768, 0xF768, 0xF768, 0xF878, 0xF768, 0xF989, 0xA999, 0x0000,
  0x0000, 0x0000, 0x0000, 0x0000, 0x0000, 0x0000, 0x0000, 0x0000,
  0x0000, 0x0000, 0x0000, 0x0000, 0x0000, 0x0000, 0x0000, 0x0000,
  0x0000, 0x0000, 0x0000, 0x0000, 0x0000, 0x0000, 0x0000, 0x0000,
  0x0000, 0x0000, 0x0000, 0x0000, 0x0000, 0x0000, 0x0000, 0x0000,
  0x0555, 0x0000, 0xA233, 0xF556, 0xF455, 0xF445, 0xF445, 0xF455,
  0xF456, 0xF556, 0xF567, 0xF556, 0xF556, 0xF556, 0xF556, 0xF556,
  0xF556, 0xF334, 0xF334, 0xF334, 0xF334, 0xF334, 0xF334, 0xF334,
  0xF334, 0xF334, 0xF334, 0xF334, 0xF334, 0xF334, 0xA212, 0x0000,
  0x0000, 0x0000, 0x3111, 0xF345, 0xF334, 0xF334, 0xF334, 0xF334,
  0xF334, 0xF334, 0xF334, 0xF334, 0xF334, 0xF334, 0xF334, 0xF334,
  0xF334, 0xF334, 0xF334, 0xF334, 0xF334, 0xF557, 0xF334, 0x0000,
  0x8566, 0xFDDD, 0xFDDE, 0xFDDD, 0xFDDD, 0xFDDD, 0xFDDE, 0xFABB,
  0xF889, 0xF556, 0xF557, 0xF568, 0xF457, 0xF557, 0xF557, 0xF557,
  0xF557, 0xF557, 0xF557, 0xF557, 0xF557, 0xF557, 0xF557, 0xF557,
  0xF667, 0xF667, 0xF668, 0xF668, 0xF668, 0xF668, 0xF768, 0xF768,
  0xF768, 0xF768, 0xF768, 0xF778, 0xF768, 0xF98A, 0x9999, 0x0000,
  0x0000, 0x0000, 0x0000, 0x0000, 0x0000, 0x0000, 0x0000, 0x0000,
  0x0000, 0x0000, 0x0000, 0x0000, 0x0000, 0x0000, 0x0000, 0x0000,
  0x0000, 0x0000, 0x0000, 0x0000, 0x0000, 0x0000, 0x0000, 0x0000,
  0x0000, 0x0000, 0x0000, 0x0000, 0x0000, 0x0000, 0x0000, 0x0000,
  0x0000, 0x0000, 0x5111, 0xF445, 0xF456, 0xF456, 0xF345, 0xF567,
  0xF556, 0xF556, 0xF556, 0xF556, 0xF556, 0xF556, 0xF556, 0xF556,
  0xF556, 0xF445, 0xF334, 0xF334, 0xF334, 0xF334, 0xF334, 0xF334,
  0xF334, 0xF334, 0xF334, 0xF334, 0xF334, 0xF434, 0xF222, 0x0000,
  0x0000, 0x0555, 0x0000, 0x9223, 0xF445, 0xF334, 0xF334, 0xF334,
  0xF334, 0xF334, 0xF334, 0xF334, 0xF334, 0xF334, 0xF334, 0xF334,
  0xF334, 0xF334, 0xF334, 0xF334, 0xF334, 0xF556, 0xF456, 0x0000,
  0x6222, 0xFCCD, 0xFDDE, 0xFCDD, 0xFDDD, 0xFDDD, 0xFCDD, 0xFDDE,
  0xFDDE, 0xFBCC, 0xF888, 0xF888, 0xF789, 0xF568, 0xF557, 0xF557,
  0xF558, 0xF568, 0xF558, 0xF558, 0xF557, 0xF557, 0xF557, 0xF557,
  0xF667, 0xF667, 0xF668, 0xF668, 0xF668, 0xF668, 0xF768, 0xF768,
  0xF768, 0xF768, 0xF768, 0xF778, 0xF768, 0xFA9A, 0x8555, 0x0000,
  0x0000, 0x0000, 0x0000, 0x0000, 0x0000, 0x0000, 0x0000, 0x0000,
  0x0000, 0x0000, 0x0000, 0x0000, 0x0000, 0x0000, 0x0000, 0x0000,
  0x0000, 0x0000, 0x0000, 0x0000, 0x0000, 0x0000, 0x0000, 0x0000,
  0x0000, 0x0000, 0x0000, 0x0000, 0x0000, 0x0000, 0x0000, 0x0000,
  0x0000, 0x0000, 0x5111, 0xF556, 0xF567, 0xF456, 0xF445, 0xF556,
  0xF556, 0xF556, 0xF556, 0xF556, 0xF556, 0xF556, 0xF556, 0xF556,
  0xF556, 0xF445, 0xF334, 0xF334, 0xF334, 0xF334, 0xF334, 0xF334,
  0xF334, 0xF334, 0xF434, 0xF334, 0xE223, 0x9212, 0x4000, 0x0000,
  0x0000, 0x0000, 0x0777, 0x1000, 0xE334, 0xF445, 0xF334, 0xF334,
  0xF334, 0xF334, 0xF334, 0xF334, 0xF334, 0xF334, 0xF334, 0xF334,
  0xF334, 0xF334, 0xF334, 0xF334, 0xF334, 0xF456, 0xF556, 0x0000,
  0x1222, 0xFAAA, 0xFDDE, 0xFCDD, 0xFDDD, 0xFDDD, 0xFDDD, 0xFCDD,
  0xFCDD, 0xFDDE, 0xFDDE, 0xFAAB, 0xFAAA, 0xFAAB, 0xF778, 0xF557,
  0xF445, 0xF335, 0xF446, 0xF456, 0xF557, 0xF668, 0xF668, 0xF668,
  0xF557, 0xF667, 0xF667, 0xF668, 0xF668, 0xF668, 0xF668, 0xF768,
  0xF768, 0xF768, 0xF768, 0xF778, 0xF768, 0xF99A, 0x8788, 0x0000,
  0x0000, 0x0000, 0x0000, 0x0000, 0x0000, 0x0000, 0x0000, 0x0000,
  0x0000, 0x0000, 0x0000, 0x0000, 0x0000, 0x0000, 0x0000, 0x0000,
  0x0000, 0x0000, 0x0000, 0x0000, 0x0000, 0x0000, 0x0000, 0x0000,
  0x0000, 0x0000, 0x0000, 0x0000, 0x0000, 0x0000, 0x0000, 0x0000,
  0x0000, 0x0000, 0x5111, 0xF456, 0xF556, 0xF456, 0xF456, 0xF556,
  0xF556, 0xF556, 0xF556, 0xF556, 0xF556, 0xF556, 0xF556, 0xF556,
  0xF556, 0xF456, 0xF334, 0xF334, 0xF334, 0xF334, 0xF334, 0xF334,
  0xF334, 0xE323, 0xB222, 0x6111, 0x1000, 0x0000, 0x0000, 0x0000,
  0x0000, 0x0000, 0x0005, 0x0000, 0x5111, 0xF445, 0xF334, 0xF334,
  0xF334, 0xF334, 0xF334, 0xF334, 0xF334, 0xF334, 0xF334, 0xF334,
  0xF334, 0xF334, 0xF334, 0xF334, 0xF334, 0xF445, 0xF556, 0x0000,
  0x1000, 0xE788, 0xFEEE, 0xFCDD, 0xFDDD, 0xFDDD, 0xFDDD, 0xFDDD,
  0xFDDD, 0xFCDD, 0xFCDD, 0xFDDE, 0xFDDE, 0xFCCD, 0xFCCD, 0xFCCD,
  0xFBCC, 0xF99A, 0xF778, 0xF445, 0xF445, 0xF334, 0xF446, 0xF557,
  0xF668, 0xF668, 0xF668, 0xF657, 0xF546, 0xF668, 0xF668, 0xF768,
  0xF768, 0xF768, 0xF768, 0xF768, 0xF878, 0xF888, 0x6BCC, 0x0000,
  0x0000, 0x0000, 0x0000, 0x0000, 0x0000, 0x0000, 0x0000, 0x0000,
  0x0000, 0x0000, 0x0000, 0x0000, 0x0000, 0x0000, 0x0000, 0x0000,
  0x0000, 0x0000, 0x0000, 0x0000, 0x0000, 0x0000, 0x0000, 0x0000,
  0x0000, 0x0000, 0x0000, 0x0000, 0x0000, 0x0000, 0x0000, 0x0000,
  0x0000, 0x0000, 0x7111, 0xF456, 0xF567, 0xF456, 0xF456, 0xF556,
  0xF556, 0xF556, 0xF556, 0xF556, 0xF556, 0xF556, 0xF556, 0xF556,
  0xF556, 0xF556, 0xF334, 0xF334, 0xF334, 0xF334, 0xF334, 0xF323,
  0x9112, 0x2000, 0x0000, 0x0000, 0x0000, 0x0777, 0x0000, 0x0000,
  0x0000, 0x0000, 0x0000, 0x0000, 0x0000, 0x8223, 0xF445, 0xF334,
  0xF334, 0xF334, 0xF334, 0xF334, 0xF334, 0xF334, 0xF334, 0xF334,
  0xF334, 0xF334, 0xF334, 0xF334, 0xF334, 0xF445, 0xF556, 0x0FFF,
  0x0000, 0xA999, 0xFDEE, 0xFDDD, 0xFDDD, 0xFDDD, 0xFDDD, 0xFDDD,
  0xFDDD, 0xFDDD, 0xFDDD, 0xFCDD, 0xFDDD, 0xFDDE, 0xFDDE, 0xFDDE,
  0xFDEE, 0xFEEE, 0xFEEE, 0xFDDE, 0xFBBC, 0xF99A, 0xF567, 0xF335,
  0xF435, 0xF557, 0xF557, 0xF445, 0xF657, 0xF668, 0xF768, 0xF768,
  0xF768, 0xF768, 0xF778, 0xF878, 0xF556, 0xFAAA, 0x1FFF, 0x0000,
  0x0000, 0x0000, 0x0000, 0x0000, 0x0000, 0x0000, 0x0000, 0x0000,
  0x0000, 0x0000, 0x0000, 0x0000, 0x0000, 0x0000, 0x0000, 0x0000,
  0x0000, 0x0000, 0x0000, 0x0000, 0x0000, 0x0000, 0x0000, 0x0000,
  0x0000, 0x0000, 0x0000, 0x0000, 0x0000, 0x0000, 0x0000, 0x0000,
  0x0003, 0x0000, 0x8111, 0xF456, 0xF567, 0xF445, 0xF456, 0xF556,
  0xF556, 0xF556, 0xF556, 0xF556, 0xF556, 0xF556, 0xF556, 0xF556,
  0xF556, 0xF556, 0xF434, 0xF334, 0xF334, 0xE323, 0xA212, 0x3000,
  0x0000, 0x0000, 0x0FFF, 0x0000, 0x0000, 0x0000, 0x0000, 0x0000,
  0x0000, 0x0000, 0x0000, 0x0000, 0x0477, 0x0000, 0xB223, 0xF445,
  0xF334, 0xF334, 0xF334, 0xF334, 0xF334, 0xF334, 0xF334, 0xF334,
  0xF334, 0xF334, 0xF334, 0xF334, 0xF334, 0xF445, 0xF344, 0x0666,
  0x0000, 0x8333, 0xFCDD, 0xFDDD, 0xFDDD, 0xFDDD, 0xFDDD, 0xFDDD,
  0xFDDD, 0xFDDD, 0xFCDD, 0xFDDD, 0xFCCC, 0xF88A, 0xF789, 0xF88A,
  0xF99A, 0xF99A, 0xFAAB, 0xFCDD, 0xFDEE, 0xFDEE, 0xFDDE, 0xFBBC,
  0xF99A, 0xF556, 0xF334, 0xF334, 0xF446, 0xF657, 0xF657, 0xF657,
  0xF667, 0xF667, 0xF667, 0xF545, 0xF999, 0xADEE, 0x0999, 0x0000,
  0x0000, 0x0000, 0x0000, 0x0000, 0x0000, 0x0000, 0x0000, 0x0000,
  0x0000, 0x0000, 0x0000, 0x0000, 0x0000, 0x0000, 0x0000, 0x0000,
  0x0000, 0x0000, 0x0000, 0x0000, 0x0000, 0x0000, 0x0000, 0x0000,
  0x0000, 0x0000, 0x0000, 0x0000, 0x0000, 0x0000, 0x0000, 0x0000,
  0x0333, 0x0000, 0x7222, 0xF556, 0xF567, 0xF334, 0xF456, 0xF556,
  0xF556, 0xF556, 0xF556, 0xF556, 0xF556, 0xF556, 0xF556, 0xF556,
  0xF556, 0xF567, 0xF445, 0xD222, 0x7112, 0x2000, 0x0000, 0x0000,
  0x0777, 0x0000, 0x0000, 0x0000, 0x0000, 0x0000, 0x0000, 0x0000,
  0x0000, 0x0000, 0x0000, 0x0000, 0x0000, 0x0000, 0x1000, 0xD334,
  0xF445, 0xF334, 0xF334, 0xF334, 0xF334, 0xF334, 0xF334, 0xF334,
  0xF334, 0xF334, 0xF334, 0xF334, 0xF334, 0xF456, 0xC334, 0x0000,
  0x0000, 0x2112, 0xFAAA, 0xFDEE, 0xFCDD, 0xFCDD, 0xFDDD, 0xFDDD,
  0xFDDD, 0xFDDD, 0xFDDD, 0xFCDD, 0xF678, 0xF557, 0xF557, 0xF557,
  0xF557, 0xF557, 0xF557, 0xF668, 0xF99B, 0xFCDD, 0xFCDD, 0xFDEE,
  0xFCCC, 0xA667, 0x8889, 0xD889, 0xE778, 0xF556, 0xF445, 0xF545,
  0xF556, 0xF556, 0xF445, 0xF879, 0xADDE, 0x0000, 0x0FFF, 0x0000,
  0x0000, 0x0000, 0x0000, 0x0000, 0x0000, 0x0000, 0x0000, 0x0000,
  0x0000, 0x0000, 0x0000, 0x0000, 0x0000, 0x0000, 0x0000, 0x0000,
  0x0000, 0x0000, 0x0000, 0x0000, 0x0000, 0x0000, 0x0000, 0x0000,
  0x0000, 0x0000, 0x0000, 0x0000, 0x0000, 0x0000, 0x0000, 0x0000,
  0x05AA, 0x0000, 0x9344, 0xF567, 0xF567, 0xF334, 0xF456, 0xF556,
  0xF556, 0xF556, 0xF556, 0xF556, 0xF556, 0xF556, 0xF567, 0xF567,
  0xF455, 0xC334, 0x6112, 0x0000, 0x0000, 0x0000, 0x0777, 0x0000,
  0x0000, 0x0000, 0x0000, 0x0000, 0x0000, 0x0000, 0x0000, 0x0000,
  0x0000, 0x0000, 0x0000, 0x0000, 0x0000, 0x0000, 0x0000, 0x4000,
  0xF345, 0xF445, 0xF334, 0xF334, 0xF334, 0xF334, 0xF334, 0xF334,
  0xF334, 0xF334, 0xF334, 0xF334, 0xF334, 0xF456, 0x7112, 0x0000,
  0x0FFF, 0x0000, 0x9556, 0xFCDD, 0xFDEE, 0xFDDE, 0xFCDD, 0xFCDD,
  0xFCDD, 0xFCDD, 0xFDDE, 0xF99A, 0xF557, 0xF668, 0xF667, 0xF667,
  0xF667, 0xF668, 0xF667, 0xF557, 0xF557, 0xF779, 0xFCDD, 0xFBBB,
  0x7334, 0x0000, 0x0000, 0x0FFF, 0x1FFF, 0x3A9B, 0x7779, 0x8778,
  0xD768, 0xE778, 0xC778, 0x7A9A, 0x0FFF, 0x0000, 0x0FFF, 0x0000,
  0x0000, 0x0000, 0x0000, 0x0000, 0x0000, 0x0000, 0x0000, 0x0000,
  0x0000, 0x0000, 0x0000, 0x0000, 0x0000, 0x0000, 0x0000, 0x0000,
  0x0000, 0x0000, 0x0000, 0x0000, 0x0000, 0x0000, 0x0000, 0x0000,
  0x0000, 0x0000, 0x0000, 0x0000, 0x0000, 0x0000, 0x0000, 0x0000,
  0x0000, 0x0000, 0xE334, 0xF567, 0xF456, 0xF344, 0xF567, 0xF556,
  0xF556, 0xF556, 0xF556, 0xF556, 0xF567, 0xF556, 0xE345, 0xA233,
  0x4000, 0x0000, 0x0000, 0x0000, 0x0004, 0x0000, 0x0000, 0x0000,
  0x0000, 0x0000, 0x0000, 0x0000, 0x0000, 0x0000, 0x0000, 0x0000,
  0x0000, 0x0000, 0x0000, 0x0000, 0x0000, 0x0000, 0x0000, 0x0000,
  0x4011, 0xF345, 0xF445, 0xF334, 0xF334, 0xF334, 0xF334, 0xF334,
  0xF334, 0xF334, 0xF334, 0xF334, 0xF445, 0xE334, 0x1000, 0x0000,
  0x0000, 0x0FFF, 0x0000, 0x6444, 0xD889, 0xFCCC, 0xFDEE, 0xFDEE,
  0xFDDD, 0xFDDE, 0xFCCD, 0xF668, 0xF657, 0xF667, 0xF657, 0xF557,
  0xF557, 0xF557, 0xF557, 0xF667, 0xF668, 0xF658, 0xF556, 0x6333,
  0x0000, 0x0CCC, 0x0666, 0x0000, 0x0000, 0x0000, 0x0000, 0x0000,
  0x0666, 0x1667, 0x0000, 0x0000, 0x0000, 0x0FFF, 0x0000, 0x0000,
  0x0000, 0x0000, 0x0000, 0x0000, 0x0000, 0x0000, 0x0000, 0x0000,
  0x0000, 0x0000, 0x0000, 0x0000, 0x0000, 0x0000, 0x0000, 0x0000,
  0x0000, 0x0000, 0x0000, 0x0000, 0x0000, 0x0000, 0x0000, 0x0000,
  0x0000, 0x0000, 0x0000, 0x0000, 0x0000, 0x0000, 0x0000, 0x0000,
  0x0FFF, 0x3000, 0xF445, 0xF567, 0xF445, 0xF445, 0xF556, 0xF556,
  0xF556, 0xF567, 0xF556, 0xF445, 0xD334, 0x7222, 0x2000, 0x0000,
  0x0000, 0x0000, 0x0000, 0x0000, 0x0000, 0x0000, 0x0000, 0x0000,
  0x0000, 0x0000, 0x0000, 0x0000, 0x0000, 0x0000, 0x0000, 0x0000,
  0x0000, 0x0000, 0x0000, 0x0000, 0x0000, 0x0000, 0x0000, 0x0004,
  0x0000, 0x4000, 0xE344, 0xF445, 0xF334, 0xF334, 0xF334, 0xF334,
  0xF334, 0xF334, 0xF334, 0xF434, 0xF334, 0x4111, 0x0000, 0x0000,
  0x0000, 0x0000, 0x0000, 0x0000, 0x1000, 0x6222, 0xA888, 0xE999,
  0xFBCC, 0xFDDD, 0xFCCD, 0xF668, 0xF668, 0xF668, 0xF668, 0xF668,
  0xF668, 0xF668, 0xF668, 0xF668, 0xF667, 0xD445, 0x3000, 0x0000,
  0x0AAA, 0x0000, 0x0000, 0x0FFF, 0x0FFF, 0x0777, 0x0666, 0x0777,
  0x0000, 0x0000, 0x0000, 0x0B7B, 0x0FFF, 0x0000, 0x0000, 0x0000,
  0x0000, 0x0000, 0x0000, 0x0000, 0x0000, 0x0000, 0x0000, 0x0000,
  0x0000, 0x0000, 0x0000, 0x0000, 0x0000, 0x0000, 0x0000, 0x0000,
  0x0000, 0x0000, 0x0000, 0x0000, 0x0000, 0x0000, 0x0000, 0x0000,
  0x0000, 0x0000, 0x0000, 0x0000, 0x0000, 0x0000, 0x0000, 0x0000,
  0x0000, 0xB223, 0xF556, 0xF567, 0xF334, 0xF556, 0xF567, 0xF557,
  0xF456, 0xE334, 0x8233, 0x4000, 0x0000, 0x0000, 0x0000, 0x0777,
  0x0000, 0x0000, 0x0000, 0x0000, 0x0000, 0x0000, 0x0000, 0x0000,
  0x0000, 0x0000, 0x0000, 0x0000, 0x0000, 0x0000, 0x0000, 0x0000,
  0x0000, 0x0000, 0x0000, 0x0000, 0x0000, 0x0000, 0x0000, 0x0000,
  0x0000, 0x0000, 0x2000, 0xB233, 0xF445, 0xF434, 0xF334, 0xF334,
  0xF334, 0xF334, 0xF445, 0xF334, 0x4111, 0x0000, 0x0005, 0x0000,
  0x0000, 0x0000, 0x0000, 0x0444, 0x0000, 0x0000, 0x0000, 0x1000,
  0x6222, 0x8556, 0xB888, 0xF334, 0xF435, 0xF445, 0xF445, 0xF445,
  0xF445, 0xF334, 0xF334, 0xC445, 0x8222, 0x2000, 0x0000, 0x0444,
  0x0000, 0x0000, 0x0000, 0x0000, 0x0000, 0x0000, 0x0000, 0x0000,
  0x0000, 0x000F, 0x0000, 0x0000, 0x0000, 0x0000, 0x0000, 0x0000,
  0x0000, 0x0000, 0x0000, 0x0000, 0x0000, 0x0000, 0x0000, 0x0000,
  0x0000, 0x0000, 0x0000, 0x0000, 0x0000, 0x0000, 0x0000, 0x0000,
  0x0000, 0x0000, 0x0000, 0x0000, 0x0000, 0x0000, 0x0000, 0x0000,
  0x0000, 0x0000, 0x0000, 0x0000, 0x0000, 0x0000, 0x0000, 0x0000,
  0x8222, 0xF556, 0xF567, 0xF345, 0xF345, 0xF456, 0xE334, 0x9333,
  0x5111, 0x1000, 0x0000, 0x0000, 0x0000, 0x0444, 0x0000, 0x0000,
  0x0000, 0x0000, 0x0000, 0x0000, 0x0000, 0x0000, 0x0000, 0x0000,
  0x0000, 0x0000, 0x0000, 0x0000, 0x0000, 0x0000, 0x0000, 0x0000,
  0x0000, 0x0000, 0x0000, 0x0000, 0x0000, 0x0000, 0x0000, 0x0000,
  0x0000, 0x0000, 0x0000, 0x0000, 0x8223, 0xF445, 0xF456, 0xF445,
  0xF445, 0xF445, 0xB333, 0x3000, 0x0000, 0x0004, 0x0000, 0x0000,
  0x0000, 0x0000, 0x0000, 0x0000, 0x0000, 0x0000, 0x0000, 0x0000,
  0x0000, 0x0000, 0x0000, 0x0000, 0x0000, 0x0000, 0x0000, 0x0000,
  0x0000, 0x0000, 0x0000, 0x0000, 0x0000, 0x0000, 0x0000, 0x0000,
  0x0000, 0x0000, 0x0000, 0x0000, 0x0000, 0x0000, 0x0000, 0x0000,
  0x0000, 0x0000, 0x0000, 0x0000, 0x0000, 0x0000, 0x0000, 0x0000,
  0x0000, 0x0000, 0x0000, 0x0000, 0x0000, 0x0000, 0x0000, 0x0000,
  0x0000, 0x0000, 0x0000, 0x0000, 0x0000, 0x0000, 0x0000, 0x0000,
  0x0000, 0x0000, 0x0000, 0x0000, 0x0000, 0x0000, 0x0000, 0x0000,
  0x0000, 0x0000, 0x0000, 0x0000, 0x0000, 0x0000, 0x1556, 0xC345,
  0xF456, 0xF344, 0xE233, 0x9222, 0x8122, 0x4111, 0x1000, 0x0000,
  0x0000, 0x0000, 0x0555, 0x0000, 0x0000, 0x0000, 0x0000, 0x0000,
  0x0000, 0x0000, 0x0000, 0x0000, 0x0000, 0x0000, 0x0000, 0x0000,
  0x0000, 0x0000, 0x0000, 0x0000, 0x0000, 0x0000, 0x0000, 0x0000,
  0x0000, 0x0000, 0x0000, 0x0000, 0x0000, 0x0000, 0x0000, 0x0000,
  0x0000, 0x0000, 0x0000, 0x0777, 0x0000, 0x5011, 0xD334, 0xE334,
  0x9233, 0x5111, 0x0000, 0x0000, 0x0000, 0x0000, 0x0000, 0x0000,
  0x0000, 0x0000, 0x0000, 0x0000, 0x0000, 0x0000, 0x0000, 0x0000,
  0x0000, 0x0000, 0x0000, 0x0000, 0x0000, 0x0000, 0x0000, 0x0000,
  0x0000, 0x0000, 0x0000, 0x0000, 0x0000, 0x0000, 0x0000, 0x0000,
  0x0000, 0x0000, 0x0000, 0x0000, 0x0000, 0x0000, 0x0000, 0x0000,
  0x0000, 0x0000, 0x0000, 0x0000, 0x0000, 0x0000, 0x0000, 0x0000,
  0x0000, 0x0000, 0x0000, 0x0000, 0x0000, 0x0000, 0x0000, 0x0000,
  0x0000, 0x0000, 0x0000, 0x0000, 0x0000, 0x0000, 0x0000, 0x0000,
  0x0000, 0x0000, 0x0000, 0x0000, 0x0000, 0x0000, 0x0000, 0x0000,
  0x0000, 0x0000, 0x0000, 0x0000, 0x0000, 0x0000, 0x0000, 0x0000,
  0x0000, 0x0000, 0x0000, 0x0000, 0x0000, 0x0000, 0x0000, 0x0000,
  0x2221, 0x5AA7, 0x0000, 0x0000, 0x0FFF, 0x0000, 0x0000, 0x0000,
  0x0000, 0x0000, 0x0000, 0x0000, 0x0000, 0x0000, 0x0555, 0x0000,
  0x6334, 0xA666, 0x3000, 0x0000, 0x0000, 0x0000, 0x0FFF, 0x0000,
  0x0000, 0x0000, 0x0000, 0x0000, 0x0000, 0x0000, 0x0000, 0x1000,
  0xB666, 0xFCBB, 0xEBAA, 0x9655, 0x1000, 0x0000, 0x0FFA, 0x0000,
  0x0000, 0x0000, 0x0000, 0x0000, 0x0000, 0x0000, 0x0000, 0x0000,
  0x0000, 0x0000, 0x0000, 0x0000, 0x0000, 0x0000, 0x0000, 0x0000,
  0x0000, 0x0000, 0x0000, 0x0000, 0x0000, 0x0000, 0x0000, 0x0000,
  0x0000, 0x0000, 0x0000, 0x0000, 0x0000, 0x0000, 0x0000, 0x0000,
  0x0000, 0x0000, 0x0000, 0x0000, 0x0000, 0x0000, 0x0000, 0x0000,
  0x0000, 0x0000, 0x0000, 0x0000, 0x0000, 0x0000, 0x0000, 0x0000,
  0x0000, 0x0000, 0x0000, 0x0000, 0x0000, 0x0000, 0x0000, 0x0000,
  0x0000, 0x0000, 0x0000, 0x0000, 0x0000, 0x0000, 0x0000, 0x0000,
  0x0000, 0x0000, 0x0000, 0x0000, 0x0000, 0x0000, 0x0000, 0x0000,
  0x0000, 0x0000, 0x0000, 0x0000, 0x0000, 0x0000, 0x0000, 0x0000,
  0x0000, 0x0000, 0x0000, 0x0000, 0x0000, 0x0000, 0x0000, 0x0555,
  0x0000, 0x6665, 0xACC9, 0x0000, 0x0FFF, 0x0FFF, 0x0000, 0x0000,
  0x0000, 0x0000, 0x0000, 0x0000, 0x0000, 0x0000, 0x0FFF, 0x1000,
  0xD222, 0xFAAB, 0xFBBB, 0xB788, 0x7334, 0x2000, 0x0000, 0x0000,
  0x0000, 0x0000, 0x0000, 0x0000, 0x0000, 0x0000, 0x0000, 0xB666,
  0xFEED, 0xFFFE, 0xFFFE, 0xFFED, 0xCA99, 0x3433, 0x0000, 0x0FFF,
  0x0000, 0x0000, 0x0000, 0x0000, 0x0000, 0x0000, 0x0000, 0x0000,
  0x0000, 0x0000, 0x0000, 0x0000, 0x0000, 0x0000, 0x0000, 0x0000,
  0x0000, 0x0000, 0x0000, 0x0000, 0x0000, 0x0000, 0x0000, 0x0000,
  0x0000, 0x0000, 0x0000, 0x0000, 0x0000, 0x0000, 0x0000, 0x0000,
  0x0000, 0x0000, 0x0000, 0x0000, 0x0000, 0x0000, 0x0000, 0x0000,
  0x0000, 0x0000, 0x0000, 0x0000, 0x0000, 0x0000, 0x0000, 0x0000,
  0x0000, 0x0000, 0x0000, 0x0000, 0x0000, 0x0000, 0x0000, 0x0000,
  0x0000, 0x0000, 0x0000, 0x0000, 0x0000, 0x0000, 0x0000, 0x0000,
  0x0000, 0x0000, 0x0000, 0x0000, 0x0000, 0x0000, 0x0000, 0x0000,
  0x0000, 0x0000, 0x0000, 0x0000, 0x0000, 0x0000, 0x0000, 0x0000,
  0x0000, 0x0000, 0x0000, 0x0000, 0x0000, 0x0000, 0x0000, 0x0000,
  0x0FFA, 0x0000, 0xAAA8, 0xAFFC, 0x0000, 0x0FFF, 0x0FFF, 0x0000,
  0x0000, 0x0000, 0x0000, 0x0000, 0x0000, 0x0000, 0x0000, 0x6000,
  0xF222, 0xF333, 0xF99A, 0xFEEF, 0xFCCD, 0xEAAA, 0xB778, 0x3111,
  0x0000, 0x0007, 0x0000, 0x0000, 0x0000, 0x0000, 0x0000, 0xFBBA,
  0xFFFE, 0xFFED, 0xFFED, 0xFFEE, 0xFFFE, 0xFCCB, 0x7666, 0x0000,
  0x0000, 0x0AAA, 0x0000, 0x0000, 0x0000, 0x0000, 0x0000, 0x0000,
  0x0000, 0x0000, 0x0000, 0x0000, 0x0000, 0x0000, 0x0000, 0x0000,
  0x0000, 0x0000, 0x0000, 0x0000, 0x0000, 0x0000, 0x0000, 0x0000,
  0x0000, 0x0000, 0x0000, 0x0000, 0x0000, 0x0000, 0x0000, 0x0000,
  0x0000, 0x0000, 0x0000, 0x0000, 0x0000, 0x0000, 0x0000, 0x0000,
  0x0000, 0x0000, 0x0000, 0x0000, 0x0000, 0x0000, 0x0000, 0x0000,
  0x0000, 0x0000, 0x0000, 0x0000, 0x0000, 0x0000, 0x0000, 0x0000,
  0x0000, 0x0000, 0x0000, 0x0000, 0x0000, 0x0000, 0x0000, 0x0000,
  0x0000, 0x0000, 0x0000, 0x0000, 0x0000, 0x0000, 0x0000, 0x0000,
  0x0000, 0x0000, 0x0000, 0x0000, 0x0000, 0x0000, 0x0000, 0x0000,
  0x0000, 0x0000, 0x0000, 0x0000, 0x0000, 0x0000, 0x0000, 0x0000,
  0x0770, 0x0FFF, 0x2111, 0xFDDB, 0x9FFC, 0x0000, 0x0FFB, 0x0000,
  0x0000, 0x0000, 0x0000, 0x0000, 0x0000, 0x0000, 0x0000, 0xC111,
  0xF223, 0xF334, 0xF333, 0xF9AA, 0xFEEE, 0xFDEE, 0xFBBC, 0x3222,
  0x0000, 0x0007, 0x0000, 0x0000, 0x0000, 0x0000, 0x0000, 0xD988,
  0xFFFE, 0xFFED, 0xFFED, 0xFFED, 0xFFED, 0xFFFE, 0xFEED, 0xB988,
  0x2000, 0x0000, 0x0000, 0x0555, 0x0000, 0x0000, 0x0000, 0x0000,
  0x0000, 0x0000, 0x0000, 0x0000, 0x0000, 0x0000, 0x0000, 0x0000,
  0x0000, 0x0000, 0x0000, 0x0000, 0x0000, 0x0000, 0x0000, 0x0000,
  0x0000, 0x0000, 0x0000, 0x0000, 0x0000, 0x0000, 0x0000, 0x0000,
  0x0000, 0x0000, 0x0000, 0x0000, 0x0000, 0x0000, 0x0000, 0x0000,
  0x0000, 0x0000, 0x0000, 0x0000, 0x0000, 0x0000, 0x0000, 0x0000,
  0x0000, 0x0000, 0x0000, 0x0000, 0x0000, 0x0000, 0x0000, 0x0000,
  0x0000, 0x0000, 0x0000, 0x0000, 0x0000, 0x0000, 0x0000, 0x0000,
  0x0000, 0x0000, 0x0000, 0x0000, 0x0000, 0x0000, 0x0000, 0x0000,
  0x0000, 0x0000, 0x0000, 0x0000, 0x0000, 0x0000, 0x0000, 0x0000,
  0x0000, 0x0000, 0x0000, 0x0000, 0x0000, 0x0000, 0x0000, 0x0000,
  0x0000, 0x0FFF, 0x0000, 0xBAA8, 0xFFFD, 0x6FFB, 0x0000, 0x0FFB,
  0x0000, 0x0000, 0x0000, 0x0000, 0x0000, 0x0000, 0x3000, 0xF111,
  0xF333, 0xF334, 0xF334, 0xF333, 0xFAAB, 0xFEEE, 0xB778, 0x0000,
  0x0FFF, 0x0000, 0x0000, 0x0000, 0x0000, 0x0000, 0x0000, 0x4222,
  0xEBAA, 0xFFFE, 0xFFED, 0xFFED, 0xFFED, 0xFFED, 0xFFEE, 0xFFFE,
  0xEBBA, 0x7655, 0x1000, 0x0000, 0x0FFF, 0x0000, 0x0000, 0x0000,
  0x0000, 0x0000, 0x0000, 0x0000, 0x0000, 0x0000, 0x0000, 0x0000,
  0x0000, 0x0000, 0x0000, 0x0000, 0x0000, 0x0000, 0x0000, 0x0000,
  0x0000, 0x0000, 0x0000, 0x0000, 0x0000, 0x0000, 0x0000, 0x0000,
  0x0000, 0x0000, 0x0000, 0x0000, 0x0000, 0x0000, 0x0000, 0x0000,
  0x0000, 0x0000, 0x0000, 0x0000, 0x0000, 0x0000, 0x0000, 0x0000,
  0x0000, 0x0000, 0x0000, 0x0000, 0x0000, 0x0000, 0x0000, 0x0000,
  0x0000, 0x0000, 0x0000, 0x0000, 0x0000, 0x0000, 0x0000, 0x0000,
  0x0000, 0x0000, 0x0000, 0x0000, 0x0000, 0x0000, 0x0000, 0x0000,
  0x0000, 0x0000, 0x0000, 0x0000, 0x0000, 0x0000, 0x0000, 0x0000,
  0x0000, 0x0000, 0x0000, 0x0000, 0x0000, 0x0000, 0x0000, 0x0000,
  0x0000, 0x0666, 0x0000, 0x9543, 0xFFFC, 0xEFFC, 0x4FFB, 0x0000,
  0x0FF7, 0x0000, 0x0000, 0x0000, 0x0000, 0x0000, 0x9001, 0xF222,
  0xF334, 0xF334, 0xF334, 0xF333, 0xF444, 0xFBBB, 0x5444, 0x0000,
  0x0444, 0x0000, 0x0000, 0x0000, 0x0000, 0x0000, 0x0000, 0x0000,
  0x4222, 0xEBBA, 0xFFFE, 0xFFED, 0xFFED, 0xFFED, 0xFFED, 0xFFED,
  0xFFFE, 0xFEED, 0xC998, 0x4322, 0x0000, 0x0000, 0x0AAA, 0x0000,
  0x0000, 0x0000, 0x0000, 0x0000, 0x0000, 0x0000, 0x0000, 0x0000,
  0x0000, 0x0000, 0x0000, 0x0000, 0x0000, 0x0000, 0x0000, 0x0000,
  0x0000, 0x0000, 0x0000, 0x0000, 0x0000, 0x0000, 0x0000, 0x0000,
  0x0000, 0x0000, 0x0000, 0x0000, 0x0000, 0x0000, 0x0000, 0x0000,
  0x0000, 0x0000, 0x0000, 0x0000, 0x0000, 0x0000, 0x0000, 0x0000,
  0x0000, 0x0000, 0x0000, 0x0000, 0x0000, 0x0000, 0x0000, 0x0000,
  0x0000, 0x0000, 0x0000, 0x0000, 0x0000, 0x0000, 0x0000, 0x0000,
  0x0000, 0x0000, 0x0000, 0x0000, 0x0000, 0x0000, 0x0000, 0x0000,
  0x0000, 0x0000, 0x0000, 0x0000, 0x0000, 0x0000, 0x0000, 0x0000,
  0x0000, 0x0000, 0x0000, 0x0000, 0x0000, 0x0000, 0x0000, 0x0000,
  0x0000, 0x0774, 0x0000, 0x8432, 0xFEC8, 0xFFEB, 0xDFFC, 0x1FFC,
  0x0FFF, 0x0FFF, 0x0000, 0x0000, 0x0000, 0x0000, 0xE111, 0xF223,
  0xF334, 0xF334, 0xF334, 0xF334, 0xF334, 0xE334, 0x1666, 0x0000,
  0x0000, 0x0000, 0x0000, 0x0000, 0x0000, 0x0000, 0x0000, 0x0777,
  0x0000, 0x4111, 0xEBAA, 0xFFFE, 0xFFED, 0xFFED, 0xFFED, 0xFFED,
  0xFFED, 0xFFEE, 0xFFFE, 0xFCCB, 0xA777, 0x2000, 0x0000, 0x0000,
  0x0AAA, 0x0000, 0x0000, 0x0000, 0x0000, 0x0000, 0x0000, 0x0000,
  0x0000, 0x0000, 0x0000, 0x0000, 0x0000, 0x0000, 0x0000, 0x0000,
  0x0000, 0x0000, 0x0000, 0x0000, 0x0000, 0x0000, 0x0000, 0x0000,
  0x0000, 0x0000, 0x0000, 0x0000, 0x0000, 0x0000, 0x0000, 0x0000,
  0x0000, 0x0000, 0x0000, 0x0000, 0x0000, 0x0000, 0x0000, 0x0000,
  0x0000, 0x0000, 0x0000, 0x0000, 0x0000, 0x0000, 0x0000, 0x0000,
  0x0000, 0x0000, 0x0000, 0x0000, 0x0000, 0x0000, 0x0000, 0x0000,
  0x0000, 0x0000, 0x0000, 0x0000, 0x0000, 0x0000, 0x0000, 0x0000,
  0x0000, 0x0000, 0x0000, 0x0000, 0x0000, 0x0000, 0x0000, 0x0000,
  0x0000, 0x0000, 0x0000, 0x0000, 0x0000, 0x0000, 0x0000, 0x0000,
  0x0000, 0x0777, 0x0000, 0x3653, 0xFDB8, 0xFEC8, 0xFFFC, 0x9FFC,
  0x0000, 0x0FFB, 0x0000, 0x0000, 0x0000, 0x4000, 0xF111, 0xF333,
  0xF334, 0xF334, 0xF334, 0xF334, 0xF344, 0x9111, 0x0000, 0x0444,
  0x0000, 0x0000, 0x0000, 0x0000, 0x0000, 0x0000, 0x0000, 0x0000,
  0x0777, 0x0000, 0x3000, 0xDA99, 0xFFFE, 0xFFEE, 0xFFED, 0xFFED,
  0xFFED, 0xFFED, 0xFFED, 0xFFFE, 0xFFFE, 0xEBAA, 0x8655, 0x1000,
  0x0000, 0x0000, 0x0AAA, 0x0000, 0x0000, 0x0000, 0x0000, 0x0000,
  0x0000, 0x0000, 0x0000, 0x0000, 0x0000, 0x0000, 0x0000, 0x0000,
  0x0000, 0x0000, 0x0000, 0x0000, 0x0000, 0x0000, 0x0000, 0x0000,
  0x0000, 0x0000, 0x0000, 0x0000, 0x0000, 0x0000, 0x0000, 0x0000,
  0x0000, 0x0000, 0x0000, 0x0000, 0x0000, 0x0000, 0x0000, 0x0000,
  0x0000, 0x0000, 0x0000, 0x0000, 0x0000, 0x0000, 0x0000, 0x0000,
  0x0000, 0x0000, 0x0000, 0x0000, 0x0000, 0x0000, 0x0000, 0x0000,
  0x0000, 0x0000, 0x0000, 0x0000, 0x0000, 0x0000, 0x0000, 0x0000,
  0x0000, 0x0000, 0x0000, 0x0000, 0x0000, 0x0000, 0x0000, 0x0000,
  0x0000, 0x0000, 0x0000, 0x0000, 0x0000, 0x0000, 0x0000, 0x0000,
  0x0000, 0x0777, 0x0000, 0x2543, 0xFCA7, 0xFEC8, 0xFEC8, 0xFFEB,
  0x2FFD, 0x0000, 0x0000, 0x0000, 0x0000, 0x8111, 0xF222, 0xF334,
  0xF334, 0xF334, 0xF334, 0xF333, 0xF222, 0x3111, 0x0000, 0x0000,
  0x0000, 0x0000, 0x0000, 0x0000, 0x0000, 0x0000, 0x0000, 0x0000,
  0x0000, 0x0555, 0x0000, 0x2000, 0xAAA9, 0xFFEE, 0xFFFE, 0xFFED,
  0xFFED, 0xFFED, 0xFFED, 0xFFED, 0xFFED, 0xFFFE, 0xFFED, 0xEAA9,
  0x8655, 0x2000, 0x0000, 0x0000, 0x0AAA, 0x0000, 0x0000, 0x0000,
  0x0000, 0x0000, 0x0000, 0x0000, 0x0000, 0x0000, 0x0000, 0x0000,
  0x0000, 0x0000, 0x0000, 0x0000, 0x0000, 0x0000, 0x0000, 0x0000,
  0x0000, 0x0000, 0x0000, 0x0000, 0x0000, 0x0000, 0x0000, 0x0000,
  0x0000, 0x0000, 0x0000, 0x0000, 0x0000, 0x0000, 0x0000, 0x0000,
  0x0000, 0x0000, 0x0000, 0x0000, 0x0000, 0x0000, 0x0000, 0x0000,
  0x0000, 0x0000, 0x0000, 0x0000, 0x0000, 0x0000, 0x0000, 0x0000,
  0x0000, 0x0000, 0x0000, 0x0000, 0x0000, 0x0000, 0x0000, 0x0000,
  0x0000, 0x0000, 0x0000, 0x0000, 0x0000, 0x0000, 0x0000, 0x0000,
  0x0000, 0x0000, 0x0000, 0x0000, 0x0000, 0x0000, 0x0000, 0x0000,
  0x0000, 0x0555, 0x0000, 0x3654, 0xFDB8, 0xFEC8, 0xFEC8, 0xFFD9,
  0x9FEA, 0x0FFF, 0x0000, 0x0000, 0x0000, 0xD111, 0xF223, 0xF334,
  0xF334, 0xF334, 0xF334, 0xF223, 0xB111, 0x0000, 0x0777, 0x0000,
  0x0000, 0x0000, 0x0000, 0x0000, 0x0000, 0x0000, 0x0000, 0x0000,
  0x0000, 0x0000, 0x0555, 0x0000, 0x0000, 0x8988, 0xFEDD, 0xFFFE,
  0xFFED, 0xFFED, 0xFFED, 0xFFED, 0xFFED, 0xFFED, 0xFFEE, 0xFFFE,
  0xFFED, 0xEAA9, 0x8555, 0x2000, 0x0000, 0x0000, 0x0777, 0x0000,
  0x0000, 0x0000, 0x0000, 0x0000, 0x0000, 0x0000, 0x0000, 0x0000,
  0x0000, 0x0000, 0x0000, 0x0000, 0x0000, 0x0000, 0x0000, 0x0000,
  0x0000, 0x0000, 0x0000, 0x0000, 0x0000, 0x0000, 0x0000, 0x0000,
  0x0000, 0x0000, 0x0000, 0x0000, 0x0000, 0x0000, 0x0000, 0x0000,
  0x0000, 0x0000, 0x0000, 0x0000, 0x0000, 0x0000, 0x0000, 0x0000,
  0x0000, 0x0000, 0x0000, 0x0000, 0x0000, 0x0000, 0x0000, 0x0000,
  0x0000, 0x0000, 0x0000, 0x0000, 0x0000, 0x0000, 0x0000, 0x0000,
  0x0000, 0x0000, 0x0000, 0x0000, 0x0000, 0x0000, 0x0000, 0x0000,
  0x0000, 0x0000, 0x0000, 0x0000, 0x0000, 0x0000, 0x0000, 0x0000,
  0x0000, 0x0774, 0x0000, 0x7432, 0xFEC8, 0xFEC8, 0xFEC8, 0xFEC8,
  0xEEC8, 0x1FFC, 0x0000, 0x0000, 0x2333, 0xF333, 0xF333, 0xF334,
  0xF334, 0xF334, 0xF333, 0xF122, 0x6111, 0x0000, 0x0000, 0x0000,
  0x0000, 0x0000, 0x0000, 0x0000, 0x0000, 0x0000, 0x0000, 0x0000,
  0x0000, 0x0000, 0x0000, 0x0000, 0x0FFF, 0x0000, 0x6766, 0xFDCC,
  0xFFFE, 0xFFED, 0xFFED, 0xFFED, 0xFFED, 0xFFED, 0xFFED, 0xFFED,
  0xFFEE, 0xFFFE, 0xFEED, 0xEAA9, 0x8555, 0x1000, 0x0000, 0x0AAA,
  0x0000, 0x0000, 0x0000, 0x0000, 0x0000, 0x0000, 0x0000, 0x0000,
  0x0000, 0x0000, 0x0000, 0x0000, 0x0000, 0x0000, 0x0000, 0x0000,
  0x0000, 0x0000, 0x0000, 0x0000, 0x0000, 0x0000, 0x0000, 0x0000,
  0x0000, 0x0000, 0x0000, 0x0000, 0x0000, 0x0000, 0x0000, 0x0000,
  0x0000, 0x0000, 0x0000, 0x0000, 0x0000, 0x0000, 0x0000, 0x0000,
  0x0000, 0x0000, 0x0000, 0x0000, 0x0000, 0x0000, 0x0000, 0x0000,
  0x0000, 0x0000, 0x0000, 0x0000, 0x0000, 0x0000, 0x0000, 0x0000,
  0x0000, 0x0000, 0x0000, 0x0000, 0x0000, 0x0000, 0x0000, 0x0000,
  0x0000, 0x0000, 0x0000, 0x0000, 0x0000, 0x0000, 0x0000, 0x0000,
  0x0000, 0x0663, 0x0000, 0x9543, 0xFEC8, 0xFEC8, 0xFEC8, 0xFEC8,
  0xFDB8, 0x6322, 0x0000, 0x0000, 0x6111, 0xF666, 0xF666, 0xF333,
  0xF334, 0xF334, 0xF223, 0xE111, 0x1000, 0x0000, 0x0000, 0x0000,
  0x0000, 0x0000, 0x0000, 0x0000, 0x0000, 0x0000, 0x0000, 0x0000,
  0x0000, 0x0000, 0x0000, 0x0000, 0x0000, 0x0FFF, 0x0000, 0x4444,
  0xEBBA, 0xFFFE, 0xFFED, 0xFFED, 0xFFED, 0xFFED, 0xFFED, 0xFFED,
  0xFFED, 0xFFED, 0xFFEE, 0xFFFE, 0xFFED, 0xDA99, 0x4222, 0x0000,
  0x0FFF, 0x0000, 0x0000, 0x0000, 0x0000, 0x0000, 0x0000, 0x0000,
  0x0000, 0x0000, 0x0000, 0x0000, 0x0000, 0x0000, 0x0000, 0x0000,
  0x0000, 0x0000, 0x0000, 0x0000, 0x0000, 0x0000, 0x0000, 0x0000,
  0x0000, 0x0000, 0x0000, 0x0000, 0x0000, 0x0000, 0x0000, 0x0000,
  0x0000, 0x0000, 0x0000, 0x0000, 0x0000, 0x0000, 0x0000, 0x0000,
  0x0000, 0x0000, 0x0000, 0x0000, 0x0000, 0x0000, 0x0000, 0x0000,
  0x0000, 0x0000, 0x0000, 0x0000, 0x0000, 0x0000, 0x0000, 0x0000,
  0x0000, 0x0000, 0x0000, 0x0000, 0x0000, 0x0000, 0x0000, 0x0000,
  0x0000, 0x0000, 0x0000, 0x0000, 0x0000, 0x0000, 0x0000, 0x0000,
  0x0000, 0x0FFF, 0x0000, 0xC986, 0xFFC9, 0xFEC8, 0xFEC8, 0xFEC8,
  0xFEC8, 0x8875, 0x0777, 0x0000, 0x8222, 0xF889, 0xFCDD, 0xF444,
  0xF333, 0xF334, 0xF222, 0x9111, 0x0000, 0x0005, 0x0000, 0x0000,
  0x0000, 0x0000, 0x0000, 0x0000, 0x0000, 0x0000, 0x0000, 0x0000,
  0x0000, 0x0000, 0x0000, 0x0000, 0x0000, 0x0000, 0x0BBB, 0x0000,
  0x3111, 0xDAA9, 0xFFFE, 0xFFEE, 0xFFED, 0xFFED, 0xFFED, 0xFFED,
  0xFFED, 0xFFED, 0xFFED, 0xFFED, 0xFFEE, 0xFFFE, 0xFCBB, 0x7544,
  0x0000, 0x0000, 0x0000, 0x0000, 0x0000, 0x0000, 0x0000, 0x0000,
  0x0000, 0x0000, 0x0000, 0x0000, 0x0000, 0x0000, 0x0000, 0x0000,
  0x0000, 0x0000, 0x0000, 0x0000, 0x0000, 0x0000, 0x0000, 0x0000,
  0x0000, 0x0000, 0x0000, 0x0000, 0x0000, 0x0000, 0x0000, 0x0000,
  0x0000, 0x0000, 0x0000, 0x0000, 0x0000, 0x0000, 0x0000, 0x0000,
  0x0000, 0x0000, 0x0000, 0x0000, 0x0000, 0x0000, 0x0000, 0x0000,
  0x0000, 0x0000, 0x0000, 0x0000, 0x0000, 0x0000, 0x0000, 0x0000,
  0x0000, 0x0000, 0x0000, 0x0000, 0x0000, 0x0000, 0x0000, 0x0000,
  0x0000, 0x0000, 0x0000, 0x0000, 0x0000, 0x0000, 0x0000, 0x0000,
  0x0555, 0x0000, 0x3221, 0xFBA7, 0xFEC9, 0xFEC8, 0xFEC8, 0xFEC8,
  0xFFD9, 0xC985, 0x0000, 0x0000, 0xC333, 0xF99A, 0xFEEE, 0xF99A,
  0xF333, 0xF334, 0xF112, 0x6000, 0x0000, 0x0000, 0x0000, 0x0000,
  0x0000, 0x0000, 0x0000, 0x0000, 0x0000, 0x0000, 0x0000, 0x0000,
  0x0000, 0x0000, 0x0000, 0x0000, 0x0000, 0x0000, 0x0000, 0x0777,
  0x0000, 0x2000, 0xC998, 0xFFFE, 0xFFEE, 0xFFED, 0xFFED, 0xFFED,
  0xFFED, 0xFFED, 0xFFED, 0xFFED, 0xFFED, 0xFFED, 0xFFFE, 0xFEDC,
  0xA766, 0x1000, 0x0000, 0x0777, 0x0000, 0x0000, 0x0000, 0x0000,
  0x0000, 0x0000, 0x0000, 0x0000, 0x0000, 0x0000, 0x0000, 0x0000,
  0x0000, 0x0000, 0x0000, 0x0000, 0x0000, 0x0000, 0x0000, 0x0000,
  0x0000, 0x0000, 0x0000, 0x0000, 0x0000, 0x0000, 0x0000, 0x0000,
  0x0000, 0x0000, 0x0000, 0x0000, 0x0000, 0x0000, 0x0000, 0x0000,
  0x0000, 0x0000, 0x0000, 0x0000, 0x0000, 0x0000, 0x0000, 0x0000,
  0x0000, 0x0000, 0x0000, 0x0000, 0x0000, 0x0000, 0x0000, 0x0000,
  0x0000, 0x0000, 0x0000, 0x0000, 0x0000, 0x0000, 0x0000, 0x0000,
  0x0000, 0x0000, 0x0000, 0x0000, 0x0000, 0x0000, 0x0000, 0x0000,
  0x0B77, 0x0000, 0xA654, 0xFFC9, 0xFEC8, 0xFEC8, 0xFEC8, 0xFEC8,
  0xFFC9, 0xF875, 0x0000, 0x1111, 0xE333, 0xFCCD, 0xFDDD, 0xFDDE,
  0xF666, 0xF223, 0xE111, 0x1000, 0x0000, 0x0000, 0x0000, 0x0000,
  0x0000, 0x0000, 0x0000, 0x0000, 0x0000, 0x0000, 0x0000, 0x0000,
  0x0000, 0x0000, 0x0000, 0x0000, 0x0000, 0x0000, 0x0000, 0x0000,
  0x0555, 0x0000, 0x1000, 0xB888, 0xFFFE, 0xFFFE, 0xFFED, 0xFFED,
  0xFFED, 0xFFED, 0xFFED, 0xFFED, 0xFFED, 0xFFED, 0xFFDD, 0xFFED,
  0xFFED, 0xB877, 0x1000, 0x0000, 0x0000, 0x0FAA, 0x0000, 0x0000,
  0x0000, 0x0000, 0x0000, 0x0000, 0x0000, 0x0000, 0x0000, 0x0000,
  0x0000, 0x0000, 0x0000, 0x0000, 0x0000, 0x0000, 0x0000, 0x0000,
  0x0000, 0x0000, 0x0000, 0x0000, 0x0000, 0x0000, 0x0000, 0x0000,
  0x0000, 0x0000, 0x0000, 0x0000, 0x0000, 0x0000, 0x0000, 0x0000,
  0x0000, 0x0000, 0x0000, 0x0000, 0x0000, 0x0000, 0x0000, 0x0000,
  0x0000, 0x0000, 0x0000, 0x0000, 0x0000, 0x0000, 0x0000, 0x0000,
  0x0000, 0x0000, 0x0000, 0x0000, 0x0000, 0x0000, 0x0000, 0x0000,
  0x0000, 0x0000, 0x0000, 0x0000, 0x0000, 0x0000, 0x0000, 0x0000,
  0x0000, 0x2100, 0xFB96, 0xFFC9, 0xFEC8, 0xFEC8, 0xFEC8, 0xFEC8,
  0xFEC8, 0xFA96, 0x0000, 0x5111, 0xF666, 0xFCCD, 0xFDDD, 0xFDDE,
  0xFBBC, 0xF223, 0xA111, 0x0000, 0x0007, 0x0000, 0x0000, 0x0000,
  0x0000, 0x0000, 0x0000, 0x0000, 0x0000, 0x0000, 0x0000, 0x0000,
  0x0000, 0x0000, 0x0000, 0x0000, 0x0000, 0x0000, 0x0000, 0x0000,
  0x0000, 0x0777, 0x0000, 0x1000, 0xA777, 0xFEED, 0xFFFE, 0xFFED,
  0xFFED, 0xFFED, 0xFFED, 0xFFED, 0xFFED, 0xFFED, 0xFFDD, 0xFFDD,
  0xFFED, 0xFFED, 0xDA98, 0x7443, 0x2000, 0x0000, 0x0000, 0x0FAA,
  0x0000, 0x0000, 0x0000, 0x0000, 0x0000, 0x0000, 0x0000, 0x0000,
  0x0000, 0x0000, 0x0000, 0x0000, 0x0000, 0x0000, 0x0000, 0x0000,
  0x0000, 0x0000, 0x0000, 0x0000, 0x0000, 0x0000, 0x0000, 0x0000,
  0x0000, 0x0000, 0x0000, 0x0000, 0x0000, 0x0000, 0x0000, 0x0000,
  0x0000, 0x0000, 0x0000, 0x0000, 0x0000, 0x0000, 0x0000, 0x0000,
  0x0000, 0x0000, 0x0000, 0x0000, 0x0000, 0x0000, 0x0000, 0x0000,
  0x0000, 0x0000, 0x0000, 0x0000, 0x0000, 0x0000, 0x0000, 0x0000,
  0x0000, 0x0000, 0x0000, 0x0000, 0x0000, 0x0000, 0x0000, 0x0C96,
  0x0000, 0xA654, 0xFFC9, 0xFEC8, 0xFEC8, 0xFEC8, 0xFEC8, 0xFEC8,
  0xFEC8, 0xFCA7, 0x0000, 0x8111, 0xF889, 0xFEEE, 0xFCDD, 0xFDDD,
  0xFDDD, 0xF333, 0x7000, 0x0000, 0x0000, 0x0000, 0x0000, 0x0000,
  0x0000, 0x0000, 0x0000, 0x0000, 0x0000, 0x0000, 0x0000, 0x0000,
  0x0000, 0x0000, 0x0000, 0x0000, 0x0000, 0x0000, 0x0000, 0x0000,
  0x0000, 0x0000, 0x0000, 0x0000, 0x0000, 0x8655, 0xFCCB, 0xFFFE,
  0xFFED, 0xFFED, 0xFFED, 0xFFED, 0xFFED, 0xFFDD, 0xFFDD, 0xFFDD,
  0xFFDC, 0xFFDC, 0xFFED, 0xFEDC, 0xEBAA, 0x8766, 0x2000, 0x0000,
  0x0000, 0x0FFA, 0x0555, 0x0000, 0x0000, 0x0000, 0x0000, 0x0000,
  0x0000, 0x0000, 0x0000, 0x0000, 0x0000, 0x0000, 0x0000, 0x0000,
  0x0000, 0x0000, 0x0000, 0x0000, 0x0000, 0x0000, 0x0000, 0x0000,
  0x0000, 0x0000, 0x0000, 0x0000, 0x0000, 0x0000, 0x0000, 0x0000,
  0x0000, 0x0000, 0x0000, 0x0000, 0x0000, 0x0000, 0x0000, 0x0000,
  0x0000, 0x0000, 0x0000, 0x0000, 0x0000, 0x0000, 0x0000, 0x0000,
  0x0000, 0x0000, 0x0000, 0x0000, 0x0000, 0x0000, 0x0000, 0x0000,
  0x0000, 0x0000, 0x0000, 0x0000, 0x0000, 0x0000, 0x0666, 0x0000,
  0x5232, 0xFCB8, 0xFEC8, 0xFEC8, 0xFEC8, 0xFEC8, 0xFEC8, 0xFEC8,
  0xFEC8, 0xFA96, 0x0000, 0xB322, 0xF889, 0xFDEE, 0xFCDD, 0xFDDD,
  0xFCDD, 0xF555, 0x3000, 0x0000, 0x0000, 0x0000, 0x0000, 0x0000,
  0x3000, 0x7000, 0x6000, 0x5000, 0x3000, 0x1000, 0x1000, 0x0000,
  0x0000, 0x0000, 0x0000, 0x0000, 0x0000, 0x0000, 0x0000, 0x0000,
  0x0000, 0x0000, 0x0000, 0x0000, 0x0FFF, 0x0000, 0x5333, 0xEBAA,
  0xFFFE, 0xFFEE, 0xFFED, 0xFFED, 0xFFDD, 0xFFDD, 0xFFDC, 0xFFDC,
  0xFFDC, 0xFFDC, 0xFFDC, 0xFFED, 0xFFED, 0xFFED, 0xEBAA, 0x9766,
  0x2000, 0x0000, 0x0000, 0x0000, 0x0555, 0x0000, 0x0000, 0x0000,
  0x0000, 0x0000, 0x0000, 0x0000, 0x0000, 0x0000, 0x0000, 0x0000,
  0x0000, 0x0000, 0x0000, 0x0000, 0x0000, 0x0000, 0x0000, 0x0000,
  0x0000, 0x0000, 0x0000, 0x0000, 0x0000, 0x0000, 0x0000, 0x0000,
  0x0000, 0x0000, 0x0000, 0x0000, 0x0000, 0x0000, 0x0000, 0x0000,
  0x0000, 0x0000, 0x0000, 0x0000, 0x0000, 0x0000, 0x0000, 0x0000,
  0x0000, 0x0000, 0x0000, 0x0000, 0x0000, 0x0000, 0x0000, 0x0000,
  0x0000, 0x0000, 0x0000, 0x0000, 0x0000, 0x0666, 0x0000, 0x3000,
  0xEAA8, 0xFFD9, 0xFEB8, 0xFEC8, 0xFEC8, 0xFEC8, 0xFEC8, 0xFEC8,
  0xFFC9, 0xF875, 0x1000, 0xE333, 0xFAAA, 0xFDDE, 0xFCDD, 0xFDDE,
  0xFAAB, 0xE444, 0x1000, 0x0000, 0x0000, 0x0000, 0x0000, 0x0000,
  0x8000, 0xF222, 0xF222, 0xF222, 0xF222, 0xE111, 0xE222, 0x0000,
  0x0000, 0x0000, 0x0000, 0x0000, 0x0000, 0x0000, 0x0000, 0x0000,
  0x0000, 0x0000, 0x0000, 0x0000, 0x0000, 0x0FFA, 0x0000, 0x2000,
  0xB988, 0xFEDD, 0xFFFE, 0xFFED, 0xFFDD, 0xFFDC, 0xFFDC, 0xFFDC,
  0xFFDC, 0xFFDC, 0xFFDC, 0xFFDC, 0xFFDD, 0xFFED, 0xFFFE, 0xFFEE,
  0xEBAA, 0x8666, 0x3111, 0x0000, 0x0000, 0x0FFF, 0x0555, 0x0000,
  0x0000, 0x0000, 0x0000, 0x0000, 0x0000, 0x0000, 0x0000, 0x0000,
  0x0000, 0x0000, 0x0000, 0x0000, 0x0000, 0x0000, 0x0000, 0x0000,
  0x0000, 0x0000, 0x0000, 0x0000, 0x0000, 0x0000, 0x0000, 0x0000,
  0x0000, 0x0000, 0x0000, 0x0000, 0x0000, 0x0000, 0x0000, 0x0000,
  0x0000, 0x0000, 0x0000, 0x0000, 0x0000, 0x0000, 0x0000, 0x0000,
  0x0000, 0x0000, 0x0000, 0x0000, 0x0000, 0x0000, 0x0000, 0x0000,
  0x0000, 0x0000, 0x0000, 0x0000, 0x0FFF, 0x0000, 0x4000, 0xEAA8,
  0xFFFC, 0xFEC8, 0xFEC8, 0xFEB8, 0xFEC8, 0xFEC8, 0xFEC8, 0xFEC8,
  0xFFC9, 0xC875, 0x1698, 0xE323, 0xF867, 0xFDDE, 0xFCDD, 0xFDEE,
  0xF99A, 0xC333, 0x0000, 0x0FFF, 0x0000, 0x0000, 0x000F, 0x0000,
  0xB111, 0xF222, 0xF222, 0xF222, 0xF222, 0xF222, 0xF222, 0x0000,
  0x0000, 0x0000, 0x0000, 0x0000, 0x0000, 0x0000, 0x0000, 0x0000,
  0x0000, 0x0000, 0x0000, 0x0000, 0x0000, 0x0000, 0x0555, 0x0000,
  0x0000, 0x7544, 0xEBA9, 0xFEDC, 0xFFED, 0xFFED, 0xFFDC, 0xFFDC,
  0xFFDC, 0xFFDC, 0xFFDC, 0xFFDD, 0xFFDD, 0xFFED, 0xFFED, 0xFFED,
  0xFFFE, 0xFFEE, 0xFCCB, 0xB888, 0x4222, 0x0000, 0x0000, 0x0000,
  0x0AAA, 0x0000, 0x0000, 0x0000, 0x0000, 0x0000, 0x0000, 0x0000,
  0x0000, 0x0000, 0x0000, 0x0000, 0x0000, 0x0000, 0x0000, 0x0000,
  0x0000, 0x0000, 0x0000, 0x0000, 0x0000, 0x0000, 0x0000, 0x0000,
  0x0000, 0x0000, 0x0000, 0x0000, 0x0000, 0x0000, 0x0000, 0x0000,
  0x0000, 0x0000, 0x0000, 0x0000, 0x0000, 0x0000, 0x0000, 0x0000,
  0x0000, 0x0000, 0x0000, 0x0000, 0x0000, 0x0000, 0x0000, 0x0000,
  0x0000, 0x0000, 0x0777, 0x0000, 0x0000, 0x6332, 0xEBB9, 0xFFFD,
  0xFFFC, 0xFEDA, 0xFDA7, 0xFDB8, 0xFEC8, 0xFEC8, 0xFEC8, 0xFEC8,
  0xFDB8, 0x6443, 0x4233, 0xF544, 0xF844, 0xFBBC, 0xFDDE, 0xFDDD,
  0xF889, 0x8333, 0x0000, 0x0777, 0x0000, 0x0000, 0x0000, 0x2000,
  0xF111, 0xF222, 0xF222, 0xF222, 0xF122, 0xF223, 0xD444, 0x0000,
  0x0000, 0x0000, 0x0000, 0x0000, 0x0000, 0x0000, 0x0000, 0x0000,
  0x0000, 0x0000, 0x0000, 0x0000, 0x0000, 0x0000, 0x0000, 0x0000,
  0x0000, 0x0000, 0x2000, 0x6555, 0xB877, 0xFB99, 0xFFDD, 0xFFDD,
  0xFFDC, 0xFFDC, 0xFFDC, 0xFFDD, 0xFFDD, 0xFFED, 0xFFED, 0xFFED,
  0xFFED, 0xFFEE, 0xFFFE, 0xFFFE, 0xFDCB, 0xB888, 0x5443, 0x1000,
  0x0000, 0x0000, 0x0AAA, 0x0000, 0x0000, 0x0000, 0x0000, 0x0000,
  0x0000, 0x0000, 0x0000, 0x0000, 0x0000, 0x0000, 0x0000, 0x0000,
  0x0000, 0x0000, 0x0000, 0x0000, 0x0000, 0x0000, 0x0000, 0x0000,
  0x0000, 0x0000, 0x0000, 0x0000, 0x0000, 0x0000, 0x0000, 0x0000,
  0x0000, 0x0000, 0x0000, 0x0000, 0x0000, 0x0000, 0x0000, 0x0000,
  0x0000, 0x0000, 0x0000, 0x0000, 0x0000, 0x0000, 0x0000, 0x0000,
  0x0555, 0x0000, 0x0000, 0x1000, 0xA775, 0xFDDB, 0xFFFC, 0xFFFC,
  0xFFFC, 0xFFCA, 0xFD97, 0xFEC8, 0xFEC8, 0xFEC8, 0xFEC8, 0xFFD9,
  0xC865, 0x0000, 0x7121, 0xF555, 0xFA45, 0xF877, 0xFDEE, 0xFCCC,
  0xF555, 0x7111, 0x0000, 0x0000, 0x0000, 0x0000, 0x0000, 0x7000,
  0xF222, 0xF222, 0xF222, 0xF222, 0xF112, 0xF334, 0x8444, 0x0000,
  0x0000, 0x0000, 0x0000, 0x0000, 0x0000, 0x0000, 0x0000, 0x0000,
  0x0000, 0x0000, 0x0000, 0x0000, 0x0000, 0x0000, 0x0000, 0x0000,
  0x0000, 0x0AAA, 0x0000, 0x0000, 0x0000, 0x3000, 0x9766, 0xFCBA,
  0xFFED, 0xFFDD, 0xFFDC, 0xFFDD, 0xFFED, 0xFFED, 0xFFED, 0xFFED,
  0xFFED, 0xFFED, 0xFFED, 0xFFED, 0xFFFE, 0xFFFE, 0xFDDC, 0xDA99,
  0x7555, 0x2000, 0x0000, 0x0000, 0x0FFA, 0x0777, 0x0000, 0x0000,
  0x0000, 0x0000, 0x0000, 0x0000, 0x0000, 0x0000, 0x0000, 0x0000,
  0x0000, 0x0000, 0x0000, 0x0000, 0x0000, 0x0000, 0x0000, 0x0000,
  0x0000, 0x0000, 0x0000, 0x0000, 0x0000, 0x0000, 0x0000, 0x0000,
  0x0000, 0x0000, 0x0000, 0x0000, 0x0000, 0x0000, 0x0000, 0x0000,
  0x0000, 0x0000, 0x0000, 0x0000, 0x0000, 0x0000, 0x0555, 0x0000,
  0x0000, 0x0000, 0x6776, 0xDBB9, 0xFFFC, 0xFFFC, 0xFFFC, 0xFFEB,
  0xFFBA, 0xFFA9, 0xFFEB, 0xFED9, 0xFEC8, 0xFEB8, 0xFFD9, 0xFB96,
  0x3000, 0x0000, 0x8211, 0xF465, 0xF956, 0xF944, 0xFABB, 0xFDDE,
  0xF666, 0x3111, 0x0000, 0x0000, 0x0000, 0x000F, 0x0000, 0xB111,
  0xF222, 0xF222, 0xF222, 0xF222, 0xF112, 0xF444, 0x5222, 0x0000,
  0x0000, 0x0000, 0x0000, 0x0000, 0x0000, 0x0000, 0x0000, 0x0000,
  0x0000, 0x0000, 0x0000, 0x0000, 0x0000, 0x0000, 0x0000, 0x0000,
  0x0000, 0x0000, 0x0000, 0x0AAA, 0x0FFF, 0x0000, 0x0000, 0x3222,
  0xC988, 0xFECC, 0xFFED, 0xFFDD, 0xFFED, 0xFFED, 0xFFED, 0xFFED,
  0xFFED, 0xFFED, 0xFFED, 0xFFED, 0xFFED, 0xFFED, 0xFFFE, 0xFFFE,
  0xFFED, 0xEBAA, 0x8666, 0x2000, 0x0000, 0x0000, 0x0FFF, 0x0555,
  0x0000, 0x0000, 0x0000, 0x0000, 0x0000, 0x0000, 0x0000, 0x0000,
  0x0000, 0x0000, 0x0000, 0x0000, 0x0000, 0x0000, 0x0000, 0x0000,
  0x0000, 0x0000, 0x0000, 0x0000, 0x0000, 0x0000, 0x0000, 0x0000,
  0x0000, 0x0000, 0x0000, 0x0000, 0x0000, 0x0000, 0x0000, 0x0000,
  0x0000, 0x0000, 0x0000, 0x0000, 0x0000, 0x0FFF, 0x0000, 0x0000,
  0x5333, 0xC775, 0xFEEB, 0xFFFB, 0xFFEB, 0xFFEB, 0xFFDB, 0xFFA9,
  0xFFA9, 0xFFEB, 0xFFFC, 0xFFFC, 0xFFEB, 0xFFEB, 0xFCB8, 0x6332,
  0x0000, 0x0AA5, 0x8323, 0xF373, 0xF586, 0xFA45, 0xF866, 0xFABB,
  0xE444, 0x1000, 0x0000, 0x0000, 0x0000, 0x0000, 0x2000, 0xF111,
  0xF222, 0xF222, 0xF222, 0xF222, 0xF222, 0xE444, 0x1111, 0x0000,
  0x0000, 0x0000, 0x0000, 0x0000, 0x0000, 0x0000, 0x0000, 0x0000,
  0x0000, 0x0000, 0x0000, 0x0000, 0x0000, 0x0000, 0x0000, 0x0000,
  0x0000, 0x0000, 0x0000, 0x0000, 0x0000, 0x0000, 0x0FAA, 0x0000,
  0x0000, 0x7544, 0xEBA9, 0xFFEE, 0xFFED, 0xFFED, 0xFFED, 0xFFED,
  0xFFED, 0xFFED, 0xFFED, 0xFFED, 0xFFED, 0xFFED, 0xFFED, 0xFFED,
  0xFFEE, 0xFFFE, 0xFFEE, 0xEBAA, 0x9766, 0x3100, 0x0000, 0x0000,
  0x0000, 0x0744, 0x0000, 0x0000, 0x0000, 0x0000, 0x0000, 0x0000,
  0x0000, 0x0000, 0x0000, 0x0000, 0x0000, 0x0000, 0x0000, 0x0000,
  0x0000, 0x0000, 0x0000, 0x0000, 0x0000, 0x0000, 0x0000, 0x0000,
  0x0000, 0x0000, 0x0000, 0x0000, 0x0000, 0x0000, 0x0000, 0x0000,
  0x0000, 0x0000, 0x0000, 0x0000, 0x0000, 0x0000, 0x6332, 0xC877,
  0xF765, 0xFCA7, 0xFEC8, 0xFEC8, 0xFDA7, 0xFC76, 0xFB66, 0xFD87,
  0xFECA, 0xFFEB, 0xFFFC, 0xFFFC, 0xFFFD, 0xFCCA, 0x6333, 0x0000,
  0x0AA5, 0x0000, 0xB434, 0xF453, 0xF5A5, 0xF766, 0xFB45, 0xF645,
  0xE333, 0x1000, 0x0000, 0x0000, 0x0000, 0x0000, 0x8111, 0xF222,
  0xF222, 0xF222, 0xF222, 0xF112, 0xF333, 0x9444, 0x0000, 0x0000,
  0x0000, 0x0000, 0x0000, 0x0000, 0x0000, 0x0000, 0x0000, 0x0000,
  0x0000, 0x0000, 0x0000, 0x0000, 0x0000, 0x0000, 0x0000, 0x0000,
  0x0000, 0x0000, 0x0000, 0x0000, 0x0000, 0x0000, 0x0000, 0x0777,
  0x0000, 0x0000, 0x3000, 0xB887, 0xFEDC, 0xFFFE, 0xFFED, 0xFFED,
  0xFFED, 0xFFED, 0xFFED, 0xFFED, 0xFFED, 0xFFED, 0xFFED, 0xFFED,
  0xFFED, 0xFFED, 0xFFEE, 0xFFFE, 0xFFFE, 0xFCCB, 0xB887, 0x6333,
  0x1000, 0x0000, 0x0000, 0x0FAA, 0x0777, 0x0000, 0x0000, 0x0000,
  0x0000, 0x0000, 0x0000, 0x0000, 0x0000, 0x0000, 0x0000, 0x0000,
  0x0000, 0x0000, 0x0000, 0x0000, 0x0000, 0x0000, 0x0000, 0x0000,
  0x0000, 0x0000, 0x0000, 0x0000, 0x0000, 0x0000, 0x0000, 0x0000,
  0x0000, 0x0000, 0x0000, 0x0000, 0x1000, 0xB555, 0xFBAA, 0xF776,
  0xFA96, 0xFFD9, 0xFEB8, 0xFC86, 0xFB65, 0xFC76, 0xFC97, 0xFEB8,
  0xFEC8, 0xFEC8, 0xFFD9, 0xFFDA, 0xEA98, 0x5221, 0x0000, 0x0777,
  0x0000, 0x0000, 0xE333, 0xF446, 0xF595, 0xF5A5, 0xF956, 0xF734,
  0xC333, 0x0000, 0x0000, 0x0000, 0x0000, 0x1000, 0xE111, 0xF222,
  0xF222, 0xF222, 0xF222, 0xF222, 0xF444, 0x4222, 0x0000, 0x0000,
  0x0000, 0x0000, 0x0000, 0x0000, 0x0000, 0x0000, 0x0000, 0x0000,
  0x0000, 0x0000, 0x0000, 0x0000, 0x0000, 0x0000, 0x0000, 0x0000,
  0x0000, 0x0000, 0x0000, 0x0000, 0x0000, 0x0000, 0x0000, 0x0000,
  0x0000, 0x0AAA, 0x0000, 0x0000, 0x6444, 0xEAA9, 0xFFFE, 0xFFFE,
  0xFFED, 0xFFED, 0xFFED, 0xFFED, 0xFFED, 0xFFED, 0xFFED, 0xFFED,
  0xFFED, 0xFFEE, 0xFFEE, 0xFEDD, 0xFDCC, 0xFDBB, 0xFCAA, 0xFA88,
  0xD766, 0x8444, 0x2000, 0x0000, 0x0000, 0x0FFF, 0x0555, 0x0000,
  0x0000, 0x0000, 0x0000, 0x0000, 0x0000, 0x0000, 0x0000, 0x0000,
  0x0000, 0x0000, 0x0000, 0x0000, 0x0000, 0x0000, 0x0000, 0x0000,
  0x0000, 0x0000, 0x0000, 0x0000, 0x0000, 0x0000, 0x0000, 0x0000,
  0x0000, 0x0000, 0x0000, 0x2000, 0xD566, 0xFCCC, 0xD776, 0xE653,
  0xFFD9, 0xFDB8, 0xFC86, 0xFC86, 0xFDB8, 0xFEC8, 0xFEC8, 0xFEC8,
  0xFEC9, 0xFEC8, 0xFB96, 0xC543, 0x2000, 0x0000, 0x0774, 0x0000,
  0x0000, 0x0000, 0xF333, 0xF347, 0xF668, 0xF494, 0xF585, 0xF544,
  0xC444, 0x0000, 0x0000, 0x0000, 0x0000, 0x6000, 0xF222, 0xF222,
  0xF222, 0xF222, 0xF112, 0xF333, 0xD444, 0x0000, 0x0000, 0x0000,
  0x0000, 0x0000, 0x0000, 0x0000, 0x0000, 0x0000, 0x0000, 0x0000,
  0x0000, 0x0000, 0x0000, 0x0000, 0x0000, 0x0000, 0x0000, 0x0000,
  0x0000, 0x0000, 0x0000, 0x0000, 0x0000, 0x0000, 0x0000, 0x0000,
  0x0000, 0x0000, 0x0000, 0x0FFF, 0x0000, 0x2000, 0xB887, 0xFEDD,
  0xFFFE, 0xFFED, 0xFFED, 0xFFED, 0xFFED, 0xFFED, 0xFFED, 0xFFEE,
  0xFFEE, 0xFEDC, 0xFCAA, 0xFB89, 0xFA88, 0xFA88, 0xFA88, 0xFB89,
  0xFB99, 0xFB89, 0xE988, 0x9776, 0x3000, 0x0000, 0x0000, 0x0000,
  0x0000, 0x0000, 0x0000, 0x0000, 0x0000, 0x0000, 0x0000, 0x0000,
  0x0000, 0x0000, 0x0000, 0x0000, 0x0000, 0x0000, 0x0000, 0x0000,
  0x0000, 0x0000, 0x0000, 0x0000, 0x0000, 0x0000, 0x0000, 0x0000,
  0x0000, 0x0FFF, 0x1000, 0xD557, 0xFABD, 0xE889, 0xC433, 0xFEC9,
  0xFEB8, 0xFD97, 0xFEB8, 0xFEC8, 0xFEC8, 0xFEC8, 0xFEC9, 0xFDB8,
  0xFA96, 0xF864, 0xB311, 0x1000, 0x0000, 0x0444, 0x0000, 0x0000,
  0x0000, 0x0000, 0xF444, 0xF557, 0xF46A, 0xF667, 0xF494, 0xF464,
  0xB444, 0x0000, 0x0FFF, 0x0000, 0x0000, 0xD111, 0xF222, 0xF222,
  0xF222, 0xF222, 0xF112, 0xF444, 0x7222, 0x0000, 0x0444, 0x0000,
  0x0000, 0x0000, 0x0000, 0x0000, 0x0000, 0x0000, 0x0000, 0x0000,
  0x0000, 0x0000, 0x0000, 0x0000, 0x0000, 0x0000, 0x0000, 0x0000,
  0x0000, 0x0000, 0x0000, 0x0000, 0x0000, 0x0000, 0x0000, 0x0000,
  0x0000, 0x0000, 0x0000, 0x0000, 0x0777, 0x0000, 0x0000, 0x7444,
  0xEBAA, 0xFFFE, 0xFFFE, 0xFFED, 0xFFED, 0xFFED, 0xFFFE, 0xFEDC,
  0xFCAA, 0xFA88, 0xFA88, 0xFB89, 0xFB89, 0xFB89, 0xFB89, 0xFB89,
  0xFA89, 0xFB89, 0xFC9A, 0xFFED, 0xFCBA, 0xA877, 0x5322, 0x0000,
  0x0000, 0x0000, 0x0000, 0x0000, 0x0000, 0x0000, 0x0000, 0x0000,
  0x0000, 0x0000, 0x0000, 0x0000, 0x0000, 0x0000, 0x0000, 0x0000,
  0x0000, 0x0000, 0x0000, 0x0000, 0x0000, 0x0000, 0x0000, 0x0000,
  0x0AAF, 0x0000, 0xA345, 0xF8AD, 0xF9AC, 0xB233, 0xEA97, 0xFEC8,
  0xFDA7, 0xFEC8, 0xFEC8, 0xFEC8, 0xFEC9, 0xFDB8, 0xFA86, 0xF965,
  0xF744, 0x8522, 0x0000, 0x0000, 0x0000, 0x0000, 0x0000, 0x0000,
  0x0000, 0x0000, 0xE333, 0xF999, 0xF679, 0xF459, 0xF787, 0xF464,
  0xA444, 0x0000, 0x0666, 0x0000, 0x7000, 0xF222, 0xF222, 0xF222,
  0xF222, 0xF112, 0xF333, 0xE444, 0x1000, 0x0000, 0x0000, 0x0000,
  0x0000, 0x0000, 0x0000, 0x0000, 0x0000, 0x0000, 0x0000, 0x0000,
  0x0000, 0x0000, 0x0000, 0x0000, 0x0000, 0x0000, 0x0000, 0x0000,
  0x0000, 0x0000, 0x0000, 0x0000, 0x0000, 0x0000, 0x0000, 0x0000,
  0x0000, 0x0000, 0x0000, 0x0000, 0x0000, 0x0000, 0x0FFF, 0x0000,
  0x3000, 0xB887, 0xFEDC, 0xFFFE, 0xFFEE, 0xFFED, 0xFDBB, 0xFB89,
  0xFA88, 0xFB89, 0xFB89, 0xFB89, 0xFB89, 0xFB89, 0xFB89, 0xFB89,
  0xFB89, 0xFA88, 0xFDBB, 0xFFEE, 0xFFFE, 0xFFFE, 0xFDDC, 0xC877,
  0x4000, 0x0000, 0x0000, 0x0000, 0x0000, 0x0000, 0x0000, 0x0000,
  0x0000, 0x0000, 0x0000, 0x0000, 0x0000, 0x0000, 0x0000, 0x0000,
  0x0000, 0x0000, 0x0000, 0x0000, 0x0000, 0x0000, 0x0000, 0x0000,
  0x0000, 0x5112, 0xF68B, 0xF8AE, 0xD568, 0xB444, 0xFEC9, 0xFDB8,
  0xFEC8, 0xFEC8, 0xFEC8, 0xFDB8, 0xF975, 0xF754, 0xFA65, 0xE854,
  0x4221, 0x0000, 0x0FFF, 0x0000, 0x0000, 0x0000, 0x0000, 0x0000,
  0x0000, 0x0000, 0xE222, 0xF889, 0xFDDD, 0xF568, 0xF459, 0xF656,
  0xA444, 0x0000, 0x0FFF, 0x1000, 0xE111, 0xF222, 0xF222, 0xF222,
  0xF222, 0xF112, 0xF555, 0x8333, 0x0000, 0x0444, 0x0000, 0x0000,
  0x0000, 0x0000, 0x0000, 0x0000, 0x0000, 0x0000, 0x0000, 0x0000,
  0x0000, 0x0000, 0x0000, 0x0000, 0x0000, 0x0000, 0x0000, 0x0000,
  0x0000, 0x0000, 0x0000, 0x0000, 0x0000, 0x0000, 0x0000, 0x0000,
  0x0000, 0x0000, 0x0000, 0x0000, 0x0000, 0x0000, 0x0000, 0x0AAA,
  0x0000, 0x0000, 0x6444, 0xEBAA, 0xFFFE, 0xFCAA, 0xFA88, 0xFB89,
  0xFB89, 0xFB89, 0xFB89, 0xFB89, 0xFB89, 0xFB89, 0xFB89, 0xFB89,
  0xFA88, 0xFCAA, 0xFFEE, 0xFFED, 0xFFED, 0xFFEE, 0xFFFE, 0xB877,
  0x3000, 0x0000, 0x0000, 0x0000, 0x0000, 0x0000, 0x0000, 0x0000,
  0x0000, 0x0000, 0x0000, 0x0000, 0x0000, 0x0000, 0x0000, 0x0000,
  0x0000, 0x0000, 0x0000, 0x0000, 0x0000, 0x0000, 0x0000, 0x0000,
  0x0000, 0xC357, 0xF69E, 0xF68C, 0x9112, 0xEA98, 0xFEC8, 0xFEC8,
  0xFEC8, 0xFEC9, 0xFCB7, 0xF754, 0xFA55, 0xFC76, 0xB743, 0x2000,
  0x0000, 0x0744, 0x0000, 0x0000, 0x0000, 0x0000, 0x0000, 0x0000,
  0x0000, 0x0000, 0xE322, 0xF888, 0xFEEE, 0xFCCC, 0xF569, 0xF346,
  0xC443, 0x0000, 0x0000, 0x8111, 0xF222, 0xF222, 0xF222, 0xF222,
  0xF112, 0xF333, 0xE555, 0x2000, 0x0000, 0x0000, 0x0000, 0x0000,
  0x0000, 0x0000, 0x0000, 0x0000, 0x0000, 0x0000, 0x0000, 0x0000,
  0x0000, 0x0000, 0x0000, 0x0000, 0x0000, 0x0000, 0x0000, 0x0000,
  0x0000, 0x0000, 0x0000, 0x0000, 0x0000, 0x0000, 0x0000, 0x0000,
  0x0000, 0x0000, 0x0000, 0x0000, 0x0000, 0x0000, 0x0000, 0x0000,
  0x0000, 0x0FFF, 0x0000, 0x3000, 0xC766, 0xFA88, 0xFB99, 0xFA89,
  0xFB89, 0xFB89, 0xFB89, 0xFB89, 0xFB89, 0xFB89, 0xFB89, 0xFA88,
  0xFCAA, 0xFFEE, 0xFFEE, 0xFFED, 0xFFEE, 0xFFFE, 0xC877, 0x1000,
  0x0000, 0x0000, 0x0000, 0x0000, 0x0000, 0x0000, 0x0000, 0x0000,
  0x0000, 0x0000, 0x0000, 0x0000, 0x0000, 0x0000, 0x0000, 0x0000,
  0x0000, 0x0000, 0x0000, 0x0000, 0x0000, 0x0000, 0x0000, 0x0000,
  0x5111, 0xF57B, 0xF69E, 0xC458, 0x8444, 0xFEC9, 0xFDB7, 0xFEC8,
  0xFEC8, 0xFCA7, 0xF754, 0xFC66, 0xFB76, 0x9432, 0x0000, 0x0000,
  0x0500, 0x0000, 0x0000, 0x0000, 0x0000, 0x0000, 0x0000, 0x0000,
  0x0000, 0x0000, 0xB333, 0xF99A, 0xFDDE, 0xFDDD, 0xFDDD, 0xF556,
  0xE333, 0x0000, 0x2000, 0xE111, 0xF222, 0xF222, 0xF222, 0xF222,
  0xF111, 0xF555, 0x9443, 0x0000, 0x0555, 0x0000, 0x0000, 0x0000,
  0x0000, 0x0000, 0x0000, 0x0000, 0x0000, 0x0000, 0x0000, 0x0000,
  0x0000, 0x0000, 0x0000, 0x0000, 0x0000, 0x0000, 0x0000, 0x0000,
  0x0000, 0x0000, 0x0000, 0x0000, 0x0000, 0x0000, 0x0000, 0x0000,
  0x0000, 0x0000, 0x0000, 0x0000, 0x0000, 0x0000, 0x0000, 0x0000,
  0x0000, 0x0000, 0x0AAA, 0x0000, 0x1000, 0x8433, 0xF867, 0xFB99,
  0xFB89, 0xFA88, 0xFB89, 0xFB89, 0xFB89, 0xFB89, 0xFA88, 0xFCAA,
  0xFFEE, 0xFFEE, 0xFFED, 0xFFEE, 0xFFFE, 0xC887, 0x1000, 0x0000,
  0x0000, 0x0000, 0x0000, 0x0000, 0x0000, 0x0000, 0x0000, 0x0000,
  0x0000, 0x0000, 0x0000, 0x0000, 0x0000, 0x0000, 0x0000, 0x0000,
  0x0000, 0x0000, 0x0000, 0x0000, 0x0000, 0x0000, 0x0000, 0x0000,
  0x9347, 0xF58E, 0xF58E, 0x7002, 0xC875, 0xFCA7, 0xFCA7, 0xFEC8,
  0xFDB8, 0xF854, 0xFB66, 0xFB65, 0x9422, 0x0000, 0x0FFF, 0x0000,
  0x0000, 0x0000, 0x0000, 0x0000, 0x0000, 0x0000, 0x0000, 0x0000,
  0x0000, 0x0000, 0x8333, 0xF888, 0xFDDD, 0xFCDD, 0xFDDE, 0xFBBB,
  0xE444, 0x0000, 0xB111, 0xF222, 0xF222, 0xF222, 0xF222, 0xF112,
  0xF333, 0xF555, 0x2000, 0x0000, 0x0000, 0x0000, 0x0000, 0x0000,
  0x0000, 0x0000, 0x0000, 0x0000, 0x0000, 0x0000, 0x0000, 0x0000,
  0x0000, 0x0000, 0x0000, 0x0000, 0x0000, 0x0000, 0x0000, 0x0000,
  0x0000, 0x0000, 0x0000, 0x0000, 0x0000, 0x0000, 0x0000, 0x0000,
  0x0000, 0x0000, 0x0000, 0x0000, 0x0000, 0x0000, 0x0000, 0x0000,
  0x0000, 0x0000, 0x0000, 0x0000, 0x0000, 0x0000, 0x4111, 0xC755,
  0xFB89, 0xFB89, 0xFA89, 0xFB89, 0xFB89, 0xFA88, 0xFCAA, 0xFFED,
  0xFFEE, 0xFFED, 0xFFEE, 0xFFFE, 0xC887, 0x1000, 0x0000, 0x0000,
  0x0000, 0x0000, 0x0000, 0x0000, 0x0000, 0x0000, 0x0000, 0x0000,
  0x0000, 0x0000, 0x0000, 0x0000, 0x0000, 0x0000, 0x0000, 0x0000,
  0x0000, 0x0000, 0x0000, 0x0000, 0x0000, 0x0000, 0x0000, 0x0000,
  0xC359, 0xF59F, 0xF46A, 0x2000, 0xECA7, 0xEA86, 0xEBA7, 0xFFD9,
  0xFA96, 0xF955, 0xFC76, 0x9422, 0x0000, 0x0FAA, 0x0000, 0x0000,
  0x0000, 0x0000, 0x0000, 0x0000, 0x0000, 0x0000, 0x0000, 0x0000,
  0x0000, 0x0000, 0x8111, 0xF455, 0xFCCD, 0xFDDD, 0xFDDD, 0xFCCD,
  0xE666, 0xB111, 0xF222, 0xF222, 0xF222, 0xF222, 0xF222, 0xF112,
  0xF555, 0x9333, 0x0000, 0x0555, 0x0000, 0x0000, 0x0000, 0x0000,
  0x0000, 0x0000, 0x0000, 0x0000, 0x0000, 0x0000, 0x0000, 0x0000,
  0x0000, 0x0000, 0x0000, 0x0000, 0x0000, 0x0000, 0x0000, 0x0000,
  0x0000, 0x0000, 0x0000, 0x0000, 0x0000, 0x0000, 0x0000, 0x0000,
  0x0000, 0x0000, 0x0000, 0x0000, 0x0000, 0x0000, 0x0000, 0x0000,
  0x0000, 0x0000, 0x0000, 0x0000, 0x0000, 0x0A55, 0x0000, 0x1000,
  0x9433, 0xF977, 0xFB99, 0xFB89, 0xFA88, 0xFCAA, 0xFFED, 0xFFEE,
  0xFFED, 0xFFEE, 0xFFFE, 0xC887, 0x1000, 0x0000, 0x0000, 0x0000,
  0x0000, 0x0000, 0x0000, 0x0000, 0x0000, 0x0000, 0x0000, 0x0000,
  0x0000, 0x0000, 0x0000, 0x0000, 0x0000, 0x0000, 0x0000, 0x0000,
  0x0000, 0x0000, 0x0000, 0x0000, 0x0000, 0x0000, 0x0000, 0x0000,
  0xE247, 0xF59F, 0xB359, 0x3000, 0xFDB8, 0xC764, 0xDDB8, 0xFEC9,
  0xF864, 0xFC76, 0xC643, 0x0000, 0x0FAA, 0x0000, 0x0000, 0x0000,
  0x0000, 0x0000, 0x0000, 0x0000, 0x0000, 0x0000, 0x0000, 0x0000,
  0x0000, 0x0000, 0x6111, 0xF555, 0xFBBC, 0xFDDE, 0xFDDD, 0xFCCD,
  0xF555, 0xF222, 0xF222, 0xF222, 0xF222, 0xF222, 0xF112, 0xF333,
  0xE555, 0x1000, 0x0777, 0x0000, 0x0000, 0x0000, 0x0000, 0x0000,
  0x0000, 0x0000, 0x0000, 0x0000, 0x0000, 0x0000, 0x0000, 0x0000,
  0x0000, 0x0000, 0x0000, 0x0000, 0x0000, 0x0000, 0x0000, 0x0000,
  0x0000, 0x0000, 0x0000, 0x0000, 0x0000, 0x0000, 0x0000, 0x0000,
  0x0000, 0x0000, 0x0000, 0x0000, 0x0000, 0x0000, 0x0000, 0x0000,
  0x0000, 0x0000, 0x0000, 0x0000, 0x0000, 0x0000, 0x0500, 0x0000,
  0x0000, 0x5211, 0xD756, 0xFB89, 0xFCBB, 0xFFED, 0xFFEE, 0xFFED,
  0xFFEE, 0xFFFE, 0xD988, 0x1000, 0x0000, 0x0000, 0x0000, 0x0000,
  0x0000, 0x0000, 0x0000, 0x0000, 0x0000, 0x0000, 0x0000, 0x0000,
  0x0000, 0x0000, 0x0000, 0x0000, 0x0000, 0x0000, 0x0000, 0x0000,
  0x0000, 0x0000, 0x0000, 0x0000, 0x0000, 0x0000, 0x0000, 0x0000,
  0xC359, 0xF58F, 0x7359, 0x2000, 0xFDB8, 0xA442, 0xCDB8, 0xFEC8,
  0xF965, 0xE954, 0x3000, 0x0000, 0x0500, 0x0000, 0x0000, 0x0000,
  0x0000, 0x0000, 0x0000, 0x0000, 0x0000, 0x0000, 0x0000, 0x0000,
  0x0000, 0x0000, 0x2111, 0xE333, 0xF899, 0xFDDE, 0xFCDD, 0xFDDE,
  0xF899, 0xF333, 0xF112, 0xF222, 0xF222, 0xF222, 0xF222, 0xF555,
  0x6222, 0x0000, 0x0444, 0x0000, 0x0000, 0x0000, 0x0000, 0x0000,
  0x0000, 0x0000, 0x0000, 0x0000, 0x0000, 0x0000, 0x0000, 0x0000,
  0x0000, 0x0000, 0x0000, 0x0000, 0x0000, 0x0000, 0x0000, 0x0000,
  0x0000, 0x0000, 0x0000, 0x0000, 0x0000, 0x0000, 0x0000, 0x0000,
  0x0000, 0x0000, 0x0000, 0x0000, 0x0000, 0x0000, 0x0000, 0x0000,
  0x0000, 0x0000, 0x0000, 0x0000, 0x0000, 0x0000, 0x0000, 0x0000,
  0x0AAA, 0x0000, 0x2000, 0xA545, 0xFDCC, 0xFFFF, 0xFFEE, 0xFFEE,
  0xFFFE, 0xD988, 0x2000, 0x0000, 0x0500, 0x0000, 0x0000, 0x0000,
  0x0000, 0x0000, 0x0000, 0x0000, 0x0000, 0x0000, 0x0000, 0x0000,
  0x0000, 0x0000, 0x0000, 0x0000, 0x0000, 0x0000, 0x0000, 0x0000,
  0x0000, 0x0000, 0x0000, 0x0000, 0x0000, 0x0000, 0x0000, 0x0000,
  0x935A, 0xF48E, 0x8124, 0x0000, 0xFCA7, 0x9432, 0xB985, 0xFEB8,
  0xFB65, 0xA533, 0x0000, 0x0744, 0x0000, 0x0000, 0x0000, 0x0000,
  0x0000, 0x0000, 0x0000, 0x0000, 0x0000, 0x0000, 0x0000, 0x0000,
  0x0000, 0x0000, 0x0000, 0x9333, 0xF667, 0xFCDD, 0xFCDD, 0xFDDE,
  0xFAAB, 0xF555, 0xF222, 0xF222, 0xF222, 0xF111, 0xF444, 0xB444,
  0x0000, 0x0555, 0x0000, 0x0000, 0x0000, 0x0000, 0x0000, 0x0000,
  0x0000, 0x0000, 0x0000, 0x0000, 0x0000, 0x0000, 0x0000, 0x0000,
  0x0000, 0x0000, 0x0000, 0x0000, 0x0000, 0x0000, 0x0000, 0x0000,
  0x0000, 0x0000, 0x0000, 0x0000, 0x0000, 0x0000, 0x0000, 0x0000,
  0x0000, 0x0000, 0x0000, 0x0000, 0x0000, 0x0000, 0x0000, 0x0000,
  0x0000, 0x0000, 0x0000, 0x0000, 0x0000, 0x0000, 0x0000, 0x0000,
  0x0000, 0x0505, 0x0000, 0x0000, 0x5433, 0xDA99, 0xFFED, 0xFFFE,
  0xD998, 0x2000, 0x0000, 0x0500, 0x0000, 0x0000, 0x0000, 0x0000,
  0x0000, 0x0000, 0x0000, 0x0000, 0x0000, 0x0000, 0x0000, 0x0000,
  0x0000, 0x0000, 0x0000, 0x0000, 0x0000, 0x0000, 0x0000, 0x0000,
  0x0000, 0x0000, 0x0000, 0x0000, 0x0000, 0x0000, 0x0000, 0x0000,
  0x7123, 0xF47D, 0x8234, 0x0000, 0xF875, 0x8975, 0x5653, 0xFDB8,
  0xF954, 0x4522, 0x0000, 0x0555, 0x0000, 0x0000, 0x0000, 0x0000,
  0x0000, 0x0000, 0x0000, 0x0000, 0x0000, 0x0000, 0x0000, 0x0000,
  0x0000, 0x0000, 0x0FFF, 0x2111, 0xF444, 0xFAAA, 0xFEEE, 0xFDDD,
  0xFDDE, 0xF777, 0xF333, 0xF111, 0xF112, 0xF333, 0xF555, 0x2111,
  0x0000, 0x0000, 0x0000, 0x0000, 0x0000, 0x0000, 0x0000, 0x0000,
  0x0000, 0x0000, 0x0000, 0x0000, 0x0000, 0x0000, 0x0000, 0x0000,
  0x0000, 0x0000, 0x0000, 0x0000, 0x0000, 0x0000, 0x0000, 0x0000,
  0x0000, 0x0000, 0x0000, 0x0000, 0x0000, 0x0000, 0x0000, 0x0000,
  0x0000, 0x0000, 0x0000, 0x0000, 0x0000, 0x0000, 0x0000, 0x0000,
  0x0000, 0x0000, 0x0000, 0x0000, 0x0000, 0x0000, 0x0000, 0x0000,
  0x0000, 0x0000, 0x0000, 0x0FFF, 0x0000, 0x1000, 0x9666, 0xD766,
  0x2000, 0x0000, 0x0444, 0x0000, 0x0000, 0x0000, 0x0000, 0x0000,
  0x0000, 0x0000, 0x0000, 0x0000, 0x0000, 0x0000, 0x0000, 0x0000,
  0x0000, 0x0000, 0x0000, 0x0000, 0x0000, 0x0000, 0x0000, 0x0000,
  0x0000, 0x0000, 0x0000, 0x0000, 0x0000, 0x0000, 0x0000, 0x0000,
  0x1000, 0xF359, 0x9359, 0x0000, 0x9764, 0xCB96, 0x0000, 0xA975,
  0xF754, 0x2733, 0x0000, 0x0777, 0x0000, 0x0000, 0x0000, 0x0000,
  0x0000, 0x0000, 0x0000, 0x0000, 0x0000, 0x0000, 0x0000, 0x0000,
  0x0000, 0x0000, 0x0555, 0x0000, 0x6333, 0xE333, 0xF99A, 0xFCCD,
  0xFDDE, 0xFBCC, 0xF666, 0xF333, 0xF222, 0xF444, 0x5222, 0x0000,
  0x0555, 0x0000, 0x0000, 0x0000, 0x0000, 0x0000, 0x0000, 0x0000,
  0x0000, 0x0000, 0x0000, 0x0000, 0x0000, 0x0000, 0x0000, 0x0000,
  0x0000, 0x0000, 0x0000, 0x0000, 0x0000, 0x0000, 0x0000, 0x0000,
  0x0000, 0x0000, 0x0000, 0x0000, 0x0000, 0x0000, 0x0000, 0x0000,
  0x0000, 0x0000, 0x0000, 0x0000, 0x0000, 0x0000, 0x0000, 0x0000,
  0x0000, 0x0000, 0x0000, 0x0000, 0x0000, 0x0000, 0x0000, 0x0000,
  0x0000, 0x0000, 0x0000, 0x0000, 0x0000, 0x0000, 0x0000, 0x0000,
  0x0000, 0x0000, 0x0000, 0x0000, 0x0000, 0x0000, 0x0000, 0x0000,
  0x0000, 0x0000, 0x0000, 0x0000, 0x0000, 0x0000, 0x0000, 0x0000,
  0x0000, 0x0000, 0x0000, 0x0000, 0x0000, 0x0000, 0x0000, 0x0000,
  0x0000, 0x0000, 0x0000, 0x0000, 0x0000, 0x0000, 0x0000, 0x0000,
  0x0000, 0x6248, 0xB359, 0x0000, 0x2333, 0xE543, 0x1432, 0x1100,
  0xB422, 0x3100, 0x0000, 0x0000, 0x0000, 0x0000, 0x0000, 0x0000,
  0x0000, 0x0000, 0x0000, 0x0000, 0x0000, 0x0000, 0x0000, 0x0000,
  0x0000, 0x0000, 0x0000, 0x0000, 0x0000, 0x1000, 0x6000, 0x8333,
  0x8888, 0xD899, 0xF555, 0xF555, 0xF555, 0x5222, 0x0000, 0x0555,
  0x0000, 0x0000, 0x0000, 0x0000, 0x0000, 0x0000, 0x0000, 0x0000,
  0x0000, 0x0000, 0x0000, 0x0000, 0x0000, 0x0000, 0x0000, 0x0000,
  0x0000, 0x0000, 0x0000, 0x0000, 0x0000, 0x0000, 0x0000, 0x0000,
  0x0000, 0x0000, 0x0000, 0x0000, 0x0000, 0x0000, 0x0000, 0x0000,
  0x0000, 0x0000, 0x0000, 0x0000, 0x0000, 0x0000, 0x0000, 0x0000,
  0x0000, 0x0000, 0x0000, 0x0000, 0x0000, 0x0000, 0x0000, 0x0000,
  0x0000, 0x0000, 0x0000, 0x0000, 0x0000, 0x0000, 0x0000, 0x0000,
  0x0000, 0x0000, 0x0000, 0x0000, 0x0000, 0x0000, 0x0000, 0x0000,
  0x0000, 0x0000, 0x0000, 0x0000, 0x0000, 0x0000, 0x0000, 0x0000,
  0x0000, 0x0000, 0x0000, 0x0000, 0x0000, 0x0000, 0x0000, 0x0000,
  0x0000, 0x0000, 0x0000, 0x0000, 0x0000, 0x0000, 0x0000, 0x0000,
  0x0000, 0x0000, 0x8011, 0x2000, 0x0000, 0x4000, 0x6000, 0x0000,
  0x1000, 0x6000, 0x2000, 0x0000, 0x0000, 0x0000, 0x0000, 0x0000,
  0x0000, 0x0000, 0x0000, 0x0000, 0x0000, 0x0000, 0x0000, 0x0000,
  0x0000, 0x0000, 0x0000, 0x0000, 0x0000, 0x0000, 0x0000, 0x0000,
  0x0000, 0x0000, 0x0000, 0x0000, 0x0000, 0x0000, 0x0000, 0x0000,
  0x0000, 0x0000, 0x0000, 0x0000, 0x0000, 0x0000, 0x0000, 0x0000,
  0x0000, 0x0000, 0x0000, 0x0000, 0x0000, 0x0000, 0x0000, 0x0000,
  0x0000, 0x0000, 0x0000, 0x0000, 0x0000, 0x0000, 0x0000, 0x0000,
  0x0000, 0x0000, 0x0000, 0x0000, 0x0000, 0x0000, 0x0000, 0x0000,
  0x0000, 0x0000, 0x0000, 0x0000, 0x0000, 0x0000, 0x0000, 0x0000,
  0x0000, 0x0000, 0x0000, 0x0000, 0x0000, 0x0000, 0x0000, 0x0000,
  0x0000, 0x0000, 0x0000, 0x0000, 0x0000, 0x0000, 0x0000, 0x0000,
  0x0000, 0x0000, 0x0000, 0x0000, 0x0000, 0x0000, 0x0000, 0x0000,
  0x0000, 0x0000, 0x0000, 0x0000, 0x0000, 0x0000, 0x0000, 0x0000,
  0x0000, 0x0000, 0x0000, 0x0000, 0x0000, 0x0000, 0x0000, 0x0000,
  0x0000, 0x0000, 0x0000, 0x0000, 0x0000, 0x0000, 0x0000, 0x0000,
  0x0000, 0x000F, 0x0000, 0x1000, 0x0700, 0x0000, 0x3000, 0x1000,
  0x0000, 0x0000, 0x2000, 0x0000, 0x0000, 0x0000, 0x0000, 0x0000,
  0x0000, 0x0000, 0x0000, 0x0000, 0x0000, 0x0000, 0x0000, 0x0000,
  0x0000, 0x0000, 0x0000, 0x0000, 0x0000, 0x0000, 0x0000, 0x0000,
  0x0000, 0x0000, 0x0000, 0x0000, 0x0000, 0x0000, 0x0000, 0x0000,
  0x0000, 0x0000, 0x0000, 0x0000, 0x0000, 0x0000, 0x0000, 0x0000,
  0x0000, 0x0000, 0x0000, 0x0000, 0x0000, 0x0000, 0x0000, 0x0000,
  0x0000, 0x0000, 0x0000, 0x0000, 0x0000, 0x0000, 0x0000, 0x0000,
  0x0000, 0x0000, 0x0000, 0x0000, 0x0000, 0x0000, 0x0000, 0x0000,
  0x0000, 0x0000, 0x0000, 0x0000, 0x0000, 0x0000, 0x0000, 0x0000,
  0x0000, 0x0000, 0x0000, 0x0000, 0x0000, 0x0000, 0x0000, 0x0000,
  0x0000, 0x0000, 0x0000, 0x0000, 0x0000, 0x0000, 0x0000, 0x0000,
  0x0000, 0x0000, 0x0000, 0x0000, 0x0000, 0x0000, 0x0000, 0x0000,
  0x0000, 0x0000, 0x0000, 0x0000, 0x0000, 0x0000, 0x0000, 0x0000,
  0x0000, 0x0000, 0x0000, 0x0000, 0x0000, 0x0000, 0x0000, 0x0000,
  0x0000, 0x0000, 0x0000, 0x0000, 0x0000, 0x0000, 0x0000, 0x0000,
  0x0000, 0x0000, 0x0000, 0x0000, 0x0000, 0x0000, 0x0000, 0x0000,
  0x0000, 0x0000, 0x0000, 0x0000, 0x0000, 0x0000, 0x0000, 0x0000,
  0x0000, 0x0000, 0x0000, 0x0000, 0x0000, 0x0000, 0x0000, 0x0000,
  0x0AAA, 0x0000, 0xCAAA, 0x8555, 0x0000, 0x0AAA, 0x0000, 0x0000,
  0x0000, 0x0000, 0x0000, 0x0000, 0x0000, 0x0000, 0x0000, 0x0000,
  0x0000, 0x0000, 0x0000, 0x0000, 0x0000, 0x0000, 0x0000, 0x0000,
  0x0000, 0x0000, 0x0000, 0x0000, 0x0555, 0x0000, 0x0000, 0x1000,
  0x4222, 0x8655, 0xCA99, 0xF887, 0xF888, 0xF988, 0xF888, 0xE988,
  0xBBAA, 0x8877, 0x7222, 0x2000, 0x0000, 0x0000, 0x0000, 0x0FFF,
  0x0000, 0x0000, 0x0000, 0x0000, 0x0000, 0x0000, 0x0000, 0x0000,
  0x0000, 0x0000, 0x0000, 0x0000, 0x0000, 0x0000, 0x0000, 0x0000,
  0x0000, 0x0000, 0x0000, 0x0000, 0x0000, 0x0000, 0x0000, 0x0555,
  0x0FFA, 0x0000, 0x0000, 0x0000, 0x0000, 0x2000, 0x4232, 0x8554,
  0xA776, 0xC997, 0xDAA8, 0xECC9, 0xFCC9, 0xFCB9, 0xEB97, 0xEA86,
  0xDB97, 0xADB8, 0x6EC8, 0x2EC8, 0x0000, 0x0000, 0x0FF0, 0x0AA5,
  0x0000, 0x0000, 0x0000, 0x0000, 0x0000, 0x0000, 0x0000, 0x0000,
  0x0000, 0x0000, 0x0000, 0x0000, 0x0000, 0x0000, 0x0000, 0x0000,
  0x0000, 0x0000, 0x0000, 0x0000, 0x0000, 0x0000, 0x0000, 0x0000,
  0x0000, 0x0000, 0x0000, 0x0000, 0x0000, 0x0000, 0x0000, 0x0000,
  0x0AAA, 0x0000, 0x7777, 0xEAAA, 0x2000, 0x0FFF, 0x0000, 0x0000,
  0x0000, 0x0000, 0x0000, 0x0000, 0x0000, 0x0000, 0x0000, 0x0000,
  0x0000, 0x0000, 0x0000, 0x0000, 0x0000, 0x0000, 0x0000, 0x0000,
  0x0000, 0x0000, 0x0000, 0x0FFF, 0x0000, 0x2000, 0x8665, 0xD998,
  0xFDCC, 0xFFED, 0xFFFE, 0xFFFE, 0xFFFE, 0xFFFE, 0xFFFE, 0xFFFE,
  0xFFFE, 0xFFED, 0xFEED, 0xECBB, 0xC988, 0x7555, 0x3000, 0x0000,
  0x0000, 0x0555, 0x0000, 0x0000, 0x0000, 0x0000, 0x0000, 0x0000,
  0x0000, 0x0000, 0x0000, 0x0000, 0x0000, 0x0000, 0x0000, 0x0000,
  0x0000, 0x0000, 0x0000, 0x0000, 0x0000, 0x0774, 0x0000, 0x0000,
  0x0000, 0x0000, 0x4343, 0x8886, 0xBAA8, 0xEBB9, 0xFCC9, 0xFDC9,
  0xFDB9, 0xFEB9, 0xFEB9, 0xFEB9, 0xFEB8, 0xFEC8, 0xFEC8, 0xFEC9,
  0xFEC8, 0xFEC9, 0xFEC8, 0xEEC8, 0xAEC8, 0x4EC8, 0x0000, 0x0000,
  0x0000, 0x0000, 0x0000, 0x0000, 0x0000, 0x0000, 0x0000, 0x0000,
  0x0000, 0x0000, 0x0000, 0x0000, 0x0000, 0x0000, 0x0000, 0x0000,
  0x0000, 0x0000, 0x0000, 0x0000, 0x0000, 0x0000, 0x0000, 0x0000,
  0x0000, 0x0000, 0x0000, 0x0000, 0x0000, 0x0000, 0x0000, 0x0000,
  0x0000, 0x0FFF, 0x1000, 0xEAAA, 0x9777, 0x0000, 0x0FFF, 0x0000,
  0x0000, 0x0000, 0x0000, 0x0000, 0x0000, 0x0000, 0x0000, 0x0000,
  0x0000, 0x0000, 0x0000, 0x0000, 0x0000, 0x0000, 0x0000, 0x0000,
  0x0000, 0x0000, 0x0777, 0x0000, 0x6433, 0xEBAA, 0xFFEE, 0xFFFF,
  0xFFFE, 0xFFEE, 0xFFED, 0xFFED, 0xFFED, 0xFFED, 0xFFED, 0xFFED,
  0xFFED, 0xFFEE, 0xFFFE, 0xFFFE, 0xFFFF, 0xFFEE, 0xFBBA, 0x9766,
  0x1000, 0x0000, 0x0AA5, 0x0000, 0x0000, 0x0000, 0x0000, 0x0000,
  0x0000, 0x0000, 0x0000, 0x0000, 0x0000, 0x0000, 0x0000, 0x0000,
  0x0000, 0x0000, 0x0000, 0x0AAA, 0x0000, 0x0000, 0x0000, 0x4243,
  0x9997, 0xDAA8, 0xFCB9, 0xFDB9, 0xFDA8, 0xFC87, 0xFC76, 0xFB65,
  0xFB65, 0xFB65, 0xFB65, 0xFB55, 0xFB65, 0xFDA7, 0xFEC8, 0xFEC8,
  0xFEC8, 0xFEC8, 0xFEC8, 0xFEC8, 0xFFC9, 0xFEC8, 0xBFD9, 0x5DB8,
  0x0000, 0x0000, 0x0000, 0x0000, 0x0000, 0x0000, 0x0000, 0x0000,
  0x0000, 0x0000, 0x0000, 0x0000, 0x0000, 0x0000, 0x0000, 0x0000,
  0x0000, 0x0000, 0x0000, 0x0000, 0x0000, 0x0000, 0x0000, 0x0000,
  0x0000, 0x0000, 0x0000, 0x0000, 0x0000, 0x0000, 0x0000, 0x0000,
  0x0000, 0x0BBB, 0x0000, 0x7777, 0xFBBB, 0x2000, 0x0000, 0x0000,
  0x0000, 0x0000, 0x0000, 0x0000, 0x0000, 0x0000, 0x0000, 0x0000,
  0x0000, 0x0000, 0x0000, 0x0000, 0x0000, 0x0000, 0x0000, 0x0000,
  0x0000, 0x0A55, 0x0000, 0x6443, 0xFDCC, 0xFFFE, 0xFFEE, 0xFFED,
  0xFFED, 0xFFED, 0xFFED, 0xFFED, 0xFFED, 0xFFED, 0xFFED, 0xFFED,
  0xFFED, 0xFFED, 0xFFED, 0xFFED, 0xFFED, 0xFFEE, 0xFFFE, 0xFFFE,
  0xDAA9, 0x5222, 0x0000, 0x0666, 0x0000, 0x0000, 0x0000, 0x0000,
  0x0000, 0x0000, 0x0000, 0x0000, 0x0000, 0x0000, 0x0000, 0x0000,
  0x0000, 0x0AA5, 0x0000, 0x0000, 0x2000, 0x7564, 0xC886, 0xFCA8,
  0xFDA8, 0xFD97, 0xFB76, 0xFB65, 0xFB65, 0xFB65, 0xFB65, 0xFB66,
  0xFB76, 0xFB76, 0xFB65, 0xFC76, 0xFDB8, 0xFEC8, 0xFEC8, 0xFEC8,
  0xFEC8, 0xFEC8, 0xFEC8, 0xFEC8, 0xFEC8, 0xFEC9, 0xFB97, 0xB664,
  0x0000, 0x0000, 0x0000, 0x0000, 0x0000, 0x0000, 0x0000, 0x0000,
  0x0000, 0x0000, 0x0000, 0x0000, 0x0000, 0x0000, 0x0000, 0x0000,
  0x0000, 0x0000, 0x0000, 0x0000, 0x0000, 0x0000, 0x0000, 0x0000,
  0x0000, 0x0000, 0x0000, 0x0000, 0x0000, 0x0000, 0x0000, 0x0000,
  0x0000, 0x0000, 0x0FFF, 0x1110, 0xEBBB, 0x8777, 0x0000, 0x0FFF,
  0x0000, 0x0000, 0x0000, 0x0000, 0x0000, 0x0000, 0x0000, 0x0000,
  0x0000, 0x0000, 0x0000, 0x0000, 0x0000, 0x0000, 0x0000, 0x0000,
  0x0AA5, 0x0000, 0x5333, 0xFCCB, 0xFFFE, 0xFFED, 0xFFED, 0xFFED,
  0xFFED, 0xFFED, 0xFFED, 0xFFED, 0xFFED, 0xFFED, 0xFFED, 0xFFED,
  0xFFED, 0xFFED, 0xFFED, 0xFFED, 0xFFED, 0xFFED, 0xFFED, 0xFFEE,
  0xFFFF, 0xFCBB, 0x6333, 0x0000, 0x0777, 0x0000, 0x0000, 0x0000,
  0x0000, 0x0000, 0x0000, 0x0000, 0x0000, 0x0000, 0x0000, 0x0000,
  0x0000, 0x0000, 0x2000, 0x9675, 0xEA97, 0xFDA8, 0xFD87, 0xFB76,
  0xFB65, 0xFB65, 0xFB65, 0xFB76, 0xFB76, 0xFB66, 0xFB66, 0xFB76,
  0xFB65, 0xFB65, 0xFC97, 0xFEC8, 0xFEC8, 0xFEC8, 0xFEC8, 0xFEC8,
  0xFEC8, 0xFEC8, 0xFEC8, 0xFFC9, 0xFDB8, 0xD764, 0x5000, 0x0000,
  0x0000, 0x0000, 0x0000, 0x0000, 0x0000, 0x0000, 0x0000, 0x0000,
  0x0000, 0x0000, 0x0000, 0x0000, 0x0000, 0x0000, 0x0000, 0x0000,
  0x0000, 0x0000, 0x0000, 0x0000, 0x0000, 0x0000, 0x0000, 0x0000,
  0x0000, 0x0000, 0x0000, 0x0000, 0x0000, 0x0000, 0x0000, 0x0000,
  0x0000, 0x0000, 0x0BBB, 0x0000, 0xA888, 0xEAAA, 0x0000, 0x0FFF,
  0x0000, 0x0000, 0x0000, 0x0000, 0x0000, 0x0000, 0x0000, 0x0000,
  0x0000, 0x0000, 0x0000, 0x0000, 0x0000, 0x0000, 0x0000, 0x0000,
  0x0FFF, 0x2000, 0xFBAA, 0xFFFF, 0xFFED, 0xFFED, 0xFFED, 0xFFED,
  0xFFED, 0xFFED, 0xFFED, 0xFFED, 0xFFED, 0xFFED, 0xFFED, 0xFFED,
  0xFFED, 0xFFED, 0xFFED, 0xFFED, 0xFFED, 0xFFED, 0xFFED, 0xFFED,
  0xFFED, 0xFFFF, 0xFCBB, 0x5222, 0x0000, 0x0A55, 0x0000, 0x0000,
  0x0000, 0x0000, 0x0000, 0x0000, 0x0000, 0x0000, 0x0AA5, 0x0000,
  0x0000, 0x7675, 0xEA97, 0xFDA8, 0xFC76, 0xFB65, 0xFB65, 0xFB65,
  0xFB76, 0xFB66, 0xFB66, 0xFB66, 0xFB66, 0xFB66, 0xFB66, 0xFB65,
  0xFB76, 0xFDA7, 0xFEC8, 0xFEC8, 0xFEC8, 0xFEC8, 0xFEC8, 0xFEC8,
  0xFEC8, 0xFEC8, 0xFFC9, 0xFB96, 0x9443, 0x1000, 0x0000, 0x0FFF,
  0x0000, 0x0000, 0x0000, 0x0000, 0x0000, 0x0000, 0x0000, 0x0000,
  0x0000, 0x0000, 0x0000, 0x0000, 0x0000, 0x0000, 0x0000, 0x0000,
  0x0000, 0x0000, 0x0000, 0x0000, 0x0000, 0x0000, 0x0000, 0x0000,
  0x0000, 0x0000, 0x0000, 0x0000, 0x0000, 0x0000, 0x0000, 0x0000,
  0x0000, 0x0000, 0x0AAA, 0x0000, 0x4666, 0xFBBB, 0x3222, 0x0000,
  0x0777, 0x0000, 0x0000, 0x0000, 0x0000, 0x0000, 0x0000, 0x0000,
  0x0000, 0x0000, 0x0000, 0x0000, 0x0000, 0x0000, 0x0000, 0x0000,
  0x0000, 0xA776, 0xFFFE, 0xFFED, 0xFFED, 0xFFED, 0xFFED, 0xFFED,
  0xFFED, 0xFFED, 0xFFED, 0xFFED, 0xFFED, 0xFFED, 0xFFED, 0xFFED,
  0xFFED, 0xFFED, 0xFFED, 0xFFED, 0xFFED, 0xFFED, 0xFFED, 0xFFED,
  0xFFED, 0xFFED, 0xFFFF, 0xFBAA, 0x2101, 0x0FFF, 0x0000, 0x0000,
  0x0000, 0x0000, 0x0000, 0x0000, 0x0000, 0x0AA5, 0x0000, 0x3132,
  0xB996, 0xFDA8, 0xFC86, 0xFB65, 0xFB65, 0xFB66, 0xFB66, 0xFB66,
  0xFB65, 0xFB65, 0xFB65, 0xFB65, 0xFB65, 0xFB65, 0xFB65, 0xFC86,
  0xFEB8, 0xFEC8, 0xFEC8, 0xFEC8, 0xFEC8, 0xFEC8, 0xFEC8, 0xFEC8,
  0xFEC8, 0xFEC8, 0xE875, 0x5110, 0x0000, 0x0000, 0x0000, 0x0000,
  0x0000, 0x0000, 0x0000, 0x0000, 0x0000, 0x0000, 0x0000, 0x0000,
  0x0000, 0x0000, 0x0000, 0x0000, 0x0000, 0x0000, 0x0000, 0x0000,
  0x0000, 0x0000, 0x0000, 0x0000, 0x0000, 0x0000, 0x0000, 0x0000,
  0x0000, 0x0000, 0x0000, 0x0000, 0x0000, 0x0000, 0x0000, 0x0000,
  0x0000, 0x0000, 0x0000, 0x0000, 0x2000, 0xEBBB, 0xA777, 0x2000,
  0x0000, 0x0000, 0x05AA, 0x0000, 0x0000, 0x0000, 0x0000, 0x0000,
  0x0000, 0x0000, 0x0000, 0x0000, 0x0000, 0x0000, 0x0000, 0x0000,
  0x3111, 0xFCBB, 0xFFFE, 0xFFED, 0xFFED, 0xFFED, 0xFFED, 0xFFED,
  0xFFED, 0xFFED, 0xFFED, 0xFFED, 0xFFED, 0xFFED, 0xFFED, 0xFFED,
  0xFFED, 0xFFED, 0xFFED, 0xFFED, 0xFFED, 0xFFED, 0xFFED, 0xFFED,
  0xFFED, 0xFFED, 0xFFED, 0xFFFE, 0xA766, 0x0000, 0x0000, 0x0000,
  0x0000, 0x0000, 0x0000, 0x0000, 0x0FF7, 0x0000, 0x6554, 0xEA87,
  0xFC87, 0xFB65, 0xFB65, 0xFB76, 0xFC76, 0xFC76, 0xFB66, 0xFB65,
  0xFB76, 0xFB76, 0xFB76, 0xFB76, 0xFB76, 0xFB76, 0xFD97, 0xFEC8,
  0xFEC8, 0xFEC8, 0xFEC8, 0xFEC8, 0xFEC8, 0xFEC8, 0xFEC8, 0xFEC8,
  0xFDB8, 0xA754, 0x2000, 0x0000, 0x0FF7, 0x0000, 0x0000, 0x0000,
  0x0000, 0x0000, 0x0000, 0x0000, 0x0000, 0x0000, 0x0000, 0x0000,
  0x0000, 0x0000, 0x0000, 0x0000, 0x0000, 0x0000, 0x0000, 0x0000,
  0x0000, 0x0000, 0x0000, 0x0000, 0x0000, 0x0000, 0x0000, 0x0000,
  0x0000, 0x0000, 0x0000, 0x0000, 0x0000, 0x0000, 0x0000, 0x0000,
  0x0000, 0x0000, 0x0000, 0x0FFF, 0x0FFF, 0xBCCC, 0xFAAA, 0xE9AA,
  0x8777, 0x1000, 0x0000, 0x0000, 0x0055, 0x0000, 0x0000, 0x0000,
  0x0000, 0x0000, 0x0000, 0x0000, 0x0000, 0x0000, 0x0000, 0x0000,
  0x8666, 0xFFED, 0xFFEE, 0xFFED, 0xFFED, 0xFFED, 0xFFED, 0xFFED,
  0xFFED, 0xFFED, 0xFFED, 0xFFED, 0xFFED, 0xFFED, 0xFFED, 0xFFED,
  0xFFED, 0xFFED, 0xFFED, 0xFFED, 0xFFED, 0xFFED, 0xFFED, 0xFFED,
  0xFFED, 0xFFED, 0xFFED, 0xFFFE, 0xFBBA, 0x2110, 0x0000, 0x0000,
  0x0000, 0x0000, 0x0000, 0x0FFF, 0x0000, 0x8433, 0xFA76, 0xFC76,
  0xFB65, 0xFC76, 0xFC76, 0xFB65, 0xF954, 0xF854, 0xF965, 0xFC97,
  0xFD97, 0xFC97, 0xFDB8, 0xFEB8, 0xFEB8, 0xFEC8, 0xFEC8, 0xFEC8,
  0xFEC8, 0xFEC8, 0xFEC8, 0xFEC8, 0xFEC8, 0xFEC8, 0xFEC9, 0xFDB8,
  0x8553, 0x0000, 0x0000, 0x0440, 0x0000, 0x0000, 0x0000, 0x0000,
  0x0000, 0x0000, 0x0000, 0x0000, 0x0000, 0x0000, 0x0000, 0x0000,
  0x0000, 0x0000, 0x0000, 0x0000, 0x0000, 0x0000, 0x0000, 0x0000,
  0x0000, 0x0000, 0x0000, 0x0000, 0x0000, 0x0000, 0x0000, 0x0000,
  0x0000, 0x0000, 0x0000, 0x0000, 0x0000, 0x0000, 0x0000, 0x0000,
  0x0000, 0x0000, 0x0000, 0x0BBB, 0x0000, 0xA666, 0xFDCD, 0xF866,
  0xFABB, 0xE9AA, 0x7556, 0x0000, 0x0000, 0x0AFF, 0x0000, 0x0000,
  0x0000, 0x0000, 0x0000, 0x0000, 0x0000, 0x0000, 0x0000, 0x0000,
  0xDA99, 0xFFFE, 0xFFED, 0xFFED, 0xFFED, 0xFFED, 0xFFED, 0xFFED,
  0xFFED, 0xFFED, 0xFFED, 0xFFED, 0xFFED, 0xFFED, 0xFFED, 0xFFED,
  0xFFED, 0xFFED, 0xFFED, 0xFFED, 0xFFED, 0xFFED, 0xFFED, 0xFFED,
  0xFFED, 0xFFED, 0xFFED, 0xFFEE, 0xFFED, 0x8554, 0x0000, 0x0000,
  0x0000, 0x0000, 0x0000, 0x0000, 0x9432, 0xFA65, 0xFC76, 0xFB65,
  0xFA65, 0xD854, 0xA633, 0xC543, 0xE764, 0xFA75, 0xFB76, 0xFB76,
  0xFB76, 0xFB65, 0xFDB8, 0xFEC9, 0xFEC8, 0xFEC8, 0xFEC8, 0xFEC8,
  0xFEC8, 0xFEC8, 0xFEC8, 0xFEC8, 0xFEC8, 0xFEC9, 0xFDB7, 0x8543,
  0x0000, 0x0FFF, 0x0000, 0x0000, 0x0000, 0x0000, 0x0000, 0x0000,
  0x0000, 0x0000, 0x0000, 0x0000, 0x0000, 0x0000, 0x0000, 0x0000,
  0x0000, 0x0000, 0x0000, 0x0000, 0x0000, 0x0000, 0x0000, 0x0000,
  0x0000, 0x0000, 0x0000, 0x0000, 0x0000, 0x0000, 0x0000, 0x0000,
  0x0000, 0x0000, 0x0000, 0x0000, 0x0000, 0x0000, 0x0000, 0x0000,
  0x0000, 0x0000, 0x0000, 0x0BBB, 0x0000, 0x9666, 0xFCDD, 0xF833,
  0xFB55, 0xF977, 0xFABB, 0xC899, 0x4433, 0x0000, 0x0000, 0x0000,
  0x0000, 0x0000, 0x0000, 0x0000, 0x0000, 0x0000, 0x0000, 0x0000,
  0xF888, 0xFFFE, 0xFFED, 0xFFED, 0xFFED, 0xFFED, 0xFFED, 0xFFED,
  0xFFED, 0xFFED, 0xFFED, 0xFFED, 0xFFED, 0xFFED, 0xFFED, 0xFFED,
  0xFFED, 0xFFED, 0xFFED, 0xFFED, 0xFFED, 0xFFED, 0xFFED, 0xFFED,
  0xFFED, 0xFFED, 0xFFED, 0xFFED, 0xFFFE, 0xCA99, 0x0000, 0x0000,
  0x0000, 0x0FFF, 0x0000, 0xA432, 0xFA65, 0xFB65, 0xC844, 0x7633,
  0x3000, 0x4010, 0xB875, 0xEC96, 0xFC76, 0xFB76, 0xFB65, 0xFB65,
  0xFB65, 0xFC86, 0xFDB8, 0xFDA7, 0xFEB8, 0xFEC8, 0xFEC8, 0xFEC8,
  0xFEC8, 0xFEC8, 0xFEC8, 0xFEC8, 0xFEC9, 0xFDB7, 0x7543, 0x0000,
  0x0FFA, 0x0000, 0x0000, 0x0000, 0x0000, 0x0000, 0x0000, 0x0000,
  0x0000, 0x0000, 0x0000, 0x0000, 0x0000, 0x0000, 0x0000, 0x0000,
  0x0000, 0x0000, 0x0000, 0x0000, 0x0000, 0x0000, 0x0000, 0x0000,
  0x0000, 0x0000, 0x0000, 0x0000, 0x0000, 0x0000, 0x0000, 0x0000,
  0x0000, 0x0000, 0x0000, 0x0000, 0x0000, 0x0000, 0x0000, 0x0000,
  0x0000, 0x0000, 0x0000, 0x0FFF, 0x0000, 0x6988, 0xFDDD, 0xF955,
  0xFE67, 0xFC55, 0xF945, 0xF988, 0xF9AA, 0x9667, 0x1000, 0x0000,
  0x0777, 0x0000, 0x0000, 0x0000, 0x0000, 0x0000, 0x0000, 0x0000,
  0xF988, 0xFFFE, 0xFFED, 0xFFED, 0xFFED, 0xFFED, 0xFFED, 0xFFED,
  0xFFED, 0xFFED, 0xFFED, 0xFFED, 0xFFED, 0xFFED, 0xFFED, 0xFFED,
  0xFFED, 0xFFED, 0xFFED, 0xFFED, 0xFFED, 0xFFED, 0xFFED, 0xFFED,
  0xFFED, 0xFFED, 0xFFED, 0xFFED, 0xFFFE, 0xF888, 0x0000, 0x0000,
  0x0555, 0x0000, 0xA432, 0xF954, 0xB854, 0x5322, 0x0000, 0x0000,
  0x7654, 0xFB86, 0xFD87, 0xFB66, 0xFB65, 0xFB66, 0xFB66, 0xFB66,
  0xFB65, 0xFC76, 0xFB76, 0xFB65, 0xFB76, 0xFC97, 0xFEC8, 0xFEC8,
  0xFEC8, 0xFEC8, 0xFEC8, 0xFEC8, 0xFDB8, 0x7543, 0x0000, 0x0FFA,
  0x0000, 0x0000, 0x0000, 0x0000, 0x0000, 0x0000, 0x0000, 0x0000,
  0x0000, 0x0000, 0x0000, 0x0000, 0x0000, 0x0000, 0x0000, 0x0000,
  0x0000, 0x0000, 0x0000, 0x0000, 0x0000, 0x0000, 0x0000, 0x0000,
  0x0000, 0x0000, 0x0000, 0x0000, 0x0000, 0x0000, 0x0000, 0x0000,
  0x0000, 0x0000, 0x0000, 0x0000, 0x0000, 0x0000, 0x0000, 0x0000,
  0x0000, 0x0000, 0x0000, 0x0FFF, 0x0000, 0x6777, 0xFFFF, 0xFB77,
  0xFD56, 0xFD66, 0xFD66, 0xFC45, 0xF956, 0xFAAA, 0xC889, 0x3111,
  0x0000, 0x0777, 0x0000, 0x0000, 0x0000, 0x0000, 0x0000, 0x0000,
  0xE998, 0xFFFE, 0xFFED, 0xFFED, 0xFFED, 0xFFED, 0xFFED, 0xFFED,
  0xFFED, 0xFFED, 0xFFED, 0xFFED, 0xFFED, 0xFFED, 0xFFED, 0xFFED,
  0xFFED, 0xFFED, 0xFFED, 0xFFED, 0xFFED, 0xFFED, 0xFFED, 0xFFED,
  0xFFED, 0xFFED, 0xFFED, 0xFFED, 0xFFFE, 0xF998, 0x0000, 0x0555,
  0x0000, 0x9322, 0xF743, 0x5643, 0x0000, 0x0000, 0x1000, 0xB764,
  0xFC86, 0xFC76, 0xFB65, 0xFB66, 0xFB66, 0xFB65, 0xFB66, 0xFB66,
  0xFB66, 0xFB65, 0xFB65, 0xFB66, 0xFB66, 0xFB65, 0xFC97, 0xFEC8,
  0xFEC8, 0xFEC8, 0xFEC8, 0xFDB8, 0x8553, 0x0000, 0x0FFA, 0x0000,
  0x0000, 0x0000, 0x0000, 0x0000, 0x0000, 0x0000, 0x0000, 0x0000,
  0x0000, 0x0000, 0x0000, 0x0000, 0x0000, 0x0000, 0x0000, 0x0000,
  0x0000, 0x0000, 0x0000, 0x0000, 0x0000, 0x0000, 0x0AAA, 0x0000,
  0x0000, 0x0000, 0x0000, 0x0000, 0x0000, 0x0000, 0x0000, 0x0000,
  0x0000, 0x0000, 0x0000, 0x0000, 0x0000, 0x0000, 0x0000, 0x0000,
  0x0000, 0x0000, 0x0000, 0x0FFF, 0x0000, 0x8666, 0xFFFF, 0xFB88,
  0xFD55, 0xF944, 0xFC66, 0xFE67, 0xFC55, 0xF944, 0xF988, 0xE9AA,
  0x6444, 0x0000, 0x0FFF, 0x0000, 0x0000, 0x0000, 0x0000, 0x0000,
  0x9A99, 0xFFFE, 0xFFEE, 0xFFED, 0xFFED, 0xFFED, 0xFFED, 0xFFED,
  0xFFED, 0xFFED, 0xFFED, 0xFFED, 0xFFED, 0xFFED, 0xFFED, 0xFFED,
  0xFFED, 0xFFED, 0xFFED, 0xFFED, 0xFFED, 0xFFED, 0xFFED, 0xFFED,
  0xFFED, 0xFFED, 0xFFED, 0xFFED, 0xFFFE, 0xFA99, 0x0555, 0x0000,
  0x5221, 0xE432, 0x3522, 0x0000, 0x0FFF, 0x1000, 0xB764, 0xFC86,
  0xFB65, 0xFB65, 0xFB76, 0xFB66, 0xFB76, 0xFB76, 0xFB66, 0xFB66,
  0xFB66, 0xFB66, 0xFB66, 0xFB66, 0xFB66, 0xFB66, 0xFB65, 0xFDB8,
  0xFEC8, 0xFEC8, 0xFEC8, 0xA764, 0x0000, 0x0FFA, 0x0000, 0x0000,
  0x0000, 0x0000, 0x0000, 0x0000, 0x0000, 0x0000, 0x0000, 0x0000,
  0x0000, 0x0000, 0x0000, 0x0000, 0x0000, 0x0000, 0x0000, 0x0000,
  0x0000, 0x0000, 0x0000, 0x0000, 0x0000, 0x0000, 0x0000, 0x0000,
  0x0FFF, 0x0AAA, 0x0000, 0x0000, 0x0000, 0x0000, 0x0000, 0x0000,
  0x0000, 0x0000, 0x0000, 0x0000, 0x0000, 0x0000, 0x0000, 0x0000,
  0x0000, 0x0000, 0x0000, 0x0BBB, 0x0000, 0x9555, 0xFFFF, 0xFA77,
  0xF945, 0xF544, 0xFD55, 0xFA55, 0xF655, 0xF733, 0xF934, 0xF966,
  0xF9AA, 0x8667, 0x0000, 0x0000, 0x0000, 0x0000, 0x0000, 0x0000,
  0x7322, 0xFEDD, 0xFFFE, 0xFFED, 0xFFED, 0xFFED, 0xFFED, 0xFFED,
  0xFFED, 0xFFED, 0xFFED, 0xFFED, 0xFFED, 0xFFED, 0xFFED, 0xFFED,
  0xFFED, 0xFFED, 0xFFED, 0xFFED, 0xFFED, 0xFFED, 0xFFED, 0xFFED,
  0xFFED, 0xFFED, 0xFFED, 0xFFED, 0xFFFE, 0xF998, 0x0777, 0x1432,
  0xD432, 0x3211, 0x0000, 0x0964, 0x0000, 0xA653, 0xFC86, 0xFB65,
  0xFB66, 0xFB66, 0xFB66, 0xFA65, 0xFC86, 0xFC76, 0xFB65, 0xFB66,
  0xFB66, 0xFB66, 0xFB66, 0xFB66, 0xFB66, 0xFB66, 0xFB65, 0xFC86,
  0xFEC8, 0xFFC9, 0xC875, 0x1000, 0x0FFF, 0x0000, 0x0000, 0x0000,
  0x0000, 0x0000, 0x0000, 0x0000, 0x0000, 0x0000, 0x0000, 0x0000,
  0x0000, 0x0000, 0x0000, 0x0000, 0x0000, 0x0000, 0x0000, 0x0000,
  0x0000, 0x0000, 0x0000, 0x0000, 0x0000, 0x0000, 0x4666, 0x2000,
  0x0000, 0x0000, 0x0000, 0x0FFF, 0x0555, 0x0000, 0x0000, 0x0000,
  0x0000, 0x0000, 0x0000, 0x0000, 0x0000, 0x0000, 0x0000, 0x0000,
  0x0000, 0x0000, 0x0000, 0x0BBB, 0x0000, 0xA444, 0xFFFF, 0xF655,
  0xFBBB, 0xFA78, 0xF844, 0xFCCC, 0xF999, 0xF899, 0xF844, 0xFD56,
  0xF955, 0xF9AA, 0xA788, 0x1000, 0x0000, 0x0000, 0x0000, 0x0000,
  0x2222, 0xECBB, 0xFFFE, 0xFFED, 0xFFED, 0xFFED, 0xFFED, 0xFFED,
  0xFFED, 0xFFED, 0xFFED, 0xFFED, 0xFFED, 0xFFED, 0xFFED, 0xFFED,
  0xFFED, 0xFFED, 0xFFED, 0xFFED, 0xFFED, 0xFFED, 0xFFED, 0xFFED,
  0xFFED, 0xFFED, 0xFFED, 0xFFED, 0xFFFE, 0xE988, 0x0000, 0x9653,
  0x9543, 0x0000, 0x0766, 0x0000, 0x6443, 0xF965, 0xF743, 0xFB66,
  0xFB66, 0xFB66, 0xF965, 0xFB86, 0xFB76, 0xFB65, 0xFB66, 0xFB66,
  0xFB66, 0xFB66, 0xFB66, 0xFB66, 0xFB66, 0xFB66, 0xFB65, 0xFB76,
  0xFFC9, 0xEA96, 0x2000, 0x0000, 0x0555, 0x0000, 0x0000, 0x0000,
  0x0000, 0x0000, 0x0000, 0x0000, 0x0000, 0x0000, 0x0000, 0x0000,
  0x0000, 0x0000, 0x0000, 0x0000, 0x0000, 0x0000, 0x0000, 0x0000,
  0x0000, 0x0AAA, 0x0FFF, 0x0CCC, 0x0FFF, 0x3FFF, 0xFEEE, 0xEBBB,
  0xB666, 0x5555, 0x1000, 0x0000, 0x0000, 0x0000, 0x0FFF, 0x0555,
  0x0000, 0x0000, 0x0000, 0x0000, 0x0000, 0x0000, 0x0000, 0x0000,
  0x0000, 0x0000, 0x0000, 0x0BBB, 0x0000, 0xA555, 0xFFFF, 0xFABB,
  0xFDDD, 0xF655, 0xFEEE, 0xFFFF, 0xFFFF, 0xFEEE, 0xFA45, 0xFD66,
  0xFD56, 0xFA45, 0xF999, 0xC888, 0x2000, 0x0000, 0x0000, 0x0000,
  0x1000, 0xE988, 0xFFFF, 0xFFED, 0xFFED, 0xFFED, 0xFFED, 0xFFED,
  0xFFED, 0xFFED, 0xFFED, 0xFFED, 0xFFED, 0xFFED, 0xFFED, 0xFFED,
  0xFFED, 0xFFED, 0xFFED, 0xFFED, 0xFFED, 0xFFED, 0xFFED, 0xFFED,
  0xFFED, 0xFFED, 0xFFED, 0xFFEE, 0xFFFE, 0x9A99, 0x3321, 0xE875,
  0x3332, 0x0000, 0x0F77, 0x1011, 0xE865, 0xE533, 0xF854, 0xFC76,
  0xFB66, 0xF955, 0xFA86, 0xFC76, 0xFB65, 0xFB66, 0xFB66, 0xFB66,
  0xFB66, 0xFB66, 0xFB66, 0xFB66, 0xFB66, 0xFB66, 0xFB65, 0xFC76,
  0xFDB7, 0x6443, 0x0000, 0x0774, 0x0000, 0x0000, 0x0000, 0x0000,
  0x0000, 0x0000, 0x0000, 0x0000, 0x0000, 0x0000, 0x0000, 0x0000,
  0x0000, 0x0000, 0x0000, 0x0000, 0x0000, 0x0000, 0x0000, 0x0000,
  0x0000, 0x0000, 0x0000, 0x0000, 0x0000, 0x8FFF, 0xFFFF, 0xFFFF,
  0xFFFF, 0xFEEE, 0xDBBB, 0x9666, 0x4000, 0x1000, 0x0000, 0x0000,
  0x0000, 0x0FFF, 0x0FFF, 0x0AAA, 0x0555, 0x0000, 0x0000, 0x0000,
  0x0000, 0x0000, 0x0000, 0x0BBB, 0x0000, 0xA999, 0xFFFF, 0xFDDD,
  0xFEEE, 0xFEEE, 0xFFFF, 0xFFFF, 0xFFFF, 0xFA99, 0xFC55, 0xFD66,
  0xFD66, 0xFE66, 0xFA44, 0xF999, 0xD889, 0x2000, 0x0000, 0x0000,
  0x1000, 0xE988, 0xFFFF, 0xFFED, 0xFFED, 0xFFED, 0xFFED, 0xFFED,
  0xFFED, 0xFFED, 0xFFED, 0xFFED, 0xFFED, 0xFFED, 0xFFED, 0xFFED,
  0xFFED, 0xFFED, 0xFFED, 0xFFED, 0xFFED, 0xFFED, 0xFFED, 0xFFED,
  0xFFED, 0xFFED, 0xFFED, 0xFFEE, 0xFFED, 0x7333, 0xB654, 0xEA86,
  0x1000, 0x0000, 0x0000, 0x8654, 0xF764, 0xA311, 0xFB66, 0xFC76,
  0xF954, 0xFA86, 0xFC86, 0xFA55, 0xFB65, 0xFB66, 0xFB66, 0xFB66,
  0xFB66, 0xFB66, 0xFB66, 0xFB66, 0xFB66, 0xFB66, 0xFB65, 0xFC76,
  0xB764, 0x0000, 0x0FAA, 0x0000, 0x0000, 0x0000, 0x0000, 0x0000,
  0x0000, 0x0000, 0x0000, 0x0000, 0x0000, 0x0000, 0x0000, 0x0000,
  0x0000, 0x0000, 0x0000, 0x0000, 0x0000, 0x0000, 0x0000, 0x0000,
  0x0000, 0x3CDD, 0x4DDD, 0x9DEE, 0xB9AA, 0xE899, 0xFCCC, 0xFFFF,
  0xFFFF, 0xFFFF, 0xFFFF, 0xFFFF, 0xFCCC, 0xDAAA, 0xB555, 0x5222,
  0x2000, 0x0000, 0x0000, 0x0000, 0x0000, 0x0000, 0x0000, 0x0FFF,
  0x0FFF, 0x0FFF, 0x0999, 0x0FFF, 0x2000, 0xECCC, 0xFEEE, 0xFCCC,
  0xFFFF, 0xFFFF, 0xFFFF, 0xFFFF, 0xFFFF, 0xF977, 0xFD55, 0xFD66,
  0xFB55, 0xF944, 0xFD66, 0xFA44, 0xFAAA, 0xC888, 0x1000, 0x0FFF,
  0x1000, 0xD988, 0xFFFF, 0xFFED, 0xFFED, 0xFFED, 0xFFED, 0xFFED,
  0xFFED, 0xFFED, 0xFFED, 0xFFED, 0xFFED, 0xFFED, 0xFFED, 0xFFED,
  0xFFED, 0xFFED, 0xFFED, 0xFFED, 0xFFED, 0xFFED, 0xFFED, 0xFFED,
  0xFFED, 0xFFED, 0xFFED, 0xFFFE, 0xFCBB, 0x2222, 0xEA96, 0xEB96,
  0x1000, 0x0FFF, 0x0000, 0xE975, 0xA543, 0xA733, 0xFC76, 0xFA55,
  0xF975, 0xFC86, 0xF955, 0xF854, 0xFB76, 0xFB66, 0xFB66, 0xFB66,
  0xFB66, 0xFB66, 0xFB66, 0xFB66, 0xFB66, 0xFB65, 0xFC76, 0xF955,
  0x3111, 0x0000, 0x0550, 0x0000, 0x0000, 0x0000, 0x0000, 0x0000,
  0x0000, 0x0000, 0x0000, 0x0000, 0x0000, 0x0000, 0x0000, 0x0000,
  0x0000, 0x0000, 0x0000, 0x0000, 0x0000, 0x0000, 0x0000, 0x0000,
  0x8667, 0xFDDD, 0xFDEE, 0xFDDE, 0xFDEE, 0xFCCC, 0xFAAA, 0xF889,
  0xFBBB, 0xFCCC, 0xFFFF, 0xFFFF, 0xFFFF, 0xFFFF, 0xFFFF, 0xFDDD,
  0xECCC, 0xB888, 0x9666, 0x5899, 0x4000, 0x3000, 0x1000, 0x0000,
  0x0000, 0x0000, 0x0000, 0x0000, 0x3111, 0xFDDD, 0xFCCC, 0xFAAA,
  0xFFFF, 0xFFFF, 0xFFFF, 0xFFFF, 0xFDDD, 0xF945, 0xFB45, 0xF966,
  0xF999, 0xF844, 0xFD66, 0xFE66, 0xF944, 0xFBCC, 0xA667, 0x0000,
  0x1000, 0xE988, 0xFFFF, 0xFFED, 0xFFED, 0xFFED, 0xFFED, 0xFFED,
  0xFFED, 0xFFED, 0xFFED, 0xFFED, 0xFFED, 0xFFED, 0xFFED, 0xFFED,
  0xFFED, 0xFFED, 0xFFED, 0xFFED, 0xFFED, 0xFFED, 0xFFED, 0xFFED,
  0xFFED, 0xFFED, 0xFFED, 0xFFFF, 0xD998, 0x0000, 0xEA86, 0xFEC8,
  0x6432, 0x0000, 0x4432, 0xFB97, 0x6121, 0xC854, 0xFC76, 0xF864,
  0xFC86, 0xFA65, 0xF643, 0xFB86, 0xFC76, 0xFB65, 0xFB66, 0xFB66,
  0xFB66, 0xFB66, 0xFB66, 0xFB66, 0xFB66, 0xFB66, 0xFC76, 0x9533,
  0x0000, 0x0A55, 0x0000, 0x0000, 0x0000, 0x0000, 0x0000, 0x0000,
  0x0000, 0x0000, 0x0000, 0x0000, 0x0000, 0x0000, 0x0000, 0x0000,
  0x0000, 0x0000, 0x0000, 0x0000, 0x0000, 0x0000, 0x0000, 0x0000,
  0x4111, 0xFAAB, 0xFDDE, 0xFCDD, 0xFCDD, 0xFDDD, 0xFDDE, 0xFDDD,
  0xFBBC, 0xFAAA, 0xF999, 0xFBBB, 0xFCCC, 0xFFFF, 0xFFFF, 0xFFFF,
  0xFFFF, 0xFFFF, 0xFFFF, 0xFFFF, 0xFCCC, 0xFBBB, 0xDCCC, 0xBCCC,
  0xB999, 0xB666, 0xB666, 0xB555, 0xD888, 0xFFFF, 0xFCCC, 0xFEEE,
  0xFFFF, 0xFFFF, 0xFFFF, 0xFFFF, 0xFA99, 0xF755, 0xFBBB, 0xFDEE,
  0xF988, 0xFB45, 0xFD66, 0xFA44, 0xF877, 0xFDDD, 0xFCCC, 0x8555,
  0x1000, 0xE998, 0xFFFE, 0xFFED, 0xFFED, 0xFFED, 0xFFED, 0xFFED,
  0xFFED, 0xFFED, 0xFFED, 0xFFED, 0xFFED, 0xFFED, 0xFFED, 0xFFED,
  0xFFED, 0xFFED, 0xFFED, 0xFFED, 0xFFED, 0xFFED, 0xFFED, 0xFFED,
  0xFFED, 0xFFED, 0xFFEE, 0xFFEE, 0x7655, 0x0000, 0x5432, 0xEA96,
  0xD875, 0x3000, 0x8654, 0xFCA7, 0x4000, 0xE954, 0xF965, 0xFA86,
  0xFB65, 0xF844, 0xF965, 0xFDA7, 0xFB65, 0xFB66, 0xFB66, 0xFB66,
  0xFB66, 0xFB66, 0xFB66, 0xFB66, 0xFB65, 0xFC76, 0xE954, 0x2100,
  0x0FFF, 0x0500, 0x0000, 0x0000, 0x0000, 0x0000, 0x0000, 0x0000,
  0x0000, 0x0000, 0x0000, 0x0000, 0x0000, 0x0000, 0x0000, 0x0000,
  0x0000, 0x0000, 0x0000, 0x0000, 0x0000, 0x0000, 0x0000, 0x0000,
  0x0000, 0xC788, 0xFEEE, 0xFCDD, 0xFDDD, 0xFCDD, 0xFCDD, 0xFDDD,
  0xFDDE, 0xFDDE, 0xFCDD, 0xFBCC, 0xFAAA, 0xFAAB, 0xF888, 0xFCCC,
  0xFBBB, 0xFDDD, 0xFFFF, 0xFFFF, 0xFFFF, 0xFFFF, 0xFFFF, 0xFFFF,
  0xFFFF, 0xFFFF, 0xFFFF, 0xFFFF, 0xFFFF, 0xFFFF, 0xF999, 0xFFFF,
  0xFFFF, 0xFFFF, 0xFFFF, 0xFFFF, 0xFEEE, 0xFFFF, 0xFFFF, 0xFBBB,
  0xF877, 0xF644, 0xF744, 0xFAAA, 0xFDDE, 0xFDDD, 0xFEEE, 0xD667,
  0x3221, 0xFDCB, 0xFFED, 0xFFDD, 0xFFED, 0xFFED, 0xFFED, 0xFFED,
  0xFFED, 0xFFED, 0xFFED, 0xFFED, 0xFFED, 0xFFED, 0xFFED, 0xFFED,
  0xFFED, 0xFFED, 0xFFED, 0xFFED, 0xFFED, 0xFFED, 0xFFED, 0xFFED,
  0xFFED, 0xFFED, 0xFFFE, 0xEAA9, 0x1000, 0x0FFF, 0x0000, 0x1000,
  0x4432, 0x3000, 0xA764, 0xFCA7, 0x4000, 0xD844, 0xF975, 0xFC86,
  0xF844, 0xF955, 0xFA86, 0xFDB8, 0xFB65, 0xFB66, 0xFB66, 0xFB66,
  0xFB66, 0xFB66, 0xFB66, 0xFB66, 0xFB66, 0xFC76, 0x9533, 0x0000,
  0x0A55, 0x0000, 0x0000, 0x0000, 0x0000, 0x0000, 0x0000, 0x0000,
  0x0000, 0x0000, 0x0000, 0x0000, 0x0000, 0x0000, 0x0000, 0x0000,
  0x0000, 0x0000, 0x0000, 0x0000, 0x0000, 0x0000, 0x0000, 0x0000,
  0x0000, 0x7445, 0xFCDD, 0xFDDE, 0xFCDD, 0xFDDD, 0xFDDD, 0xFDDD,
  0xFCDD, 0xFCDD, 0xFDDD, 0xFDDD, 0xFDDE, 0xFCDD, 0xFCDD, 0xFCCC,
  0xF999, 0xFBBB, 0xFBBB, 0xF888, 0xFBBC, 0xFDDD, 0xFCCB, 0xFCCC,
  0xFDDD, 0xFEEE, 0xFEEE, 0xFEEE, 0xFEEE, 0xFCCC, 0xFCCC, 0xFFFF,
  0xFFFF, 0xFFFF, 0xFFFF, 0xFFFF, 0xFFFF, 0xFFFF, 0xFEEE, 0xFCCC,
  0xF99A, 0xF888, 0xFCDD, 0xFDDE, 0xFDDD, 0xFDEE, 0xC778, 0x2000,
  0x8544, 0xFFCC, 0xFFCC, 0xFFDC, 0xFFDD, 0xFFED, 0xFFED, 0xFFED,
  0xFFED, 0xFFED, 0xFFED, 0xFFED, 0xFFED, 0xFFED, 0xFFED, 0xFFED,
  0xFFED, 0xFFED, 0xFFED, 0xFFED, 0xFFED, 0xFFED, 0xFFED, 0xFFED,
  0xFFED, 0xFFFE, 0xFEDD, 0x6443, 0x0000, 0x0777, 0x0777, 0x0000,
  0x0000, 0x0000, 0xA875, 0xFDB8, 0x3000, 0xB532, 0xFB86, 0xF955,
  0xF954, 0xFA55, 0xFA86, 0xFEC8, 0xFB76, 0xFB65, 0xFB66, 0xFB66,
  0xFB66, 0xFB66, 0xFB66, 0xFB65, 0xFC76, 0xF955, 0x3211, 0x0000,
  0x0500, 0x0000, 0x0000, 0x0000, 0x0000, 0x0000, 0x0000, 0x0000,
  0x0000, 0x0000, 0x0000, 0x0000, 0x0000, 0x0000, 0x0000, 0x0000,
  0x0000, 0x0000, 0x0000, 0x0000, 0x0000, 0x0000, 0x0000, 0x0000,
  0x0000, 0x3000, 0xFAAB, 0xFDDE, 0xFCDD, 0xFDDD, 0xFDDD, 0xFDDD,
  0xFDDD, 0xFDDD, 0xFDDD, 0xFCDD, 0xFCDD, 0xFDDD, 0xFDDD, 0xFDDD,
  0xFDEE, 0xFDDE, 0xFCDD, 0xFCCD, 0xFCDD, 0xFBBC, 0xF999, 0xF99A,
  0xFBBC, 0xFCCD, 0xFCCC, 0xFCCC, 0xFCCC, 0xF999, 0xFCCC, 0xFFFF,
  0xFFFF, 0xFFFF, 0xFFFF, 0xFDDD, 0xFCCC, 0xF999, 0xFAAA, 0xFAAA,
  0xFCDD, 0xFDEE, 0xFDDD, 0xFDDD, 0xFDDE, 0xC778, 0x1000, 0x0000,
  0x8766, 0xFFDC, 0xFFCB, 0xFFCC, 0xFFDC, 0xFFDD, 0xFFED, 0xFFED,
  0xFFED, 0xFFED, 0xFFED, 0xFFED, 0xFFED, 0xFFED, 0xFFED, 0xFFED,
  0xFFED, 0xFFDD, 0xFFDD, 0xFFDC, 0xFFDD, 0xFFDD, 0xFFDD, 0xFFDD,
  0xFFED, 0xFFEE, 0xB776, 0x0000, 0x0FAA, 0x0000, 0x0000, 0x0000,
  0x0A75, 0x0000, 0x9875, 0xFDB8, 0x3111, 0x7432, 0xFC86, 0xF744,
  0xFB76, 0xF955, 0xFA86, 0xFDB8, 0xF965, 0xFB66, 0xFB66, 0xFB66,
  0xFB66, 0xFB66, 0xFB66, 0xFB66, 0xFC76, 0xB643, 0x0000, 0x0F77,
  0x0000, 0x0000, 0x0000, 0x0000, 0x0000, 0x0000, 0x0000, 0x0000,
  0x0000, 0x0000, 0x0000, 0x0000, 0x0000, 0x0000, 0x0000, 0x0000,
  0x0000, 0x0000, 0x0000, 0x0000, 0x0000, 0x0000, 0x0000, 0x0000,
  0x0FFF, 0x0000, 0xC788, 0xFDEE, 0xFCDD, 0xFDDD, 0xFDDD, 0xFDDD,
  0xFDDD, 0xFDDD, 0xFDDD, 0xFDDD, 0xFDDD, 0xFDDD, 0xFDDD, 0xFDDD,
  0xFCDD, 0xFCDD, 0xFDDD, 0xFDDD, 0xFDDD, 0xFDDE, 0xFDEE, 0xFDEE,
  0xFDDE, 0xFDDD, 0xFDDD, 0xFDDD, 0xFDDD, 0xFAAA, 0xFFFF, 0xFDDD,
  0xFCCC, 0xFBBB, 0xF888, 0xFAAB, 0xFAAA, 0xFCDD, 0xFDDD, 0xFDDE,
  0xFDDD, 0xFCCD, 0xFDDE, 0xFCDD, 0xB777, 0x1000, 0x0000, 0x0555,
  0x3111, 0xFCAA, 0xFFED, 0xFFDC, 0xFFDD, 0xFFDD, 0xFFED, 0xFFED,
  0xFFED, 0xFFED, 0xFFED, 0xFFED, 0xFFED, 0xFFED, 0xFFED, 0xFFED,
  0xFFED, 0xFFDC, 0xFFCC, 0xFFCC, 0xFFCC, 0xFFDC, 0xFFDC, 0xFFDC,
  0xFFEE, 0xC987, 0x1000, 0x0FFF, 0x0000, 0x0000, 0x0000, 0x0000,
  0x0744, 0x0000, 0x7543, 0xFDB8, 0x5543, 0x8865, 0xFA75, 0xF854,
  0xFC76, 0xFA55, 0xFA86, 0xFCA7, 0xE633, 0xFC76, 0xFB66, 0xFB66,
  0xFB66, 0xFB66, 0xFB66, 0xFB76, 0xFA65, 0x5322, 0x0000, 0x0500,
  0x0000, 0x0000, 0x0000, 0x0000, 0x0000, 0x0000, 0x0000, 0x0000,
  0x0000, 0x0000, 0x0000, 0x0000, 0x0000, 0x0000, 0x0000, 0x0000,
  0x0000, 0x0000, 0x0000, 0x0000, 0x0000, 0x0000, 0x0000, 0x0000,
  0x0666, 0x0000, 0x7444, 0xFCDD, 0xFDDE, 0xFDDD, 0xFDDD, 0xFDDD,
  0xFDDD, 0xFDDD, 0xFDDD, 0xFDDD, 0xFDDD, 0xFDDD, 0xFDDD, 0xFDDD,
  0xFDDD, 0xFDDD, 0xFDDD, 0xFDDD, 0xFDDD, 0xFCDD, 0xFCDD, 0xFCDD,
  0xFCDD, 0xFDDD, 0xFCDD, 0xFDDE, 0xFBBC, 0xF888, 0xFBCC, 0xFAAB,
  0xF999, 0xFCCD, 0xFCCD, 0xFDDE, 0xFDDE, 0xFDDD, 0xFDDD, 0xFCDD,
  0xFCDD, 0xFDEE, 0xFBCC, 0x9555, 0x0000, 0x0000, 0x0000, 0x0000,
  0x0000, 0x7555, 0xFFED, 0xFFED, 0xFFDD, 0xFFED, 0xFFED, 0xFFED,
  0xFFED, 0xFFED, 0xFFED, 0xFFED, 0xFFED, 0xFFED, 0xFFED, 0xFFED,
  0xFFED, 0xFFDC, 0xFFCB, 0xFFCB, 0xFFCB, 0xFFCC, 0xFFDC, 0xFFED,
  0xDA98, 0x2000, 0x0000, 0x0555, 0x0000, 0x0000, 0x0000, 0x0000,
  0x0000, 0x0000, 0x2111, 0xFCA7, 0x8875, 0xA864, 0xC754, 0xB532,
  0xFC76, 0xFB65, 0xF865, 0xFCA7, 0x8321, 0xFA65, 0xFB76, 0xFB66,
  0xFB66, 0xFB66, 0xFB65, 0xFC76, 0xD854, 0x1000, 0x0000, 0x0000,
  0x0000, 0x0000, 0x0000, 0x0000, 0x0000, 0x0000, 0x0000, 0x0000,
  0x0000, 0x0000, 0x0000, 0x0000, 0x0000, 0x0000, 0x0000, 0x0000,
  0x0000, 0x0000, 0x0000, 0x0000, 0x0000, 0x0000, 0x0000, 0x0000,
  0x0000, 0x0000, 0x2000, 0xFAAA, 0xFDDE, 0xFCDD, 0xFDDD, 0xFDDD,
  0xFDDD, 0xFDDD, 0xFDDD, 0xFDDD, 0xFDDD, 0xFDDD, 0xFDDD, 0xFDDD,
  0xFDDD, 0xFDDD, 0xFDDD, 0xFDDD, 0xFDDD, 0xFDDD, 0xFDDD, 0xFDDD,
  0xFDDD, 0xFDDD, 0xFDDD, 0xFDDD, 0xFCDD, 0xFCCD, 0xFCDD, 0xFDDE,
  0xFDEE, 0xFDDD, 0xFDDD, 0xFCDD, 0xFCDD, 0xFCDD, 0xFCDD, 0xFDDE,
  0xFDEE, 0xE899, 0x6333, 0x0000, 0x0000, 0x0000, 0x0000, 0x0000,
  0x0BBB, 0x0000, 0xB766, 0xFFFE, 0xFFEE, 0xFFED, 0xFFED, 0xFFED,
  0xFFED, 0xFFED, 0xFFED, 0xFFED, 0xFFED, 0xFFED, 0xFFED, 0xFFED,
  0xFFED, 0xFFDD, 0xFFDC, 0xFFCC, 0xFFCC, 0xFFDC, 0xFFDD, 0xC977,
  0x2000, 0x0000, 0x0777, 0x0000, 0x0000, 0x0000, 0x0000, 0x0000,
  0x0000, 0x0FF7, 0x0000, 0xA764, 0xD985, 0xB653, 0x8654, 0x1000,
  0xD743, 0xFC76, 0xF955, 0xFB96, 0x6553, 0xA633, 0xFC76, 0xFB65,
  0xFB66, 0xFB66, 0xFB66, 0xFC76, 0xA643, 0x0000, 0x0A55, 0x0000,
  0x0000, 0x0000, 0x0000, 0x0000, 0x0000, 0x0000, 0x0000, 0x0000,
  0x0000, 0x0000, 0x0000, 0x0000, 0x0000, 0x0000, 0x0000, 0x0000,
  0x0000, 0x0000, 0x0000, 0x0000, 0x0000, 0x0000, 0x0000, 0x0000,
  0x0000, 0x0FFF, 0x0000, 0xB677, 0xFDEE, 0xFCDD, 0xFDDD, 0xFDDD,
  0xFDDD, 0xFDDD, 0xFDDD, 0xFDDD, 0xFDDD, 0xFDDD, 0xFDDD, 0xFDDD,
  0xFDDD, 0xFDDD, 0xFDDD, 0xFDDD, 0xFDDD, 0xFDDD, 0xFDDD, 0xFDDD,
  0xFDDD, 0xFDDD, 0xFDDD, 0xFDDD, 0xFDDD, 0xFDDD, 0xFDDD, 0xFCDD,
  0xFCDD, 0xFDDD, 0xFDDD, 0xFCDD, 0xFCDD, 0xFDDD, 0xFDEE, 0xFBCC,
  0xA677, 0x2000, 0x0000, 0x0777, 0x0000, 0x0000, 0x0000, 0x0000,
  0x0000, 0x0FFF, 0x1000, 0xB776, 0xFFFE, 0xFFFE, 0xFFED, 0xFFED,
  0xFFED, 0xFFED, 0xFFED, 0xFFED, 0xFFED, 0xFFED, 0xFFED, 0xFFED,
  0xFFED, 0xFFED, 0xFFDD, 0xFFDD, 0xFFED, 0xFDCC, 0xB766, 0x1000,
  0x0000, 0x0555, 0x0000, 0x0000, 0x0000, 0x0000, 0x0000, 0x0000,
  0x0000, 0x0000, 0x0770, 0x1000, 0xA653, 0xE322, 0x5332, 0x0000,
  0x2000, 0xA533, 0xF955, 0xFA76, 0x9875, 0x3000, 0xF955, 0xFC76,
  0xFB65, 0xFB66, 0xFB76, 0xFB65, 0x6432, 0x0000, 0x0A55, 0x0000,
  0x0000, 0x0000, 0x0000, 0x0000, 0x0000, 0x0000, 0x0000, 0x0000,
  0x0000, 0x0000, 0x0000, 0x0000, 0x0000, 0x0000, 0x0000, 0x0000,
  0x0000, 0x0000, 0x0000, 0x0000, 0x0000, 0x0000, 0x0000, 0x0000,
  0x0000, 0x0444, 0x0000, 0x5222, 0xFBBC, 0xFDDE, 0xFCDD, 0xFDDD,
  0xFDDD, 0xFDDD, 0xFDDD, 0xFDDD, 0xFDDD, 0xFDDD, 0xFDDD, 0xFDDD,
  0xFDDD, 0xFDDD, 0xFDDD, 0xFDDD, 0xFDDD, 0xFDDD, 0xFDDD, 0xFDDD,
  0xFDDD, 0xFDDD, 0xFDDD, 0xFDDD, 0xFDDD, 0xFDDD, 0xFDDD, 0xFDDD,
  0xFCDD, 0xFCDD, 0xFCDD, 0xFDDD, 0xFDEE, 0xFDDD, 0xE889, 0x6333,
  0x0000, 0x0000, 0x0555, 0x0000, 0x0000, 0x0000, 0x0000, 0x0000,
  0x0000, 0x0000, 0x0000, 0x1000, 0xA766, 0xFDCC, 0xFFFE, 0xFFFE,
  0xFFEE, 0xFFED, 0xFFED, 0xFFED, 0xFFED, 0xFFED, 0xFFED, 0xFFED,
  0xFFEE, 0xFFEE, 0xFFFE, 0xFEDD, 0xFBBA, 0x7544, 0x0000, 0x0000,
  0x0000, 0x0000, 0x0000, 0x0000, 0x0000, 0x0000, 0x0000, 0x0000,
  0x0000, 0x0000, 0x0000, 0x0000, 0x0000, 0x8000, 0x5000, 0x0000,
  0x0000, 0x0000, 0x5211, 0xB533, 0xF764, 0x1885, 0x8422, 0xFB65,
  0xFB76, 0xFB65, 0xFC76, 0xFA65, 0x3211, 0x0000, 0x0500, 0x0000,
  0x0000, 0x0000, 0x0000, 0x0000, 0x0000, 0x0000, 0x0000, 0x0000,
  0x0000, 0x0000, 0x0000, 0x0000, 0x0000, 0x0000, 0x0000, 0x0000,
  0x0000, 0x0000, 0x0000, 0x0000, 0x0000, 0x0000, 0x0000, 0x0000,
  0x0000, 0x0000, 0x0FFF, 0x0000, 0xB777, 0xFDEE, 0xFCDD, 0xFDDD,
  0xFDDD, 0xFDDD, 0xFDDD, 0xFDDD, 0xFDDD, 0xFDDD, 0xFDDD, 0xFDDD,
  0xFDDD, 0xFDDD, 0xFDDD, 0xFDDD, 0xFDDD, 0xFDDD, 0xFDDD, 0xFDDD,
  0xFDDD, 0xFDDD, 0xFDDD, 0xFDDD, 0xFDDD, 0xFDDD, 0xFDDD, 0xFDDD,
  0xFDDE, 0xFDDE, 0xFDDD, 0xFCCC, 0xF999, 0xC333, 0x2000, 0x0000,
  0x0FFF, 0x0000, 0x0000, 0x0000, 0x0000, 0x0000, 0x0000, 0x0000,
  0x0000, 0x0000, 0x0000, 0x0000, 0x0000, 0x5221, 0xC988, 0xFDCC,
  0xFFEE, 0xFFFF, 0xFFFF, 0xFFFE, 0xFFFF, 0xFFFF, 0xFFFF, 0xFFFE,
  0xFEDD, 0xFEDC, 0xFAA9, 0xF987, 0xFA99, 0x2FCC, 0x0FFF, 0x0AAA,
  0x0000, 0x0000, 0x0000, 0x0000, 0x0000, 0x0000, 0x0000, 0x0000,
  0x0000, 0x0000, 0x0000, 0x0000, 0x0000, 0x0000, 0x7000, 0x0000,
  0x0000, 0x0FFF, 0x0000, 0x0000, 0x8332, 0x9432, 0x0000, 0xB633,
  0xFC76, 0xFB66, 0xFC76, 0xD954, 0x1000, 0x0000, 0x0000, 0x0000,
  0x0000, 0x0000, 0x0000, 0x0000, 0x0000, 0x0000, 0x0000, 0x0000,
  0x0000, 0x0000, 0x0000, 0x0000, 0x0000, 0x0000, 0x0000, 0x0000,
  0x0000, 0x0000, 0x0000, 0x0000, 0x0000, 0x0000, 0x0000, 0x0000,
  0x0000, 0x0000, 0x0000, 0x0000, 0x4111, 0xFBBB, 0xFDDE, 0xFCDD,
  0xFDDD, 0xFDDD, 0xFDDD, 0xFDDD, 0xFDDD, 0xFDDD, 0xFDDD, 0xFDDD,
  0xFDDD, 0xFCDD, 0xFCDD, 0xFCDD, 0xFCDD, 0xFCDD, 0xFCDD, 0xFCDD,
  0xFCDD, 0xFCDD, 0xFCDD, 0xFCDD, 0xFCDD, 0xFCDD, 0xFCDD, 0xFDDD,
  0xFBBC, 0xFAAB, 0xF99A, 0xF777, 0x8111, 0x1000, 0x0000, 0x0444,
  0x0000, 0x0000, 0x0000, 0x0000, 0x0000, 0x0000, 0x0000, 0x0000,
  0x0000, 0x0000, 0x0000, 0x0000, 0x0FFF, 0x0000, 0x0000, 0x4211,
  0x8776, 0xBAA9, 0xD888, 0xE988, 0xE887, 0xE877, 0xF877, 0xFA99,
  0xF877, 0xF867, 0xFA78, 0xFB89, 0xFB99, 0x7A88, 0x0000, 0x0FAA,
  0x0000, 0x0000, 0x0000, 0x0000, 0x0000, 0x0000, 0x0000, 0x0000,
  0x0000, 0x0000, 0x0000, 0x0000, 0x0000, 0x0000, 0x4000, 0x2000,
  0x0000, 0x0000, 0x0400, 0x0FFF, 0x0000, 0x8111, 0x4100, 0x1000,
  0xD643, 0xFC76, 0xFC76, 0xC743, 0x0000, 0x0000, 0x0000, 0x0000,
  0x0000, 0x0000, 0x0000, 0x0000, 0x0000, 0x0000, 0x0000, 0x0000,
  0x0000, 0x0000, 0x0000, 0x0000, 0x0000, 0x0000, 0x0000, 0x0000,
  0x0000, 0x0000, 0x0000, 0x0000, 0x0000, 0x0000, 0x0000, 0x0000,
  0x0000, 0x0000, 0x0000, 0x0FFF, 0x0000, 0xA666, 0xFDEE, 0xFDDD,
  0xFDDD, 0xFDDD, 0xFDDD, 0xFCDD, 0xFCCD, 0xFCCD, 0xFCCD, 0xFCCD,
  0xFCCD, 0xFCCC, 0xFCCC, 0xFCCC, 0xFCCC, 0xFCCC, 0xFCCC, 0xFCCC,
  0xFCCC, 0xFCCC, 0xFCCC, 0xFCCC, 0xFCCC, 0xFCCC, 0xFBBC, 0xFCCD,
  0xFAAA, 0xF999, 0xE888, 0x6444, 0x0000, 0x0000, 0x0000, 0x0000,
  0x0000, 0x0000, 0x0000, 0x0000, 0x0000, 0x0000, 0x0000, 0x0000,
  0x0000, 0x0000, 0x0000, 0x0000, 0x0000, 0x0555, 0x0000, 0x0000,
  0x0000, 0x0000, 0x1000, 0x1000, 0x1000, 0x1000, 0x9212, 0xFA78,
  0xFB89, 0xFB89, 0xFB89, 0xFB89, 0xFB99, 0xAB89, 0x0000, 0x0B7B,
  0x0000, 0x0000, 0x0000, 0x0000, 0x0000, 0x0000, 0x0000, 0x0000,
  0x0000, 0x0000, 0x0000, 0x0000, 0x0000, 0x0000, 0x0000, 0x0000,
  0x0000, 0x0000, 0x0000, 0x0000, 0x0000, 0x0000, 0x5000, 0x0633,
  0x2000, 0xC643, 0xFC76, 0xC844, 0x0000, 0x0000, 0x0000, 0x0000,
  0x0000, 0x0000, 0x0000, 0x0000, 0x0000, 0x0000, 0x0000, 0x0000,
  0x0000, 0x0000, 0x0000, 0x0000, 0x0000, 0x0000, 0x0000, 0x0000,
  0x0000, 0x0000, 0x0000, 0x0000, 0x0000, 0x0000, 0x0000, 0x0000,
  0x0000, 0x0000, 0x0000, 0x0000, 0x0FFF, 0x2000, 0xE889, 0xFDEE,
  0xFCDD, 0xFDDD, 0xFCCD, 0xFCCC, 0xFCCC, 0xFCCC, 0xFCCC, 0xFCCC,
  0xFCCC, 0xFCCC, 0xFCCC, 0xFCCC, 0xFCCC, 0xFCCC, 0xFCCC, 0xFCCC,
  0xFCCC, 0xFCCC, 0xFCCC, 0xFCCC, 0xFCCC, 0xFCCD, 0xFDDD, 0xFCCC,
  0xE999, 0x8667, 0x2000, 0x0000, 0x0000, 0x0000, 0x0000, 0x0000,
  0x0000, 0x0000, 0x0000, 0x0000, 0x0000, 0x0000, 0x0000, 0x0000,
  0x0000, 0x0000, 0x0000, 0x0000, 0x0000, 0x0000, 0x0000, 0x0555,
  0x0966, 0x0000, 0x0000, 0x0000, 0x0000, 0x0000, 0x4655, 0xFA88,
  0xFB89, 0xFA88, 0xFB89, 0xFB89, 0xFB99, 0xAB89, 0x0000, 0x0B7B,
  0x0000, 0x0000, 0x0000, 0x0000, 0x0000, 0x0000, 0x0000, 0x0000,
  0x0000, 0x0000, 0x0000, 0x0000, 0x0000, 0x0000, 0x0000, 0x0000,
  0x0000, 0x0000, 0x0000, 0x0000, 0x0000, 0x0000, 0x0000, 0x0000,
  0x0000, 0x1000, 0x9533, 0xE643, 0x2110, 0x0000, 0x0000, 0x0000,
  0x0000, 0x0000, 0x0000, 0x0000, 0x0000, 0x0000, 0x0000, 0x0000,
  0x0000, 0x0000, 0x0000, 0x0000, 0x0000, 0x0000, 0x0000, 0x0000,
  0x0000, 0x0000, 0x0000, 0x0000, 0x0000, 0x0000, 0x0000, 0x0000,
  0x0000, 0x0000, 0x0000, 0x0000, 0x0555, 0x0000, 0x4111, 0xFAAA,
  0xFDEE, 0xFCCC, 0xFCCC, 0xFCCC, 0xFCCC, 0xFCCC, 0xFCCC, 0xFCCC,
  0xFCCC, 0xFCCC, 0xFCCC, 0xFCCC, 0xFCCC, 0xFCCC, 0xFCCC, 0xFCCC,
  0xFCCC, 0xFCCC, 0xFCCD, 0xFCCD, 0xFDCD, 0xFBBB, 0xD888, 0x8555,
  0x2000, 0x0000, 0x0000, 0x0555, 0x0000, 0x0000, 0x0000, 0x0000,
  0x0000, 0x0000, 0x0000, 0x0000, 0x0000, 0x0000, 0x0000, 0x0000,
  0x0000, 0x0000, 0x0000, 0x0000, 0x0000, 0x0000, 0x0000, 0x0000,
  0x0000, 0x0000, 0x0000, 0x0000, 0x0000, 0x0FFF, 0x4000, 0xF977,
  0xFC99, 0xFB99, 0xFB99, 0xFB99, 0xFC9A, 0xCB89, 0x0777, 0x0FFF,
  0x0000, 0x0000, 0x0000, 0x0000, 0x0000, 0x0000, 0x0000, 0x0000,
  0x0000, 0x0000, 0x0000, 0x0000, 0x0000, 0x0000, 0x0000, 0x0000,
  0x0000, 0x0000, 0x0000, 0x0000, 0x0000, 0x0000, 0x0000, 0x0000,
  0x0000, 0x0000, 0x0000, 0x6100, 0x6100, 0x0000, 0x0000, 0x0000,
  0x0000, 0x0000, 0x0000, 0x0000, 0x0000, 0x0000, 0x0000, 0x0000,
  0x0000, 0x0000, 0x0000, 0x0000, 0x0000, 0x0000, 0x0000, 0x0000,
  0x0000, 0x0000, 0x0000, 0x0000, 0x0000, 0x0000, 0x0000, 0x0000,
  0x0000, 0x0000, 0x0000, 0x0000, 0x0000, 0x0AAA, 0x0000, 0x6334,
  0xFBBB, 0xFCCD, 0xFCBC, 0xFCCC, 0xFCCC, 0xFCCC, 0xFCCC, 0xFCCC,
  0xFCCC, 0xFCCC, 0xFCCC, 0xFCCC, 0xFCCC, 0xFCBC, 0xFCCC, 0xFCCD,
  0xFCCD, 0xFDDD, 0xFCCC, 0xFAAA, 0xB777, 0x6222, 0x1000, 0x0000,
  0x0000, 0x0AAA, 0x0000, 0x0000, 0x0000, 0x0000, 0x0000, 0x0000,
  0x0000, 0x0000, 0x0000, 0x0000, 0x0000, 0x0000, 0x0000, 0x0000,
  0x0000, 0x0000, 0x0000, 0x0000, 0x0000, 0x0000, 0x0000, 0x0000,
  0x0000, 0x0000, 0x0000, 0x0000, 0x0000, 0x0000, 0x3000, 0xE866,
  0x9C99, 0x8A88, 0x8B89, 0x8B89, 0x8B89, 0x4B89, 0x0000, 0x0F00,
  0x0000, 0x0000, 0x0000, 0x0000, 0x0000, 0x0000, 0x0000, 0x0000,
  0x0000, 0x0000, 0x0000, 0x0000, 0x0000, 0x0000, 0x0000, 0x0000,
  0x0000, 0x0000, 0x0000, 0x0000, 0x0000, 0x0000, 0x0000, 0x0000,
  0x0000, 0x0000, 0x0000, 0x0000, 0x0000, 0x0000, 0x0000, 0x0000,
  0x0000, 0x0000, 0x0000, 0x0000, 0x0000, 0x0000, 0x0000, 0x0000,
  0x0000, 0x0000, 0x0000, 0x0000, 0x0000, 0x0000, 0x0000, 0x0000,
  0x0000, 0x0000, 0x0000, 0x0000, 0x0000, 0x0000, 0x0000, 0x0000,
  0x0000, 0x0000, 0x0000, 0x0000, 0x0000, 0x0000, 0x0AAA, 0x0000,
  0x8444, 0xFBAB, 0xFDCD, 0xFCCC, 0xFCCC, 0xFCCC, 0xFCCC, 0xFCCC,
  0xFCCC, 0xFCCC, 0xFCCC, 0xFCCD, 0xFCCD, 0xFDDD, 0xFCCD, 0xFBBC,
  0xE99A, 0xC777, 0x7444, 0x3000, 0x0000, 0x0000, 0x0000, 0x0AAA,
  0x0000, 0x0000, 0x0000, 0x0000, 0x0000, 0x0000, 0x0000, 0x0000,
  0x0000, 0x0000, 0x0000, 0x0000, 0x0000, 0x0000, 0x0000, 0x0000,
  0x0000, 0x0000, 0x0000, 0x0000, 0x0000, 0x0000, 0x0000, 0x0000,
  0x0000, 0x0000, 0x0000, 0x0000, 0x0000, 0x0000, 0x0000, 0x0000,
  0x0000, 0x0000, 0x0000, 0x0000, 0x0000, 0x0000, 0x0000, 0x0000,
  0x0000, 0x0000, 0x0000, 0x0000, 0x0000, 0x0000, 0x0000, 0x0000,
  0x0000, 0x0000, 0x0000, 0x0000, 0x0000, 0x0000, 0x0000, 0x0000,
  0x0000, 0x0000, 0x0000, 0x0000, 0x0000, 0x0000, 0x0000, 0x0000,
  0x0000, 0x0000, 0x0000, 0x0000, 0x0000, 0x0000, 0x0000, 0x0000,
  0x0000, 0x0000, 0x0000, 0x0000, 0x0000, 0x0000, 0x0000, 0x0000,
  0x0000, 0x0000, 0x0000, 0x0000, 0x0000, 0x0000, 0x0000, 0x0000,
  0x0000, 0x0000, 0x0000, 0x0000, 0x0000, 0x0000, 0x0000, 0x0000,
  0x0000, 0x0000, 0x0000, 0x0000, 0x0000, 0x0000, 0x0000, 0x0AAA,
  0x0000, 0x7222, 0xF778, 0xFCCD, 0xFCCC, 0xFCCC, 0xFCCC, 0xFCCD,
  0xFCCD, 0xFDDD, 0xFCCC, 0xFBBB, 0xFBAB, 0xE778, 0x9777, 0x6222,
  0x2000, 0x0000, 0x0000, 0x0000, 0x0000, 0x0444, 0x0000, 0x0000,
  0x0000, 0x0000, 0x0000, 0x0000, 0x0000, 0x0000, 0x0000, 0x0000,
  0x0000, 0x0000, 0x0000, 0x0000, 0x0000, 0x0000, 0x0000, 0x0000,
  0x0000, 0x0000, 0x0000, 0x0000, 0x0000, 0x0000, 0x0000, 0x0000,
  0x0000, 0x0000, 0x0000, 0x0000, 0x0000, 0x0000, 0x0000, 0x0000,
  0x0000, 0x0000, 0x0000, 0x0000, 0x0000, 0x0000, 0x0000, 0x0000,
  0x0000, 0x0000, 0x0000, 0x0000, 0x0000, 0x0000, 0x0000, 0x0000,
  0x0000, 0x0000, 0x0000, 0x0000, 0x0000, 0x0000, 0x0000, 0x0000,
  0x0000, 0x0000, 0x0000, 0x0000, 0x0000, 0x0000, 0x0000, 0x0000,
  0x0000, 0x0000, 0x0000, 0x0000, 0x0000, 0x0000, 0x0000, 0x0000,
  0x0000, 0x0000, 0x0000, 0x0000, 0x0000, 0x0000, 0x0000, 0x0000,
  0x0000, 0x0000, 0x0000, 0x0000, 0x0000, 0x0000, 0x0000, 0x0000,
  0x0000, 0x0000, 0x0000, 0x0000, 0x0000, 0x0000, 0x0000, 0x0000,
  0x0000, 0x0000, 0x0000, 0x0000, 0x0000, 0x0000, 0x0000, 0x0000,
  0x0AAA, 0x0000, 0x3000, 0xB556, 0xFAAB, 0xFCCC, 0xFBBB, 0xF99A,
  0xF777, 0xC888, 0x8777, 0x7222, 0x3222, 0x1000, 0x0000, 0x0000,
  0x0000, 0x0000, 0x0666, 0x0000, 0x0000, 0x0000, 0x0000, 0x0000,
  0x0000, 0x0000, 0x0000, 0x0000, 0x0000, 0x0000, 0x0000, 0x0000,
  0x0000, 0x0000, 0x0000, 0x0000, 0x0000, 0x0000, 0x0000, 0x0000,
  0x0000, 0x0000, 0x0000, 0x0000, 0x0000, 0x0000, 0x0000, 0x0000,
  0x0000, 0x0000, 0x0000, 0x0000, 0x0000, 0x0000, 0x0000, 0x0000,
  0x0000, 0x0000, 0x0000, 0x0000, 0x0000, 0x0000, 0x0000, 0x0000,
  0x0000, 0x0000, 0x0000, 0x0000, 0x0000, 0x0000, 0x0000, 0x0000,
  0x0000, 0x0000, 0x0000, 0x0000, 0x0000, 0x0000, 0x0000, 0x0000,
  0x0000, 0x0000, 0x0000, 0x0000, 0x0000, 0x0000, 0x0000, 0x0000,
  0x0000, 0x0000, 0x0000, 0x0000, 0x0000, 0x0000, 0x0000, 0x0000,
  0x0000, 0x0000, 0x0000, 0x0000, 0x0000, 0x0000, 0x0000, 0x0000,
  0x0000, 0x0000, 0x0000, 0x0000, 0x0000, 0x0000, 0x0000, 0x0000,
  0x0000, 0x0000, 0x0000, 0x0000, 0x0000, 0x0000, 0x0000, 0x0000,
  0x5111, 0xE223, 0xF334, 0xA345, 0x8222, 0x5111, 0x1111, 0x1000,
  0x1000, 0x0000, 0x0000, 0x0000, 0x0000, 0x0000, 0x0555, 0x0000,
  0x0000, 0x0000, 0x0000, 0x0000, 0x0000, 0x0000, 0x0000, 0x0000,
  0x0000, 0x0000, 0x0000, 0x0555, 0x0000, 0xA222, 0xF334, 0xD333,
  0x9455, 0x5111, 0x0000, 0x0000, 0x0000, 0x0000, 0x0000, 0x0000,
  0x0000, 0x0000, 0x0000, 0x0000, 0x0000, 0x0000, 0x0000, 0x0000,
  0x0000, 0x0000, 0x0000, 0x0000, 0x0000, 0x0000, 0x0000, 0x0000,
  0x0000, 0x0000, 0x0000, 0x0000, 0x0000, 0x0000, 0x0000, 0x0000,
  0x0000, 0x0000, 0x0000, 0x0000, 0x0000, 0x0000, 0x0000, 0x0000,
  0x0000, 0x0000, 0x0000, 0x0FFF, 0x0000, 0x2000, 0xA766, 0xB765,
  0x0000, 0x0000, 0x0000, 0x0000, 0x0000, 0x0000, 0x0000, 0x0000,
  0x0000, 0x0000, 0x0000, 0x0555, 0x0FFF, 0x0000, 0x0000, 0x0000,
  0x2333, 0x7333, 0x9999, 0xA778, 0x5111, 0x0000, 0x0000, 0x0000,
  0x0444, 0x0000, 0x0000, 0x0000, 0x0000, 0x0000, 0x0000, 0x0000,
  0x0000, 0x0000, 0x0000, 0x0000, 0x0000, 0x0000, 0x0000, 0x0000,
  0x0000, 0x0000, 0x0000, 0x0000, 0x0000, 0x0000, 0x0000, 0x0000,
  0x3111, 0x3334, 0xB334, 0xF567, 0xF556, 0xF456, 0xE445, 0xE344,
  0xE233, 0xA344, 0x7223, 0x6111, 0x2000, 0x1000, 0x0000, 0x0000,
  0x0000, 0x0000, 0x0044, 0x0000, 0x0000, 0x0000, 0x0000, 0x0000,
  0x0000, 0x0000, 0x0555, 0x0000, 0x5222, 0xF344, 0xF334, 0xF233,
  0xF455, 0xF667, 0xB444, 0x3000, 0x0000, 0x0000, 0x0000, 0x0000,
  0x0000, 0x0000, 0x0000, 0x0000, 0x0000, 0x0000, 0x0000, 0x0000,
  0x0000, 0x0000, 0x0000, 0x0000, 0x0000, 0x0000, 0x0000, 0x0000,
  0x0000, 0x0000, 0x0000, 0x0000, 0x0000, 0x0000, 0x0000, 0x0000,
  0x0000, 0x0000, 0x0000, 0x0000, 0x0000, 0x0000, 0x0000, 0x0000,
  0x0000, 0x0000, 0x0F77, 0x0000, 0x6444, 0xEBA9, 0xFFED, 0xB877,
  0x0000, 0x0000, 0x0000, 0x0000, 0x0000, 0x0000, 0x0000, 0x0000,
  0x0000, 0x0555, 0x0000, 0x0000, 0x0000, 0x2000, 0x7666, 0xCAAA,
  0xEAAA, 0xFCCC, 0xFEEE, 0xFDDE, 0xFABB, 0xC777, 0x6111, 0x1000,
  0x0000, 0x0000, 0x0555, 0x0000, 0x0000, 0x0000, 0x0000, 0x0000,
  0x0000, 0x0000, 0x0000, 0x0000, 0x0000, 0x0000, 0x0000, 0x0000,
  0x0000, 0x0000, 0x0000, 0x0000, 0x0000, 0x0000, 0x0000, 0x0000,
  0x0000, 0x0000, 0x0000, 0xD334, 0xF567, 0xF456, 0xF345, 0xF567,
  0xF567, 0xF567, 0xF556, 0xF456, 0xF445, 0xE334, 0x9334, 0x7111,
  0x2000, 0x0000, 0x0000, 0x0000, 0x0FFF, 0x0000, 0x0000, 0x0000,
  0x0000, 0x0000, 0x0777, 0x1000, 0xD344, 0xF334, 0xF223, 0xF223,
  0xF223, 0xF455, 0xF888, 0xE555, 0x3111, 0x0000, 0x0777, 0x0000,
  0x0000, 0x0000, 0x0000, 0x0000, 0x0000, 0x0000, 0x0000, 0x0000,
  0x0000, 0x0000, 0x0000, 0x0000, 0x0000, 0x0000, 0x0000, 0x0000,
  0x0000, 0x0000, 0x0000, 0x0000, 0x0000, 0x0000, 0x0000, 0x0000,
  0x0000, 0x0000, 0x0000, 0x0000, 0x0000, 0x0000, 0x0000, 0x0000,
  0x0000, 0x0FFF, 0x0000, 0x7444, 0xFDBB, 0xFFFE, 0xFCBA, 0x4111,
  0x0000, 0x0000, 0x0000, 0x0000, 0x0000, 0x0000, 0x0000, 0x0000,
  0x0FFF, 0x0000, 0x0000, 0x5222, 0xA999, 0xFBBB, 0xFCCC, 0xFBBB,
  0xFAAA, 0xFCCD, 0xFDDD, 0xFDDD, 0xFDDE, 0xFDEE, 0xFBBC, 0xD777,
  0x6222, 0x0000, 0x0000, 0x0FFF, 0x0000, 0x0000, 0x0000, 0x0000,
  0x0000, 0x0000, 0x0000, 0x0000, 0x0000, 0x0000, 0x0000, 0x0000,
  0x0000, 0x0000, 0x0000, 0x0000, 0x0000, 0x0000, 0x0000, 0x0000,
  0x0000, 0x0033, 0x0000, 0x5111, 0xF456, 0xF567, 0xF345, 0xF445,
  0xF556, 0xF556, 0xF556, 0xF556, 0xF557, 0xF567, 0xF556, 0xF556,
  0xE445, 0xC334, 0x7112, 0x2000, 0x0000, 0x0000, 0x0FFF, 0x0000,
  0x0000, 0x0000, 0x0000, 0x6233, 0xF445, 0xF223, 0xF233, 0xF233,
  0xF233, 0xF223, 0xF667, 0xF888, 0xD444, 0x1000, 0x0777, 0x0000,
  0x0000, 0x0000, 0x0000, 0x0000, 0x0000, 0x0000, 0x0000, 0x0000,
  0x0000, 0x0000, 0x0000, 0x0000, 0x0000, 0x0000, 0x0000, 0x0000,
  0x0000, 0x0000, 0x0000, 0x0000, 0x0000, 0x0000, 0x0000, 0x0000,
  0x0000, 0x0000, 0x0000, 0x0000, 0x0000, 0x0000, 0x0000, 0x0000,
  0x0000, 0x0000, 0x3111, 0xFBAA, 0xFFEE, 0xFFED, 0xB876, 0x0000,
  0x0000, 0x0000, 0x0000, 0x0000, 0x0000, 0x0000, 0x0000, 0x0FFF,
  0x0000, 0x5111, 0xC999, 0xFDDD, 0xFDDD, 0xFAAA, 0xFAAB, 0xFCCC,
  0xFDDE, 0xFDDD, 0xFDDD, 0xFDDD, 0xFCDD, 0xFCDD, 0xFDDE, 0xFDEE,
  0xFCCD, 0xC888, 0x5222, 0x0000, 0x0000, 0x0F7F, 0x0000, 0x0000,
  0x0000, 0x0000, 0x0000, 0x0000, 0x0000, 0x0000, 0x0000, 0x0000,
  0x0000, 0x0000, 0x0000, 0x0000, 0x0000, 0x0000, 0x0000, 0x0000,
  0x0000, 0x0000, 0x05A5, 0x0000, 0xC334, 0xF567, 0xF556, 0xF334,
  0xF556, 0xF556, 0xF556, 0xF556, 0xF556, 0xF556, 0xF556, 0xF556,
  0xF567, 0xF567, 0xF556, 0xE445, 0xA233, 0x3000, 0x0000, 0x0000,
  0x0000, 0x0000, 0x0000, 0xC444, 0xF334, 0xF223, 0xF233, 0xF233,
  0xF233, 0xF223, 0xF445, 0xF788, 0xF777, 0x6222, 0x0000, 0x0055,
  0x0000, 0x0000, 0x0000, 0x0000, 0x0000, 0x0000, 0x0000, 0x0000,
  0x0000, 0x0000, 0x0000, 0x0000, 0x0000, 0x0000, 0x0000, 0x0000,
  0x0000, 0x0000, 0x0000, 0x0000, 0x0000, 0x0000, 0x0000, 0x0000,
  0x0000, 0x0000, 0x0000, 0x0000, 0x0000, 0x0000, 0x0000, 0x0000,
  0x0FFF, 0x0000, 0xA776, 0xFFED, 0xFFED, 0xFCBA, 0x3211, 0x0000,
  0x0000, 0x0000, 0x0000, 0x0000, 0x0000, 0x0000, 0x0000, 0x0000,
  0xA666, 0xFDDD, 0xFFFF, 0xFAAB, 0xFAAA, 0xFCCD, 0xFDDE, 0xFDDD,
  0xFCDD, 0xFDDD, 0xFDDD, 0xFDDD, 0xFDDD, 0xFDDD, 0xFDDD, 0xFCCC,
  0xFBAB, 0xFA9A, 0xF878, 0xB555, 0x4111, 0x0000, 0x0000, 0x0444,
  0x0000, 0x0000, 0x0000, 0x0000, 0x0000, 0x0000, 0x0000, 0x0000,
  0x0000, 0x0000, 0x0000, 0x0000, 0x0000, 0x0000, 0x0000, 0x0000,
  0x0000, 0x0000, 0x0404, 0x0000, 0x5112, 0xF456, 0xF567, 0xF445,
  0xF455, 0xF556, 0xF556, 0xF556, 0xF556, 0xF556, 0xF556, 0xF556,
  0xF556, 0xF556, 0xF556, 0xF567, 0xF567, 0xF445, 0x8223, 0x0000,
  0x00FF, 0x0000, 0x2333, 0xF344, 0xF233, 0xF223, 0xF233, 0xF233,
  0xF233, 0xF223, 0xF233, 0xF677, 0xF788, 0xB444, 0x0000, 0x05AA,
  0x0000, 0x0000, 0x0000, 0x0000, 0x0000, 0x0000, 0x0000, 0x0000,
  0x0000, 0x0000, 0x0000, 0x0000, 0x0000, 0x0000, 0x0000, 0x0000,
  0x0000, 0x0000, 0x0000, 0x0000, 0x0000, 0x0000, 0x0000, 0x0000,
  0x0000, 0x0000, 0x0000, 0x0000, 0x0000, 0x0000, 0x0000, 0x0000,
  0x0000, 0x2000, 0xEBAA, 0xFFED, 0xFFED, 0xA877, 0x0000, 0x0FFF,
  0x0000, 0x0000, 0x0000, 0x0000, 0x0000, 0x0FFF, 0x0000, 0xA666,
  0xFFFF, 0xFDDD, 0xF999, 0xFBBC, 0xFDDE, 0xFDDD, 0xFCDD, 0xFDDD,
  0xFDDD, 0xFDDD, 0xFDDD, 0xFDDD, 0xFCDD, 0xFDDD, 0xFBAB, 0xF978,
  0xF978, 0xF978, 0xF989, 0xF989, 0xF867, 0xA444, 0x3000, 0x0000,
  0x0000, 0x0444, 0x0000, 0x0000, 0x0000, 0x0000, 0x0000, 0x0000,
  0x0000, 0x0000, 0x0000, 0x0000, 0x0000, 0x0000, 0x0000, 0x0000,
  0x0000, 0x0000, 0x0000, 0x0FFF, 0x1000, 0xD344, 0xF567, 0xF455,
  0xF445, 0xF567, 0xF556, 0xF556, 0xF556, 0xF556, 0xF556, 0xF556,
  0xF556, 0xF556, 0xF556, 0xF556, 0xF556, 0xF567, 0xD344, 0x0000,
  0x0000, 0x0000, 0x7222, 0xF445, 0xF223, 0xF233, 0xF233, 0xF233,
  0xF233, 0xF233, 0xF223, 0xF556, 0xF888, 0xF566, 0x3000, 0x0000,
  0x0000, 0x0000, 0x0000, 0x0000, 0x0000, 0x0000, 0x0000, 0x0000,
  0x0000, 0x0000, 0x0000, 0x0000, 0x0555, 0x0FFF, 0x0000, 0x0000,
  0x0000, 0x0000, 0x0000, 0x0FFA, 0x0000, 0x0000, 0x0000, 0x0000,
  0x0000, 0x0000, 0x0000, 0x0000, 0x0000, 0x0000, 0x0000, 0x0444,
  0x0000, 0x5433, 0xFEDC, 0xFFEE, 0xFDCB, 0x4222, 0x0000, 0x0555,
  0x0000, 0x0000, 0x0000, 0x0000, 0x0FFF, 0x0000, 0xB666, 0xFFFF,
  0xFBBB, 0xF999, 0xFDDE, 0xFDDE, 0xFCDD, 0xFDDD, 0xFDDD, 0xFDDD,
  0xFDDD, 0xFDDD, 0xFDDD, 0xFCDD, 0xFDDD, 0xFCCC, 0xF978, 0xF978,
  0xF979, 0xF978, 0xF978, 0xF978, 0xF989, 0xF989, 0xE766, 0x8433,
  0x1000, 0x0000, 0x0000, 0x0555, 0x0000, 0x0000, 0x0000, 0x0000,
  0x0000, 0x0000, 0x0000, 0x0000, 0x0000, 0x0000, 0x0000, 0x0000,
  0x0000, 0x0000, 0x0000, 0x0444, 0x0000, 0x9223, 0xF556, 0xF556,
  0xF344, 0xF556, 0xF556, 0xF556, 0xF556, 0xF556, 0xF556, 0xF556,
  0xF556, 0xF556, 0xF556, 0xF556, 0xF556, 0xF567, 0xA445, 0x0000,
  0x0FFF, 0x0000, 0x9444, 0xF334, 0xF223, 0xF233, 0xF233, 0xF233,
  0xF233, 0xF233, 0xF223, 0xF344, 0xF778, 0xF778, 0x8333, 0x0000,
  0x0555, 0x0000, 0x0000, 0x0000, 0x0000, 0x0000, 0x0000, 0x0000,
  0x0000, 0x0000, 0x0000, 0x0FFF, 0x0000, 0x0000, 0x2000, 0x4000,
  0x4000, 0x2000, 0x0000, 0x0000, 0x0000, 0x0000, 0x0FAA, 0x0000,
  0x0000, 0x0000, 0x0000, 0x0000, 0x0000, 0x0000, 0x0000, 0x0777,
  0x0000, 0x6655, 0xFEDC, 0xFFFE, 0xEBA9, 0x1000, 0x0000, 0x0000,
  0x0000, 0x0000, 0x0000, 0x0777, 0x0000, 0x8333, 0xFEEE, 0xFBBB,
  0xF99A, 0xFDEE, 0xFDDD, 0xFCDD, 0xFDDD, 0xFDDD, 0xFDDD, 0xFDDD,
  0xFDDD, 0xFDDD, 0xFDDD, 0xFCDD, 0xFDDE, 0xFBBC, 0xF978, 0xF979,
  0xF978, 0xF978, 0xF978, 0xF978, 0xF978, 0xF978, 0xF989, 0xF978,
  0xD656, 0x7333, 0x1000, 0x0000, 0x0AAA, 0x0000, 0x0000, 0x0000,
  0x0000, 0x0000, 0x0000, 0x0000, 0x0000, 0x0000, 0x0000, 0x0000,
  0x0000, 0x0000, 0x0000, 0x0000, 0x0000, 0x3111, 0xF445, 0xF567,
  0xF445, 0xF456, 0xF556, 0xF556, 0xF556, 0xF556, 0xF556, 0xF556,
  0xF556, 0xF556, 0xF556, 0xF556, 0xF556, 0xF567, 0x9345, 0x0000,
  0x0447, 0x0000, 0xD444, 0xF334, 0xF223, 0xF233, 0xF233, 0xF233,
  0xF233, 0xF233, 0xF223, 0xF334, 0xF778, 0xF788, 0xC555, 0x0000,
  0x0FFF, 0x0000, 0x0000, 0x0000, 0x0000, 0x0000, 0x0000, 0x0000,
  0x0000, 0x0000, 0x0FFF, 0x0000, 0x4222, 0xB877, 0xEBA9, 0xFDBB,
  0xFDCB, 0xEBAA, 0xC988, 0x8766, 0x4000, 0x0000, 0x0000, 0x0000,
  0x0000, 0x0FFF, 0x0FFF, 0x0FFF, 0x0FFF, 0x0FFF, 0x0FFF, 0x0FFF,
  0x0000, 0x8766, 0xFFED, 0xFFFE, 0xCA99, 0x0000, 0x0000, 0x0000,
  0x0000, 0x0000, 0x0555, 0x0000, 0x5000, 0xFCCC, 0xFDDD, 0xF99A,
  0xFDEE, 0xFCDD, 0xFDDD, 0xFDDD, 0xFDDD, 0xFDDD, 0xFDDD, 0xFDDD,
  0xFDDD, 0xFDDD, 0xFDDD, 0xFCDD, 0xFDDD, 0xFA9A, 0xF978, 0xF979,
  0xF978, 0xF978, 0xF978, 0xF978, 0xF978, 0xF978, 0xF978, 0xF979,
  0xF989, 0xF989, 0xC777, 0x5222, 0x0000, 0x0000, 0x0444, 0x0000,
  0x0000, 0x0000, 0x0000, 0x0000, 0x0000, 0x0000, 0x0000, 0x0000,
  0x0000, 0x0000, 0x0000, 0x0000, 0x0000, 0x1000, 0xD344, 0xF567,
  0xF445, 0xF345, 0xF567, 0xF556, 0xF556, 0xF556, 0xF556, 0xF556,
  0xF556, 0xF556, 0xF556, 0xF556, 0xF556, 0xF556, 0x9233, 0x0000,
  0x0333, 0x0000, 0xF344, 0xF334, 0xF223, 0xF233, 0xF233, 0xF233,
  0xF233, 0xF233, 0xF223, 0xF344, 0xF778, 0xF788, 0xF666, 0x3111,
  0x0000, 0x0000, 0x0000, 0x0000, 0x0000, 0x0000, 0x0000, 0x0000,
  0x0000, 0x0000, 0x0000, 0x7322, 0xFCAA, 0xFFFE, 0xFFEE, 0xFFEE,
  0xFFEE, 0xFFED, 0xFFEE, 0xFFED, 0xFCBB, 0xC988, 0x8666, 0x3000,
  0x0000, 0x0000, 0x0000, 0x0000, 0x0000, 0x0000, 0x0000, 0x0000,
  0x1000, 0xEBAA, 0xFFFE, 0xFFEE, 0xA887, 0x0000, 0x0FFF, 0x0000,
  0x0000, 0x0000, 0x0FFF, 0x1000, 0xE999, 0xFFFF, 0xF999, 0xFDDE,
  0xFCDD, 0xFDDD, 0xFDDD, 0xFDDD, 0xFDDD, 0xFDDD, 0xFDDD, 0xFDDD,
  0xFDDD, 0xFDDD, 0xFDDD, 0xFCDD, 0xFDDD, 0xFA9A, 0xF978, 0xF979,
  0xF978, 0xF978, 0xF978, 0xF978, 0xF978, 0xF978, 0xF978, 0xF978,
  0xF978, 0xF978, 0xFA9A, 0xFAAA, 0x9677, 0x1000, 0x0000, 0x0FFF,
  0x0000, 0x0000, 0x0000, 0x0000, 0x0000, 0x0000, 0x0000, 0x0000,
  0x0000, 0x0000, 0x0000, 0x0000, 0x0333, 0x0000, 0x9223, 0xF567,
  0xF556, 0xF344, 0xF556, 0xF556, 0xF556, 0xF556, 0xF556, 0xF556,
  0xF556, 0xF556, 0xF556, 0xF556, 0xF556, 0xF556, 0x9122, 0x0000,
  0x0333, 0x0000, 0xF444, 0xF334, 0xF223, 0xF233, 0xF233, 0xF233,
  0xF233, 0xF233, 0xF223, 0xF334, 0xF666, 0xF777, 0xF778, 0x8333,
  0x0000, 0x0555, 0x0000, 0x0000, 0x0000, 0x0000, 0x0000, 0x0000,
  0x0000, 0x0000, 0x0000, 0x4433, 0xB988, 0xDBA9, 0xFBA9, 0xFCBA,
  0xFECC, 0xFFDD, 0xFFED, 0xFFEE, 0xFFFE, 0xFFFE, 0xFFED, 0xFCBB,
  0xDAA9, 0xA887, 0xA877, 0xB887, 0xB888, 0xB887, 0xB887, 0xB887,
  0xC988, 0xFFED, 0xFFEE, 0xFFEE, 0x9877, 0x0000, 0x0BBB, 0x0000,
  0x0000, 0x0FFF, 0x0000, 0x9666, 0xFFFF, 0xFAAA, 0xFCCC, 0xFDDD,
  0xFCDD, 0xFDDD, 0xFDDD, 0xFDDD, 0xFDDD, 0xFDDD, 0xFDDD, 0xFDDD,
  0xFDDD, 0xFDDD, 0xFDDD, 0xFCDD, 0xFDDD, 0xFA9A, 0xF978, 0xF979,
  0xF978, 0xF978, 0xF978, 0xF978, 0xF978, 0xF978, 0xF978, 0xF978,
  0xF978, 0xF978, 0xF978, 0xFA89, 0xFCCD, 0xD999, 0x6222, 0x0000,
  0x0000, 0x0555, 0x0000, 0x0000, 0x0000, 0x0000, 0x0000, 0x0000,
  0x0000, 0x0000, 0x0000, 0x0000, 0x0000, 0x0000, 0x4112, 0xF456,
  0xF567, 0xF344, 0xF456, 0xF556, 0xF556, 0xF556, 0xF556, 0xF556,
  0xF556, 0xF556, 0xF556, 0xF556, 0xF556, 0xF556, 0x9112, 0x0000,
  0x0333, 0x0000, 0xF444, 0xF344, 0xF223, 0xF233, 0xF233, 0xF233,
  0xF233, 0xF233, 0xF233, 0xF223, 0xF233, 0xF233, 0xF334, 0xB222,
  0x0000, 0x0044, 0x0000, 0x0000, 0x0000, 0x0000, 0x0000, 0x0000,
  0x0000, 0x0000, 0x0000, 0x0000, 0x0000, 0x2000, 0x2000, 0x3332,
  0x5544, 0x7555, 0x9766, 0xB988, 0xEBAA, 0xFEDC, 0xFFFE, 0xFFFF,
  0xFFFE, 0xFFFE, 0xFFFE, 0xFFFE, 0xFFFE, 0xFFFE, 0xFFFE, 0xFFFE,
  0xFFFE, 0xFFED, 0xFFED, 0xFFFE, 0xCA99, 0x0000, 0x0000, 0x0000,
  0x0444, 0x0000, 0x4111, 0xFDDD, 0xFCCC, 0xFAAA, 0xFDDE, 0xFCDD,
  0xFDDD, 0xFDDD, 0xFDDD, 0xFDDD, 0xFDDD, 0xFDDD, 0xFDDD, 0xFDDD,
  0xFDDD, 0xFDDD, 0xFDDD, 0xFCDD, 0xFDDD, 0xFA9A, 0xF978, 0xF979,
  0xF978, 0xF978, 0xF979, 0xF979, 0xF979, 0xF979, 0xF979, 0xF979,
  0xF978, 0xF979, 0xF989, 0xF878, 0xFA9A, 0xFEEE, 0xFBBC, 0xA667,
  0x1000, 0x0000, 0x0777, 0x0000, 0x0000, 0x0000, 0x0000, 0x0000,
  0x0000, 0x0000, 0x0000, 0x0000, 0x0000, 0x0000, 0x1000, 0xE344,
  0xF567, 0xF445, 0xF445, 0xF567, 0xF556, 0xF556, 0xF556, 0xF556,
  0xF556, 0xF556, 0xF556, 0xF556, 0xF556, 0xF556, 0x8111, 0x0000,
  0x0333, 0x0000, 0xD555, 0xF667, 0xF223, 0xF223, 0xF233, 0xF233,
  0xF233, 0xF233, 0xF233, 0xF233, 0xF233, 0xF223, 0xF233, 0xD122,
  0x1000, 0x0000, 0x0000, 0x0000, 0x0000, 0x0000, 0x0000, 0x0000,
  0x0000, 0x0000, 0x0000, 0x0444, 0x0FFF, 0x0000, 0x0000, 0x0000,
  0x0000, 0x0000, 0x0000, 0x0000, 0x1000, 0x4222, 0x9777, 0xDCBA,
  0xFFED, 0xFFED, 0xFFED, 0xFFED, 0xFFED, 0xFFED, 0xFFED, 0xFFED,
  0xFFED, 0xFFED, 0xFFED, 0xFFFE, 0xFBBA, 0x2000, 0x0000, 0x0777,
  0x0FFF, 0x0000, 0xC888, 0xFFFF, 0xF999, 0xFDDE, 0xFCDD, 0xFDDD,
  0xFDDD, 0xFDDD, 0xFDDD, 0xFDDD, 0xFDDD, 0xFDDD, 0xFDDD, 0xFDDD,
  0xFDDD, 0xFDDD, 0xFDDD, 0xFDDD, 0xFDDE, 0xFA9A, 0xF978, 0xF978,
  0xF978, 0xF978, 0xF978, 0xF978, 0xF878, 0xF878, 0xF878, 0xF878,
  0xF878, 0xF878, 0xF878, 0xF978, 0xFBBB, 0xFDDD, 0xFDDE, 0xFDDE,
  0xD888, 0x4222, 0x0000, 0x0000, 0x0000, 0x0000, 0x0000, 0x0000,
  0x0000, 0x0000, 0x0000, 0x0000, 0x0000, 0x055A, 0x0000, 0xB334,
  0xF567, 0xF556, 0xF344, 0xF556, 0xF556, 0xF556, 0xF556, 0xF556,
  0xF556, 0xF556, 0xF556, 0xF556, 0xF556, 0xF556, 0x8111, 0x0000,
  0x0333, 0x0000, 0xA556, 0xF788, 0xF566, 0xF234, 0xF233, 0xF233,
  0xF233, 0xF233, 0xF233, 0xF233, 0xF233, 0xF233, 0xF233, 0xF223,
  0x3001, 0x0000, 0x0000, 0x0000, 0x0000, 0x0000, 0x0000, 0x0000,
  0x0000, 0x0000, 0x0000, 0x0000, 0x0000, 0x2000, 0x5443, 0x8665,
  0x9766, 0xA876, 0xB877, 0xA877, 0x9877, 0x8776, 0x6555, 0x9333,
  0xFDDC, 0xFFFE, 0xFFED, 0xFFED, 0xFFED, 0xFFED, 0xFFED, 0xFFED,
  0xFFED, 0xFFED, 0xFFED, 0xFFEE, 0xFEDD, 0x6433, 0x0000, 0x0444,
  0x0000, 0x5333, 0xFFFF, 0xFBBB, 0xFBBC, 0xFDDE, 0xFCDD, 0xFDDD,
  0xFDDD, 0xFDDD, 0xFDDD, 0xFDDD, 0xFDDD, 0xFDDD, 0xFDDD, 0xFCDD,
  0xFCDD, 0xFCCD, 0xFCCD, 0xFCCC, 0xFCCD, 0xFA9A, 0xF868, 0xF878,
  0xF878, 0xF878, 0xF878, 0xF878, 0xF878, 0xF878, 0xF878, 0xF878,
  0xF868, 0xF989, 0xFAAA, 0xFCCD, 0xFDDD, 0xFDDD, 0xFCDD, 0xFDDD,
  0xFDEE, 0xFABB, 0x7444, 0x1000, 0x0000, 0x0000, 0x0000, 0x0000,
  0x0000, 0x0000, 0x0000, 0x0000, 0x0000, 0x0444, 0x0000, 0x6112,
  0xF556, 0xF557, 0xF344, 0xF456, 0xF556, 0xF556, 0xF556, 0xF556,
  0xF556, 0xF556, 0xF556, 0xF556, 0xF556, 0xF556, 0x8111, 0x0000,
  0x0333, 0x0000, 0x5222, 0xF677, 0xF888, 0xF455, 0xF223, 0xF233,
  0xF233, 0xF233, 0xF233, 0xF233, 0xF233, 0xF233, 0xF233, 0xF233,
  0x8111, 0x0000, 0x0004, 0x0000, 0x0000, 0x0000, 0x0000, 0x0000,
  0x0000, 0x0000, 0x0000, 0x1000, 0x9766, 0xEBA9, 0xFDCB, 0xFFDD,
  0xFFED, 0xFFEE, 0xFFEE, 0xFFEE, 0xFFFE, 0xFFEE, 0xFFED, 0xFDDC,
  0xFEDD, 0xFFEE, 0xFFED, 0xFFED, 0xFFED, 0xFFED, 0xFFED, 0xFFED,
  0xFFED, 0xFFED, 0xFFED, 0xFFEE, 0xFFFE, 0x9877, 0x0000, 0x0BBB,
  0x0000, 0xC999, 0xFFFF, 0xF999, 0xFDDE, 0xFCDD, 0xFDDD, 0xFDDD,
  0xFDDD, 0xFDDD, 0xFDDD, 0xFDDD, 0xFCDD, 0xFCCD, 0xFCCC, 0xFCCC,
  0xFCCC, 0xFCCC, 0xFCCC, 0xFCCC, 0xFCCC, 0xFBAB, 0xF868, 0xF878,
  0xF878, 0xF878, 0xF878, 0xF878, 0xF878, 0xF878, 0xF868, 0xF989,
  0xFBAB, 0xFCCC, 0xFCDD, 0xFDDD, 0xFCDD, 0xFDDD, 0xFDDD, 0xFDDD,
  0xFCDD, 0xFDEE, 0xFDDE, 0xB555, 0x0000, 0x0000, 0x0000, 0x0000,
  0x0000, 0x0000, 0x0000, 0x0000, 0x0000, 0x0000, 0x0000, 0x2000,
  0xF345, 0xF567, 0xF445, 0xF445, 0xF567, 0xF556, 0xF556, 0xF556,
  0xF556, 0xF556, 0xF556, 0xF556, 0xF556, 0xF556, 0x8112, 0x0000,
  0x0333, 0x0000, 0x0000, 0xC445, 0xF888, 0xF445, 0xF223, 0xF233,
  0xF233, 0xF233, 0xF233, 0xF233, 0xF233, 0xF233, 0xF223, 0xF233,
  0xC122, 0x0000, 0x0077, 0x0000, 0x0000, 0x0000, 0x0000, 0x0000,
  0x0000, 0x0000, 0x1000, 0xC977, 0xFFDD, 0xFFED, 0xFFED, 0xFFED,
  0xFFED, 0xFFED, 0xFFED, 0xFFEE, 0xFFEE, 0xFFFE, 0xFFFE, 0xFFFF,
  0xFFFE, 0xFFED, 0xFFED, 0xFFED, 0xFFED, 0xFFED, 0xFFED, 0xFFED,
  0xFFED, 0xFFED, 0xFFED, 0xFFED, 0xFFFE, 0xDA99, 0x0000, 0x0000,
  0x4000, 0xFEEE, 0xFBBB, 0xFBBC, 0xFDDE, 0xFCDD, 0xFDDD, 0xFDDD,
  0xFDDD, 0xFDDD, 0xFCDD, 0xFCCD, 0xFCCC, 0xFCCC, 0xFCCC, 0xFCCC,
  0xFCCC, 0xFCCC, 0xFCCC, 0xFCCC, 0xFCCC, 0xFBBC, 0xF978, 0xF878,
  0xF878, 0xF878, 0xF878, 0xF878, 0xF868, 0xF878, 0xFA9A, 0xFCCC,
  0xFCCD, 0xFCDD, 0xFDDD, 0xFDDD, 0xFDDD, 0xFDDD, 0xFDDD, 0xFCDD,
  0xFDDE, 0xFDEE, 0xD888, 0x3334, 0x0000, 0x0000, 0x0000, 0x0000,
  0x0000, 0x0000, 0x0000, 0x0000, 0x0000, 0x0000, 0x055A, 0x0000,
  0xB334, 0xF567, 0xF456, 0xF345, 0xF556, 0xF556, 0xF556, 0xF556,
  0xF556, 0xF556, 0xF556, 0xF556, 0xF556, 0xF556, 0x9112, 0x0000,
  0x0333, 0x0000, 0x0000, 0x5111, 0xF777, 0xF566, 0xF223, 0xF233,
  0xF233, 0xF233, 0xF233, 0xF233, 0xF233, 0xF233, 0xF223, 0xF233,
  0xF223, 0x4000, 0x0000, 0x0000, 0x0000, 0x0000, 0x0000, 0x0000,
  0x0000, 0x0000, 0x8654, 0xFFED, 0xFFED, 0xFFED, 0xFFDD, 0xFEDC,
  0xFDCB, 0xFCBB, 0xECBA, 0xEBAA, 0xDAA9, 0xDBA9, 0xDBAA, 0xCAA9,
  0xECBB, 0xFFFE, 0xFFED, 0xFFED, 0xFFED, 0xFFED, 0xFFED, 0xFFED,
  0xFFED, 0xFFED, 0xFFED, 0xFFED, 0xFFFE, 0xFDCB, 0x4111, 0x0000,
  0x9666, 0xFEEE, 0xF99A, 0xFDDD, 0xFCDD, 0xFDDD, 0xFDDD, 0xFDDD,
  0xFDDD, 0xFDDD, 0xFCDD, 0xFCCD, 0xFCCD, 0xFCCD, 0xFCCD, 0xFCCC,
  0xFCCC, 0xFCCC, 0xFCCC, 0xFCCC, 0xFCCC, 0xFCCC, 0xFA99, 0xF868,
  0xF878, 0xF878, 0xF878, 0xF878, 0xF989, 0xFBBC, 0xFCCD, 0xFCDD,
  0xFDDD, 0xFDDD, 0xFDDD, 0xFDDD, 0xFDDD, 0xFDDD, 0xFCDD, 0xFDEE,
  0xFCCC, 0xB667, 0x1000, 0x0000, 0x0000, 0x0000, 0x0000, 0x0000,
  0x0000, 0x0000, 0x0000, 0x0000, 0x0000, 0x0000, 0x0444, 0x0000,
  0x7222, 0xF556, 0xF556, 0xF344, 0xF456, 0xF556, 0xF556, 0xF556,
  0xF556, 0xF556, 0xF556, 0xF556, 0xF556, 0xF556, 0x9122, 0x0000,
  0x0333, 0x0000, 0x0AAA, 0x0000, 0xB444, 0xF778, 0xF233, 0xF233,
  0xF233, 0xF233, 0xF233, 0xF233, 0xF233, 0xF233, 0xF233, 0xF233,
  0xF233, 0xA111, 0x0000, 0x0055, 0x0000, 0x0000, 0x0000, 0x0000,
  0x0000, 0x0000, 0xC766, 0xECAA, 0xDA88, 0xB876, 0x8665, 0x6555,
  0x5443, 0x3000, 0x2000, 0x1000, 0x0000, 0x0000, 0x2000, 0x3000,
  0xB554, 0xFEDD, 0xFFEE, 0xFFED, 0xFFED, 0xFFED, 0xFFED, 0xFFED,
  0xFFED, 0xFFED, 0xFFED, 0xFFED, 0xFFED, 0xFFFE, 0x7CBB, 0x0000,
  0xA888, 0xFEEE, 0xFABB, 0xFDDE, 0xFCDD, 0xFDDD, 0xFDDD, 0xFDDD,
  0xFDDD, 0xFDDD, 0xFDDD, 0xFDDD, 0xFDDD, 0xFDDD, 0xFDDD, 0xFDDD,
  0xFCDD, 0xFCDD, 0xFCDD, 0xFCCD, 0xFCCC, 0xFCCD, 0xFBBC, 0xF878,
  0xF868, 0xF878, 0xF989, 0xFBBB, 0xFCDD, 0xFDDD, 0xFDDD, 0xFDDD,
  0xFDDD, 0xFDDD, 0xFDDD, 0xFDDD, 0xFCDD, 0xFCDD, 0xFDEE, 0xFAAA,
  0xA222, 0x0000, 0x0000, 0x0000, 0x0000, 0x0000, 0x0000, 0x0000,
  0x0000, 0x0000, 0x0000, 0x0000, 0x0000, 0x0000, 0x0000, 0x0000,
  0x3111, 0xF445, 0xF567, 0xF445, 0xF445, 0xF567, 0xF556, 0xF556,
  0xF556, 0xF556, 0xF556, 0xF556, 0xF556, 0xF556, 0x8233, 0x0000,
  0x0333, 0x0000, 0x0000, 0x0FFF, 0x2000, 0xF566, 0xF445, 0xF223,
  0xF233, 0xF233, 0xF233, 0xF233, 0xF233, 0xF233, 0xF233, 0xF233,
  0xF233, 0xF223, 0x3000, 0x0FFF, 0x0000, 0x0000, 0x0000, 0x0000,
  0x0000, 0x0000, 0x2000, 0x3000, 0x0000, 0x0000, 0x0000, 0x0000,
  0x0000, 0x0000, 0x0000, 0x1000, 0x5444, 0x9877, 0xDBAA, 0xFCBB,
  0xFEDC, 0xFFED, 0xFFED, 0xFFED, 0xFFED, 0xFFED, 0xFFED, 0xFFED,
  0xFFED, 0xFFED, 0xFFED, 0xFFED, 0xFFED, 0xFFFE, 0x9FFE, 0x0000,
  0x1000, 0xA555, 0xFBCC, 0xFDDD, 0xFCCC, 0xFCCC, 0xFCCC, 0xFCCC,
  0xFCCC, 0xFCCC, 0xFCCC, 0xFCCC, 0xFCCD, 0xFCCD, 0xFCCD, 0xFCDD,
  0xFDDD, 0xFDDD, 0xFDDD, 0xFDDD, 0xFDDD, 0xFDDD, 0xFDDD, 0xFBBC,
  0xFA9A, 0xFCBC, 0xFCDD, 0xFDDD, 0xFDDD, 0xFDDD, 0xFDDD, 0xFDDD,
  0xFDDD, 0xFDDD, 0xFDDD, 0xFCDD, 0xFDDD, 0xFDEE, 0xF777, 0x6000,
  0x0000, 0x0FFF, 0x0000, 0x0000, 0x0000, 0x0000, 0x0000, 0x0000,
  0x0000, 0x0000, 0x0000, 0x0000, 0x0000, 0x0000, 0x0000, 0x077F,
  0x1000, 0xC334, 0xF567, 0xF456, 0xF344, 0xF556, 0xF556, 0xF556,
  0xF556, 0xF556, 0xF556, 0xF556, 0xF556, 0xF567, 0x9345, 0x0000,
  0x055A, 0x0000, 0x0000, 0x0444, 0x0000, 0x7333, 0xF556, 0xF223,
  0xF233, 0xF233, 0xF233, 0xF233, 0xF233, 0xF233, 0xF233, 0xF233,
  0xF223, 0xF233, 0xB111, 0x0000, 0x0555, 0x0000, 0x0000, 0x0000,
  0x0000, 0x0000, 0x0000, 0x0000, 0x0000, 0x0BBB, 0x0FFC, 0x0000,
  0x0000, 0x4222, 0x9766, 0xDAA9, 0xFDCC, 0xFFEE, 0xFFFE, 0xFFFE,
  0xFFFE, 0xFFFE, 0xFFEE, 0xFFED, 0xFFED, 0xFFED, 0xFFED, 0xFFED,
  0xFFED, 0xFFED, 0xFFED, 0xFFED, 0xFFED, 0xFFFE, 0xAFED, 0x0000,
  0x0000, 0x0000, 0x7222, 0xF99A, 0xFDDD, 0xFCCC, 0xFCCC, 0xFCCC,
  0xFCCC, 0xFCCC, 0xFCCC, 0xFCCC, 0xFCCC, 0xFCCC, 0xFCCC, 0xFCCC,
  0xFCCC, 0xFCCC, 0xFCCC, 0xFCCD, 0xFCDD, 0xFDDD, 0xFDDD, 0xFDDD,
  0xFDDE, 0xFDDD, 0xFDDD, 0xFCDD, 0xFDDD, 0xFDDD, 0xFDDD, 0xFDDD,
  0xFDDD, 0xFDDD, 0xFCDD, 0xFDDD, 0xFDEE, 0xD666, 0x4000, 0x0000,
  0x0000, 0x0000, 0x0000, 0x0000, 0x0000, 0x0000, 0x0000, 0x0000,
  0x0000, 0x0000, 0x0000, 0x0000, 0x0000, 0x0000, 0x0000, 0x0444,
  0x0000, 0x7122, 0xF556, 0xF567, 0xF345, 0xF456, 0xF556, 0xF556,
  0xF556, 0xF556, 0xF556, 0xF556, 0xF556, 0xF567, 0xC344, 0x0000,
  0x0000, 0x0000, 0x0000, 0x0000, 0x0AAA, 0x1000, 0xC344, 0xF445,
  0xF223, 0xF233, 0xF233, 0xF233, 0xF233, 0xF233, 0xF233, 0xF233,
  0xF223, 0xF233, 0xF223, 0x4000, 0x0000, 0x0000, 0x0000, 0x0000,
  0x0000, 0x0000, 0x0000, 0x0000, 0x0000, 0x0000, 0x0000, 0x4221,
  0xB887, 0xFCBB, 0xFFED, 0xFFEE, 0xFFEE, 0xFFEE, 0xFFFE, 0xFEED,
  0xDAA9, 0xC988, 0xFEDD, 0xFFEE, 0xFFED, 0xFFED, 0xFFED, 0xFFED,
  0xFFED, 0xFFEE, 0xFFFE, 0xFFFE, 0xFFFE, 0xFFFE, 0x5FED, 0x0000,
  0x0000, 0x0FFF, 0x0000, 0x5111, 0xE778, 0xFCCD, 0xFCCD, 0xFCCC,
  0xFCCC, 0xFCCC, 0xFCCC, 0xFCCC, 0xFCCC, 0xFCCC, 0xFCCC, 0xFCCC,
  0xFCCC, 0xFCCC, 0xFCCC, 0xFCCC, 0xFCCC, 0xFCDD, 0xFDDD, 0xFCDD,
  0xFCDD, 0xFCDD, 0xFDDD, 0xFDDD, 0xFDDD, 0xFDDD, 0xFDDD, 0xFDDD,
  0xFDDD, 0xFCDD, 0xFDDE, 0xFDDE, 0xB666, 0x1000, 0x0000, 0x0444,
  0x0000, 0x0000, 0x0000, 0x0000, 0x0000, 0x0000, 0x0000, 0x0000,
  0x0000, 0x0000, 0x0000, 0x0000, 0x0000, 0x0000, 0x0000, 0x0000,
  0x0FFF, 0x1000, 0xE344, 0xF567, 0xF456, 0xF345, 0xF557, 0xF556,
  0xF556, 0xF556, 0xF556, 0xF556, 0xF556, 0xF567, 0xE334, 0x1000,
  0x0000, 0x0000, 0x0000, 0x0000, 0x0000, 0x0000, 0x2000, 0xE555,
  0xF344, 0xF223, 0xF233, 0xF233, 0xF233, 0xF233, 0xF233, 0xF233,
  0xF233, 0xF223, 0xF233, 0xC112, 0x1000, 0x0555, 0x0000, 0x0000,
  0x0000, 0x0000, 0x0000, 0x0000, 0x0000, 0x1000, 0x9765, 0xFCBA,
  0xFFED, 0xFFED, 0xFFED, 0xFFED, 0xFFFE, 0xFEDC, 0xD999, 0x7555,
  0x1000, 0x2000, 0xE887, 0xFFEE, 0xFFEE, 0xFFFE, 0xFFFE, 0xFFFE,
  0xFFFE, 0xFFED, 0xFEDD, 0xFDCC, 0xEEDD, 0x8FED, 0x0000, 0x0FFF,
  0x0000, 0x0000, 0x0555, 0x0000, 0x2000, 0xA555, 0xFAAA, 0xFDDD,
  0xFCCC, 0xFCCC, 0xFCCC, 0xFCCC, 0xFCCC, 0xFCCC, 0xFCCC, 0xFCCC,
  0xFCCC, 0xFCCC, 0xFCCC, 0xFCCC, 0xFCCD, 0xFDDD, 0xFDDD, 0xFDDD,
  0xFDDD, 0xFDDD, 0xFDDD, 0xFDDD, 0xFDDD, 0xFDDD, 0xFDDD, 0xFDDD,
  0xFCDD, 0xFDDE, 0xFBCC, 0x9566, 0x0000, 0x0000, 0x0000, 0x0000,
  0x0000, 0x0000, 0x0000, 0x0000, 0x0000, 0x0000, 0x0000, 0x0000,
  0x0000, 0x0000, 0x0000, 0x0000, 0x0000, 0x0000, 0x0000, 0x0000,
  0x0555, 0x0000, 0x9223, 0xF556, 0xF557, 0xF445, 0xF456, 0xF556,
  0xF556, 0xF556, 0xF556, 0xF556, 0xF556, 0xF567, 0xF445, 0x2112,
  0x0000, 0x0000, 0x0000, 0x0000, 0x0000, 0x0555, 0x0000, 0x5222,
  0xF555, 0xF334, 0xF223, 0xF233, 0xF233, 0xF233, 0xF233, 0xF233,
  0xF233, 0xF233, 0xF233, 0xF233, 0x7111, 0x0000, 0x0004, 0x0000,
  0x0000, 0x0000, 0x0000, 0x0FFF, 0x0000, 0xA766, 0xFFDD, 0xFFED,
  0xFFDD, 0xFFED, 0xFFEE, 0xFDCB, 0xC988, 0x6443, 0x1000, 0x0000,
  0x2000, 0xC988, 0xFEED, 0xFFFE, 0xFFEE, 0xEBBA, 0xC988, 0xA877,
  0x9777, 0x8766, 0x6554, 0x5222, 0x2433, 0x0000, 0x0000, 0x0000,
  0x0000, 0x0000, 0x0000, 0x0444, 0x0000, 0x0000, 0x5111, 0xC778,
  0xFCCC, 0xFCCD, 0xFCCC, 0xFCCC, 0xFCCC, 0xFCCC, 0xFCCC, 0xFCCC,
  0xFCCC, 0xFCCC, 0xFCCC, 0xFCCC, 0xFCDD, 0xFDDD, 0xFDDD, 0xFDDD,
  0xFDDD, 0xFDDD, 0xFDDD, 0xFDDD, 0xFDDD, 0xFDDD, 0xFDDD, 0xFCDD,
  0xFDEE, 0xFAAA, 0x6333, 0x0000, 0x0000, 0x0000, 0x0000, 0x0000,
  0x0000, 0x0000, 0x0000, 0x0000, 0x0000, 0x0000, 0x0000, 0x0000,
  0x0000, 0x0000, 0x0000, 0x0000, 0x0000, 0x0000, 0x0000, 0x0000,
  0x0000, 0x0FFF, 0x3000, 0xF445, 0xF567, 0xF456, 0xF445, 0xF556,
  0xF556, 0xF556, 0xF556, 0xF556, 0xF556, 0xF556, 0xF556, 0x6111,
  0x0000, 0x0044, 0x0000, 0x0000, 0x0000, 0x0000, 0x0444, 0x0000,
  0x5222, 0xF455, 0xF334, 0xF223, 0xF233, 0xF233, 0xF233, 0xF233,
  0xF233, 0xF233, 0xF223, 0xF233, 0xF222, 0x3000, 0x0000, 0x0000,
  0x0000, 0x0000, 0x0555, 0x0000, 0x4222, 0xFDBB, 0xFFED, 0xFFDD,
  0xFFED, 0xFCBA, 0xB887, 0x5332, 0x0000, 0x0000, 0x0000, 0x3000,
  0xDA99, 0xFFFE, 0xFFFE, 0xFFED, 0xB777, 0x2000, 0x0000, 0x0000,
  0x0000, 0x0000, 0x0000, 0x0000, 0x0000, 0x0FFF, 0x0000, 0x0000,
  0x0000, 0x0000, 0x0000, 0x0000, 0x0000, 0x0FFF, 0x0000, 0x0000,
  0x8555, 0xF999, 0xFDCD, 0xFCCD, 0xFCCC, 0xFCCC, 0xFCCC, 0xFCCC,
  0xFCCC, 0xFCCC, 0xFCCC, 0xFCCD, 0xFDDD, 0xFDDD, 0xFDDD, 0xFDDD,
  0xFDDD, 0xFDDD, 0xFDDD, 0xFDDD, 0xFDDD, 0xFCDD, 0xFCDD, 0xFEEE,
  0xFAAA, 0x4212, 0x0000, 0x0FFF, 0x0000, 0x0000, 0x0000, 0x0000,
  0x0000, 0x0000, 0x0000, 0x0000, 0x0000, 0x0000, 0x0000, 0x0000,
  0x0000, 0x0000, 0x0000, 0x0000, 0x0000, 0x0000, 0x0000, 0x0000,
  0x0000, 0x0555, 0x0000, 0xA223, 0xF567, 0xF556, 0xF445, 0xF456,
  0xF556, 0xF556, 0xF556, 0xF556, 0xF556, 0xF556, 0xF557, 0xA233,
  0x0000, 0x0477, 0x0000, 0x0000, 0x0000, 0x0000, 0x0000, 0x0333,
  0x0000, 0x5222, 0xF555, 0xF334, 0xF223, 0xF233, 0xF233, 0xF233,
  0xF233, 0xF233, 0xF233, 0xF223, 0xF233, 0xC112, 0x1000, 0x0444,
  0x0000, 0x0000, 0x0444, 0x0000, 0x8333, 0xFFDC, 0xFFED, 0xFDBB,
  0xB877, 0x4222, 0x0000, 0x0000, 0x0FFF, 0x0000, 0x3000, 0xEA99,
  0xFFFE, 0xFFEE, 0xFFED, 0xA776, 0x0000, 0x0000, 0x0FFF, 0x0FFF,
  0x0FFF, 0x0FFA, 0x0777, 0x0444, 0x0777, 0x0000, 0x0000, 0x0000,
  0x0000, 0x0000, 0x0000, 0x0000, 0x0000, 0x0000, 0x0555, 0x0000,
  0x0000, 0x3000, 0xB666, 0xFAAB, 0xFDCD, 0xFCCD, 0xFCCC, 0xFCCC,
  0xFCCC, 0xFCCC, 0xFCCD, 0xFDDD, 0xFDDD, 0xFDDD, 0xFDDD, 0xFDDD,
  0xFDDD, 0xFDDD, 0xFDDD, 0xFDDD, 0xFCDD, 0xFDDD, 0xFDEE, 0xE99A,
  0x4222, 0x0000, 0x0666, 0x0000, 0x0000, 0x0000, 0x0000, 0x0000,
  0x0000, 0x0000, 0x0000, 0x0000, 0x0000, 0x0000, 0x0000, 0x0000,
  0x0000, 0x0000, 0x0000, 0x0000, 0x0000, 0x0000, 0x0000, 0x0000,
  0x0000, 0x0000, 0x0000, 0x3000, 0xF445, 0xF567, 0xF456, 0xF445,
  0xF556, 0xF556, 0xF556, 0xF556, 0xF556, 0xF556, 0xF567, 0xE344,
  0x1000, 0x0000, 0x0000, 0x0000, 0x0000, 0x0000, 0x0000, 0x0000,
  0x0444, 0x0000, 0x5222, 0xE455, 0xF344, 0xF223, 0xF233, 0xF233,
  0xF233, 0xF233, 0xF233, 0xF233, 0xF233, 0xF233, 0x7111, 0x0000,
  0x0004, 0x0000, 0x0744, 0x0000, 0x7433, 0xFCAA, 0xCA88, 0x5332,
  0x0000, 0x0000, 0x0FFF, 0x0333, 0x0FFF, 0x2000, 0xDA98, 0xFFFE,
  0xFFED, 0xFFEE, 0xB777, 0x0000, 0x0000, 0x0000, 0x0000, 0x0000,
  0x0000, 0x0000, 0x0000, 0x0000, 0x0000, 0x0000, 0x0000, 0x0000,
  0x0000, 0x0000, 0x0000, 0x0000, 0x0000, 0x0000, 0x0000, 0x0000,
  0x0777, 0x0000, 0x0000, 0x5222, 0xB777, 0xFBAB, 0xFDCD, 0xFCCD,
  0xFCCC, 0xFCCC, 0xFDDD, 0xFDDD, 0xFDDD, 0xFDDD, 0xFDDD, 0xFDDD,
  0xFDDD, 0xFDDD, 0xFDDD, 0xFCDD, 0xFDDE, 0xFDDE, 0xC788, 0x3000,
  0x0000, 0x0444, 0x0000, 0x0000, 0x0000, 0x0000, 0x0000, 0x0000,
  0x0000, 0x0000, 0x0000, 0x0000, 0x0000, 0x0000, 0x0000, 0x0000,
  0x0000, 0x0000, 0x0000, 0x0000, 0x0000, 0x0000, 0x0000, 0x0000,
  0x0000, 0x0000, 0x0555, 0x0000, 0x9222, 0xF567, 0xF556, 0xF456,
  0xF556, 0xF556, 0xF556, 0xF556, 0xF556, 0xF556, 0xF556, 0xF556,
  0x6112, 0x0000, 0x0000, 0x0000, 0x0000, 0x0000, 0x0000, 0x0000,
  0x0000, 0x0555, 0x0000, 0x3110, 0xD445, 0xF455, 0xF223, 0xF223,
  0xF233, 0xF233, 0xF233, 0xF233, 0xF223, 0xF233, 0xF222, 0x3000,
  0x0000, 0x0000, 0x0000, 0x0000, 0x1000, 0x4000, 0x1000, 0x0000,
  0x0FFF, 0x0500, 0x0000, 0x0FFF, 0x0000, 0xB776, 0xFFEE, 0xFFED,
  0xFFFE, 0xC887, 0x1000, 0x0000, 0x0000, 0x0000, 0x0000, 0x0000,
  0x0000, 0x0000, 0x0000, 0x0000, 0x0000, 0x0000, 0x0000, 0x0000,
  0x0000, 0x0000, 0x0000, 0x0000, 0x0000, 0x0000, 0x0000, 0x0000,
  0x0000, 0x0007, 0x0FFF, 0x0000, 0x0000, 0x5222, 0xB777, 0xFAAA,
  0xFCDD, 0xFDEE, 0xFDDD, 0xFDDD, 0xFCDD, 0xFCDD, 0xFCDD, 0xFCDD,
  0xFDDD, 0xFDDD, 0xFCDD, 0xFDDE, 0xFCDD, 0xD455, 0x1000, 0x0000,
  0x0444, 0x0000, 0x0000, 0x0000, 0x0000, 0x0000, 0x0000, 0x0000,
  0x0000, 0x0000, 0x0000, 0x0000, 0x0000, 0x0000, 0x0000, 0x0000,
  0x0000, 0x0000, 0x0000, 0x0000, 0x0000, 0x0000, 0x0000, 0x0000,
  0x0000, 0x0000, 0x0000, 0x0777, 0x1000, 0xD334, 0xF567, 0xF556,
  0xF556, 0xF556, 0xF556, 0xF556, 0xF556, 0xF556, 0xF556, 0xF567,
  0xD334, 0x0000, 0x0000, 0x0000, 0x0000, 0x0000, 0x0000, 0x0000,
  0x0000, 0x0000, 0x0444, 0x0000, 0x2000, 0xC445, 0xF556, 0xF233,
  0xF223, 0xF233, 0xF233, 0xF233, 0xF233, 0xF223, 0xF233, 0xC122,
  0x1000, 0x0444, 0x0000, 0x0000, 0x0000, 0x0000, 0x0000, 0x0555,
  0x0000, 0x0000, 0x0555, 0x0000, 0x4333, 0xFDCB, 0xFFED, 0xFFEE,
  0xDA99, 0x2000, 0x0000, 0x0550, 0x0000, 0x0000, 0x0000, 0x0000,
  0x0000, 0x0000, 0x0000, 0x0000, 0x0000, 0x0000, 0x0000, 0x0000,
  0x0000, 0x0000, 0x0000, 0x0000, 0x0000, 0x0000, 0x0000, 0x0000,
  0x0000, 0x0000, 0x0000, 0x0555, 0x0000, 0x0000, 0x0000, 0x3111,
  0x9666, 0xE999, 0xFCCC, 0xFDDE, 0xFEEE, 0xFDDE, 0xFDDD, 0xFDDE,
  0xFDDD, 0xFCDD, 0xFDEE, 0xFCCD, 0xD333, 0x2000, 0x0000, 0x0000,
  0x0000, 0x0000, 0x0000, 0x0000, 0x0000, 0x0000, 0x0000, 0x0000,
  0x0000, 0x0000, 0x0000, 0x0000, 0x0000, 0x0000, 0x0000, 0x0000,
  0x0000, 0x0000, 0x0000, 0x0000, 0x0000, 0x0000, 0x0000, 0x0000,
  0x0000, 0x0000, 0x0000, 0x0000, 0x0000, 0x3000, 0xE345, 0xF567,
  0xF556, 0xF556, 0xF556, 0xF556, 0xF556, 0xF556, 0xF556, 0xF556,
  0xF456, 0x7122, 0x0000, 0x0000, 0x0000, 0x0000, 0x0000, 0x0000,
  0x0000, 0x0000, 0x0000, 0x0000, 0x0000, 0x1000, 0x9334, 0xF555,
  0xF334, 0xF223, 0xF233, 0xF233, 0xF233, 0xF233, 0xF223, 0xF445,
  0x8333, 0x0000, 0x0000, 0x0000, 0x0000, 0x0000, 0x0000, 0x0000,
  0x0000, 0x0000, 0x0BB7, 0x0000, 0x9766, 0xFFED, 0xFFEE, 0xFCBB,
  0x4222, 0x0000, 0x0555, 0x0000, 0x0000, 0x0000, 0x0000, 0x0000,
  0x0000, 0x0000, 0x0000, 0x0000, 0x0000, 0x0000, 0x0000, 0x0000,
  0x0000, 0x0000, 0x0000, 0x0000, 0x0000, 0x0000, 0x0000, 0x0000,
  0x0000, 0x0000, 0x0000, 0x0000, 0x0000, 0x0555, 0x0000, 0x0000,
  0x0000, 0x1000, 0x5222, 0x9788, 0xD888, 0xEABB, 0xFCCD, 0xFCDD,
  0xFDDE, 0xFDDE, 0xFBBC, 0xA333, 0x2000, 0x0000, 0x0000, 0x0000,
  0x0000, 0x0000, 0x0000, 0x0000, 0x0000, 0x0000, 0x0000, 0x0000,
  0x0000, 0x0000, 0x0000, 0x0000, 0x0000, 0x0000, 0x0000, 0x0000,
  0x0000, 0x0000, 0x0000, 0x0000, 0x0000, 0x0000, 0x0000, 0x0000,
  0x0000, 0x0000, 0x0000, 0x0000, 0x0555, 0x0000, 0x5111, 0xF445,
  0xF567, 0xF556, 0xF445, 0xF456, 0xF567, 0xF556, 0xF556, 0xF556,
  0xF567, 0xE233, 0x0000, 0x0000, 0x0000, 0x0000, 0x0000, 0x0000,
  0x0000, 0x0000, 0x0000, 0x0000, 0x0000, 0x0000, 0x0000, 0x5222,
  0xD445, 0xF455, 0xF223, 0xF223, 0xF233, 0xF233, 0xF223, 0xF334,
  0xF556, 0x4111, 0x0000, 0x0000, 0x0000, 0x0000, 0x0000, 0x0000,
  0x0000, 0x0000, 0x0B77, 0x0000, 0x8665, 0xFFED, 0xFFDD, 0x8655,
  0x0000, 0x0FAA, 0x0000, 0x0000, 0x0000, 0x0000, 0x0000, 0x0000,
  0x0000, 0x0000, 0x0000, 0x0000, 0x0000, 0x0000, 0x0000, 0x0000,
  0x0000, 0x0000, 0x0000, 0x0000, 0x0000, 0x0000, 0x0000, 0x0000,
  0x0000, 0x0000, 0x0000, 0x0000, 0x0000, 0x0000, 0x0000, 0x0777,
  0x0777, 0x0000, 0x0000, 0x0000, 0x1000, 0x2111, 0x7222, 0x8555,
  0x8AAA, 0xA889, 0x9111, 0x0000, 0x0000, 0x0000, 0x0000, 0x0000,
  0x0000, 0x0000, 0x0000, 0x0000, 0x0000, 0x0000, 0x0000, 0x0000,
  0x0000, 0x0000, 0x0000, 0x0000, 0x0000, 0x0000, 0x0000, 0x0000,
  0x0000, 0x0000, 0x0000, 0x0000, 0x0000, 0x0000, 0x0000, 0x0000,
  0x0000, 0x0000, 0x0000, 0x0000, 0x0000, 0x0444, 0x0000, 0x7112,
  0xF456, 0xF567, 0xF456, 0xF344, 0xF456, 0xF556, 0xF567, 0xF556,
  0xB334, 0x4111, 0x0000, 0x0000, 0x0000, 0x0000, 0x0000, 0x0000,
  0x0000, 0x0000, 0x0000, 0x0000, 0x0000, 0x0000, 0x055A, 0x0000,
  0x2000, 0xA444, 0xF555, 0xF334, 0xF223, 0xF223, 0xF223, 0xF344,
  0xF788, 0xC444, 0x0000, 0x0000, 0x0000, 0x0000, 0x0000, 0x0000,
  0x0000, 0x0000, 0x0555, 0x0000, 0x6222, 0xFFDC, 0xDA99, 0x1000,
  0x0FFF, 0x0000, 0x0000, 0x0000, 0x0000, 0x0000, 0x0000, 0x0000,
  0x0000, 0x0000, 0x0000, 0x0000, 0x0000, 0x0000, 0x0000, 0x0000,
  0x0000, 0x0000, 0x0000, 0x0000, 0x0000, 0x0000, 0x0000, 0x0000,
  0x0000, 0x0000, 0x0000, 0x0000, 0x0000, 0x0000, 0x0000, 0x0000,
  0x0000, 0x0000, 0x0000, 0x0000, 0x0000, 0x0000, 0x0000, 0x0000,
  0x0000, 0x0000, 0x0000, 0x0000, 0x0000, 0x0000, 0x0000, 0x0000,
  0x0000, 0x0000, 0x0000, 0x0000, 0x0000, 0x0000, 0x0000, 0x0000,
  0x0000, 0x0000, 0x0000, 0x0000, 0x0000, 0x0000, 0x0000, 0x0000,
  0x0000, 0x0000, 0x0000, 0x0000, 0x0000, 0x0000, 0x0000, 0x0000,
  0x0000, 0x0000, 0x0000, 0x0000, 0x0000, 0x0000, 0x0444, 0x0000,
  0x8122, 0xF456, 0xF567, 0xF456, 0xF456, 0xF567, 0xF445, 0x8222,
  0x0000, 0x0000, 0x0000, 0x0000, 0x0000, 0x0000, 0x0000, 0x0000,
  0x0000, 0x0000, 0x0000, 0x0000, 0x0000, 0x0000, 0x0000, 0x0000,
  0x0000, 0x0000, 0x5222, 0xD445, 0xF445, 0xF334, 0xF123, 0xF445,
  0xF788, 0xF667, 0x0000, 0x0000, 0x0000, 0x0000, 0x0000, 0x0000,
  0x0000, 0x0000, 0x0077, 0x0000, 0x3322, 0xC866, 0x4433, 0x0000,
  0x0777, 0x0000, 0x0000, 0x0000, 0x0000, 0x0000, 0x0000, 0x0000,
  0x0000, 0x0000, 0x0000, 0x0000, 0x0000, 0x0000, 0x0000, 0x0000,
  0x0000, 0x0000, 0x0000, 0x0000, 0x0000, 0x0000, 0x0000, 0x0000,
  0x0000, 0x0000, 0x0000, 0x0000, 0x0000, 0x0000, 0x0000, 0x0000,
  0x0000, 0x0000, 0x0000, 0x0000, 0x0000, 0x0000, 0x0000, 0x0000,
  0x0000, 0x0000, 0x0000, 0x0000, 0x0000, 0x0000, 0x0000, 0x0000,
  0x0000, 0x0000, 0x0000, 0x0000, 0x0000, 0x0000, 0x0000, 0x0000,
  0x0000, 0x0000, 0x0000, 0x0000, 0x0000, 0x0000, 0x0000, 0x0000,
  0x0000, 0x0000, 0x0000, 0x0000, 0x0000, 0x0000, 0x0000, 0x0000,
  0x0000, 0x0000, 0x0000, 0x0000, 0x0000, 0x0000, 0x0000, 0x055A,
  0x0000, 0x8122, 0xF456, 0xF567, 0xF556, 0xC334, 0x4000, 0x0000,
  0x0FFF, 0x0000, 0x0000, 0x0000, 0x0000, 0x0000, 0x0000, 0x0000,
  0x0000, 0x0000, 0x0000, 0x0000, 0x0000, 0x0000, 0x0000, 0x0000,
  0x0000, 0x07FF, 0x0000, 0x0000, 0x6333, 0xD444, 0xF344, 0xF566,
  0xF778, 0xA333, 0x0000, 0x0000, 0x0000, 0x0000, 0x0000, 0x0000,
  0x0000, 0x0000, 0x0000, 0x0000, 0x0000, 0x0000, 0x0000, 0x0000,
  0x0000, 0x0000, 0x0000, 0x0000, 0x0000, 0x0000, 0x0000, 0x0000,
  0x0000, 0x0000, 0x0000, 0x0000, 0x0000, 0x0000, 0x0000, 0x0000,
  0x0000, 0x0000, 0x0000, 0x0000, 0x0000, 0x0000, 0x0000, 0x0000,
  0x0000, 0x0000, 0x0000, 0x0000, 0x0000, 0x0000, 0x0000, 0x0000,
  0x0000, 0x0000, 0x0000, 0x0000, 0x0000, 0x0000, 0x0000, 0x0000,
  0x0000, 0x0000, 0x0000, 0x0000, 0x0000, 0x0000, 0x0000, 0x0000,
  0x0000, 0x0000, 0x0000, 0x0000, 0x0000, 0x0000, 0x0000, 0x0000,
  0x0000, 0x0000, 0x0000, 0x0000, 0x0000, 0x0000, 0x0000, 0x0000,
  0x0000, 0x0000, 0x0000, 0x0000, 0x0000, 0x0000, 0x0000, 0x0000,
  0x0000, 0x0000, 0x0000, 0x0000, 0x0000, 0x0000, 0x0000, 0x0000,
  0x0555, 0x0000, 0x8122, 0xF334, 0x9222, 0x1000, 0x0000, 0x0555,
  0x0000, 0x0000, 0x0000, 0x0000, 0x0000, 0x0000, 0x0000, 0x0000,
  0x0000, 0x0000, 0x0000, 0x0000, 0x0000, 0x0000, 0x0000, 0x0000,
  0x0000, 0x0000, 0x0000, 0x0000, 0x0000, 0x1000, 0x7222, 0xD445,
  0xB333, 0x0000, 0x0000, 0x0000, 0x0000, 0x0000, 0x0000, 0x0000,
  0x0000, 0x0000, 0x0000, 0x0000, 0x0000, 0x0000, 0x0000, 0x0000,
  0x0000, 0x0000, 0x0000, 0x0000, 0x0000, 0x0000, 0x0000, 0x0000,
  0x0000, 0x0000, 0x0000, 0x0000, 0x0000, 0x0000, 0x0000, 0x0000,
  0x0000, 0x0000, 0x0000, 0x0000, 0x0000, 0x0000, 0x0000, 0x0000,
  0x0000, 0x0000, 0x0000, 0x0000, 0x0000, 0x0000, 0x0000, 0x0000,
  0x0000, 0x0000, 0x0000, 0x0000, 0x0000, 0x0000, 0x0000, 0x0000,
  0x0000, 0x0000, 0x0000, 0x0000, 0x0000, 0x0000, 0x0000, 0x0000,
  0x0000, 0x0000, 0x0000, 0x0000, 0x0000, 0x0000, 0x0000, 0x0000,
  0x0000, 0x0000, 0x0000, 0x0000, 0x0000, 0x0000, 0x0000, 0x0000,
  0x0000, 0x0000, 0x0000, 0x0000, 0x0000, 0x0555, 0x0000, 0x0000,
  0x1EC7, 0x1FC9, 0x4EC8, 0xCFC9, 0xFEC8, 0xDEC8, 0x9FC9, 0x5EC8,
  0x0C96, 0x0000, 0x0000, 0x0000, 0x0000, 0x0000, 0x0000, 0x0000,
  0x0000, 0x0000, 0x0000, 0x0000, 0x0000, 0x0000, 0x0000, 0x0000,
  0x0000, 0x0000, 0x0000, 0x0000, 0x0000, 0x0000, 0x0744, 0x0000,
  0x0000, 0x3000, 0xB654, 0x8211, 0x0000, 0x0000, 0x0FFF, 0x0000,
  0x0000, 0x1000, 0x4111, 0x8333, 0xB566, 0xE889, 0xEAAA, 0xFAAA,
  0xFAAA, 0xE9AA, 0xD889, 0xA556, 0x5222, 0x1000, 0x0000, 0x0000,
  0x0FFF, 0x0000, 0x0000, 0x0000, 0x0000, 0x0000, 0x0000, 0x0000,
  0x0000, 0x0000, 0x0000, 0x0000, 0x0000, 0x0000, 0x0000, 0x0000,
  0x0000, 0x0000, 0x0000, 0x05A5, 0x0000, 0x0000, 0x0000, 0x1331,
  0x4DB7, 0x8EC8, 0x9EC8, 0xEEC8, 0xFEC8, 0xFEC8, 0xCEC8, 0x7EC8,
  0x2975, 0x0000, 0x0000, 0x0000, 0x0000, 0x0000, 0x0000, 0x0000,
  0x0000, 0x0000, 0x0000, 0x0000, 0x0000, 0x0000, 0x0000, 0x0000,
  0x0000, 0x0000, 0x0000, 0x0000, 0x0000, 0x0000, 0x0000, 0x0000,
  0x0000, 0x0000, 0x0000, 0x0000, 0x0000, 0x0000, 0x0000, 0x0000,
  0x0000, 0x0000, 0x0000, 0x0000, 0x0774, 0x0000, 0x4111, 0xACA7,
  0xDEC8, 0xEEC8, 0xFEC8, 0xFEC9, 0xFEC8, 0xFEC8, 0xFFC9, 0xFEC8,
  0xCEC8, 0x5EC9, 0x0000, 0x0FFA, 0x0F00, 0x0000, 0x0000, 0x0000,
  0x0000, 0x0000, 0x0000, 0x0000, 0x0000, 0x0000, 0x0000, 0x0000,
  0x0000, 0x0000, 0x0000, 0x0000, 0x0000, 0x0FFF, 0x0000, 0x2000,
  0x9654, 0xEB97, 0xFDB8, 0x7221, 0x0555, 0x0000, 0x0000, 0x4000,
  0x9677, 0xD999, 0xFBBC, 0xFCDD, 0xFDDE, 0xFDEE, 0xFEEE, 0xFDEE,
  0xFEEE, 0xFEEE, 0xFDEE, 0xFDDE, 0xFBCC, 0xD999, 0x9677, 0x3000,
  0x0000, 0x0000, 0x0AAA, 0x0000, 0x0000, 0x0000, 0x0000, 0x0000,
  0x0000, 0x0000, 0x0000, 0x0000, 0x0000, 0x0000, 0x0000, 0x0000,
  0x0000, 0x0555, 0x0000, 0x0000, 0x1000, 0x6332, 0xB875, 0xECA7,
  0xFEC8, 0xFFC9, 0xFFC9, 0xFEC8, 0xFEC8, 0xFEC8, 0xFEC8, 0xFFD9,
  0xECA7, 0x9654, 0x0000, 0x0000, 0x0000, 0x0000, 0x0000, 0x0000,
  0x0000, 0x0000, 0x0000, 0x0000, 0x0000, 0x0000, 0x0000, 0x0000,
  0x0000, 0x0000, 0x0000, 0x0000, 0x0000, 0x0000, 0x0000, 0x0000,
  0x0000, 0x0000, 0x0000, 0x0000, 0x0000, 0x0000, 0x0000, 0x0000,
  0x0000, 0x0000, 0x0000, 0x0633, 0x0000, 0x4321, 0xFB96, 0xFFD9,
  0xFEC8, 0xFEC8, 0xFEC8, 0xFEC8, 0xFEC8, 0xFEC8, 0xFEC8, 0xFEC8,
  0xFEC8, 0xFFD9, 0x7FEB, 0x0000, 0x0FFF, 0x0F00, 0x0000, 0x0000,
  0x0000, 0x0000, 0x0000, 0x0000, 0x0000, 0x0000, 0x0000, 0x0000,
  0x0000, 0x0000, 0x0000, 0x0555, 0x0000, 0x0000, 0x6543, 0xEA96,
  0xFEC8, 0xFFD9, 0xFDB8, 0x8221, 0x0000, 0x3000, 0xA777, 0xFABB,
  0xFDDE, 0xFDDD, 0xFBBB, 0xFA9A, 0xF878, 0xF767, 0xF666, 0xF666,
  0xF666, 0xF777, 0xF889, 0xFA9A, 0xFCCC, 0xFDDD, 0xFDDD, 0xFAAB,
  0xA677, 0x3000, 0x0000, 0x0FFF, 0x0000, 0x0000, 0x0000, 0x0000,
  0x0000, 0x0000, 0x0000, 0x0000, 0x0000, 0x0000, 0x0000, 0x0000,
  0x0AFA, 0x0000, 0x1000, 0x8453, 0xE795, 0xFBC7, 0xFDD8, 0xFEC8,
  0xFEC8, 0xFEC8, 0xFEC8, 0xFEC8, 0xFEC8, 0xFEC8, 0xFEC8, 0xFEC8,
  0xFFD9, 0xFB96, 0x0000, 0x0000, 0x0000, 0x0000, 0x0000, 0x0000,
  0x0000, 0x0000, 0x0000, 0x0000, 0x0000, 0x0000, 0x0000, 0x0000,
  0x0000, 0x0000, 0x0000, 0x0000, 0x0000, 0x0000, 0x0000, 0x0000,
  0x0000, 0x0000, 0x0000, 0x0000, 0x0000, 0x0000, 0x0000, 0x0000,
  0x0000, 0x0000, 0x0744, 0x0000, 0x5221, 0xFB96, 0xFFD9, 0xFEC8,
  0xFEC8, 0xFEC8, 0xFEC8, 0xFEC8, 0xFEC8, 0xFEC8, 0xFEB8, 0xFEC8,
  0xFED9, 0xFFEB, 0xFFFC, 0x9DA8, 0x0200, 0x0000, 0x0F00, 0x0000,
  0x0000, 0x0000, 0x0000, 0x0000, 0x0000, 0x0000, 0x0000, 0x0000,
  0x0000, 0x0000, 0x0774, 0x0000, 0x2000, 0xB864, 0xFDB8, 0xFFC9,
  0xFEC8, 0xFEC8, 0xFDB8, 0x8432, 0x5222, 0xE889, 0xFCCC, 0xFBAB,
  0xF878, 0xF545, 0xF323, 0xF212, 0xF212, 0xF222, 0xF212, 0xF212,
  0xF212, 0xF212, 0xF212, 0xF222, 0xF434, 0xF656, 0xF978, 0xFBAB,
  0xFCCD, 0xEAAA, 0x7555, 0x0000, 0x0000, 0x0000, 0x0000, 0x0000,
  0x0000, 0x0000, 0x0000, 0x0000, 0x0000, 0x0000, 0x0000, 0x0000,
  0x0000, 0x5232, 0xD695, 0xF9D7, 0xFAE7, 0xFBD7, 0xFDC8, 0xFEC8,
  0xFEC8, 0xFEC8, 0xFEC8, 0xFDB8, 0xFEB8, 0xFEC8, 0xFEC9, 0xFFC9,
  0xEA86, 0x5211, 0x0000, 0x0000, 0x0000, 0x0000, 0x0000, 0x0000,
  0x0000, 0x0000, 0x0000, 0x0000, 0x0000, 0x0000, 0x0000, 0x0000,
  0x0000, 0x0000, 0x0000, 0x0000, 0x0000, 0x0000, 0x0000, 0x0000,
  0x0000, 0x0000, 0x0000, 0x0000, 0x0000, 0x0000, 0x0000, 0x0000,
  0x0000, 0x0555, 0x0000, 0x4111, 0xFB96, 0xFFD9, 0xFEC8, 0xFEC8,
  0xFEC8, 0xFEC8, 0xFEB8, 0xFEC8, 0xFEC8, 0xFED9, 0xFFDA, 0xFFFB,
  0xFFFC, 0xFFFC, 0xFFFC, 0xFFFB, 0xBB76, 0x0922, 0x0A55, 0x0000,
  0x0000, 0x0000, 0x0000, 0x0000, 0x0000, 0x0000, 0x0000, 0x0000,
  0x0000, 0x0B74, 0x0000, 0x4211, 0xEA86, 0xFFD9, 0xFEC8, 0xFEC8,
  0xFEC8, 0xFEC8, 0xFEC8, 0x8654, 0xE666, 0xFA9A, 0xF978, 0xF545,
  0xF222, 0xF222, 0xF222, 0xF323, 0xF323, 0xF323, 0xF323, 0xF323,
  0xF323, 0xF323, 0xF323, 0xF323, 0xF222, 0xF323, 0xF444, 0xF656,
  0xF978, 0xFBBB, 0xFCCD, 0xB777, 0x1000, 0x0000, 0x0000, 0x0000,
  0x0000, 0x0000, 0x0000, 0x0000, 0x0000, 0x0000, 0x0000, 0x0000,
  0x9464, 0xFAD9, 0xFBF9, 0xF8D6, 0xFAC7, 0xFDC7, 0xFEB8, 0xFEC8,
  0xFEC8, 0xFDA7, 0xFC86, 0xFC76, 0xFEC8, 0xFFC9, 0xFCA7, 0xB764,
  0x3000, 0x0000, 0x0000, 0x0000, 0x0000, 0x0000, 0x0000, 0x0000,
  0x0000, 0x0000, 0x0000, 0x0000, 0x0000, 0x0000, 0x0000, 0x0000,
  0x0000, 0x0000, 0x0000, 0x0000, 0x0000, 0x0000, 0x0000, 0x0000,
  0x0000, 0x0000, 0x0000, 0x0000, 0x0000, 0x0000, 0x0000, 0x0000,
  0x0000, 0x0FFF, 0x2000, 0xEA86, 0xFFC9, 0xFDB8, 0xFEB8, 0xFEC8,
  0xFEC8, 0xFEC8, 0xFED9, 0xFFEA, 0xFFFB, 0xFFFC, 0xFFFC, 0xFFFC,
  0xFFFC, 0xFFFC, 0xFFFC, 0xFFFC, 0xFEB9, 0xAB65, 0x0000, 0x0FA5,
  0x0000, 0x0000, 0x0000, 0x0000, 0x0000, 0x0000, 0x0000, 0x0000,
  0x0FFF, 0x0000, 0x6442, 0xFB96, 0xFFD9, 0xFEC8, 0xFEC8, 0xFEC8,
  0xFEC8, 0xFEC8, 0xFEC8, 0x8975, 0xD888, 0xFA9A, 0xF444, 0xF212,
  0xF323, 0xF323, 0xF323, 0xF323, 0xF323, 0xF323, 0xF323, 0xF323,
  0xF323, 0xF323, 0xF323, 0xF323, 0xF323, 0xF323, 0xF323, 0xF333,
  0xF545, 0xF867, 0xFA9A, 0xFDDD, 0xC888, 0x2000, 0x0000, 0x0000,
  0x0000, 0x0000, 0x0000, 0x0000, 0x00F0, 0x0000, 0x1000, 0xB685,
  0xFBFA, 0xFCFA, 0xFBFA, 0xFDFA, 0xFEDA, 0xFFDA, 0xFEDA, 0xFDA7,
  0xFC86, 0xFC76, 0xFC66, 0xFA55, 0xE975, 0x9764, 0x4211, 0x0000,
  0x0000, 0x0440, 0x0000, 0x0000, 0x0000, 0x0000, 0x0000, 0x0000,
  0x0000, 0x0000, 0x0000, 0x0000, 0x0000, 0x0000, 0x0000, 0x0000,
  0x0000, 0x0000, 0x0000, 0x0000, 0x0000, 0x0000, 0x0000, 0x0000,
  0x0000, 0x0000, 0x0000, 0x0000, 0x0000, 0x0000, 0x0000, 0x0000,
  0x0FFF, 0x0000, 0xB765, 0xFFDA, 0xFED9, 0xFEDA, 0xFEDA, 0xFFEB,
  0xFFFC, 0xFFFB, 0xFFFC, 0xFFFC, 0xFFFC, 0xFFFC, 0xFFFC, 0xFFFC,
  0xFFFC, 0xFFFC, 0xFFFC, 0xFFFC, 0xFFEB, 0xFC76, 0x6D88, 0x0000,
  0x0FA5, 0x0000, 0x0000, 0x0000, 0x0000, 0x0000, 0x0000, 0x0FFA,
  0x0000, 0x8543, 0xFDB8, 0xFFC9, 0xFEC8, 0xFEC8, 0xFEC8, 0xFEC8,
  0xFEC8, 0xFEC8, 0xFEC8, 0x9A86, 0xC778, 0xF989, 0xF222, 0xF323,
  0xF323, 0xF323, 0xF323, 0xF323, 0xF323, 0xF323, 0xF323, 0xF323,
  0xF323, 0xF323, 0xF323, 0xF323, 0xF323, 0xF323, 0xF323, 0xF323,
  0xF323, 0xF545, 0xF978, 0xF989, 0xFCCD, 0xC788, 0x1000, 0x0FFF,
  0x0000, 0x0000, 0x0000, 0x0000, 0x0FFF, 0x1000, 0xB585, 0xFBFA,
  0xFBFA, 0xF9C8, 0xFDEA, 0xFFFC, 0xFFFC, 0xFFEB, 0xFC98, 0xFB66,
  0xFB66, 0xF954, 0xA633, 0x4321, 0x1000, 0x0000, 0x0000, 0x0FFF,
  0x0000, 0x0000, 0x0000, 0x0000, 0x0000, 0x0000, 0x0000, 0x0000,
  0x0000, 0x0000, 0x0000, 0x0000, 0x0000, 0x0000, 0x0000, 0x0000,
  0x0000, 0x0000, 0x0000, 0x0000, 0x0000, 0x0000, 0x0000, 0x0000,
  0x0000, 0x0000, 0x0000, 0x0000, 0x0000, 0x0000, 0x0000, 0x0000,
  0x0000, 0x5333, 0xFEEB, 0xFFFC, 0xFEEB, 0xFFFC, 0xFFFC, 0xFFFC,
  0xFFFC, 0xFFFC, 0xFEEB, 0xFFFB, 0xFFFC, 0xFFFC, 0xFFFC, 0xFFFC,
  0xFFFC, 0xFFFC, 0xFFFC, 0xFFFC, 0xFFFC, 0xFC97, 0xFD87, 0x3FA9,
  0x0000, 0x0AAA, 0x0000, 0x0000, 0x0000, 0x0000, 0x0777, 0x0000,
  0x8543, 0xFDB8, 0xFEC9, 0xFEB8, 0xFEC8, 0xFEC8, 0xFEC8, 0xFEC8,
  0xFEC8, 0xFEC8, 0xFFC9, 0xAA96, 0xB666, 0xFA9A, 0xF333, 0xF222,
  0xF323, 0xF323, 0xF323, 0xF323, 0xF323, 0xF323, 0xF323, 0xF323,
  0xF323, 0xF323, 0xF323, 0xF323, 0xF323, 0xF323, 0xF323, 0xF323,
  0xF323, 0xF222, 0xF767, 0xF979, 0xF978, 0xFBBC, 0xA677, 0x0000,
  0x0AAA, 0x0000, 0x0000, 0x0774, 0x0000, 0xA564, 0xFBFA, 0xFAE9,
  0xE675, 0xFBB9, 0xFFFC, 0xFFFC, 0xFEDB, 0xFB76, 0xFC65, 0xFA65,
  0x9533, 0x2000, 0x0000, 0x0000, 0x0000, 0x0966, 0x0555, 0x0000,
  0x0000, 0x0000, 0x0000, 0x0000, 0x0000, 0x0000, 0x0000, 0x0000,
  0x0000, 0x0000, 0x0000, 0x0000, 0x0000, 0x0000, 0x0000, 0x0000,
  0x0000, 0x0000, 0x0000, 0x0000, 0x0000, 0x0000, 0x0000, 0x0000,
  0x0000, 0x0000, 0x0000, 0x0000, 0x0000, 0x0000, 0x0000, 0x0000,
  0x0000, 0xC997, 0xFFFD, 0xFEEB, 0xFDDA, 0xFFFC, 0xFFFC, 0xFFFC,
  0xFFFC, 0xFFFC, 0xFCC9, 0xFEEB, 0xFFFC, 0xFFFC, 0xFFFC, 0xFFFC,
  0xFFEB, 0xFCC9, 0xFFDA, 0xFEDA, 0xFFEA, 0xFDA7, 0xFD87, 0xCE98,
  0x0630, 0x0FAA, 0x0000, 0x0000, 0x0000, 0x0744, 0x0000, 0x5432,
  0xFDB7, 0xFFC9, 0xFEB8, 0xFEC8, 0xFEC8, 0xFEC8, 0xFEB8, 0xFEC8,
  0xFEC8, 0xFEC8, 0xFFC9, 0xC986, 0xA455, 0xFA9A, 0xF756, 0xF212,
  0xF323, 0xF323, 0xF323, 0xF323, 0xF323, 0xF323, 0xF323, 0xF323,
  0xF323, 0xF323, 0xF323, 0xF323, 0xF323, 0xF323, 0xF323, 0xF323,
  0xF323, 0xF212, 0xF766, 0xF989, 0xF978, 0xF989, 0xFAAB, 0x7555,
  0x0000, 0x0AAA, 0x05A5, 0x0000, 0x7242, 0xF9E8, 0xE9D8, 0xB332,
  0xECB8, 0xFFFB, 0xFFFB, 0xFEDA, 0xFC76, 0xFC66, 0xD854, 0x5211,
  0x0000, 0x0000, 0x0A55, 0x0550, 0x0000, 0x0000, 0x0000, 0x0000,
  0x0000, 0x0000, 0x0000, 0x0000, 0x0000, 0x0000, 0x0000, 0x0000,
  0x0000, 0x0000, 0x0000, 0x0000, 0x0000, 0x0000, 0x0000, 0x0000,
  0x0000, 0x0000, 0x0000, 0x0000, 0x0000, 0x0000, 0x0000, 0x0000,
  0x0000, 0x0000, 0x0000, 0x0000, 0x0000, 0x0000, 0x0000, 0x0000,
  0x3121, 0xFDDA, 0xFFFD, 0xFCC9, 0xFEFC, 0xFFFC, 0xFFFC, 0xFEEB,
  0xFAA8, 0xFFFC, 0xFDDA, 0xFEDA, 0xFEDA, 0xFEDA, 0xFED9, 0xFEC8,
  0xFEC9, 0xFBA7, 0xFB96, 0xFEC8, 0xFEC8, 0xFC97, 0xFB65, 0xFC76,
  0x6B65, 0x0000, 0x0000, 0x0000, 0x0000, 0x0000, 0x2000, 0xEA96,
  0xFFD9, 0xFEC8, 0xFEC8, 0xFEC8, 0xFFC9, 0xFBA7, 0xFBA7, 0xFEC8,
  0xFEC8, 0xFEC8, 0xFFC9, 0xE875, 0x8444, 0xFA9A, 0xF979, 0xF656,
  0xF222, 0xF222, 0xF323, 0xF323, 0xF323, 0xF323, 0xF323, 0xF323,
  0xF323, 0xF323, 0xF323, 0xF323, 0xF323, 0xF323, 0xF323, 0xF223,
  0xF212, 0xF444, 0xF979, 0xF978, 0xF979, 0xF978, 0xF989, 0xF989,
  0x3233, 0x0000, 0x0000, 0x2000, 0xE6B5, 0xE6C6, 0x7000, 0xDA86,
  0xFFD9, 0xFEC8, 0xFA86, 0xFB65, 0xFC76, 0xC743, 0x2000, 0x0000,
  0x0633, 0x0000, 0x0000, 0x0000, 0x0000, 0x0000, 0x0000, 0x0000,
  0x0000, 0x0000, 0x0000, 0x0000, 0x0000, 0x0000, 0x0000, 0x0000,
  0x0000, 0x0000, 0x0000, 0x0000, 0x0000, 0x0000, 0x0000, 0x0000,
  0x0000, 0x0000, 0x0000, 0x0000, 0x0000, 0x0000, 0x0000, 0x0000,
  0x0000, 0x0000, 0x0000, 0x0000, 0x0000, 0x0000, 0x0000, 0x0000,
  0x8432, 0xFFEA, 0xFCB8, 0xF996, 0xFFEB, 0xFEDA, 0xFFEA, 0xDBA7,
  0x9332, 0xFEC9, 0xFDB8, 0xFB96, 0xFEC8, 0xFEB8, 0xFEC8, 0xFEC8,
  0xFEC8, 0xFEC8, 0xF975, 0xFDB8, 0xFEC9, 0xFC97, 0xFB65, 0xFB76,
  0xEB65, 0x2B65, 0x0000, 0x0000, 0x0FFF, 0x1000, 0xD875, 0xFFC9,
  0xFDA7, 0xFDA7, 0xFDA7, 0xFDB8, 0xFA86, 0xF975, 0xFDA8, 0xFEC8,
  0xFEC8, 0xFEC8, 0xFEC9, 0xB764, 0x5233, 0xFAAA, 0xF978, 0xF989,
  0xF767, 0xF323, 0xF212, 0xF323, 0xF323, 0xF323, 0xF323, 0xF323,
  0xF323, 0xF323, 0xF323, 0xF323, 0xF323, 0xF222, 0xF222, 0xF323,
  0xF656, 0xF979, 0xF979, 0xF978, 0xF978, 0xF979, 0xF978, 0xFA89,
  0xC777, 0x1000, 0x0000, 0x8363, 0xF7D6, 0x5121, 0x9764, 0xFFD9,
  0xFFC9, 0xFA86, 0xF954, 0xFC76, 0xA743, 0x1000, 0x0000, 0x0400,
  0x0000, 0x0000, 0x0000, 0x0000, 0x0000, 0x0000, 0x0000, 0x0000,
  0x0000, 0x0000, 0x0000, 0x0000, 0x0000, 0x0000, 0x0000, 0x0000,
  0x0000, 0x0000, 0x0000, 0x0000, 0x0000, 0x0000, 0x0000, 0x0000,
  0x0000, 0x0000, 0x0000, 0x0000, 0x0000, 0x0000, 0x0000, 0x0000,
  0x0000, 0x0000, 0x0000, 0x0000, 0x0000, 0x0000, 0x0000, 0x0000,
  0xAA86, 0xFFC9, 0xD754, 0xECA7, 0xFEC8, 0xFDB8, 0xFEC8, 0x8653,
  0x3000, 0xFDB8, 0xFDB7, 0xF865, 0xFFC9, 0xFEC8, 0xFEC8, 0xFEC8,
  0xFEC8, 0xFEC9, 0xFBA7, 0xF965, 0xFFD9, 0xFC97, 0xFB65, 0xFA65,
  0xF854, 0x8C76, 0x0000, 0x0FA5, 0x0000, 0x9653, 0xFEC9, 0xFC97,
  0xFB65, 0xFB65, 0xFC66, 0xF844, 0xF744, 0xFC76, 0xFB65, 0xFC97,
  0xFEC8, 0xFFD9, 0xDA96, 0x2000, 0x3111, 0xF99A, 0xF989, 0xF978,
  0xF989, 0xF978, 0xF545, 0xF222, 0xF222, 0xF323, 0xF323, 0xF323,
  0xF323, 0xF222, 0xF222, 0xF222, 0xF222, 0xF434, 0xF656, 0xF978,
  0xF989, 0xF978, 0xF978, 0xF978, 0xF978, 0xF978, 0xF978, 0xF978,
  0xF989, 0x7455, 0x1010, 0xF594, 0x9473, 0x2000, 0xFB96, 0xFFD9,
  0xFCA7, 0xF854, 0xFC76, 0xA743, 0x0000, 0x0000, 0x0000, 0x0000,
  0x0000, 0x0000, 0x0000, 0x0000, 0x0000, 0x0000, 0x0000, 0x0000,
  0x0000, 0x0000, 0x0000, 0x0000, 0x0000, 0x0000, 0x0000, 0x0000,
  0x0000, 0x0000, 0x0000, 0x0000, 0x0000, 0x0000, 0x0000, 0x0000,
  0x0000, 0x0000, 0x0000, 0x0000, 0x0000, 0x0000, 0x0000, 0x0000,
  0x0000, 0x0000, 0x0000, 0x0000, 0x0000, 0x0000, 0x0000, 0x0000,
  0xE875, 0xEEC8, 0xA221, 0xFDC8, 0xFDA8, 0xFEC8, 0xFCA7, 0x3221,
  0x0000, 0xE986, 0xFED9, 0xFA75, 0xFDA7, 0xFEC8, 0xFEC8, 0xFEC8,
  0xFEC8, 0xFEC8, 0xFEC8, 0xF864, 0xFDA7, 0xFDA7, 0xFB65, 0xFB65,
  0xF854, 0xEB65, 0x0550, 0x0FFF, 0x3211, 0xFCA7, 0xFEB8, 0xFB65,
  0xFB76, 0xFC76, 0xF955, 0xF633, 0xFC76, 0xFB66, 0xFB66, 0xFB65,
  0xFC97, 0xFDB8, 0x6443, 0x0000, 0x1000, 0xE889, 0xFA9A, 0xF978,
  0xF978, 0xF979, 0xF989, 0xF767, 0xF444, 0xF323, 0xF222, 0xF222,
  0xF323, 0xF434, 0xF545, 0xF656, 0xF878, 0xF979, 0xF989, 0xF979,
  0xF978, 0xF978, 0xF978, 0xF978, 0xF978, 0xF978, 0xF978, 0xF978,
  0xFA89, 0xC777, 0x7242, 0xF594, 0x1000, 0x7653, 0xFEC8, 0xFEC9,
  0xF865, 0xFB66, 0xB744, 0x0000, 0x0000, 0x0000, 0x0000, 0x0000,
  0x0000, 0x0000, 0x0000, 0x0000, 0x0000, 0x0000, 0x0000, 0x0000,
  0x0000, 0x0000, 0x0000, 0x0000, 0x0000, 0x0000, 0x0000, 0x0000,
  0x0000, 0x0000, 0x0000, 0x0000, 0x0000, 0x0000, 0x0000, 0x0000,
  0x0000, 0x0000, 0x0000, 0x0000, 0x0000, 0x0000, 0x0000, 0x0000,
  0x0000, 0x0000, 0x0000, 0x0000, 0x0000, 0x0000, 0x0000, 0x0000,
  0xF875, 0xDB96, 0x8000, 0xFEC8, 0xFD97, 0xFEC8, 0xC985, 0x0700,
  0x0000, 0x9654, 0xFFD9, 0xF975, 0xFB76, 0xFEC8, 0xFEC8, 0xFEC8,
  0xFEC8, 0xFEC8, 0xFFC9, 0xFA86, 0xFA65, 0xFC86, 0xFB65, 0xFC76,
  0xF743, 0xFA65, 0x0FFF, 0x0000, 0xB875, 0xFFC9, 0xFB76, 0xFB65,
  0xFB76, 0xFB66, 0xD322, 0xFA65, 0xFC76, 0xFB65, 0xFB66, 0xFB65,
  0xFC76, 0xC864, 0x0000, 0x0FAA, 0x0000, 0xA778, 0xFA9A, 0xF978,
  0xF979, 0xF978, 0xF978, 0xF989, 0xF989, 0xF878, 0xF867, 0xF867,
  0xF878, 0xF978, 0xF989, 0xF989, 0xF989, 0xF978, 0xF978, 0xF978,
  0xF978, 0xF978, 0xF978, 0xF978, 0xF978, 0xF978, 0xF979, 0xF878,
  0xFA8A, 0xF666, 0xB484, 0xA473, 0x0000, 0xC975, 0xFFD9, 0xFA96,
  0xF954, 0xD854, 0x2000, 0x0000, 0x0000, 0x0000, 0x0000, 0x0000,
  0x0000, 0x0000, 0x0000, 0x0000, 0x0000, 0x0000, 0x0000, 0x0000,
  0x0000, 0x0000, 0x0000, 0x0000, 0x0000, 0x0000, 0x0000, 0x0000,
  0x0000, 0x0000, 0x0000, 0x0000, 0x0000, 0x0000, 0x0000, 0x0000,
  0x0000, 0x0000, 0x0000, 0x0000, 0x0000, 0x0000, 0x0000, 0x0000,
  0x0000, 0x0000, 0x0000, 0x0000, 0x0000, 0x0000, 0x0000, 0x0000,
  0xF975, 0x8DB8, 0x7000, 0xFEC8, 0xEDA7, 0xFDB8, 0x7653, 0x0000,
  0x0000, 0x3100, 0xFBA7, 0xFCB7, 0xF854, 0xFEB8, 0xFEC8, 0xFEC8,
  0xFEC8, 0xFEB8, 0xFEC8, 0xFDB8, 0xF744, 0xFC76, 0xFB65, 0xFC76,
  0xF954, 0xB533, 0x0000, 0x3322, 0xFCA7, 0xF865, 0xFB65, 0xFB65,
  0xFC76, 0xD643, 0xC533, 0xFC76, 0xFB65, 0xFB66, 0xFB65, 0xFB76,
  0xFB66, 0x7422, 0x0FF0, 0x0633, 0x0000, 0x8666, 0xFAAB, 0xF978,
  0xF979, 0xF978, 0xF978, 0xF978, 0xF978, 0xF979, 0xF989, 0xF989,
  0xF979, 0xF978, 0xF978, 0xF978, 0xF978, 0xF978, 0xF978, 0xF978,
  0xF978, 0xF978, 0xF978, 0xF978, 0xF979, 0xF978, 0xF978, 0xFA89,
  0xF989, 0x7444, 0xD473, 0x26A5, 0x0000, 0xE864, 0xFFD9, 0xF854,
  0xF955, 0x3322, 0x0000, 0x0500, 0x0000, 0x0000, 0x0000, 0x0000,
  0x0000, 0x0000, 0x0000, 0x0000, 0x0000, 0x0000, 0x0000, 0x0000,
  0x0000, 0x0000, 0x0000, 0x0000, 0x0000, 0x0000, 0x0000, 0x0000,
  0x0000, 0x0000, 0x0000, 0x0000, 0x0000, 0x0000, 0x0000, 0x0000,
  0x0000, 0x0000, 0x0000, 0x0000, 0x0000, 0x0000, 0x0000, 0x0000,
  0x0000, 0x0000, 0x0000, 0x0000, 0x0000, 0x0000, 0x0000, 0x0000,
  0xF875, 0x6DB8, 0x5000, 0xFEC8, 0xFDA7, 0xFCA7, 0x4232, 0x0000,
  0x0A75, 0x0000, 0x9553, 0xFEC8, 0xF864, 0xFC86, 0xFEC8, 0xFEC8,
  0xFEC8, 0xFEB8, 0xFDB8, 0xFEC8, 0xFA75, 0xFB65, 0xFB66, 0xFB66,
  0xFB65, 0x7422, 0x0000, 0xA875, 0xE875, 0xE733, 0xFC76, 0xFB66,
  0xFA65, 0x8211, 0xEA65, 0xFB76, 0xFB65, 0xFA65, 0xFA65, 0xFC76,
  0xE854, 0x2000, 0x0000, 0x0000, 0x0000, 0x4333, 0xFA9A, 0xF979,
  0xF978, 0xF978, 0xF978, 0xF978, 0xF978, 0xF978, 0xF978, 0xF978,
  0xF978, 0xF978, 0xF978, 0xF978, 0xF978, 0xF978, 0xF978, 0xF978,
  0xF978, 0xF978, 0xF979, 0xF978, 0xF878, 0xF989, 0xFA9A, 0xE888,
  0x5343, 0x0000, 0xC111, 0x0FFF, 0x1000, 0xE975, 0xFDB8, 0xF643,
  0x8643, 0x0000, 0x0744, 0x0000, 0x0000, 0x0000, 0x0000, 0x0000,
  0x0000, 0x0000, 0x0000, 0x0000, 0x0000, 0x0000, 0x0000, 0x0000,
  0x0000, 0x0000, 0x0000, 0x0000, 0x0000, 0x0000, 0x0000, 0x0000,
  0x0000, 0x0000, 0x0000, 0x0000, 0x0000, 0x0000, 0x0000, 0x0000,
  0x0000, 0x0000, 0x0000, 0x0000, 0x0000, 0x0000, 0x0000, 0x0000,
  0x0000, 0x0000, 0x0000, 0x0000, 0x0000, 0x0000, 0x0000, 0x0000,
  0xC875, 0x8A96, 0x1000, 0xFCA7, 0xFD97, 0xE954, 0x1695, 0x0000,
  0x0000, 0x0FFF, 0x1000, 0xC875, 0xFB97, 0xF954, 0xFDA7, 0xFEC8,
  0xFEC8, 0xFEC8, 0xFDA7, 0xFEC8, 0xF975, 0xFA55, 0xFB76, 0xFB66,
  0xFB76, 0x9854, 0x2332, 0xE975, 0x9221, 0xEB65, 0xFB76, 0xFC76,
  0xB743, 0x7000, 0xFB66, 0xFA65, 0xF844, 0xFA55, 0xFA65, 0xFC76,
  0x9532, 0x0000, 0x0744, 0x0000, 0x0000, 0x1000, 0xD888, 0xFA9A,
  0xF978, 0xF979, 0xF978, 0xF978, 0xF978, 0xF978, 0xF978, 0xF978,
  0xF978, 0xF978, 0xF978, 0xF978, 0xF978, 0xF978, 0xF978, 0xF978,
  0xF979, 0xF978, 0xF878, 0xF989, 0xFB9A, 0xFAAA, 0xB677, 0x2000,
  0x0000, 0x0AAA, 0x4000, 0x0000, 0x1000, 0xE975, 0xFA86, 0xD422,
  0x0644, 0x0700, 0x0000, 0x0000, 0x0000, 0x0000, 0x0000, 0x0000,
  0x0000, 0x0000, 0x0000, 0x0000, 0x0000, 0x0000, 0x0000, 0x0000,
  0x0000, 0x0000, 0x0000, 0x0000, 0x0000, 0x0000, 0x0000, 0x0000,
  0x0000, 0x0000, 0x0000, 0x0000, 0x0000, 0x0000, 0x0000, 0x0000,
  0x0000, 0x0000, 0x0000, 0x0000, 0x0000, 0x0000, 0x0000, 0x0000,
  0x0000, 0x0000, 0x0000, 0x0000, 0x0000, 0x0000, 0x0000, 0x0000,
  0x6332, 0x8975, 0x0000, 0xC875, 0xFFC9, 0xE633, 0x1000, 0x0000,
  0x0000, 0x0700, 0x0000, 0x2000, 0xD875, 0xF965, 0xFB76, 0xFDB8,
  0xFEC8, 0xFEC8, 0xFDA8, 0xFDA7, 0xFCA7, 0xFA65, 0xFB76, 0xFB66,
  0xFC76, 0xA854, 0x8543, 0xA664, 0x7522, 0xFB76, 0xFC76, 0xFB65,
  0x5211, 0x6422, 0xFB76, 0xFA65, 0xF633, 0xF854, 0xFC76, 0xE854,
  0x2000, 0x0FFF, 0x0000, 0x0000, 0x0AAA, 0x0000, 0x8566, 0xFBAB,
  0xF978, 0xF979, 0xF978, 0xF978, 0xF978, 0xF978, 0xF978, 0xF978,
  0xF978, 0xF978, 0xF978, 0xF978, 0xF978, 0xF979, 0xF978, 0xF978,
  0xF978, 0xF989, 0xFBAB, 0xFAAB, 0xC888, 0x5344, 0x0000, 0x0000,
  0x0555, 0x0000, 0x0000, 0x0000, 0x0000, 0xCA86, 0xFA86, 0x8633,
  0x0000, 0x0B74, 0x0000, 0x0000, 0x0000, 0x0000, 0x0000, 0x0000,
  0x0000, 0x0000, 0x0000, 0x0000, 0x0000, 0x0000, 0x0000, 0x0000,
  0x0000, 0x0000, 0x0000, 0x0000, 0x0000, 0x0000, 0x0000, 0x0000,
  0x0000, 0x0000, 0x0000, 0x0000, 0x0000, 0x0000, 0x0000, 0x0000,
  0x0000, 0x0000, 0x0000, 0x0000, 0x0000, 0x0000, 0x0000, 0x0000,
  0x0000, 0x0000, 0x0000, 0x0000, 0x0000, 0x0000, 0x0000, 0x0000,
  0x1433, 0x8111, 0x1000, 0x4221, 0xFDB8, 0xD754, 0x0000, 0x0000,
  0x0000, 0x0000, 0x0000, 0x0000, 0x2110, 0xC432, 0xFA55, 0xFC86,
  0xFEC8, 0xFEC8, 0xFEB8, 0xFC86, 0xFDA7, 0xF854, 0xFC76, 0xFB65,
  0xFC76, 0x9854, 0xB764, 0x4221, 0x8955, 0xFC76, 0xFC76, 0xF744,
  0x0000, 0x7211, 0xFB76, 0xF744, 0xF743, 0xF854, 0xFC76, 0x8422,
  0x0000, 0x0A55, 0x0000, 0x0000, 0x0000, 0x0000, 0x3111, 0xF999,
  0xF989, 0xF978, 0xF978, 0xF978, 0xF978, 0xF979, 0xF979, 0xF978,
  0xF979, 0xF978, 0xF978, 0xF978, 0xF978, 0xF978, 0xF989, 0xFA9A,
  0xFA9A, 0xF999, 0xB788, 0x5344, 0x0000, 0x0000, 0x0FFF, 0x0000,
  0x0000, 0x0000, 0x0000, 0x0B77, 0x0000, 0x9875, 0xDA86, 0x6412,
  0x0000, 0x0444, 0x0000, 0x0000, 0x0000, 0x0000, 0x0000, 0x0000,
  0x0000, 0x0000, 0x0000, 0x0000, 0x0000, 0x0000, 0x0000, 0x0000,
  0x0000, 0x0000, 0x0000, 0x0000, 0x0000, 0x0000, 0x0000, 0x0000,
  0x0000, 0x0000, 0x0000, 0x0000, 0x0000, 0x0000, 0x0000, 0x0000,
  0x0000, 0x0000, 0x0000, 0x0000, 0x0000, 0x0000, 0x0000, 0x0000,
  0x0000, 0x0000, 0x0000, 0x0000, 0x0000, 0x0000, 0x0000, 0x0000,
  0x0000, 0x2000, 0x1221, 0x0000, 0xA764, 0xF864, 0x0642, 0x0000,
  0x0000, 0x0000, 0x0000, 0x0700, 0x0000, 0x1000, 0xB432, 0xFB65,
  0xFC86, 0xFEC8, 0xFEC8, 0xFD97, 0xFA65, 0xF743, 0xFC76, 0xFB66,
  0xFB66, 0x8643, 0xD111, 0x0000, 0x9954, 0xFC76, 0xFC76, 0xB744,
  0x0000, 0x6211, 0xFC76, 0xE633, 0xF532, 0xFA65, 0xF854, 0x2000,
  0x0FFF, 0x0000, 0x0000, 0x0000, 0x0000, 0x0FFF, 0x0000, 0xA677,
  0xFBAB, 0xF878, 0xF978, 0xF978, 0xF978, 0xF978, 0xF978, 0xF978,
  0xF978, 0xF979, 0xF989, 0xFA9A, 0xFA9A, 0xFA9A, 0xF999, 0xC888,
  0x8566, 0x3111, 0x0000, 0x0000, 0x0000, 0x0555, 0x0000, 0x0000,
  0x0000, 0x0000, 0x0000, 0x0000, 0x0000, 0x4432, 0xC654, 0x4000,
  0x0000, 0x0000, 0x0000, 0x0000, 0x0000, 0x0000, 0x0000, 0x0000,
  0x0000, 0x0000, 0x0000, 0x0000, 0x0000, 0x0000, 0x0000, 0x0000,
  0x0000, 0x0000, 0x0000, 0x0000, 0x0000, 0x0000, 0x0000, 0x0000,
  0x0000, 0x0000, 0x0000, 0x0000, 0x0000, 0x0000, 0x0000, 0x0000,
  0x0000, 0x0000, 0x0000, 0x0000, 0x0000, 0x0000, 0x0000, 0x0000,
  0x0000, 0x0000, 0x0000, 0x0000, 0x0000, 0x0000, 0x0000, 0x0000,
  0x0000, 0x0000, 0x0000, 0x0555, 0x0000, 0x9432, 0x2432, 0x0000,
  0x0000, 0x0000, 0x0000, 0x0000, 0x0000, 0x0000, 0x1000, 0xC643,
  0xFC76, 0xFC76, 0xFEC8, 0xFDA8, 0xFA55, 0xF844, 0xFC76, 0xFB66,
  0xFB65, 0x8211, 0xA221, 0x0000, 0x9854, 0xFC76, 0xFB65, 0x7422,
  0x0000, 0x2111, 0xFA65, 0xE633, 0xD422, 0xF954, 0xA743, 0x0000,
  0x0FA5, 0x0000, 0x0000, 0x0000, 0x0000, 0x0000, 0x0FFF, 0x3111,
  0xE999, 0xFB9A, 0xF989, 0xF989, 0xFA8A, 0xFA9A, 0xFA9A, 0xFA9A,
  0xFA9A, 0xF989, 0xE888, 0xD888, 0xA777, 0x6455, 0x3222, 0x0000,
  0x0000, 0x0000, 0x0000, 0x0555, 0x0000, 0x0000, 0x0000, 0x0000,
  0x0000, 0x0000, 0x0000, 0x0000, 0x0000, 0x0000, 0x8000, 0x1111,
  0x0000, 0x0000, 0x0000, 0x0000, 0x0000, 0x0000, 0x0000, 0x0000,
  0x0000, 0x0000, 0x0000, 0x0000, 0x0000, 0x0000, 0x0000, 0x0000,
  0x0000, 0x0000, 0x0000, 0x0000, 0x0000, 0x0000, 0x0000, 0x0000,
  0x0000, 0x0000, 0x0000, 0x0000, 0x0000, 0x0000, 0x0000, 0x0000,
  0x0000, 0x0000, 0x0000, 0x0000, 0x0000, 0x0000, 0x0000, 0x0000,
  0x0000, 0x0000, 0x0000, 0x0000, 0x0000, 0x0000, 0x0000, 0x0000,
  0x0000, 0x0000, 0x0000, 0x0000, 0x0000, 0x0000, 0x0000, 0x0000,
  0x0000, 0x0000, 0x0000, 0x0000, 0x0000, 0x0500, 0x0000, 0x2000,
  0xE844, 0xFC76, 0xFB76, 0xFDA7, 0xFB76, 0xF955, 0xFB65, 0xFB76,
  0xFA65, 0x5211, 0x8211, 0x0000, 0x8422, 0xFB66, 0xFB65, 0x7111,
  0x0000, 0x0000, 0xB743, 0xE854, 0x8211, 0xF854, 0x5422, 0x0000,
  0x0400, 0x0000, 0x0000, 0x0000, 0x0000, 0x0000, 0x0777, 0x0000,
  0x6344, 0xFAAA, 0xFBAB, 0xF99A, 0xF889, 0xD888, 0xB778, 0x9666,
  0x6444, 0x4233, 0x2000, 0x0000, 0x0000, 0x0000, 0x0000, 0x0000,
  0x0777, 0x0007, 0x0000, 0x0000, 0x0000, 0x0000, 0x0000, 0x0000,
  0x0000, 0x0000, 0x0000, 0x0000, 0x0000, 0x0000, 0x2111, 0x3000,
  0x0000, 0x0000, 0x0000, 0x0000, 0x0000, 0x0000, 0x0000, 0x0000,
  0x0000, 0x0000, 0x0000, 0x0000, 0x0000, 0x0000, 0x0000, 0x0000,
  0x0000, 0x0000, 0x0000, 0x0000, 0x0000, 0x0000, 0x0000, 0x0000,
  0x0000, 0x0000, 0x0000, 0x0000, 0x0000, 0x0000, 0x0000, 0x0000,
  0x0000, 0x0000, 0x0000, 0x0000, 0x0000, 0x0000, 0x0000, 0x0000,
  0x0000, 0x0000, 0x0000, 0x0000, 0x0000, 0x0000, 0x0000, 0x0000,
  0x0000, 0x0000, 0x0000, 0x0000, 0x0000, 0x0FFF, 0x0000, 0x0000,
  0x0000, 0x0000, 0x0000, 0x0000, 0x0000, 0x0000, 0x0400, 0x0000,
  0x4100, 0xF854, 0xFC76, 0xFB65, 0xFC76, 0xF744, 0xFA65, 0xFC76,
  0xE744, 0x1000, 0x6000, 0x0422, 0x2100, 0xF954, 0xFB66, 0x6111,
  0x0000, 0x0000, 0x4211, 0xF954, 0x5111, 0xC633, 0x2743, 0x0000,
  0x0000, 0x0000, 0x0000, 0x0000, 0x0000, 0x0000, 0x0000, 0x0000,
  0x0000, 0x0000, 0x0000, 0x0000, 0x0000, 0x0000, 0x0000, 0x0000,
  0x0000, 0x0000, 0x0000, 0x0000, 0x0000, 0x0000, 0x0000, 0x0000,
  0x0000, 0x0000, 0x0000, 0x0000, 0x0000, 0x0000, 0x0000, 0x0000,
  0x0000, 0x0000, 0x0000, 0x0000, 0x0000, 0x0000, 0x0000, 0x0000,
  0x0000, 0x0000, 0x0000, 0x0000, 0x0000, 0x0000, 0x0000, 0x0000,
  0x0000, 0x0000, 0x0000, 0x0000, 0x0000, 0x0000, 0x0000, 0x0000,
  0x0000, 0x0000, 0x0000, 0x0000, 0x0000, 0x0000, 0x0000, 0x0000,
  0x0000, 0x0000, 0x0000, 0x0000, 0x0000, 0x0000, 0x0000, 0x0000,
  0x0000, 0x0000, 0x0000, 0x0000, 0x0000, 0x0000, 0x0000, 0x0000,
  0x0000, 0x0000, 0x0000, 0x0000, 0x0000, 0x0000, 0x0000, 0x0000,
  0x0000, 0x0000, 0x0000, 0x0000, 0x0000, 0x0000, 0x0000, 0x0000,
  0x0000, 0x0000, 0x0000, 0x0000, 0x0000, 0x0000, 0x0000, 0x0400,
  0x0000, 0x4000, 0xD643, 0xFB65, 0xFC76, 0xF643, 0xFA65, 0xFC76,
  0xA643, 0x0000, 0x2000, 0x1222, 0x0000, 0x9532, 0xFB65, 0x7211,
  0x0000, 0x0622, 0x0000, 0xB422, 0xA532, 0x3000, 0x5100, 0x0000,
  0x0000, 0x0000, 0x0000, 0x0000, 0x0000, 0x0000, 0x0000, 0x0000,
  0x0000, 0x0000, 0x0000, 0x0000, 0x0000, 0x0000, 0x0000, 0x0000,
  0x0000, 0x0000, 0x0000, 0x0000, 0x0000, 0x0000, 0x0000, 0x0000,
  0x0000, 0x0000, 0x0000, 0x0000, 0x0000, 0x0000, 0x0000, 0x0000,
  0x0000, 0x0000, 0x0000, 0x0000, 0x0000, 0x0000, 0x0000, 0x0000,
  0x0000, 0x0000, 0x0000, 0x0000, 0x0000, 0x0000, 0x0000, 0x0000,
  0x0000, 0x0000, 0x0000, 0x0000, 0x0000, 0x0000, 0x0000, 0x0000,
  0x0000, 0x0000, 0x0000, 0x0000, 0x0000, 0x0000, 0x0000, 0x0000,
  0x0000, 0x0000, 0x0000, 0x0000, 0x0000, 0x0000, 0x0000, 0x0000,
  0x0000, 0x0000, 0x0000, 0x0000, 0x0000, 0x0000, 0x0000, 0x0000,
  0x0000, 0x0000, 0x0000, 0x0000, 0x0000, 0x0000, 0x0000, 0x0000,
  0x0000, 0x0000, 0x0000, 0x0000, 0x0000, 0x0000, 0x0000, 0x0000,
  0x0000, 0x0000, 0x0000, 0x0000, 0x0000, 0x0000, 0x0000, 0x0000,
  0x0500, 0x0000, 0x1000, 0xB432, 0xFC76, 0xF854, 0xFA65, 0xFB66,
  0x6211, 0x0000, 0x0000, 0x0000, 0x0A55, 0x0000, 0xC643, 0xA743,
  0x0000, 0x0744, 0x0000, 0x0000, 0xA111, 0x4000, 0x1100, 0x0000,
  0x0000, 0x0000, 0x0000, 0x0000, 0x0000, 0x0000, 0x0000, 0x0000,
  0x0000, 0x0000, 0x0000, 0x0000, 0x0000, 0x0000, 0x0000, 0x0000,
  0x0000, 0x0000, 0x0000, 0x0000, 0x0000, 0x0000, 0x0000, 0x0000,
  0x0000, 0x0000, 0x0000, 0x0000, 0x0000, 0x0000, 0x0000, 0x0000,
  0x0000, 0x0000, 0x0000, 0x0000, 0x0000, 0x0000, 0x0000, 0x0000,
  0x0000, 0x0000, 0x0000, 0x0000, 0x0000, 0x0000, 0x0000, 0x0000,
  0x0000, 0x0000, 0x0000, 0x0000, 0x0000, 0x0000, 0x0000, 0x0000,
  0x0000, 0x0000, 0x0000, 0x0000, 0x0000, 0x0000, 0x0000, 0x0000,
  0x0000, 0x0000, 0x0000, 0x0000, 0x0000, 0x0000, 0x0000, 0x0000,
  0x0000, 0x0000, 0x0000, 0x0000, 0x0000, 0x0000, 0x0000, 0x0000,
  0x0000, 0x0000, 0x0000, 0x0000, 0x0000, 0x0000, 0x0000, 0x0000,
  0x0000, 0x0000, 0x0000, 0x0000, 0x0000, 0x0000, 0x0000, 0x0000,
  0x0000, 0x0000, 0x0000, 0x0000, 0x0000, 0x0000, 0x0000, 0x0000,
  0x0000, 0x0000, 0x0000, 0x0000, 0x7422, 0xE643, 0xFB66, 0xE844,
  0x1000, 0x0FFF, 0x0000, 0x0000, 0x0000, 0x0000, 0x2111, 0xC211,
  0x3000, 0x0000, 0x0000, 0x0000, 0x0000, 0x4000, 0x0000, 0x0000,
  0x0000, 0x0000, 0x0000, 0x0000, 0x0000, 0x0000, 0x0000, 0x0000,
  0x0000, 0x0000, 0x0000, 0x0000, 0x0000, 0x0000, 0x0000, 0x0000,
  0x0000, 0x0000, 0x0000, 0x0000, 0x0000, 0x0000, 0x0000, 0x0000,
  0x0000, 0x0000, 0x0000, 0x0000, 0x0000, 0x0000, 0x0000, 0x0000,
  0x0000, 0x0000, 0x0000, 0x0000, 0x0000, 0x0000, 0x0000, 0x0000,
  0x0000, 0x0000, 0x0000, 0x0000, 0x0000, 0x0000, 0x0000, 0x0000,
  0x0000, 0x0000, 0x0000, 0x0000, 0x0000, 0x0000, 0x0000, 0x0000,
  0x0000, 0x0000, 0x0000, 0x0000, 0x0000, 0x0000, 0x0000, 0x0000,
  0x0000, 0x0000, 0x0000, 0x0000, 0x0000, 0x0000, 0x0000, 0x0000,
  0x0000, 0x0000, 0x0000, 0x0000, 0x0000, 0x0000, 0x0000, 0x0000,
  0x0000, 0x0000, 0x0000, 0x0000, 0x0000, 0x0000, 0x0000, 0x0000,
  0x0000, 0x0000, 0x0000, 0x0000, 0x0000, 0x0000, 0x0000, 0x0000,
  0x0000, 0x0000, 0x0000, 0x0000, 0x0000, 0x0000, 0x0000, 0x0000,
  0x0000, 0x0000, 0x0000, 0x0F77, 0x0000, 0x2000, 0xA532, 0x6422,
  0x0000, 0x0555, 0x0000, 0x0000, 0x0000, 0x0000, 0x0000, 0x0000,
  0x0000, 0x0000, 0x0000, 0x0000, 0x0000, 0x0000, 0x0000, 0x0000,
  0x0000, 0x0000, 0x0000, 0x0000, 0x0000, 0x0000, 0x0000, 0x0000,
  0x0000, 0x0000, 0x0000, 0x0000, 0x0000, 0x0000, 0x0000, 0x0000,
  0x0000, 0x0000, 0x0000, 0x0000, 0x0000, 0x0000, 0x0000, 0x0000,
  0x0000, 0x0000, 0x0000, 0x0000, 0x0000, 0x0000, 0x0000, 0x0000,
  0x0000, 0x0000, 0x0000, 0x0000, 0x0000, 0x0000, 0x0000, 0x0000,
  0x0000, 0x0000, 0x0000, 0x0000, 0x0000, 0x0000, 0x0000, 0x0000,
  0x0000, 0x0000, 0x0000, 0x0000, 0x0000, 0x0000, 0x0000, 0x0000,
  0x0000, 0x0000, 0x0000, 0x0000, 0x0000, 0x0000, 0x0000, 0x0000,
  0x0000, 0x0000, 0x0000, 0x0000, 0x0000, 0x0000, 0x0000, 0x0000,
  0x0000, 0x0000, 0x0000, 0x0000, 0x0000, 0x0000, 0x0000, 0x0000,
  0x0000, 0x0000, 0x0000, 0x0000, 0x0000, 0x0000, 0x0000, 0x0000,
  0x0000, 0x0000, 0x0000, 0x0000, 0x0000, 0x0000, 0x0000, 0x0000,
  0x0000, 0x0000, 0x0000, 0x0000, 0x0000, 0x0000, 0x0000, 0x0000,
  0x0000, 0x0000, 0x0000, 0x0000, 0x0000, 0x0000, 0x0000, 0x0000,
  0x0000, 0x0000, 0x0000, 0x0000, 0x0000, 0x0000, 0x0000, 0x0000,
  0x0000, 0x0444, 0x0FFF, 0x0000, 0x0000, 0x1000, 0x7444, 0xB555,
  0x1000, 0x0000, 0x0777, 0x0000, 0x0000, 0x0000, 0x0000, 0x0000,
  0x0000, 0x0000, 0x0000, 0x0000, 0x2A04, 0x4903, 0x7803, 0x7201,
  0x0000, 0x0F00, 0x0000, 0x0000, 0x3133, 0x8777, 0xA866, 0x2100,
  0x0000, 0x0000, 0x0000, 0x0000, 0x0000, 0x0000, 0x0000, 0x0000,
  0x0000, 0x0000, 0x0000, 0x0000, 0x0000, 0x0000, 0x0000, 0x0000,
  0x0000, 0x0000, 0x0000, 0x0000, 0x0000, 0x0000, 0x0000, 0x0000,
  0x0000, 0x0000, 0x0000, 0x0000, 0x0000, 0x0000, 0x0000, 0x0000,
  0x0000, 0x0F00, 0x0000, 0x0F00, 0x5F03, 0x7F03, 0x3F03, 0x0000,
  0x0000, 0x0000, 0x0000, 0x0000, 0x0000, 0x0000, 0x0000, 0x0000,
  0x0000, 0x0000, 0x0000, 0x0000, 0x0000, 0x0000, 0x0000, 0x0000,
  0x0000, 0x0000, 0x0000, 0x0000, 0x0000, 0x0000, 0x0000, 0x0000,
  0x0000, 0x0000, 0x0000, 0x0000, 0x0000, 0x0000, 0x0000, 0x0000,
  0x0000, 0x0000, 0x0000, 0x0000, 0x0000, 0x0000, 0x0000, 0x0000,
  0x0000, 0x0000, 0x0000, 0x0000, 0x0000, 0x0000, 0x0000, 0x0000,
  0x0000, 0x0000, 0x000F, 0x0777, 0x0444, 0x0333, 0x0444, 0x0000,
  0x0000, 0x0000, 0x0000, 0x2122, 0x8445, 0xD888, 0xFBBC, 0xFCCD,
  0xC888, 0x4111, 0x0000, 0x0FFF, 0x0000, 0x0000, 0x0000, 0x0000,
  0x0000, 0x0000, 0x0000, 0x0000, 0x5502, 0x8803, 0x7A04, 0x9502,
  0x3100, 0x0000, 0x0000, 0x4454, 0xCA89, 0xAE69, 0x8925, 0x1000,
  0x0000, 0x0000, 0x0000, 0x0000, 0x0000, 0x0000, 0x0000, 0x0000,
  0x0000, 0x0000, 0x0000, 0x0555, 0x0474, 0x0FFF, 0x0000, 0x0000,
  0x0000, 0x0000, 0x0000, 0x05AA, 0x0055, 0x0000, 0x0000, 0x0000,
  0x0000, 0x0000, 0x0000, 0x0000, 0x0000, 0x0000, 0x0000, 0x0000,
  0x0700, 0x0000, 0x0D02, 0x5F03, 0x8F03, 0x8F03, 0x8F03, 0x5F03,
  0x0F00, 0x0000, 0x0000, 0x0000, 0x0000, 0x0000, 0x0000, 0x0000,
  0x0000, 0x0000, 0x0000, 0x0000, 0x0000, 0x0000, 0x0000, 0x0000,
  0x0000, 0x0000, 0x0000, 0x0000, 0x0000, 0x0000, 0x0000, 0x0000,
  0x0000, 0x0000, 0x0000, 0x0000, 0x0000, 0x0000, 0x0000, 0x0000,
  0x0000, 0x0000, 0x0000, 0x0000, 0x0000, 0x0000, 0x0000, 0x0000,
  0x0000, 0x0000, 0x0555, 0x0333, 0x077B, 0x0FFF, 0x0000, 0x0000,
  0x0000, 0x0000, 0x0000, 0x0000, 0x0000, 0x0000, 0x0000, 0x0000,
  0x1000, 0x6212, 0xB545, 0xF889, 0xFCCD, 0xFDDE, 0xFCCD, 0xFCCD,
  0xFDDE, 0xF9AA, 0x7444, 0x0000, 0x0000, 0x0FFF, 0x0000, 0x0000,
  0x0000, 0x0000, 0x0000, 0x0000, 0x1000, 0x8401, 0x7903, 0x8803,
  0x7301, 0x0000, 0x0000, 0xA888, 0x9F49, 0x7F04, 0x7401, 0x0000,
  0x0000, 0x0000, 0x0000, 0x0000, 0x0000, 0x0000, 0x0000, 0x0000,
  0x0555, 0x0000, 0x0000, 0x0000, 0x0000, 0x0000, 0x0000, 0x1000,
  0x1000, 0x1000, 0x0000, 0x0000, 0x0000, 0x0000, 0x0000, 0x077F,
  0x0005, 0x0000, 0x0000, 0x0000, 0x0000, 0x0505, 0x0000, 0x0000,
  0x0000, 0x0100, 0x6F03, 0x8F03, 0x7F03, 0x7F03, 0x7F03, 0x8F03,
  0x4F03, 0x0000, 0x0000, 0x0000, 0x0000, 0x0000, 0x0000, 0x0000,
  0x0000, 0x0000, 0x0000, 0x0000, 0x0000, 0x0000, 0x0000, 0x0000,
  0x0000, 0x0000, 0x0000, 0x0000, 0x0000, 0x0000, 0x0000, 0x0000,
  0x0000, 0x0000, 0x0000, 0x0000, 0x0000, 0x0000, 0x0000, 0x0000,
  0x0000, 0x0000, 0x0000, 0x0000, 0x0000, 0x0000, 0x0000, 0x0444,
  0x0FFF, 0x0000, 0x0000, 0x0000, 0x0000, 0x0000, 0x0000, 0x1000,
  0x1000, 0x1000, 0x1122, 0x3223, 0x6222, 0x7111, 0x8434, 0xC545,
  0xE656, 0xF868, 0xF878, 0xF878, 0xF989, 0xFBBB, 0xFCCD, 0xFCCD,
  0xFCDD, 0xFDEE, 0xFCCD, 0xB777, 0x3233, 0x0000, 0x0FFF, 0x0000,
  0x0000, 0x0000, 0x0000, 0x0000, 0x0000, 0x5100, 0x9703, 0x7A04,
  0x9502, 0x2000, 0x2243, 0xBA78, 0x7F07, 0x9C05, 0x5301, 0x0000,
  0x0000, 0x0000, 0x0000, 0x0000, 0x0000, 0x0000, 0x0555, 0x0000,
  0x0000, 0x0000, 0x2001, 0x5434, 0x7565, 0x9787, 0xA797, 0xB697,
  0xB697, 0xB698, 0x9587, 0x7456, 0x5222, 0x2421, 0x1000, 0x0000,
  0x0000, 0x0000, 0x0000, 0x0000, 0x0000, 0x0000, 0x0000, 0x3000,
  0x5401, 0x7702, 0x8E03, 0x7F03, 0x7F03, 0x7F03, 0x7F03, 0x8F03,
  0x7F03, 0x0000, 0x0000, 0x0000, 0x0000, 0x0000, 0x0000, 0x0000,
  0x0000, 0x0000, 0x0000, 0x0000, 0x0000, 0x0000, 0x0000, 0x0000,
  0x0000, 0x0000, 0x0000, 0x0000, 0x0000, 0x0000, 0x0000, 0x0000,
  0x0000, 0x0000, 0x0000, 0x0000, 0x0000, 0x0000, 0x0000, 0x0000,
  0x0000, 0x0000, 0x0000, 0x0000, 0x0000, 0x0AAA, 0x0000, 0x0000,
  0x0000, 0x1000, 0x5112, 0x7223, 0x8667, 0xB678, 0xC567, 0xE556,
  0xE566, 0xE778, 0xE89A, 0xF9AB, 0xFAAB, 0xF9AB, 0xF878, 0xF878,
  0xF878, 0xF878, 0xF878, 0xF878, 0xF878, 0xF878, 0xFA9A, 0xFCCC,
  0xFAAA, 0xFBBB, 0xFFFF, 0xFCCC, 0xF445, 0x9222, 0x0000, 0x0000,
  0x0444, 0x0000, 0x0000, 0x0000, 0x0F00, 0x2000, 0x9502, 0x7A04,
  0x9703, 0x5100, 0x5455, 0xBC58, 0x7F06, 0x9A04, 0x3100, 0x0000,
  0x0000, 0x0000, 0x0000, 0x0000, 0x0555, 0x0000, 0x0000, 0x1000,
  0x5444, 0xA787, 0xC8A7, 0xB9D7, 0xA7D5, 0x95E3, 0x84F4, 0x83F6,
  0x83F8, 0x83FA, 0x82EC, 0x91CC, 0x92AC, 0xA47A, 0x9468, 0x7346,
  0x5213, 0x4101, 0x3000, 0x4100, 0x4101, 0x6302, 0x8603, 0x9A03,
  0x8E04, 0x9A03, 0xA701, 0x8E03, 0x7F03, 0x8F03, 0x8F03, 0x7F03,
  0x2F03, 0x0000, 0x0000, 0x0000, 0x0000, 0x0000, 0x0000, 0x0000,
  0x0000, 0x0000, 0x0000, 0x0000, 0x0000, 0x0000, 0x0000, 0x0000,
  0x0000, 0x0000, 0x0000, 0x0000, 0x0000, 0x0000, 0x0000, 0x0000,
  0x0000, 0x0000, 0x0000, 0x0000, 0x0000, 0x0000, 0x0000, 0x0000,
  0x0000, 0x0000, 0x0000, 0x055A, 0x0000, 0x0000, 0x1000, 0x7222,
  0xA567, 0xE667, 0xF88A, 0xF89A, 0xF9AB, 0xFAAC, 0xFABC, 0xFABC,
  0xFABC, 0xFABC, 0xFABC, 0xFABC, 0xFBBC, 0xFBCD, 0xFBBC, 0xF878,
  0xF868, 0xF878, 0xF878, 0xF878, 0xF978, 0xF878, 0xF767, 0xF655,
  0xF877, 0xFCCC, 0xFBBB, 0xF555, 0xF878, 0xF878, 0xB444, 0x4000,
  0x0000, 0x0000, 0x0444, 0x0000, 0x0F00, 0x0000, 0x7301, 0x8803,
  0x8803, 0x7301, 0x7555, 0xAD48, 0x7F06, 0x9904, 0x2000, 0x0000,
  0x0000, 0x0000, 0x0000, 0x0FFF, 0x0000, 0x1000, 0x7555, 0xB997,
  0xCBC7, 0x9CF4, 0x79F1, 0x75F0, 0x73F0, 0x72F0, 0x71E0, 0x71E1,
  0x70E3, 0x70E6, 0x70FA, 0x70FD, 0x80DD, 0x80AD, 0x917D, 0xA14C,
  0xA32B, 0x951B, 0x980B, 0x8A0A, 0x8C09, 0x8C08, 0x8F08, 0x7F06,
  0x7F05, 0x7F05, 0x8B03, 0xA902, 0x7F03, 0x5F03, 0x3F03, 0x0F02,
  0x0000, 0x0000, 0x0000, 0x0000, 0x0000, 0x0000, 0x0000, 0x0000,
  0x0000, 0x0000, 0x0000, 0x0000, 0x0000, 0x0000, 0x0000, 0x0000,
  0x0000, 0x0000, 0x0000, 0x0000, 0x0000, 0x0000, 0x0000, 0x0000,
  0x0000, 0x0000, 0x0000, 0x0000, 0x0000, 0x0000, 0x0000, 0x0000,
  0x0000, 0x0000, 0x0000, 0x0000, 0x3000, 0x9445, 0xE667, 0xF89A,
  0xF99B, 0xF9AB, 0xF99B, 0xF9AB, 0xF9AB, 0xF9AB, 0xF9AB, 0xF9AB,
  0xFAAB, 0xFAAB, 0xFABC, 0xFABC, 0xFABC, 0xFBBC, 0xFBCC, 0xFBBC,
  0xF99A, 0xF878, 0xF878, 0xF878, 0xF767, 0xF756, 0xF878, 0xFA89,
  0xF978, 0xF877, 0xF656, 0xF768, 0xF878, 0xF878, 0xF878, 0xF656,
  0x8333, 0x1000, 0x0000, 0x0000, 0x0400, 0x0000, 0x6201, 0x9703,
  0x7A04, 0x9402, 0x9656, 0x9E37, 0x7F06, 0x8803, 0x1000, 0x0000,
  0x0000, 0x0000, 0x0FFF, 0x0000, 0x4334, 0xB887, 0xBDC7, 0x8FE3,
  0x7EF0, 0x7BE0, 0x7AE0, 0x88F0, 0x86F0, 0x74F0, 0x83F0, 0x72F1,
  0x71F2, 0x81E4, 0x9094, 0x8064, 0x7055, 0x6034, 0x6023, 0x6014,
  0x6115, 0x7206, 0x8507, 0x990A, 0x8D0C, 0x8F0C, 0x7F0B, 0x7F09,
  0x7F07, 0x8E05, 0x9A03, 0x8401, 0x1D02, 0x0000, 0x0000, 0x0000,
  0x0F00, 0x0000, 0x0000, 0x0000, 0x0000, 0x0000, 0x0000, 0x0000,
  0x0000, 0x0000, 0x0000, 0x0000, 0x0000, 0x0000, 0x0000, 0x0000,
  0x0000, 0x0000, 0x0000, 0x0000, 0x0000, 0x0000, 0x0000, 0x0000,
  0x0000, 0x0000, 0x0000, 0x0000, 0x0000, 0x0000, 0x0000, 0x0000,
  0x05AA, 0x0000, 0x1000, 0x9334, 0xF678, 0xF89B, 0xF9AB, 0xF99B,
  0xF99B, 0xF99B, 0xF9AB, 0xF9AB, 0xF9AB, 0xF9AB, 0xFAAC, 0xFABC,
  0xFABC, 0xFABC, 0xFBBC, 0xFBBC, 0xFBCC, 0xFBCC, 0xFBCC, 0xFCCD,
  0xFCCD, 0xF989, 0xF767, 0xF656, 0xF978, 0xFB9A, 0xFA89, 0xF766,
  0xF556, 0xF657, 0xF768, 0xF767, 0xF767, 0xF768, 0xF868, 0xF878,
  0xF878, 0xD777, 0x5333, 0x1212, 0x0000, 0x0000, 0x5100, 0x9703,
  0x7A04, 0x9502, 0xA867, 0x8F27, 0x7F06, 0x8703, 0x1000, 0x0000,
  0x0000, 0x0000, 0x0000, 0x8556, 0xCBA7, 0x8FD4, 0x7FD0, 0x7EC0,
  0x8ED0, 0x8DE0, 0x7CE0, 0x7AE0, 0x78F0, 0x85E0, 0x74F0, 0x83F0,
  0x9190, 0x7040, 0x3000, 0x1000, 0x0000, 0x0000, 0x0000, 0x0000,
  0x0000, 0x0000, 0x1000, 0x4001, 0x6304, 0x7605, 0x8705, 0x8705,
  0x8703, 0x7502, 0x4100, 0x0000, 0x0000, 0x0F00, 0x0F00, 0x0000,
  0x0000, 0x0000, 0x0000, 0x0000, 0x0000, 0x0000, 0x0000, 0x0000,
  0x0000, 0x0000, 0x0000, 0x0000, 0x0000, 0x0000, 0x0000, 0x0000,
  0x0000, 0x0000, 0x0000, 0x0000, 0x0000, 0x0000, 0x0000, 0x0000,
  0x0000, 0x0000, 0x0000, 0x0000, 0x0000, 0x0000, 0x0000, 0x0000,
  0x0000, 0x4222, 0xD567, 0xF89B, 0xF89B, 0xF789, 0xF679, 0xF679,
  0xF789, 0xF779, 0xF789, 0xF789, 0xF88A, 0xF89A, 0xF89A, 0xF99B,
  0xF9AB, 0xF9AB, 0xFAAB, 0xFAAB, 0xF9AB, 0xFAAB, 0xFBBC, 0xF899,
  0xFAAA, 0xFBBB, 0xFDDD, 0xFBAA, 0xF978, 0xF656, 0xF445, 0xF556,
  0xF667, 0xF767, 0xF767, 0xF767, 0xF767, 0xF768, 0xF768, 0xF868,
  0xF868, 0xFBBC, 0xFBBC, 0xA222, 0x0000, 0x0000, 0x4000, 0x9602,
  0x7A04, 0x9602, 0xC988, 0x8F27, 0x8F05, 0x8703, 0x0000, 0x0000,
  0x0000, 0x1000, 0xA777, 0xCDB8, 0x7FA1, 0x7FA0, 0x8FB0, 0x8FC0,
  0x7ED0, 0x7ED0, 0x7DE0, 0x7CE0, 0x8AE0, 0x79F0, 0x85D0, 0x8160,
  0x3000, 0x0000, 0x0000, 0x0000, 0x0000, 0x0055, 0x0055, 0x0005,
  0x0007, 0x0000, 0x0000, 0x0000, 0x0000, 0x0000, 0x1000, 0x1000,
  0x1000, 0x0000, 0x0000, 0x0000, 0x0F00, 0x0000, 0x0000, 0x0000,
  0x0000, 0x0000, 0x0000, 0x0000, 0x0000, 0x0000, 0x0000, 0x0000,
  0x0000, 0x0000, 0x0000, 0x0000, 0x0000, 0x0000, 0x0000, 0x0000,
  0x0000, 0x0000, 0x0000, 0x0000, 0x0000, 0x0000, 0x0000, 0x0000,
  0x0000, 0x0000, 0x0000, 0x0000, 0x0000, 0x0555, 0x0000, 0x1000,
  0x9345, 0xF567, 0xF88A, 0xF667, 0xF9AA, 0xFCCD, 0xFAAB, 0xF99A,
  0xFAAB, 0xFAAA, 0xFAAA, 0xFAAA, 0xFAAB, 0xFBBB, 0xFBBC, 0xFBBB,
  0xFBBC, 0xFBBB, 0xFBBC, 0xFBBB, 0xF999, 0xFCCC, 0xFEEE, 0xFFFF,
  0xFEED, 0xFDDD, 0xF999, 0xF666, 0xF435, 0xF546, 0xF657, 0xF657,
  0xF657, 0xF657, 0xF667, 0xF767, 0xF767, 0xF767, 0xF768, 0xF868,
  0xF767, 0xFAAB, 0xE899, 0x2111, 0x0000, 0x0000, 0x3000, 0x9602,
  0x7A04, 0x9502, 0xD988, 0x8F28, 0x8F05, 0x8703, 0x0000, 0x0000,
  0x1000, 0xA777, 0xBEA8, 0x7F70, 0x7E80, 0x8F90, 0x7FA0, 0x7FB0,
  0x7FC0, 0x7EC0, 0x7ED0, 0x8DD0, 0x7DF0, 0x98B0, 0x7240, 0x1000,
  0x0000, 0x00F0, 0x0000, 0x0000, 0x0000, 0x0000, 0x0000, 0x0000,
  0x0000, 0x0000, 0x0000, 0x0000, 0x0505, 0x0000, 0x0000, 0x0000,
  0x0000, 0x0F0F, 0x0000, 0x0000, 0x0000, 0x0000, 0x0000, 0x0000,
  0x0000, 0x0000, 0x0000, 0x0000, 0x0000, 0x0000, 0x0000, 0x0000,
  0x0000, 0x0000, 0x0000, 0x0000, 0x0000, 0x0000, 0x0000, 0x0000,
  0x0000, 0x0000, 0x0000, 0x0000, 0x0000, 0x0000, 0x0000, 0x0000,
  0x0000, 0x0000, 0x0000, 0x0000, 0x0044, 0x0000, 0x3000, 0xC334,
  0xF779, 0xFAAB, 0xFBBB, 0xFCCC, 0xE999, 0xE999, 0xDAAA, 0xDAAA,
  0xE999, 0xE999, 0xE999, 0xEAAA, 0xEBBB, 0xECCC, 0xEDDC, 0xFEEE,
  0xFFFF, 0xFFFF, 0xFFFF, 0xFEEE, 0xFEEE, 0xFABA, 0xF888, 0xF999,
  0xF556, 0xF435, 0xF435, 0xF546, 0xF557, 0xF557, 0xF556, 0xF657,
  0xF657, 0xF657, 0xF657, 0xF667, 0xF767, 0xF767, 0xF767, 0xF767,
  0xF878, 0xFAAB, 0x6333, 0x0000, 0x0000, 0x0000, 0x4000, 0x9602,
  0x7A04, 0x9502, 0xD988, 0x8F38, 0x8F05, 0x8703, 0x1000, 0x0000,
  0xC767, 0xBE98, 0x7F40, 0x8F60, 0x7F70, 0x7F80, 0x7F90, 0x7FA0,
  0x7FB0, 0x7FC0, 0x8EC0, 0x7FE0, 0x9AA0, 0x7330, 0x0000, 0x0000,
  0x0000, 0x0000, 0x0000, 0x0000, 0x0000, 0x0000, 0x0000, 0x0000,
  0x0000, 0x0000, 0x0000, 0x0000, 0x0000, 0x0000, 0x0000, 0x0000,
  0x0000, 0x0000, 0x0000, 0x0000, 0x0000, 0x0000, 0x0000, 0x0000,
  0x0000, 0x0000, 0x0000, 0x0000, 0x0000, 0x0000, 0x0000, 0x0000,
  0x0000, 0x0000, 0x0000, 0x0000, 0x0000, 0x0000, 0x0000, 0x0000,
  0x0000, 0x0000, 0x0000, 0x0000, 0x0000, 0x0000, 0x0000, 0x0000,
  0x0000, 0x0000, 0x0000, 0x0333, 0x0000, 0x5011, 0xE556, 0xFBBC,
  0xFCCC, 0xCAAA, 0x7666, 0x3555, 0x1000, 0x1000, 0x1000, 0x1000,
  0x1000, 0x1000, 0x1000, 0x1000, 0x1000, 0x1000, 0x1000, 0x3222,
  0x7111, 0x8545, 0xE655, 0xF978, 0xFA89, 0xF766, 0xF434, 0xF224,
  0xF446, 0xF556, 0xF556, 0xF556, 0xF556, 0xF556, 0xF556, 0xF657,
  0xF657, 0xF657, 0xF657, 0xF657, 0xF767, 0xF767, 0xF767, 0xF768,
  0xF878, 0xB555, 0x0000, 0x0AAA, 0x0000, 0x0000, 0x4100, 0x9702,
  0x7A04, 0x9502, 0xB989, 0x9F49, 0x7F05, 0x8803, 0x1000, 0x0000,
  0xDBAA, 0x8F52, 0x7E40, 0x7F50, 0x7F60, 0x7F70, 0x7F80, 0x7F90,
  0x7FA0, 0x8FA0, 0x7FC0, 0x9B90, 0x6320, 0x0000, 0x0000, 0x0000,
  0x0000, 0x0000, 0x0000, 0x0000, 0x0000, 0x0000, 0x0000, 0x0000,
  0x0000, 0x0000, 0x0000, 0x0000, 0x0000, 0x0000, 0x0000, 0x0000,
  0x0000, 0x0000, 0x0000, 0x0000, 0x0000, 0x0000, 0x0000, 0x0000,
  0x0000, 0x0000, 0x0000, 0x0000, 0x0000, 0x0000, 0x0000, 0x0000,
  0x0000, 0x0000, 0x0000, 0x0000, 0x0000, 0x0000, 0x0000, 0x0000,
  0x0000, 0x0000, 0x0000, 0x0000, 0x0000, 0x0000, 0x0000, 0x0000,
  0x0000, 0x0000, 0x0000, 0x0000, 0x5000, 0xF778, 0xFDDD, 0xBA99,
  0x5333, 0x0000, 0x0000, 0x0000, 0x0000, 0x0000, 0x0000, 0x0000,
  0x0000, 0x0000, 0x0000, 0x0000, 0x0000, 0x0000, 0x0000, 0x0000,
  0x0000, 0x0000, 0x1000, 0x5212, 0xB656, 0xFA89, 0xFC9B, 0xF978,
  0xF545, 0xF445, 0xF546, 0xF556, 0xF556, 0xF556, 0xF556, 0xF556,
  0xF657, 0xF657, 0xF657, 0xF657, 0xF667, 0xF767, 0xF767, 0xF768,
  0xB434, 0x1000, 0x0FFF, 0x0000, 0x0000, 0x0000, 0x5100, 0x9703,
  0x7A04, 0x9402, 0xA888, 0xAE69, 0x7F05, 0x9904, 0x2000, 0x0000,
  0xDB99, 0x8F42, 0x7F30, 0x7F40, 0x7F50, 0x7F60, 0x7F70, 0x7F80,
  0x8F80, 0x7FA0, 0x9C80, 0x7320, 0x0000, 0x0F70, 0x0000, 0x0000,
  0x0000, 0x0000, 0x0000, 0x0000, 0x0000, 0x0000, 0x0000, 0x0000,
  0x0000, 0x0000, 0x0000, 0x0000, 0x0000, 0x0000, 0x0000, 0x0000,
  0x0000, 0x0000, 0x0000, 0x0000, 0x0000, 0x0000, 0x0000, 0x0000,
  0x0000, 0x0000, 0x0000, 0x0000, 0x0000, 0x0000, 0x0000, 0x0000,
  0x0000, 0x0000, 0x0000, 0x0000, 0x0000, 0x0000, 0x0000, 0x0000,
  0x0000, 0x0000, 0x0000, 0x0000, 0x0000, 0x0000, 0x0000, 0x0000,
  0x0000, 0x0000, 0x0000, 0x5000, 0xF778, 0xEBBB, 0x5555, 0x0000,
  0x0000, 0x0000, 0x0666, 0x0777, 0x0000, 0x0000, 0x0000, 0x0000,
  0x0000, 0x0000, 0x0000, 0x0000, 0x0000, 0x0FFF, 0x0FFF, 0x0777,
  0x0444, 0x0AAA, 0x0000, 0x0000, 0x0000, 0x4000, 0xB655, 0xFA89,
  0xFB9A, 0xF867, 0xF435, 0xF546, 0xF556, 0xF556, 0xF556, 0xF556,
  0xF657, 0xF657, 0xF657, 0xF657, 0xF657, 0xF767, 0xF768, 0xB334,
  0x1000, 0x0FFF, 0x0000, 0x0000, 0x0700, 0x0000, 0x6201, 0x8803,
  0x8903, 0x8301, 0x7676, 0xBD7A, 0x7F05, 0x9B04, 0x3201, 0x0000,
  0xDB99, 0x8F31, 0x7F20, 0x7F30, 0x7F40, 0x7F50, 0x7F60, 0x8F60,
  0x7F80, 0x8D70, 0x8420, 0x0000, 0x0F70, 0x0000, 0x0000, 0x0000,
  0x0000, 0x0000, 0x0000, 0x0000, 0x0000, 0x0000, 0x0000, 0x0000,
  0x0000, 0x0000, 0x0000, 0x0000, 0x0000, 0x0000, 0x0000, 0x0000,
  0x0000, 0x0000, 0x0000, 0x0000, 0x0000, 0x0000, 0x0000, 0x0000,
  0x0000, 0x0000, 0x0000, 0x0000, 0x0000, 0x0000, 0x0000, 0x0000,
  0x0000, 0x0000, 0x0000, 0x0000, 0x0000, 0x0000, 0x0000, 0x0000,
  0x0000, 0x0000, 0x0000, 0x0000, 0x0000, 0x0000, 0x0000, 0x0000,
  0x0000, 0x0000, 0x4000, 0xF777, 0xBAAA, 0x2000, 0x0000, 0x0FFF,
  0x0555, 0x0000, 0x0000, 0x0000, 0x0000, 0x0000, 0x0000, 0x0000,
  0x0000, 0x0000, 0x0000, 0x0000, 0x0000, 0x0000, 0x0000, 0x0000,
  0x0000, 0x0000, 0x0000, 0x0505, 0x0FFF, 0x0000, 0x0000, 0x5212,
  0xD766, 0xFB9A, 0xFA89, 0xF545, 0xF446, 0xF556, 0xF556, 0xF556,
  0xF556, 0xF657, 0xF657, 0xF657, 0xF667, 0xF767, 0xB333, 0x0000,
  0x0000, 0x0000, 0x0000, 0x0000, 0x0F00, 0x0000, 0x8401, 0x7904,
  0x8703, 0x6201, 0x3333, 0xCB9A, 0x7F06, 0x8D05, 0x6401, 0x0000,
  0xCB88, 0x8F21, 0x7E10, 0x8F20, 0x8F30, 0x7F40, 0x7F50, 0x7F60,
  0x8E60, 0x8530, 0x1000, 0x0000, 0x0000, 0x0000, 0x0000, 0x0000,
  0x0000, 0x0000, 0x0000, 0x0000, 0x0000, 0x0000, 0x0000, 0x0000,
  0x0000, 0x0000, 0x0000, 0x0000, 0x0000, 0x0000, 0x0000, 0x0000,
  0x0000, 0x0000, 0x0000, 0x0000, 0x0000, 0x0000, 0x0000, 0x0000,
  0x0000, 0x0000, 0x0000, 0x0000, 0x0000, 0x0000, 0x0000, 0x0000,
  0x0000, 0x0000, 0x0000, 0x0000, 0x0000, 0x0000, 0x0000, 0x0000,
  0x0000, 0x0000, 0x0000, 0x0000, 0x0000, 0x0000, 0x0000, 0x0000,
  0x0FFF, 0x1000, 0xE666, 0xA777, 0x0000, 0x0000, 0x0777, 0x0000,
  0x0000, 0x0000, 0x0000, 0x0000, 0x0000, 0x0000, 0x0000, 0x0000,
  0x0000, 0x0000, 0x0000, 0x0000, 0x0000, 0x0000, 0x0000, 0x0000,
  0x0000, 0x0000, 0x0000, 0x0000, 0x0000, 0x0000, 0x0FFF, 0x0000,
  0x1000, 0xA433, 0xFA89, 0xFB9A, 0xF545, 0xF546, 0xF556, 0xF556,
  0xF556, 0xF657, 0xF657, 0xF657, 0xF767, 0xC334, 0x1000, 0x0000,
  0x0000, 0x0000, 0x0000, 0x0000, 0x0000, 0x3100, 0x9502, 0x7A04,
  0x9602, 0x3000, 0x0000, 0xB988, 0x9F59, 0x7F05, 0x8703, 0x1000,
  0xCB88, 0x7F22, 0x7F00, 0x7F20, 0x7F20, 0x7F30, 0x8F40, 0x8E40,
  0x9620, 0x2000, 0x0000, 0x0000, 0x0000, 0x0000, 0x0000, 0x0000,
  0x0000, 0x0000, 0x0000, 0x0000, 0x0000, 0x0000, 0x0000, 0x0000,
  0x0000, 0x0000, 0x0000, 0x0000, 0x0000, 0x0000, 0x0000, 0x0000,
  0x0000, 0x0000, 0x0000, 0x0000, 0x0000, 0x0000, 0x0000, 0x0000,
  0x0000, 0x0000, 0x0000, 0x0000, 0x0000, 0x0000, 0x0000, 0x0000,
  0x0000, 0x0000, 0x0000, 0x0000, 0x0000, 0x0000, 0x0000, 0x0000,
  0x0000, 0x0000, 0x0000, 0x0000, 0x0000, 0x0000, 0x0000, 0x0000,
  0x0000, 0xA666, 0xC777, 0x0000, 0x0FFF, 0x0000, 0x0000, 0x0000,
  0x0000, 0x0000, 0x0000, 0x0000, 0x0000, 0x0000, 0x0000, 0x0000,
  0x0000, 0x0000, 0x0000, 0x0000, 0x0000, 0x0000, 0x0000, 0x0000,
  0x0000, 0x0000, 0x0000, 0x0000, 0x0000, 0x0000, 0x0000, 0x0404,
  0x0000, 0x0000, 0x8211, 0xF867, 0xFB9A, 0xF445, 0xF556, 0xF556,
  0xF556, 0xF556, 0xF657, 0xF657, 0xB333, 0x1000, 0x0000, 0x0000,
  0x0000, 0x0000, 0x0000, 0x0000, 0x1101, 0x9301, 0x8803, 0x8903,
  0x8301, 0x0000, 0x0000, 0x5455, 0xDC9A, 0x7F17, 0x8C05, 0x4402,
  0xC866, 0x9A11, 0x9900, 0x9810, 0x9710, 0x8710, 0x8610, 0x8510,
  0x2000, 0x0000, 0x0000, 0x0000, 0x0000, 0x0000, 0x0000, 0x0000,
  0x0000, 0x0000, 0x0000, 0x0000, 0x0000, 0x0000, 0x0000, 0x0000,
  0x0000, 0x0000, 0x0000, 0x0000, 0x0000, 0x0000, 0x0000, 0x0000,
  0x0000, 0x0000, 0x0000, 0x0000, 0x0000, 0x0000, 0x0000, 0x0000,
  0x0000, 0x0000, 0x0000, 0x0000, 0x0000, 0x0000, 0x0000, 0x0000,
  0x0000, 0x0000, 0x0000, 0x0000, 0x0000, 0x0000, 0x0000, 0x0000,
  0x0000, 0x0000, 0x0000, 0x0000, 0x0000, 0x0000, 0x0000, 0x0000,
  0x3333, 0xD555, 0x1000, 0x0FFF, 0x0000, 0x0000, 0x0000, 0x0000,
  0x0000, 0x0000, 0x0000, 0x0000, 0x0000, 0x0000, 0x0000, 0x0000,
  0x0000, 0x0000, 0x0000, 0x0000, 0x0000, 0x0000, 0x0000, 0x0000,
  0x0000, 0x0000, 0x0000, 0x0000, 0x0000, 0x0000, 0x0000, 0x0000,
  0x0000, 0x0777, 0x0000, 0x8000, 0xF756, 0xF878, 0xF435, 0xF556,
  0xF556, 0xF657, 0xF546, 0x9223, 0x0000, 0x0000, 0x0000, 0x0000,
  0x0000, 0x0000, 0x0000, 0x0000, 0x3502, 0x6703, 0x5A04, 0x7502,
  0x4100, 0x0000, 0x0F77, 0x0000, 0xA767, 0xA925, 0x9702, 0x6602,
  0x0000, 0x0000, 0x0000, 0x0000, 0x0000, 0x0000, 0x0000, 0x0000,
  0x0000, 0x0000, 0x0000, 0x0000, 0x0000, 0x0000, 0x0000, 0x0000,
  0x0000, 0x0000, 0x0000, 0x0000, 0x0000, 0x0000, 0x0000, 0x0000,
  0x0000, 0x0000, 0x0000, 0x0000, 0x0000, 0x0000, 0x0000, 0x0000,
  0x0000, 0x0000, 0x0000, 0x0000, 0x0000, 0x0000, 0x0000, 0x0000,
  0x0000, 0x0000, 0x0000, 0x0000, 0x0000, 0x0000, 0x0000, 0x0000,
  0x0000, 0x0000, 0x0000, 0x0000, 0x0000, 0x0000, 0x0000, 0x0000,
  0x0000, 0x0000, 0x0000, 0x0000, 0x0000, 0x0000, 0x0000, 0x0000,
  0x8222, 0x5222, 0x0000, 0x0555, 0x0000, 0x0000, 0x0000, 0x0000,
  0x0000, 0x0000, 0x0000, 0x0000, 0x0000, 0x0000, 0x0000, 0x0000,
  0x0000, 0x0000, 0x0000, 0x0000, 0x0000, 0x0000, 0x0000, 0x0000,
  0x0000, 0x0000, 0x0000, 0x0000, 0x0000, 0x0000, 0x0000, 0x0000,
  0x0000, 0x0000, 0x0555, 0x0000, 0x7000, 0xE333, 0xF435, 0xF657,
  0xF557, 0xD434, 0x5111, 0x0000, 0x0FFF, 0x0000, 0x0000, 0x0000,
  0x0000, 0x0000, 0x0000, 0x0000, 0x0000, 0x0000, 0x0000, 0x0000,
  0x0000, 0x0000, 0x0000, 0x0000, 0x0000, 0x0000, 0x0000, 0x0000,
  0x0000, 0x0000, 0x0000, 0x0000, 0x0000, 0x0000, 0x0000, 0x0000,
  0x0000, 0x0000, 0x0000, 0x0000, 0x0000, 0x0000, 0x0000, 0x0000,
  0x0000, 0x0000, 0x0000, 0x0000, 0x0000, 0x0000, 0x0000, 0x0000,
  0x0000, 0x0000, 0x0000, 0x0000, 0x0000, 0x0000, 0x0000, 0x0000,
  0x0000, 0x0000, 0x0000, 0x0000, 0x0000, 0x0000, 0x0000, 0x0000,
  0x0000, 0x0000, 0x0000, 0x0000, 0x0000, 0x0000, 0x0000, 0x0000,
  0x0000, 0x0000, 0x0000, 0x0000, 0x0000, 0x0000, 0x0000, 0x0000,
  0x0000, 0x0000, 0x0000, 0x0000, 0x0000, 0x0000, 0x0000, 0x0000,
  0x8999, 0x0FFF, 0x0FFF, 0x0000, 0x0000, 0x0000, 0x0000, 0x0000,
  0x0000, 0x0000, 0x0000, 0x0000, 0x0000, 0x0000, 0x0000, 0x0000,
  0x0000, 0x0000, 0x0000, 0x0000, 0x0000, 0x0000, 0x0000, 0x0000,
  0x0000, 0x0000, 0x0000, 0x0000, 0x0000, 0x0000, 0x0000, 0x0000,
  0x0000, 0x0000, 0x0000, 0x0000, 0x2001, 0x7000, 0xA212, 0xE334,
  0x8223, 0x1000, 0x0000, 0x0555, 0x0000, 0x0000, 0x0000, 0x0000,
  0x0000, 0x0000, 0x0000, 0x0000, 0x0000, 0x0000, 0x0000, 0x0000,
  0x0000, 0x0000, 0x0000, 0x0000, 0x0000, 0x0000, 0x0000, 0x0000,
  0x0000, 0x0000, 0x0000, 0x0000, 0x0000, 0x0000, 0x0000, 0x0000,
  0x0000, 0x0000, 0x0000, 0x0000, 0x0000, 0x0000, 0x0000, 0x0000,
  0x0000, 0x0000, 0x0000, 0x0000, 0x0000, 0x0000, 0x0000, 0x0000,
  0x0000, 0x0000, 0x0000, 0x0000, 0x0000, 0x0000, 0x0000, 0x0000,
  0x0000, 0x0000, 0x0000, 0x0000, 0x0000, 0x0000, 0x0000, 0x0000,
  0x0000, 0x0000, 0x0000, 0x0000, 0x0000, 0x0000, 0x0000, 0x0000,
  0x0000, 0x0000, 0x0000, 0x0000, 0x0000, 0x0000, 0x0000, 0x0000,
  0x0000, 0x0000, 0x0000, 0x0000, 0x0000, 0x0000, 0x0000, 0x0000,
  0x5888, 0x0000, 0x0FFF, 0x0000, 0x0000, 0x0000, 0x0000, 0x0000,
  0x0000, 0x0000, 0x0000, 0x0000, 0x0000, 0x0000, 0x0000, 0x0000,
  0x0000, 0x0000, 0x0000, 0x0000, 0x0000, 0x0000, 0x0000, 0x0000,
  0x0000, 0x0000, 0x0000, 0x0000, 0x0000, 0x0000, 0x0000, 0x0000,
  0x0000, 0x0000, 0x0000, 0x0000, 0x1000, 0x0000, 0x0000, 0x1000,
  0x0000, 0x0000, 0x0000, 0x0000, 0x0000, 0x0000, 0x0000, 0x0000,
  0x0000, 0x0000, 0x0000, 0x0000, 0x0000, 0x0000, 0x0000, 0x0000,
  0x0000, 0x0000, 0x0000, 0x0000, 0x0000, 0x0000, 0x0000, 0x0000,
  0x0000, 0x0000, 0x0000, 0x0000, 0x0000, 0x0000, 0x0000, 0x0000,
  0x0000, 0x0000, 0x0000, 0x0000, 0x0000, 0x0000, 0x0000, 0x0000,
  0x0000, 0x0000, 0x0000, 0x0000, 0x0000, 0x0000, 0x0000, 0x0000,
  0x0000, 0x0000, 0x0000, 0x0000, 0x0000, 0x0000, 0x0000, 0x0000,
  0x0000, 0x0000, 0x0000, 0x0000, 0x0000, 0x0000, 0x0000, 0x0000,
  0x0000, 0x0000, 0x0000, 0x0000, 0x0000, 0x0000, 0x0000, 0x0000,
  0x0000, 0x0000, 0x0000, 0x0000, 0x0000, 0x0000, 0x0000, 0x0000,
  0x0000, 0x0000, 0x0000, 0x0000, 0x0000, 0x0000, 0x0000, 0x0000,
  0x0000, 0x0000, 0x0000, 0x0000, 0x0000, 0x0000, 0x1000, 0x7333,
  0xA999, 0xE778, 0xE778, 0xF777, 0xC899, 0x8DDE, 0x6CDD, 0x1DDE,
  0x0000, 0x0000, 0x0000, 0x0BBB, 0x0777, 0x0000, 0x0000, 0x0000,
  0x0000, 0x0000, 0x0000, 0x0000, 0x0000, 0x0000, 0x0000, 0x0000,
  0x0000, 0x0000, 0x1332, 0x9653, 0xE654, 0x8975, 0x0100, 0x0FF0,
  0x0000, 0x0000, 0x0000, 0x0000, 0x0000, 0x0000, 0x0000, 0x0000,
  0x0F77, 0x0000, 0x0000, 0x0555, 0x0000, 0x0000, 0x0000, 0x0000,
  0x0000, 0x0000, 0x0000, 0x0000, 0x0000, 0x0000, 0x0000, 0x0000,
  0x0000, 0x0777, 0x0000, 0x0000, 0x1000, 0x7323, 0x9898, 0xE888,
  0x8555, 0x0000, 0x0000, 0x0000, 0x0000, 0x0000, 0x0000, 0x0000,
  0x0000, 0x0000, 0x0000, 0x0000, 0x0000, 0x0000, 0x0024, 0x6047,
  0x2058, 0x0000, 0x0000, 0x0000, 0x0000, 0x0000, 0x0000, 0x0000,
  0x0000, 0x0000, 0x0444, 0x0000, 0x0000, 0x5543, 0xB889, 0xD888,
  0x4321, 0x0000, 0x0000, 0x0000, 0x0000, 0x0000, 0x0000, 0x0000,
  0x0000, 0x0000, 0x0000, 0x0000, 0x0000, 0x0000, 0x0000, 0x0070,
  0x0000, 0x5051, 0x6071, 0x0060, 0x0000, 0x0000, 0x0000, 0x0000,
  0x0000, 0x0000, 0x077F, 0x0000, 0x1000, 0x8555, 0xE999, 0xFCCD,
  0xFDDE, 0xFDEE, 0xFDDE, 0xFDDE, 0xFDDE, 0xFDEE, 0xFDDD, 0xEDDD,
  0xADDD, 0x7DDD, 0x2CCD, 0x0000, 0x0000, 0x0FFF, 0x0000, 0x0000,
  0x0000, 0x0000, 0x0000, 0x0000, 0x0000, 0x0000, 0x0000, 0x0000,
  0x0000, 0x4000, 0x2000, 0x4654, 0x2FD9, 0x9653, 0x7442, 0x0000,
  0x0777, 0x0000, 0x0000, 0x0000, 0x0000, 0x0000, 0x0000, 0x0000,
  0x0000, 0x0774, 0x0000, 0x0000, 0x0000, 0x0000, 0x0000, 0x0000,
  0x0000, 0x0000, 0x0000, 0x0000, 0x0000, 0x0000, 0x0000, 0x0000,
  0x0000, 0x0000, 0x2100, 0x8655, 0xC677, 0xC8B9, 0xA6C7, 0x86E7,
  0xCACA, 0x9666, 0x0000, 0x0000, 0x0000, 0x0000, 0x0000, 0x0000,
  0x0000, 0x0000, 0x0000, 0x0000, 0x0000, 0x0000, 0x4001, 0x9046,
  0x7058, 0x2058, 0x0000, 0x0000, 0x0000, 0x0000, 0x0000, 0x0000,
  0x0000, 0x0AAA, 0x0000, 0x3311, 0xA778, 0xB8AC, 0x83AF, 0x97CF,
  0xD9AB, 0x6655, 0x0000, 0x0000, 0x0000, 0x0000, 0x0000, 0x0000,
  0x0000, 0x0000, 0x0000, 0x0000, 0x0000, 0x0000, 0x0000, 0x0000,
  0x2000, 0x9041, 0x8071, 0x5071, 0x0000, 0x0000, 0x0000, 0x0000,
  0x0000, 0x0AAA, 0x0000, 0x4000, 0xD889, 0xFDDE, 0xFEEE, 0xFDDD,
  0xFDDD, 0xFDDE, 0xFDDE, 0xFDDE, 0xFDDE, 0xFDDE, 0xFDDE, 0xFDDE,
  0xFDEE, 0xFEEF, 0xEDDE, 0x8CCC, 0x2222, 0x0000, 0x0000, 0x0000,
  0x0000, 0x0000, 0x0000, 0x0000, 0x0000, 0x0000, 0x0000, 0x0663,
  0x0000, 0xA864, 0x8543, 0x0000, 0x0000, 0x0000, 0x4000, 0x0000,
  0x0000, 0x0000, 0x0000, 0x0000, 0x0000, 0x0000, 0x0000, 0x1221,
  0x8543, 0xE432, 0xC553, 0x5432, 0x0770, 0x0770, 0x0000, 0x0000,
  0x0000, 0x0000, 0x0000, 0x0000, 0x0000, 0x0000, 0x0555, 0x0000,
  0x0000, 0x8767, 0xC898, 0xB7B8, 0x84D6, 0x71C3, 0x71D4, 0x71B3,
  0x9293, 0xA474, 0x0000, 0x0000, 0x0000, 0x0000, 0x0000, 0x0000,
  0x0000, 0x0000, 0x0000, 0x0000, 0x0000, 0x2000, 0x9023, 0x8058,
  0x7058, 0x8046, 0x0000, 0x0000, 0x0000, 0x0000, 0x0000, 0x0000,
  0x0FFF, 0x0000, 0x6655, 0xC79A, 0x94BF, 0x709F, 0x709F, 0x708F,
  0x928C, 0xB455, 0x0000, 0x0000, 0x0000, 0x0000, 0x0000, 0x0000,
  0x0000, 0x0000, 0x0000, 0x0000, 0x0000, 0x0000, 0x0050, 0x0000,
  0x8020, 0x8061, 0x7071, 0x9061, 0x0000, 0x0000, 0x0000, 0x0000,
  0x0444, 0x0000, 0x8222, 0xFAAA, 0xFEEE, 0xFCCC, 0xFBCC, 0xFCDD,
  0xFBBC, 0xF999, 0xF999, 0xF999, 0xF999, 0xF999, 0xFAAB, 0xFCCD,
  0xFCDD, 0xFCCC, 0xFCCC, 0xFEEE, 0xFBBB, 0x9555, 0x1000, 0x0000,
  0x0555, 0x0000, 0x0000, 0x0000, 0x0000, 0x0000, 0x0000, 0x0B66,
  0x0000, 0x8654, 0xFDB7, 0x8975, 0x4111, 0x0000, 0x0000, 0x0000,
  0x0000, 0x0000, 0x0000, 0x0000, 0x0000, 0x1000, 0x2000, 0x1332,
  0x3754, 0x2321, 0x4875, 0x8111, 0x1000, 0x0000, 0x0000, 0x0000,
  0x0000, 0x0000, 0x0000, 0x0000, 0x0000, 0x0777, 0x0000, 0x3323,
  0xC898, 0xB8C8, 0x83D5, 0x71C3, 0x72C4, 0x82B4, 0x9283, 0x8152,
  0x4010, 0x1000, 0x0000, 0x0000, 0x0000, 0x0000, 0x0000, 0x0000,
  0x0000, 0x0000, 0x0000, 0x0000, 0x1000, 0x8012, 0x8047, 0x7058,
  0x7058, 0x9023, 0x0000, 0x0000, 0x0000, 0x0000, 0x0000, 0x0FFF,
  0x0000, 0x8666, 0xC8AC, 0x72AF, 0x709F, 0x70AF, 0x908C, 0x8046,
  0x3000, 0x0000, 0x0000, 0x0000, 0x0000, 0x0000, 0x0000, 0x0000,
  0x0000, 0x0000, 0x0000, 0x0000, 0x0000, 0x0000, 0x0000, 0x6010,
  0x9051, 0x7071, 0x8071, 0x9020, 0x0000, 0x0000, 0x0000, 0x0000,
  0x0000, 0x6111, 0xFAAA, 0xFABB, 0xFABB, 0xF888, 0xF888, 0xF99A,
  0xF778, 0xF666, 0xF556, 0xF556, 0xF556, 0xF666, 0xF888, 0xFAAB,
  0xFBBB, 0xF899, 0xFAAA, 0xFBBC, 0xFBBC, 0xFDDE, 0xD899, 0x3000,
  0x0000, 0x0444, 0x0000, 0x0000, 0x0000, 0x0000, 0x3110, 0x0000,
  0x1000, 0xB764, 0xFCB7, 0xF985, 0xFA86, 0x8654, 0x0000, 0x0A55,
  0x0000, 0x0000, 0x0000, 0x0000, 0x0000, 0x4100, 0xD653, 0x1000,
  0x0000, 0x0000, 0x0000, 0x6111, 0x2321, 0x0000, 0x0000, 0x0000,
  0x0000, 0x0000, 0x0000, 0x0000, 0x0AAA, 0x0000, 0x7333, 0xD898,
  0x95D7, 0x70B2, 0x72C4, 0x82C4, 0x9183, 0x7141, 0x3000, 0x0000,
  0x0000, 0x0000, 0x0000, 0x0000, 0x0000, 0x0000, 0x0000, 0x0000,
  0x0000, 0x0000, 0x0000, 0x1000, 0x8012, 0x8047, 0x7058, 0x7058,
  0x9035, 0x5001, 0x0000, 0x0000, 0x0000, 0x0000, 0x0BFF, 0x0000,
  0x9655, 0xC8BD, 0x70AF, 0x709E, 0x80AF, 0x9069, 0x6023, 0x0000,
  0x0000, 0x0FFF, 0x0000, 0x0000, 0x0000, 0x0000, 0x0000, 0x0000,
  0x0000, 0x0000, 0x0000, 0x0000, 0x0000, 0x0000, 0x6010, 0x9041,
  0x7071, 0x7071, 0x9041, 0x3000, 0x0000, 0x0000, 0x0000, 0x0000,
  0x4222, 0xF667, 0xF889, 0xF556, 0xF555, 0xF333, 0xF333, 0xF323,
  0xF222, 0xF222, 0xF222, 0xF222, 0xF222, 0xF222, 0xF222, 0xF323,
  0xF323, 0xF323, 0xF556, 0xF788, 0xFAAA, 0xFAAB, 0xFCDD, 0xE99A,
  0x4111, 0x0000, 0x0555, 0x0000, 0x0000, 0x0000, 0xA443, 0xD975,
  0xD986, 0xEB97, 0x5332, 0x2000, 0x4653, 0xE764, 0x8653, 0x0000,
  0x0777, 0x0000, 0x0000, 0x0000, 0x0000, 0x2000, 0xECB7, 0xEA86,
  0x7764, 0x5111, 0x5543, 0xF764, 0x2221, 0x0000, 0x0000, 0x0000,
  0x0000, 0x0000, 0x0000, 0x0BFB, 0x0000, 0x9545, 0xE9A9, 0x84D6,
  0x71B3, 0x73D5, 0x92A3, 0x8151, 0x3000, 0x0000, 0x0000, 0x0000,
  0x0000, 0x0000, 0x0000, 0x0000, 0x0000, 0x0000, 0x0000, 0x0000,
  0x0000, 0x0077, 0x0000, 0x7012, 0x9046, 0x7058, 0x7058, 0x8057,
  0x8012, 0x0000, 0x0000, 0x0000, 0x0000, 0x0FFF, 0x0000, 0x9665,
  0xC7BD, 0x70AF, 0x709F, 0x80AF, 0x9058, 0x4000, 0x0000, 0x0000,
  0x0000, 0x0000, 0x0000, 0x0000, 0x0000, 0x0000, 0x0000, 0x0000,
  0x0000, 0x0000, 0x0000, 0x0050, 0x0000, 0x6010, 0x9041, 0x7071,
  0x7071, 0x9051, 0x5010, 0x0000, 0x0000, 0x0000, 0x0000, 0x0000,
  0xC556, 0x9666, 0xE111, 0xF222, 0xF222, 0xF323, 0xF222, 0xE212,
  0xC222, 0xD212, 0xE212, 0xF222, 0xF323, 0xF323, 0xF323, 0xF323,
  0xF223, 0xF223, 0xF222, 0xF111, 0xA444, 0xE9AA, 0xFAAA, 0xFCCC,
  0xE99A, 0x3111, 0x0000, 0x0555, 0x0000, 0x0000, 0x1000, 0xA764,
  0xFDB8, 0x7432, 0x0000, 0x0000, 0x0000, 0x2000, 0xE543, 0x3332,
  0x0000, 0x0000, 0x0000, 0x0000, 0x0000, 0x3332, 0xF986, 0xBB96,
  0xC543, 0xE653, 0xFB96, 0xFA86, 0x1000, 0x0000, 0x0000, 0x0000,
  0x0000, 0x0000, 0x0BBB, 0x0000, 0x9656, 0xDACA, 0x73D5, 0x71B3,
  0x83C4, 0x9172, 0x6021, 0x1000, 0x0000, 0x00F0, 0x0000, 0x0000,
  0x0000, 0x0000, 0x0000, 0x0000, 0x0000, 0x0000, 0x0000, 0x0000,
  0x0007, 0x0000, 0x7011, 0x9046, 0x7058, 0x7057, 0x7058, 0x9023,
  0x2000, 0x0000, 0x0000, 0x0000, 0x0666, 0x0000, 0x8666, 0xC8BD,
  0x70AF, 0x709F, 0x809E, 0x8046, 0x2000, 0x0000, 0x0055, 0x0000,
  0x0000, 0x0000, 0x0000, 0x0000, 0x0000, 0x0000, 0x0000, 0x0000,
  0x0000, 0x0000, 0x0070, 0x0000, 0x6010, 0x9041, 0x7071, 0x7071,
  0x9061, 0x7010, 0x0000, 0x0050, 0x0000, 0x0000, 0x0000, 0x0000,
  0x2323, 0x0000, 0xD222, 0xF333, 0xF222, 0xC212, 0x6111, 0x1000,
  0x0000, 0x1000, 0x1000, 0x2000, 0x6000, 0x9111, 0xE212, 0xF223,
  0xF323, 0xF323, 0xF323, 0xF333, 0xB111, 0x2000, 0xC888, 0xFCCC,
  0xFBBB, 0xE888, 0x1000, 0x0FFF, 0x0000, 0x0000, 0x0000, 0x0000,
  0xC764, 0x6332, 0x0555, 0x0000, 0x0633, 0x0000, 0x4000, 0x9110,
  0x0000, 0x0000, 0x0000, 0x0500, 0x0000, 0x7221, 0x6221, 0x0000,
  0x0000, 0x1000, 0x9764, 0xFCA7, 0x4332, 0x0000, 0x0555, 0x0000,
  0x0000, 0x0777, 0x0000, 0x8555, 0xD9BA, 0x73D5, 0x71B3, 0x82C4,
  0x9152, 0x3000, 0x0000, 0x0000, 0x0000, 0x0000, 0x0000, 0x0000,
  0x0000, 0x0000, 0x0000, 0x0000, 0x0000, 0x0000, 0x0000, 0x0000,
  0x0000, 0x6011, 0x9036, 0x7058, 0x7057, 0x7058, 0x9024, 0x3000,
  0x0000, 0x0000, 0x0000, 0x0555, 0x0000, 0x6654, 0xD9BC, 0x71AF,
  0x709F, 0x809E, 0x8035, 0x1000, 0x0000, 0x0000, 0x0000, 0x0000,
  0x0000, 0x0000, 0x0000, 0x0000, 0x0000, 0x0000, 0x0000, 0x0000,
  0x0000, 0x0000, 0x0000, 0x6010, 0x9051, 0x7071, 0x7071, 0x8061,
  0x8020, 0x0000, 0x00F0, 0x0000, 0x0000, 0x0000, 0x0000, 0x0000,
  0x0000, 0x3111, 0xE222, 0xD212, 0x5000, 0x0000, 0x0000, 0x0000,
  0x0000, 0x0000, 0x0000, 0x0000, 0x0000, 0x0000, 0x1000, 0x6111,
  0xC212, 0xF222, 0xF323, 0xF323, 0xF323, 0x5111, 0x0000, 0xB667,
  0xFBBC, 0xFAAA, 0xA555, 0x0000, 0x0AAA, 0x0000, 0x0030, 0x0FF7,
  0x7221, 0x7110, 0x0000, 0x0000, 0x0000, 0x0000, 0x0000, 0x5000,
  0x0000, 0x0000, 0x0000, 0x0000, 0x0000, 0x5000, 0x0000, 0x0FFF,
  0x0633, 0x0000, 0x0000, 0xC875, 0xB764, 0x0000, 0x0FFA, 0x0000,
  0x0555, 0x0000, 0x6555, 0xD9BA, 0x72D4, 0x71C3, 0x82B4, 0x8141,
  0x2000, 0x0000, 0x0040, 0x0000, 0x0000, 0x0000, 0x0000, 0x0000,
  0x0000, 0x0000, 0x0000, 0x0000, 0x0000, 0x0000, 0x0000, 0x1000,
  0x7012, 0x9036, 0x7058, 0x7057, 0x8058, 0x9024, 0x4000, 0x0000,
  0x0000, 0x0000, 0x0555, 0x0000, 0x3221, 0xD89A, 0x83BF, 0x709F,
  0x809F, 0x8046, 0x1000, 0x0000, 0x0000, 0x0000, 0x0000, 0x0000,
  0x0000, 0x0000, 0x0000, 0x0000, 0x0000, 0x0000, 0x0000, 0x0000,
  0x0000, 0x1000, 0x7010, 0x9051, 0x7071, 0x7071, 0x8061, 0x8020,
  0x1000, 0x0000, 0x0000, 0x0000, 0x0000, 0x0000, 0x0000, 0x0000,
  0x0000, 0x2111, 0xD111, 0x2000, 0x0000, 0x0000, 0x0000, 0x0000,
  0x0000, 0x0000, 0x0000, 0x0000, 0x0000, 0x0505, 0x0000, 0x0000,
  0x0000, 0x4000, 0x9111, 0xE222, 0xF323, 0xD212, 0x0666, 0x0000,
  0x8555, 0xFBBB, 0xFAAA, 0x5333, 0x0000, 0x0444, 0x0000, 0x0000,
  0x1000, 0x3000, 0x0000, 0x0000, 0x0000, 0x0000, 0x0000, 0x0000,
  0x0000, 0x0000, 0x0000, 0x0000, 0x0000, 0x0000, 0x0770, 0x0000,
  0x0000, 0x0000, 0x0000, 0x4332, 0xF975, 0x1322, 0x0FF7, 0x0000,
  0x0000, 0x2101, 0xD9A9, 0x85D6, 0x71C3, 0x82B4, 0x8141, 0x1000,
  0x0000, 0x0000, 0x0000, 0x0000, 0x0000, 0x0000, 0x0000, 0x0000,
  0x0000, 0x0000, 0x0000, 0x0000, 0x0000, 0x0000, 0x1000, 0x8012,
  0x9046, 0x7058, 0x7058, 0x8058, 0x9024, 0x3000, 0x0000, 0x0000,
  0x0000, 0x0000, 0x0FFF, 0x1000, 0xD888, 0xA6CF, 0x708F, 0x80AF,
  0x8047, 0x1000, 0x0000, 0x0000, 0x0000, 0x0000, 0x0000, 0x0000,
  0x0000, 0x0000, 0x0000, 0x0000, 0x0000, 0x0000, 0x0000, 0x0000,
  0x5000, 0x9030, 0x8061, 0x7071, 0x7071, 0x9061, 0x8020, 0x1000,
  0x0000, 0x0000, 0x0000, 0x0000, 0x0000, 0x0000, 0x0000, 0x0000,
  0x0000, 0x0000, 0x1111, 0x0000, 0x0000, 0x0000, 0x0000, 0x0000,
  0x0000, 0x0000, 0x0000, 0x0000, 0x0000, 0x0000, 0x0000, 0x0000,
  0x0000, 0x0000, 0x0000, 0x2000, 0x8111, 0xF222, 0x4000, 0x0000,
  0x0000, 0x7444, 0xFBBB, 0xD677, 0x1000, 0x0FFF, 0x0000, 0x0000,
  0x3110, 0x5111, 0x0000, 0x0000, 0x0000, 0x0000, 0x0000, 0x0000,
  0x0000, 0x0000, 0x0000, 0x0000, 0x0000, 0x0000, 0x0000, 0x0000,
  0x0000, 0x0000, 0x0FFF, 0x0000, 0xE875, 0x9764, 0x0000, 0x0996,
  0x0000, 0xB888, 0xA7D8, 0x70B2, 0x82B4, 0x8141, 0x1000, 0x0000,
  0x0000, 0x0000, 0x0000, 0x0000, 0x0000, 0x0000, 0x0000, 0x0000,
  0x0000, 0x0000, 0x0000, 0x0007, 0x0000, 0x2000, 0x9023, 0x8047,
  0x7058, 0x7058, 0x8058, 0x9023, 0x3000, 0x0000, 0x0000, 0x0000,
  0x0000, 0x0000, 0x0000, 0x7655, 0xC8BD, 0x709F, 0x80AF, 0x9058,
  0x2000, 0x0000, 0x0000, 0x0000, 0x0000, 0x0000, 0x0000, 0x0000,
  0x0000, 0x0000, 0x00F0, 0x0000, 0x0000, 0x0000, 0x3000, 0x8020,
  0x9051, 0x7071, 0x7071, 0x7071, 0x9051, 0x7020, 0x1000, 0x0000,
  0x0000, 0x0000, 0x0000, 0x0000, 0x0000, 0x0000, 0x0000, 0x0000,
  0x0000, 0x0000, 0x0000, 0x0000, 0x0000, 0x0000, 0x0000, 0x0000,
  0x0000, 0x0000, 0x0000, 0x0000, 0x0000, 0x0000, 0x0000, 0x0000,
  0x0000, 0x0000, 0x0000, 0x0000, 0x0000, 0x6111, 0x0222, 0x0000,
  0x0FFF, 0x0000, 0x8556, 0xFAAA, 0x7222, 0x0000, 0x0000, 0x0000,
  0x3000, 0x6211, 0x0774, 0x0000, 0x0000, 0x0000, 0x0000, 0x0000,
  0x0000, 0x0000, 0x0000, 0x0000, 0x0000, 0x0000, 0x0000, 0x0000,
  0x0000, 0x0000, 0x0FFF, 0x0000, 0x9986, 0xFCB7, 0x5332, 0x0000,
  0x6333, 0xC9B9, 0x71C3, 0x82C4, 0x8152, 0x1000, 0x0000, 0x0000,
  0x0000, 0x0000, 0x0000, 0x0000, 0x0000, 0x0000, 0x0000, 0x0000,
  0x0000, 0x0000, 0x0000, 0x0000, 0x3000, 0x9023, 0x8058, 0x7058,
  0x7058, 0x8047, 0x9023, 0x2000, 0x0000, 0x0000, 0x0000, 0x0000,
  0x0000, 0x0000, 0x2100, 0xD9AA, 0x82BF, 0x70AF, 0x907B, 0x4001,
  0x0000, 0x0007, 0x0000, 0x0000, 0x0000, 0x0000, 0x0000, 0x0000,
  0x0000, 0x0000, 0x0000, 0x1000, 0x3000, 0x7020, 0x9041, 0x8061,
  0x7071, 0x7071, 0x7071, 0xA041, 0x7010, 0x0000, 0x0000, 0x0000,
  0x0000, 0x0000, 0x0000, 0x0000, 0x0000, 0x0000, 0x0000, 0x0000,
  0x0000, 0x0000, 0x0000, 0x0000, 0x0000, 0x0000, 0x0000, 0x0000,
  0x0000, 0x0000, 0x0000, 0x0000, 0x0000, 0x0000, 0x0000, 0x0000,
  0x0000, 0x0000, 0x0000, 0x0000, 0x0007, 0x0000, 0x0000, 0x0000,
  0x0000, 0x0FFF, 0x0000, 0xB777, 0xE788, 0x1000, 0x0000, 0x0000,
  0x0000, 0x4332, 0x3543, 0x0000, 0x0000, 0x0000, 0x0000, 0x0000,
  0x0000, 0x0000, 0x0000, 0x0000, 0x0000, 0x0000, 0x0000, 0x0000,
  0x0000, 0x0000, 0x0B77, 0x0000, 0x6975, 0xFDB8, 0xE985, 0x6111,
  0xA898, 0x95C6, 0x71D3, 0xA162, 0x3000, 0x0000, 0x0000, 0x0000,
  0x0000, 0x0000, 0x0000, 0x0000, 0x0000, 0x0000, 0x0000, 0x0000,
  0x0000, 0x0000, 0x1000, 0x6011, 0x9034, 0x7058, 0x7057, 0x7058,
  0x9046, 0x8012, 0x1000, 0x0000, 0x0000, 0x0000, 0x0000, 0x0000,
  0x0000, 0x0000, 0x8776, 0xC9CE, 0x709F, 0x809E, 0x7035, 0x0000,
  0x007F, 0x0000, 0x0000, 0x0000, 0x0000, 0x0000, 0x0000, 0x0000,
  0x0000, 0x0000, 0x5041, 0x9030, 0x9041, 0x8061, 0x7071, 0x7071,
  0x7071, 0x9061, 0x9030, 0x5000, 0x0000, 0x00F0, 0x0000, 0x0000,
  0x0000, 0x0000, 0x0000, 0x0000, 0x0000, 0x0000, 0x0000, 0x0000,
  0x0000, 0x0000, 0x0000, 0x0000, 0x0000, 0x0000, 0x0000, 0x0000,
  0x0000, 0x0000, 0x0000, 0x0000, 0x0000, 0x0000, 0x0000, 0x0000,
  0x0000, 0x0000, 0x0000, 0x0000, 0x0000, 0x0000, 0x0000, 0x0000,
  0x0000, 0x0000, 0x0000, 0x1000, 0xF788, 0x7555, 0x0000, 0x0000,
  0x0000, 0x0000, 0x0555, 0x0000, 0x0000, 0x0000, 0x0000, 0x0000,
  0x0000, 0x0000, 0x0000, 0x0000, 0x0000, 0x0000, 0x0000, 0x0000,
  0x0000, 0x0000, 0x0FFF, 0x0000, 0xAA86, 0xCA86, 0x2321, 0x2321,
  0xA566, 0x84D5, 0x9182, 0x5010, 0x0000, 0x0050, 0x0000, 0x0000,
  0x0000, 0x0000, 0x0000, 0x0000, 0x0000, 0x0000, 0x0000, 0x0000,
  0x0000, 0x0000, 0x8024, 0x9036, 0x7058, 0x7057, 0x7058, 0x9035,
  0x7012, 0x1000, 0x0000, 0x0000, 0x0000, 0x0000, 0x0000, 0x0000,
  0x0000, 0x0000, 0xA788, 0x93AE, 0x70AF, 0x9059, 0x1000, 0x00FF,
  0x0000, 0x0000, 0x0000, 0x0000, 0x0000, 0x0000, 0x0000, 0x0000,
  0x0000, 0x0000, 0x3061, 0x8071, 0x7081, 0x7071, 0x8061, 0x9051,
  0x9030, 0x6010, 0x1000, 0x0000, 0x00F0, 0x0000, 0x0000, 0x0000,
  0x0000, 0x0000, 0x0000, 0x0000, 0x0000, 0x0000, 0x0000, 0x0000,
  0x0000, 0x0000, 0x0000, 0x0000, 0x0000, 0x0000, 0x0000, 0x0000,
  0x0000, 0x0000, 0x0000, 0x0000, 0x0000, 0x0000, 0x0000, 0x0000,
  0x0000, 0x0000, 0x0000, 0x0000, 0x0000, 0x0000, 0x0000, 0x0000,
  0x0000, 0x0000, 0x0666, 0x0000, 0x8555, 0xD777, 0x0000, 0x0000,
  0x0000, 0x0000, 0x0000, 0x0000, 0x0000, 0x0000, 0x0000, 0x0000,
  0x0000, 0x0000, 0x0000, 0x0000, 0x0000, 0x0000, 0x0000, 0x0000,
  0x0000, 0x0F00, 0x0000, 0x1FFB, 0xC654, 0xE875, 0x0000, 0x0000,
  0x2000, 0x9172, 0x8162, 0x1000, 0x00F7, 0x0000, 0x0000, 0x0000,
  0x0000, 0x0000, 0x0000, 0x0000, 0x0000, 0x0000, 0x0000, 0x0000,
  0x0000, 0x0000, 0x4058, 0x8058, 0x7058, 0x8058, 0x9034, 0x6011,
  0x0000, 0x0000, 0x0000, 0x0000, 0x0000, 0x0000, 0x0000, 0x0000,
  0x0000, 0x0000, 0x3000, 0x9046, 0x909D, 0x5035, 0x0000, 0x007F,
  0x0000, 0x0000, 0x0000, 0x0000, 0x0000, 0x0000, 0x0000, 0x0000,
  0x0000, 0x0000, 0x0000, 0x3071, 0x9030, 0x9030, 0x6020, 0x4000,
  0x1000, 0x0000, 0x0000, 0x0000, 0x0000, 0x0000, 0x0000, 0x0000,
  0x0000, 0x0000, 0x0000, 0x0000, 0x0000, 0x0000, 0x0000, 0x0000,
  0x0000, 0x0000, 0x0000, 0x0000, 0x0000, 0x0000, 0x0000, 0x0000,
  0x0000, 0x0000, 0x0000, 0x0000, 0x0000, 0x0000, 0x0000, 0x0000,
  0x0000, 0x0000, 0x0000, 0x0000, 0x0000, 0x0000, 0x0000, 0x0000,
  0x0000, 0x0000, 0x0555, 0x0000, 0x3566, 0xF556, 0x0000, 0x0000,
  0x0000, 0x0000, 0x0000, 0x0000, 0x0000, 0x0000, 0x0000, 0x0000,
  0x0000, 0x0000, 0x0000, 0x0000, 0x0000, 0x0000, 0x0000, 0x0000,
  0x0000, 0x0744, 0x0000, 0x7654, 0x7221, 0x6000, 0x2111, 0x0000,
  0x0000, 0x5010, 0x5141, 0x0000, 0x0055, 0x0000, 0x0000, 0x0000,
  0x0000, 0x0000, 0x0000, 0x0000, 0x0000, 0x0000, 0x0000, 0x0000,
  0x0000, 0x0000, 0x0000, 0x3058, 0x8046, 0x9023, 0x4000, 0x0000,
  0x000F, 0x0000, 0x0000, 0x0000, 0x0000, 0x0000, 0x0000, 0x0000,
  0x0000, 0x0000, 0x0000, 0x2000, 0x9024, 0x3012, 0x0000, 0x0000,
  0x0000, 0x0000, 0x0000, 0x0000, 0x0000, 0x0000, 0x0000, 0x0000,
  0x0000, 0x0000, 0x0000, 0x0000, 0x0000, 0x0000, 0x0000, 0x0000,
  0x0000, 0x0000, 0x0000, 0x0000, 0x0000, 0x0000, 0x0000, 0x0000,
  0x0000, 0x0000, 0x0000, 0x0000, 0x0000, 0x0000, 0x0000, 0x0000,
  0x0000, 0x0000, 0x0000, 0x0555, 0x0000, 0x0000, 0x0000, 0x0000,
  0x1000, 0x5344, 0xA555, 0xC777, 0xD998, 0xDAA9, 0xDAAA, 0xDABA,
  0xDABA, 0xDBBA, 0xEBBA, 0xDAAA, 0xC888, 0x9555, 0x6444, 0x3434,
  0x1000, 0x0000, 0x0000, 0x0000, 0x0FFF, 0x0555, 0x0000, 0x0000,
  0x0000, 0x0000, 0x0000, 0x0000, 0x0000, 0x0000, 0x0000, 0x0000,
  0x0000, 0x0000, 0x0000, 0x0000, 0x0000, 0x0000, 0x0000, 0x0000,
  0x0000, 0x0555, 0x0000, 0x0000, 0x0000, 0x0000, 0x0000, 0x0000,
  0x8CBB, 0xFCBC, 0xEB9A, 0x6B9A, 0x0000, 0x0F77, 0x0000, 0x0000,
  0x0000, 0x0000, 0x0000, 0x0000, 0x0777, 0x0000, 0x0000, 0x0000,
  0x0000, 0x0777, 0x0000, 0x5000, 0x0000, 0x0000, 0x0000, 0x0000,
  0x0000, 0x0000, 0x0000, 0x0000, 0x0000, 0x0000, 0x0000, 0x0000,
  0x0000, 0x0000, 0x0000, 0x1000, 0x7000, 0x1000, 0x0000, 0x0000,
  0x0000, 0x0000, 0x0000, 0x4011, 0xE245, 0xD245, 0x4111, 0x0000,
  0x0007, 0x0000, 0x0000, 0x0000, 0x0000, 0x0000, 0x0000, 0x0000,
  0x0000, 0x0000, 0x0000, 0x0000, 0x0000, 0x0000, 0x0000, 0x0000,
  0x0000, 0x0000, 0x0000, 0x0000, 0x0000, 0x0000, 0x0000, 0x0000,
  0x0000, 0x0000, 0x0000, 0x0000, 0x0000, 0x3234, 0x6455, 0x9887,
  0xC988, 0xCCB8, 0xBEC9, 0xBFD8, 0xAFD7, 0x9FD5, 0x8ED3, 0x8DD3,
  0x8CE3, 0x8BE3, 0x8AE3, 0x9AE5, 0x99D6, 0xA9C7, 0xB9B8, 0xB8A7,
  0xB787, 0x9888, 0x6555, 0x2311, 0x0000, 0x0000, 0x0000, 0x0055,
  0x0000, 0x0000, 0x0000, 0x0000, 0x0000, 0x0000, 0x0000, 0x0000,
  0x0000, 0x0000, 0x0000, 0x0000, 0x0000, 0x0000, 0x0000, 0x0000,
  0x0F7F, 0x0000, 0x2021, 0x5222, 0x1000, 0x0000, 0x0000, 0x6B9A,
  0xFB9A, 0xFA89, 0xFA89, 0xFB9A, 0x6A89, 0x0000, 0x0777, 0x0000,
  0x0000, 0x0000, 0x0000, 0x0FFF, 0x0000, 0x5EDE, 0x6DBC, 0x5CAB,
  0x0000, 0x0000, 0x0FFF, 0x7000, 0x0000, 0x0000, 0x0000, 0x0000,
  0x0000, 0x0000, 0x0000, 0x0000, 0x0000, 0x0000, 0x0000, 0x0000,
  0x0000, 0x0000, 0x0000, 0x1000, 0x3000, 0x0000, 0x0000, 0x0000,
  0x0000, 0x0000, 0x0000, 0xB245, 0xF479, 0xF479, 0xD245, 0x0000,
  0x0FFF, 0x0000, 0x0000, 0x0000, 0x0000, 0x0000, 0x0000, 0x0000,
  0x1000, 0x3112, 0x0000, 0x0000, 0x0000, 0x0000, 0x0000, 0x0000,
  0x0000, 0x0000, 0x0000, 0x0000, 0x0000, 0x0000, 0x0000, 0x0000,
  0x0000, 0x0000, 0x0000, 0x5233, 0xA877, 0xCB88, 0xBD97, 0x9E84,
  0x8F82, 0x7F80, 0x7F80, 0x7F90, 0x7F90, 0x7EA0, 0x7EB0, 0x7DB0,
  0x7DC0, 0x7BC0, 0x7AC0, 0x78C0, 0x77C0, 0x76C0, 0x75C0, 0x75C2,
  0x86D6, 0x96C8, 0xB7BA, 0xB698, 0x9677, 0x4433, 0x0000, 0x0000,
  0x0000, 0x0055, 0x0000, 0x0000, 0x0000, 0x0000, 0x0000, 0x0000,
  0x0000, 0x0000, 0x0000, 0x0000, 0x0000, 0x0000, 0x0000, 0x0F77,
  0x0000, 0x4343, 0xB856, 0x9C25, 0x9602, 0x3000, 0x0000, 0xDA89,
  0xFBAB, 0xFCBC, 0xFCBC, 0xFDBC, 0xEBAA, 0x2967, 0x0FFF, 0x0F77,
  0x0000, 0x0000, 0x0777, 0x0000, 0x7B9A, 0xFCAB, 0xFCAB, 0xFCAB,
  0xCB9A, 0x2B99, 0x0000, 0xC211, 0x0624, 0x0700, 0x0000, 0x0000,
  0x0000, 0x0000, 0x0000, 0x0000, 0x0000, 0x0000, 0x0000, 0x0000,
  0x0000, 0x0000, 0x0000, 0x0000, 0x0000, 0x0400, 0x0000, 0x0000,
  0x0000, 0x0000, 0x0000, 0xF245, 0xF59B, 0xF954, 0xF467, 0x5123,
  0x0000, 0x0005, 0x0000, 0x0000, 0x0000, 0x0000, 0x0000, 0x3000,
  0xE245, 0xF468, 0xB234, 0x1000, 0x0000, 0x0000, 0x0000, 0x0000,
  0x0000, 0x0000, 0x0000, 0x0000, 0x0000, 0x0000, 0x0000, 0x0000,
  0x0444, 0x0000, 0x5333, 0xDA77, 0x9F64, 0x7F41, 0x7F30, 0x7F40,
  0x7F50, 0x8F60, 0x8F70, 0x8F80, 0x8F90, 0x8FA0, 0x7FA0, 0x7EB0,
  0x7EB0, 0x7DC0, 0x7CC0, 0x8BC0, 0x8AC1, 0x88C1, 0x87C1, 0x86C1,
  0x74B2, 0x73B4, 0x72C6, 0x73DA, 0x95CB, 0xB6AA, 0xA577, 0x5222,
  0x0000, 0x0000, 0x0000, 0x000F, 0x0000, 0x0000, 0x0000, 0x0000,
  0x0000, 0x0000, 0x0000, 0x0000, 0x0000, 0x0500, 0x0FAF, 0x0000,
  0x7444, 0xBA57, 0x8F16, 0x7F05, 0x8F05, 0x9802, 0x3000, 0xFCAB,
  0xFFEE, 0xFFFF, 0xFFFF, 0xFFFF, 0xFFFF, 0xBDCC, 0x0000, 0x0FFF,
  0x0000, 0x0F77, 0x0000, 0x2B9A, 0xEB9A, 0xFA89, 0xFA89, 0xFA89,
  0xFB9A, 0xCB9A, 0x0B77, 0xF734, 0x7634, 0x0000, 0x0722, 0x0000,
  0x0000, 0x0000, 0x0000, 0x0000, 0x0000, 0x0000, 0x0000, 0x0000,
  0x0000, 0x0000, 0x0000, 0x0777, 0x0000, 0x0000, 0x0000, 0x0000,
  0x0000, 0x0F55, 0x0505, 0xC489, 0xF5A9, 0xFE65, 0xF875, 0x8021,
  0x0000, 0x0030, 0x0000, 0x0000, 0x0000, 0x0FFF, 0x0000, 0xC234,
  0xF479, 0xF379, 0xF479, 0x8223, 0x0000, 0x0000, 0x0000, 0x0000,
  0x0000, 0x0000, 0x0000, 0x0000, 0x0000, 0x0000, 0x0000, 0x0000,
  0x0FFF, 0x0000, 0xB877, 0x9F66, 0x7F00, 0x8F31, 0x8F41, 0x8F40,
  0x7F50, 0x7F60, 0x7F60, 0x7F70, 0x7F80, 0x7F80, 0x7F90, 0x7FA0,
  0x7FA0, 0x7EB0, 0x7EC0, 0x7DC0, 0x7CC0, 0x7AC0, 0x79C1, 0x87C1,
  0x76C2, 0x75C3, 0x75C5, 0x74C7, 0x72D9, 0x72DB, 0x83DC, 0xA29A,
  0x9156, 0x5134, 0x1112, 0x0000, 0x0000, 0x0000, 0x0000, 0x0555,
  0x0444, 0x0444, 0x0A5A, 0x0000, 0x0000, 0x0000, 0x0000, 0x7545,
  0xBC69, 0x7F06, 0x7F05, 0x8F05, 0x7F05, 0x7F05, 0x9702, 0xEFFF,
  0xFFFF, 0xFFFF, 0xFFFF, 0xFFFF, 0xFFFF, 0xEFFF, 0x1FFF, 0x0000,
  0x0FFF, 0x0B77, 0x0000, 0x5A89, 0xFCAB, 0xFCBB, 0xFDBC, 0xFCBB,
  0xFB9A, 0xFB9A, 0x6B9A, 0xAA46, 0xFB56, 0x4000, 0x0000, 0x0633,
  0x0000, 0x0000, 0x0000, 0x0000, 0x0000, 0x0000, 0x0000, 0x0000,
  0x0000, 0x0000, 0x0000, 0x0000, 0x3000, 0x4211, 0x4000, 0x4000,
  0x2000, 0x0000, 0x0000, 0x9357, 0xF396, 0xE864, 0xF774, 0x8152,
  0x0000, 0x0363, 0x0000, 0x0000, 0x0000, 0x0000, 0x2000, 0xF367,
  0xF468, 0xF533, 0xF478, 0xE356, 0x0000, 0x0000, 0x0000, 0x0000,
  0x0000, 0x0000, 0x0000, 0x0000, 0x0000, 0x0000, 0x0000, 0x0000,
  0x0000, 0x3233, 0xCB88, 0x7F11, 0x8F21, 0x7F21, 0x7F31, 0x7F31,
  0x7F40, 0x7F50, 0x7F50, 0x7F60, 0x7F70, 0x7F70, 0x7F80, 0x7F90,
  0x7FA0, 0x7FA0, 0x7EB0, 0x7EB0, 0x8DB0, 0x7CC0, 0x7CD0, 0x7BD1,
  0x88C1, 0x96A1, 0x9482, 0x9262, 0x8253, 0x8154, 0x8154, 0x7155,
  0x8156, 0x9134, 0xA123, 0x8013, 0x4012, 0x1000, 0x0000, 0x0000,
  0x0000, 0x0000, 0x0000, 0x0000, 0x1020, 0x4353, 0x8656, 0xC856,
  0x8D16, 0x7F06, 0x8E05, 0x7F05, 0x7F05, 0x7F06, 0xA903, 0xBFFF,
  0xFFFF, 0xFFFF, 0xFFFF, 0xFFFF, 0xFFFF, 0xFFFF, 0x5FFF, 0x0000,
  0x0FFF, 0x0FFF, 0x0000, 0x6EDD, 0xFFFF, 0xFFFF, 0xFFFF, 0xFFFF,
  0xFFEF, 0xFDCC, 0xCA89, 0x7211, 0xFE68, 0xEA45, 0x4000, 0x0000,
  0x0FAA, 0x0000, 0x0000, 0x0000, 0x0000, 0x0000, 0x0000, 0x0000,
  0x0000, 0x0000, 0x0000, 0xA523, 0xF734, 0xF623, 0xFA46, 0xF955,
  0xE956, 0xB633, 0x5311, 0x4000, 0xF374, 0xF5E6, 0xF4C5, 0x6131,
  0x0000, 0x0040, 0x0000, 0x0000, 0x0044, 0x0000, 0x6111, 0xF5AC,
  0xF455, 0xFD54, 0xF677, 0xF256, 0x0000, 0x0000, 0x0000, 0x0000,
  0x0000, 0x0000, 0x0000, 0x0000, 0x0000, 0x0000, 0x0000, 0x0000,
  0x0000, 0x9666, 0xAE56, 0x7F00, 0x8F11, 0x7F21, 0x7F21, 0x7F31,
  0x7F30, 0x7F40, 0x7F40, 0x7F50, 0x7F60, 0x7F60, 0x7F70, 0x7F80,
  0x7F90, 0x8F90, 0x7FA0, 0x7FB0, 0x7FC0, 0x8EB0, 0x9A90, 0x9670,
  0x8450, 0x6230, 0x4000, 0x1000, 0x1000, 0x1000, 0x0000, 0x0000,
  0x0000, 0x0000, 0x2012, 0x6013, 0xA013, 0xA115, 0x7226, 0x6335,
  0x7445, 0x7545, 0x7656, 0x9757, 0xA847, 0xBB59, 0x9E4B, 0x8D08,
  0xA704, 0x8E06, 0x7F07, 0x8F05, 0x9B03, 0x9702, 0x5201, 0x7FFF,
  0xFFFF, 0xFFFF, 0xFFFF, 0xFFFF, 0xFFFF, 0xFFFF, 0x5FFF, 0x0000,
  0x0FFF, 0x0FFF, 0x0000, 0x7FFF, 0xFFFF, 0xFFFF, 0xFFFF, 0xFFFF,
  0xFFFF, 0xFFFF, 0xFDCD, 0x2211, 0xFA56, 0xFF78, 0xFA45, 0x6322,
  0x0000, 0x0000, 0x0FA5, 0x0000, 0x0000, 0x0000, 0x0000, 0x0000,
  0x0000, 0x0000, 0x0000, 0xA523, 0xF945, 0xFD78, 0xFF99, 0xFF9A,
  0xFE9A, 0xFF89, 0xF634, 0x0000, 0x5132, 0xE384, 0xA373, 0x1000,
  0x00F0, 0x0000, 0x0000, 0x0000, 0x0055, 0x0000, 0x4234, 0xF388,
  0xF574, 0xFD55, 0xF684, 0xD142, 0x0000, 0x0000, 0x0000, 0x0000,
  0x0000, 0x0000, 0x0000, 0x0000, 0x0000, 0x0000, 0x0000, 0x0000,
  0x2032, 0xBA77, 0x8F12, 0x7E01, 0x7F01, 0x7F11, 0x7F11, 0x7F21,
  0x7F21, 0x7F31, 0x7F40, 0x7F40, 0x7F50, 0x7F60, 0x7F60, 0x8F70,
  0x7F80, 0x7F90, 0x8F90, 0x9C80, 0x9860, 0x8540, 0x5220, 0x2000,
  0x0000, 0x0000, 0x0000, 0x0000, 0x0000, 0x0000, 0x0000, 0x0000,
  0x0000, 0x0000, 0x0000, 0x0000, 0x0000, 0x5013, 0xA117, 0xA32A,
  0x953C, 0x972B, 0x981B, 0x8B1C, 0x8E1C, 0x7F0B, 0x7F0B, 0x7F0C,
  0x9C08, 0xB603, 0x9904, 0x8602, 0x5201, 0x1000, 0x0000, 0x2FFF,
  0xEFFF, 0xFFFF, 0xFFFF, 0xFFFF, 0xFFFF, 0xEFFF, 0x2FFF, 0x0000,
  0x0FFF, 0x0FFF, 0x0000, 0x7FFF, 0xFFFF, 0xFFFF, 0xFFFF, 0xFFFF,
  0xFFFF, 0xFFFF, 0xFFFF, 0x0000, 0xA634, 0xFE78, 0xFE78, 0xFC67,
  0xA634, 0x3000, 0x0000, 0x0000, 0x0000, 0x0444, 0x0000, 0x0000,
  0x0000, 0x0000, 0x0000, 0x2000, 0xE745, 0xFFAA, 0xFD89, 0xFE89,
  0xFE89, 0xFFAA, 0xC856, 0x0000, 0x0000, 0x1000, 0x0000, 0x0000,
  0x0000, 0x0000, 0x0000, 0x0000, 0x0000, 0x00FF, 0x0204, 0xE132,
  0xF5B5, 0xF864, 0xF4A5, 0x7263, 0x0000, 0x0000, 0x0000, 0x0000,
  0x0000, 0x0000, 0x0000, 0x0000, 0x0000, 0x0000, 0x0000, 0x0000,
  0x8344, 0xBD67, 0x7F00, 0x8F02, 0x7F02, 0x7F01, 0x7F11, 0x7F11,
  0x7F21, 0x7F21, 0x7F31, 0x7F30, 0x7F40, 0x8F50, 0x7F50, 0x7F60,
  0x8F60, 0x9A50, 0x8630, 0x5210, 0x2000, 0x0000, 0x0000, 0x0000,
  0x0000, 0x0550, 0x0000, 0x0000, 0x0000, 0x0000, 0x0000, 0x0000,
  0x0000, 0x0000, 0x0000, 0x0000, 0x0000, 0x0000, 0x2000, 0x6003,
  0x8107, 0x830A, 0x860B, 0x790C, 0x7C0B, 0x8D0B, 0x8C09, 0x9907,
  0x8504, 0x5100, 0x2000, 0x0000, 0x0000, 0x0000, 0x0700, 0x0000,
  0x4FFF, 0xEFFF, 0xFFFF, 0xFFFF, 0xFFFF, 0xAFFF, 0x0000, 0x0FFF,
  0x0000, 0x0FFF, 0x0000, 0x5FFF, 0xFFFF, 0xFFFF, 0xFFFF, 0xFFFF,
  0xFFFF, 0xFFFF, 0xFFFF, 0x0FFF, 0x3111, 0xFA56, 0xFF78, 0xFE78,
  0xFE78, 0xFB56, 0xA744, 0x3100, 0x0000, 0x0000, 0x0000, 0x0000,
  0x0744, 0x0000, 0x0000, 0x0000, 0x6322, 0xFB77, 0xFF9A, 0xFE89,
  0xFE99, 0xFD88, 0x7433, 0x0000, 0x0050, 0x0000, 0x0FFF, 0x0000,
  0x0000, 0x0000, 0x0000, 0x0000, 0x0000, 0x0055, 0x0000, 0x5021,
  0xF4A5, 0xF4C6, 0xB263, 0x1000, 0x0000, 0x0000, 0x0000, 0x0000,
  0x0000, 0x0000, 0x0000, 0x0000, 0x0000, 0x0000, 0x0000, 0x0000,
  0xD877, 0x8F35, 0x7E01, 0x8F02, 0x7F02, 0x7F02, 0x7F01, 0x7F01,
  0x7F11, 0x7F21, 0x7F21, 0x7F31, 0x7F30, 0x7F40, 0x8E40, 0x9A30,
  0x8520, 0x3000, 0x0000, 0x0000, 0x0000, 0x0000, 0x0550, 0x0000,
  0x0000, 0x0000, 0x0000, 0x0000, 0x0000, 0x0000, 0x0000, 0x0000,
  0x0000, 0x0000, 0x0000, 0x0000, 0x0000, 0x0007, 0x0000, 0x0000,
  0x1000, 0x5001, 0x7204, 0x8305, 0x8505, 0x8504, 0x6302, 0x3000,
  0x0000, 0x0000, 0x0000, 0x0000, 0x0500, 0x0000, 0x0000, 0x0FFF,
  0x0000, 0x2FFF, 0x8FFF, 0xBFFF, 0x7FFF, 0x1FFF, 0x0FFF, 0x0FFF,
  0x0000, 0x0FFF, 0x0000, 0x2FFF, 0xEFFF, 0xFFFF, 0xFFFF, 0xFFFF,
  0xFFFF, 0xFFFF, 0xFFFF, 0x0A55, 0x0000, 0x7422, 0xFC67, 0xFF88,
  0xFE88, 0xFE88, 0xFE88, 0xFB66, 0xB854, 0x7322, 0x1000, 0x0000,
  0x0000, 0x0000, 0x0000, 0x0555, 0x0000, 0x6322, 0xE956, 0xFE99,
  0xED88, 0x7533, 0x0000, 0x0000, 0x0000, 0x0000, 0x0000, 0x0000,
  0x0000, 0x0000, 0x0000, 0x0000, 0x0000, 0x0000, 0x0000, 0x0000,
  0x0000, 0x0000, 0x0000, 0x0000, 0x0000, 0x0000, 0x0000, 0x0000,
  0x0000, 0x0000, 0x0000, 0x0000, 0x0000, 0x0000, 0x0000, 0x0000,
  0xA755, 0x9C12, 0x7F01, 0x7F02, 0x7F02, 0x8F01, 0x7F02, 0x7F01,
  0x7F01, 0x7F11, 0x8F11, 0x7F21, 0x7F31, 0x9A20, 0x7410, 0x3000,
  0x0000, 0x0000, 0x0000, 0x0500, 0x0000, 0x0000, 0x0000, 0x0000,
  0x0000, 0x0000, 0x0000, 0x0000, 0x0000, 0x0000, 0x0000, 0x0000,
  0x0000, 0x0000, 0x0000, 0x0000, 0x0000, 0x0000, 0x0000, 0x0007,
  0x0000, 0x0000, 0x0000, 0x1000, 0x1000, 0x0000, 0x0000, 0x0000,
  0x0000, 0x0000, 0x0000, 0x0000, 0x0000, 0x0000, 0x0000, 0x0000,
  0x0FFF, 0x0000, 0x0000, 0x0000, 0x0000, 0x0000, 0x0000, 0x0000,
  0x0000, 0x0000, 0x0FFF, 0x0000, 0x9FFF, 0xFFFF, 0xFFFF, 0xFFFF,
  0xFFFF, 0xFFFF, 0x7FFF, 0x0000, 0x0555, 0x0000, 0x5322, 0xC955,
  0xFC77, 0xFD88, 0xFE98, 0xFFA9, 0xFFA9, 0xFEA8, 0xFB86, 0xD975,
  0x8653, 0x5000, 0x1110, 0x0000, 0x0000, 0x0000, 0x0000, 0x0000,
  0x0000, 0x0000, 0x0000, 0x0000, 0x0000, 0x0000, 0x0000, 0x0000,
  0x0000, 0x0000, 0x0000, 0x0000, 0x0000, 0x0000, 0x0000, 0x0000,
  0x0000, 0x0000, 0x0000, 0x0000, 0x0000, 0x0000, 0x0000, 0x0000,
  0x0000, 0x0000, 0x0000, 0x0000, 0x0000, 0x0000, 0x0000, 0x0000,
  0x0000, 0x6200, 0x9701, 0x9C01, 0x8F02, 0x7F02, 0x7F02, 0x7F02,
  0x8F01, 0x8F01, 0x7F11, 0x8E11, 0x9710, 0x4100, 0x0000, 0x0000,
  0x0000, 0x0000, 0x0000, 0x0000, 0x0000, 0x0000, 0x0000, 0x0000,
  0x0000, 0x0000, 0x0000, 0x0000, 0x0000, 0x0000, 0x0000, 0x0000,
  0x0000, 0x0000, 0x0000, 0x0000, 0x0000, 0x0000, 0x0000, 0x0000,
  0x0000, 0x0000, 0x0707, 0x0000, 0x0000, 0x0000, 0x0505, 0x0000,
  0x0000, 0x0000, 0x0000, 0x0000, 0x0000, 0x0000, 0x0000, 0x0000,
  0x0000, 0x0FFF, 0x0FFF, 0x0FFF, 0x0FFF, 0x0FFF, 0x0000, 0x0000,
  0x0000, 0x0000, 0x0FFF, 0x0FFF, 0x1FFF, 0xCFFF, 0xFFFF, 0xFFFF,
  0xFFFF, 0x7FFF, 0x0FFF, 0x0000, 0x0000, 0x0FFF, 0x0000, 0x0000,
  0x5211, 0x8644, 0xCA75, 0xE754, 0xE965, 0xAEB8, 0x8FC9, 0x9FC9,
  0x8B96, 0x1000, 0x0000, 0x0000, 0x0000, 0x0000, 0x0000, 0x0000,
  0x0000, 0x0000, 0x0000, 0x0000, 0x0000, 0x0000, 0x0000, 0x0000,
  0x0000, 0x0000, 0x0000, 0x0000, 0x0000, 0x0000, 0x0000, 0x0000,
  0x0000, 0x0000, 0x0000, 0x0000, 0x0000, 0x0000, 0x0000, 0x0000,
  0x0000, 0x0000, 0x0000, 0x0000, 0x0000, 0x0000, 0x0000, 0x0000,
  0x0000, 0x0000, 0x2000, 0x6300, 0x8601, 0x9A01, 0x8D01, 0x8F01,
  0x7F02, 0x7F02, 0x8C01, 0x8500, 0x2000, 0x0000, 0x0F00, 0x0000,
  0x0000, 0x0000, 0x0000, 0x0000, 0x0000, 0x0000, 0x0000, 0x0000,
  0x0000, 0x0000, 0x0000, 0x0000, 0x0000, 0x0000, 0x0000, 0x0000,
  0x0000, 0x0000, 0x0000, 0x0000, 0x0000, 0x0000, 0x0000, 0x0000,
  0x0000, 0x0000, 0x0000, 0x0000, 0x0000, 0x0000, 0x0000, 0x0000,
  0x0000, 0x0000, 0x0000, 0x0000, 0x0000, 0x0000, 0x0000, 0x0000,
  0x0000, 0x0000, 0x0000, 0x0000, 0x0000, 0x0000, 0x0000, 0x0000,
  0x0000, 0x0000, 0x0000, 0x0000, 0x0000, 0x0000, 0x0000, 0x0000,
  0x0000, 0x0000, 0x0000, 0x0000, 0x0000, 0x0000, 0x0000, 0x0000,
  0x0000, 0x0000, 0x0000, 0x0000, 0x0000, 0x0000, 0x0000, 0x0000,
  0x0000, 0x0000, 0x0000, 0x0000, 0x0000, 0x0000, 0x0000, 0x0000,
  0x0000, 0x0000, 0x0000, 0x0000, 0x0000, 0x0000, 0x0000, 0x0000,
  0x0000, 0x0000, 0x0000, 0x0000, 0x0000, 0x0000, 0x0000, 0x0000,
  0x0000, 0x0000, 0x0000, 0x0000, 0x0000, 0x0000, 0x0000, 0x0000,
  0x0000, 0x0000, 0x0000, 0x0000, 0x0000, 0x0000, 0x0000, 0x0000,
  0x0000, 0x0700, 0x0000, 0x0000, 0x1000, 0x3000, 0x6300, 0x8601,
  0x9701, 0xA901, 0x7400, 0x0000, 0x0000, 0x0500, 0x0000, 0x0000,
  0x0000, 0x0000, 0x0000, 0x0000, 0x0000, 0x0000, 0x0000, 0x0000,
  0x0000, 0x0000, 0x0000, 0x0000, 0x0000, 0x0000, 0x0000, 0x0000,
  0x0000, 0x0000, 0x0000, 0x0000, 0x0000, 0x0000, 0x0000, 0x0000,
  0x0000, 0x0000, 0x0000, 0x0000, 0x0000, 0x0000, 0x0000, 0x0000,
  0x0000, 0x0000, 0x0000, 0x0000, 0x0000, 0x0000, 0x0000, 0x0000,
  0x0000, 0x0000, 0x0000, 0x0000, 0x0000, 0x0000, 0x0000, 0x0000,
  0x0000, 0x0000, 0x0000, 0x0000, 0x0000, 0x0000, 0x0000, 0x0000,
  0x0000, 0x0000, 0x0000, 0x0000, 0x0000, 0x0000, 0x0000, 0x0000,
  0x0000, 0x0000, 0x0000, 0x0000, 0x0000, 0x0000, 0x0000, 0x0000,
  0x0000, 0x0000, 0x0000, 0x0000, 0x0000, 0x0000, 0x0000, 0x0000,
  0x0000, 0x0000, 0x0000, 0x0000, 0x0000, 0x0000, 0x0000, 0x0000,
  0x0000, 0x0000, 0x0000, 0x0000, 0x0000, 0x0000, 0x0000, 0x0000,
  0x0000, 0x0000, 0x0000, 0x0000, 0x0000, 0x0000, 0x0000, 0x0000,
  0x0000, 0x0000, 0x0000, 0x0000, 0x0000, 0x0000, 0x0000, 0x0000,
  0xCFFF, 0x2FFF, 0x0000, 0x0FFF, 0x0000, 0x0000, 0x0000, 0x0000,
  0x0000, 0x0000, 0x0000, 0x0000, 0x0000, 0x0000, 0x0000, 0x0000,
  0x0000, 0x0000, 0x0000, 0x0000, 0x0000, 0x0000, 0x0000, 0x0000,
  0x0000, 0x0000, 0x0000, 0x0000, 0x0000, 0x0000, 0x0000, 0x0000,
  0x0000, 0x0000, 0x0000, 0x0000, 0x0000, 0x0000, 0x0000, 0x0000,
  0x0000, 0x0000, 0x0000, 0x0000, 0x0000, 0x0000, 0x0000, 0x0000,
  0x0000, 0x0000, 0x0000, 0x0000, 0x0000, 0x0000, 0x0000, 0x0000,
  0x0000, 0x0000, 0x0000, 0x0000, 0x0000, 0x0000, 0x0000, 0x0000,
  0x0000, 0x0000, 0x0000, 0x0000, 0x0000, 0x0000, 0x0000, 0x0000,
  0x0000, 0x0000, 0x0000, 0x0000, 0x0000, 0x0000, 0x0000, 0x0000,
  0x0000, 0x0000, 0x0000, 0x0000, 0x0000, 0x0000, 0x0000, 0x0000,
  0x0000, 0x0000, 0x0000, 0x0000, 0x0000, 0x0000, 0x0000, 0x0000,
  0x0000, 0x0000, 0x0000, 0x0000, 0x0000, 0x0000, 0x0000, 0x0000,
  0x0000, 0x0000, 0x0000, 0x0000, 0x0000, 0x0000, 0x0000, 0x0000,
  0x0000, 0x0000, 0x0000, 0x0000, 0x0000, 0x0000, 0x0000, 0x0000,
  0x0000, 0x0000, 0x0000, 0x0000, 0x0000, 0x0000, 0x0000, 0x0000,
  0xAFFF, 0x2FFF, 0x0000, 0x0FFF, 0x0000, 0x0000, 0x0000, 0x0000,
  0x0000, 0x0000, 0x0FFF, 0x0000, 0x2FFF, 0x4FFF, 0x0000, 0x0000,
  0x0000, 0x0000, 0x0000, 0x0000, 0x0000, 0x0000, 0x0000, 0x0000,
  0x0000, 0x0000, 0x0000, 0x0000, 0x0000, 0x0000, 0x0000, 0x0000,
  0x0000, 0x0000, 0x0000, 0x0000, 0x0000, 0x0000, 0x0000, 0x0000,
  0x0000, 0x0000, 0x0000, 0x0000, 0x0000, 0x0000, 0x0000, 0x0000,
  0x0000, 0x0000, 0x0000, 0x0000, 0x0000, 0x0000, 0x0000, 0x0000,
  0x0000, 0x0000, 0x0000, 0x0000, 0x0000, 0x0000, 0x0000, 0x0000,
  0x0000, 0x0000, 0x0000, 0x0000, 0x0000, 0x0000, 0x0000, 0x0000,
  0x0000, 0x0000, 0x0000, 0x0000, 0x0000, 0x0000, 0x0000, 0x0000,
  0x0000, 0x0000, 0x0000, 0x0000, 0x0000, 0x0000, 0x0000, 0x0000,
  0x0000, 0x0000, 0x0000, 0x0000, 0x0000, 0x0000, 0x0000, 0x0000,
  0x0000, 0x0000, 0x0000, 0x0000, 0x0000, 0x0000, 0x0000, 0x0000,
  0x0000, 0x0000, 0x0000, 0x0000, 0x0000, 0x0000, 0x0000, 0x0000,
  0x0000, 0x0000, 0x0000, 0x0000, 0x0000, 0x0000, 0x0000, 0x0000,
  0x0000, 0x0000, 0x0000, 0x0000, 0x0000, 0x0000, 0x0000, 0x0000,
  0x0000, 0x0000, 0x0000, 0x0FFF, 0x0FFF, 0x0000, 0x0000, 0x0000,
  0x0000, 0x0000, 0x0FFF, 0x0000, 0x8FFF, 0xDFFF, 0x0000, 0x0FFF,
  0x0000, 0x0000, 0x0000, 0x0000, 0x0000, 0x0000, 0x0000, 0x0000,
  0x0000, 0x0000, 0x0000, 0x0000, 0x0000, 0x0000, 0x0000, 0x0000,
  0x0000, 0x0000, 0x0000, 0x0000, 0x0000, 0x0000, 0x0000, 0x0000,
  0x0000, 0x0000, 0x0000, 0x0000, 0x0000, 0x0000, 0x0000, 0x0000,
  0x0000, 0x0000, 0x0000, 0x0000, 0x0000, 0x0000, 0x0000, 0x0000,
  0x0000, 0x0000, 0x0000, 0x0000, 0x0000, 0x0000, 0x0000, 0x0000,
  0x0000, 0x0000, 0x0000, 0x0000, 0x0000, 0x0000, 0x0000, 0x0000,
  0x0000, 0x0000, 0x0000, 0x0000, 0x0000, 0x0000, 0x0000, 0x0000,
  0x0000, 0x0000, 0x0000, 0x0000, 0x0000, 0x0000, 0x0000, 0x0000,
  0x0000, 0x0000, 0x0000, 0x0000, 0x0000, 0x0000, 0x0000, 0x0000,
  0x0000, 0x0000, 0x0000, 0x0000, 0x0000, 0x0000, 0x0000, 0x0000,
  0x0000, 0x0000, 0x0000, 0x0000, 0x0000, 0x0000, 0x0000, 0x0000,
  0x0000, 0x0000, 0x0000, 0x0000, 0x0000, 0x0000, 0x0000, 0x0000,
  0x0000, 0x0000, 0x0000, 0x0000, 0x0000, 0x0000, 0x0000, 0x0000,
  0x0FFF, 0x0000, 0x0000, 0x0000, 0x0000, 0x0000, 0x0000, 0x0000,
  0x0000, 0x0000, 0x0FFF, 0x0000, 0x2FFF, 0x3FFF, 0x0000, 0x0FFF,
  0x0000, 0x0000, 0x0000, 0x0000, 0x0000, 0x0000, 0x0000, 0x0000,
  0x0000, 0x0000, 0x0000, 0x0000, 0x0000, 0x0000, 0x0000, 0x0000,
  0x0000, 0x0000, 0x0000, 0x0000, 0x0000, 0x0000, 0x0000, 0x0000,
  0x0000, 0x0000, 0x0000, 0x0000, 0x0000, 0x0000, 0x0000, 0x0000,
  0x0000, 0x0000, 0x0000, 0x0000, 0x0000, 0x0000, 0x0000, 0x0000,
  0x0000, 0x0000, 0x0000, 0x0000, 0x0000, 0x0000, 0x0000, 0x0000,
  0x0000, 0x0000, 0x0000, 0x0000, 0x0000, 0x0000, 0x0000, 0x0000,
  0x0000, 0x0000, 0x0000, 0x0000, 0x0000, 0x0000, 0x0000, 0x0000,
  0x0000, 0x0000, 0x0000, 0x0000, 0x0000, 0x0000, 0x0000, 0x0000,
  0x0000, 0x0000, 0x0000, 0x0000, 0x0000, 0x0000, 0x0000, 0x0000,
  0x0000, 0x0000, 0x0000, 0x0000, 0x0000, 0x0000, 0x0000, 0x0000,
  0x0000, 0x0000, 0x0000, 0x0000, 0x0000, 0x0000, 0x0000, 0x0000,
  0x0000, 0x0000, 0x0000, 0x0000, 0x0000, 0x0000, 0x0000, 0x0000,
  0x0000, 0x0000, 0x0000, 0x0000, 0x0000, 0x0000, 0x0000, 0x0000,
  0x0000, 0x0FFF, 0x0000, 0x5FFF, 0x2FFF, 0x0000, 0x0FFF, 0x0000,
  0x0000, 0x0000, 0x0000, 0x0000, 0x0000, 0x0000, 0x0000, 0x0FFF,
  0x0000, 0x0000, 0x0000, 0x0000, 0x0000, 0x0000, 0x0000, 0x0000,
  0x0000, 0x0000, 0x0000, 0x0000, 0x0000, 0x0000, 0x0000, 0x0000,
  0x0000, 0x0000, 0x0000, 0x0000, 0x0000, 0x0000, 0x0000, 0x0000,
  0x0000, 0x0000, 0x0000, 0x0000, 0x0000, 0x0000, 0x0000, 0x0000,
  0x0000, 0x0000, 0x0000, 0x0000, 0x0000, 0x0000, 0x0000, 0x0000,
  0x0000, 0x0000, 0x0000, 0x0000, 0x0000, 0x0000, 0x0000, 0x0000,
  0x0000, 0x0000, 0x0000, 0x0000, 0x0000, 0x0000, 0x0000, 0x0000,
  0x0000, 0x0000, 0x0000, 0x0000, 0x0000, 0x0000, 0x0000, 0x0000,
  0x0000, 0x0000, 0x0000, 0x0000, 0x0000, 0x0000, 0x0000, 0x0000,
  0x0000, 0x0000, 0x0000, 0x0000, 0x0000, 0x0000, 0x0000, 0x0000,
  0x0000, 0x0000, 0x0000, 0x0000, 0x0000, 0x0000, 0x0000, 0x0000,
  0x0000, 0x0000, 0x0000, 0x0000, 0x0000, 0x0000, 0x0000, 0x0000,
  0x0000, 0x0000, 0x0000, 0x0000, 0x0000, 0x0000, 0x0000, 0x0000,
  0x0000, 0x0000, 0x0000, 0x0000, 0x0000, 0x0000, 0x0000, 0x0000,
  0x0000, 0x0FFF, 0x0000, 0x4FFF, 0x2FFF, 0x0000, 0x0FFF, 0x0000,
  0x0000, 0x0000, 0x0000, 0x0000, 0x0FFF, 0x0FFF, 0x0000, 0x0000,
  0x0000, 0x0000, 0x0000, 0x0000, 0x0000, 0x0000, 0x0000, 0x0000,
  0x0000, 0x0000, 0x0000, 0x0000, 0x0000, 0x0000, 0x0000, 0x0000,
  0x0000, 0x0000, 0x0000, 0x0000, 0x0000, 0x0000, 0x0000, 0x0000,
  0x0000, 0x0000, 0x0000, 0x0000, 0x0000, 0x0000, 0x0000, 0x0000,
  0x0000, 0x0000, 0x0000, 0x0000, 0x0000, 0x0000, 0x0000, 0x0000,
  0x0000, 0x0000, 0x0000, 0x0000, 0x0000, 0x0000, 0x0000, 0x0000,
  0x0000, 0x0000, 0x0000, 0x0000, 0x0000, 0x0000, 0x0000, 0x0000,
  0x0000, 0x0000, 0x0000, 0x0000, 0x0000, 0x0000, 0x0000, 0x0000,
  0x0000, 0x0000, 0x0000, 0x0000, 0x0000, 0x0000, 0x0000, 0x0000,
  0x0000, 0x0000, 0x0000, 0x0000, 0x0000, 0x0000, 0x0000, 0x0000,
  0x0000, 0x0000, 0x0000, 0x0000, 0x0000, 0x0000, 0x0000, 0x0000,
  0x0000, 0x0000, 0x0000, 0x0000, 0x0000, 0x0000, 0x0000, 0x0000,
  0x0000, 0x0000, 0x0000, 0x0000, 0x0000, 0x0000, 0x0000, 0x0000,
  0x0000, 0x0000, 0x0000, 0x0000, 0x0000, 0x0000, 0x0000, 0x0000,
  0x0000, 0x0000, 0x0000, 0x0000, 0x0000, 0x0000, 0x0000, 0x0000,
  0x0000, 0x0000, 0x0000, 0x0000, 0x0000, 0x0000, 0x0FFF, 0x1FFF,
  0x0000, 0x0000, 0x0000, 0x0000, 0x0000, 0x0000, 0x0000, 0x0000,
  0x0000, 0x0000, 0x0000, 0x0000, 0x0000, 0x0000, 0x0000, 0x0000,
  0x0000, 0x0000, 0x0000, 0x0000, 0x0000, 0x0000, 0x0000, 0x0000,
  0x0000, 0x0000, 0x0000, 0x0000, 0x0000, 0x0000, 0x0000, 0x0000,
  0x0000, 0x0000, 0x0000, 0x0000, 0x0000, 0x0000, 0x0000, 0x0000,
  0x0000, 0x0000, 0x0000, 0x0000, 0x0000, 0x0000, 0x0000, 0x0000,
  0x0000, 0x0000, 0x0000, 0x0000, 0x0000, 0x0000, 0x0000, 0x0000,
  0x0000, 0x0000, 0x0000, 0x0000, 0x0000, 0x0000, 0x0000, 0x0000,
  0x0000, 0x0000, 0x0000, 0x0000, 0x0000, 0x0000, 0x0000, 0x0000,
  0x0000, 0x0000, 0x0000, 0x0000, 0x0000, 0x0000, 0x0000, 0x0000,
  0x0000, 0x0000, 0x0000, 0x0000, 0x0000, 0x0000, 0x0000, 0x0000,
  0x0000, 0x0000, 0x0000, 0x0000, 0x0000, 0x0000, 0x0000, 0x0000,
  0x0000, 0x0000, 0x0000, 0x0000, 0x0000, 0x0000, 0x0000, 0x0000,
  0x0000, 0x0000, 0x0000, 0x0000, 0x0000, 0x0000, 0x0000, 0x0000,
  0x0000, 0x0000, 0x0000, 0x0FFF, 0x0FFF, 0x0000, 0x0000, 0x0000,
  0x0000, 0x0000, 0x0000, 0x0000, 0x0FFF, 0x0000, 0x1FFF, 0x9FFF,
  0x0000, 0x0000, 0x0000, 0x0000, 0x0000, 0x0000, 0x0000, 0x0000,
  0x0000, 0x0000, 0x0000, 0x0000, 0x0000, 0x0000, 0x0000, 0x0000,
  0x0000, 0x0000, 0x0000, 0x0000, 0x0000, 0x0000, 0x0000, 0x0000,
  0x0000, 0x0000, 0x0000, 0x0000, 0x0000, 0x0000, 0x0000, 0x0000,
  0x0000, 0x0000, 0x0000, 0x0000, 0x0000, 0x0000, 0x0000, 0x0000,
  0x0000, 0x0000, 0x0000, 0x0000, 0x0000, 0x0000, 0x0000, 0x0000,
  0x0000, 0x0000, 0x0000, 0x0000, 0x0000, 0x0000, 0x0000, 0x0000,
  0x0000, 0x0000, 0x0000, 0x0000, 0x0000, 0x0000, 0x0000, 0x0000,
  0x0000, 0x0000, 0x0000, 0x0000, 0x0000, 0x0000, 0x0000, 0x0000,
  0x0000, 0x0000, 0x0000, 0x0000, 0x0000, 0x0000, 0x0000, 0x0000,
  0x0000, 0x0000, 0x0000, 0x0000, 0x0000, 0x0000, 0x0000, 0x0000,
  0x0000, 0x0000, 0x0000, 0x0000, 0x0000, 0x0000, 0x0000, 0x0000,
  0x0000, 0x0000, 0x0000, 0x0000, 0x0000, 0x0000, 0x0000, 0x0000,
  0x0000, 0x0000, 0x0000, 0x0000, 0x0000, 0x0000, 0x0000, 0x0000,
};
static const shapoco::gfx2d::Texture atlas = {
  shapoco::gfx2d::PixelFormat::ARGB4444, 128, 492, 256, atlasData,
};

static const shapoco::gfx2d::rig::Attachment attachments_bracelet_red_b[] = {
  {&atlas, {52, 433, 6, 18}, {-0.1814186f, 0.9834059f, -1.010723f, -0.186458f, 10.20199f, -1.041458f}},
};

static const shapoco::gfx2d::rig::Attachment attachments_bracelet_green_b[] = {
  {&atlas, {106, 454, 18, 15}, {0.7108439f, 0.6632624f, -0.6822128f, 0.7311537f, -0.6730115f, -11.51829f}},
};

static const shapoco::gfx2d::rig::Attachment attachments_bracelet_blue_b[] = {
  {&atlas, {74, 454, 16, 16}, {0.677147f, 0.7358478f, -0.7358478f, 0.677147f, -0.1233314f, -10.97916f}},
};

static const shapoco::gfx2d::rig::Attachment attachments_r_arm[] = {
  {&atlas, {47, 292, 58, 38}, {-0.8521817f, 0.5065761f, -0.5042576f, -0.8482816f, 81.00131f, 0.5931063f}},
};

static const shapoco::gfx2d::rig::Attachment attachments_r_hand[] = {
  {&atlas, {50, 372, 30, 32}, {-0.947231f, 0.3692757f, -0.3575466f, -0.9171448f, 33.51299f, 7.723619f}},
};

static const shapoco::gfx2d::rig::Attachment attachments_bracelet_red_f[] = {
  {&atlas, {58, 433, 6, 18}, {-0.1965368f, 1.065356f, -1.010723f, -0.186458f, 10.65553f, -3.499972f}},
};

static const shapoco::gfx2d::rig::Attachment attachments_bracelet_green_f[] = {
  {&atlas, {56, 454, 18, 16}, {0.7311537f, 0.6822128f, -0.6608936f, 0.7083051f, -0.7827592f, -12.13358f}},
};

static const shapoco::gfx2d::rig::Attachment attachments_bracelet_blue_f[] = {
  {&atlas, {90, 454, 16, 16}, {0.6983079f, 0.758843f, -0.758843f, 0.6983079f, -0.3202687f, -11.56236f}},
};

static const shapoco::gfx2d::rig::Attachment attachments_hoodie_b[] = {
  {&atlas, {0, 433, 52, 21}, {-0.9902582f, -0.1967536f, 0.1948798f, -0.9808272f, 54.62814f, 13.56855f}},
};

static const shapoco::gfx2d::rig::Attachment attachments_r_sleeve[] = {
  {&atlas, {80, 372, 44, 30}, {-0.8450779f, 0.5130743f, -0.5276212f, -0.8690379f, 39.61541f, -1.68524f}},
};

static const shapoco::gfx2d::rig::Attachment attachments_hood_b[] = {
  {&atlas, {63, 244, 40, 46}, {1.008278f, -0.09236735f, 0.09122701f, 0.9958301f, -17.29933f, -33.73123f}},
};

static const shapoco::gfx2d::rig::Attachment attachments_shirt_b[] = {
  {&atlas, {0, 195, 56, 49}, {0.5211669f, 0.8429754f, -0.8505698f, 0.5258622f, 11.47114f, -43.08257f}},
};

static const shapoco::gfx2d::rig::Attachment attachments_r_pants_b[] = {
  {&atlas, {26, 372, 24, 34}, {-1.020184f, -0.03641359f, 0.03567045f, -0.9993636f, 61.20143f, 12.79124f}},
};

static const shapoco::gfx2d::rig::Attachment attachments_r_leg[] = {
  {&atlas, {0, 137, 88, 58}, {-0.7810955f, -0.615271f, 0.6241212f, -0.792331f, 56.0597f, 52.53111f}},
};

static const shapoco::gfx2d::rig::Attachment attachments_r_pants_f[] = {
  {&atlas, {0, 372, 26, 34}, {-1.018582f, -0.03635642f, 0.03567045f, -0.9993636f, 58.3885f, 12.75338f}},
};

static const shapoco::gfx2d::rig::Attachment attachments_l_pants_b[] = {
  {&atlas, {39, 244, 24, 48}, {-0.9906567f, 0.1363796f, -0.1363796f, -0.9906567f, 44.24423f, 10.76658f}},
};

static const shapoco::gfx2d::rig::Attachment attachments_l_leg[] = {
  {&atlas, {0, 0, 68, 73}, {-0.5540131f, -0.841326f, 0.8351849f, -0.5499692f, 28.47796f, 53.34956f}},
};

static const shapoco::gfx2d::rig::Attachment attachments_l_pants_f[] = {
  {&atlas, {0, 244, 39, 48}, {-0.9906567f, 0.1363796f, -0.1349589f, -0.9803373f, 35.30275f, 11.80824f}},
};

static const shapoco::gfx2d::rig::Attachment attachments_rope[] = {
  {&atlas, {26, 292, 21, 40}, {-0.2433814f, -0.9699306f, 0.9699306f, -0.2433814f, 7.423141f, 15.69015f}},
};

static const shapoco::gfx2d::rig::Attachment attachments_hair_back_b[] = {
  {&atlas, {26, 406, 18, 26}, {-0.3138118f, -0.9494852f, 0.9312258f, -0.307777f, 4.888633f, 11.28602f}},
};

static const shapoco::gfx2d::rig::Attachment attachments_hair_side_b[] = {
  {&atlas, {78, 334, 42, 34}, {-0.8691413f, -0.518213f, 0.5121163f, -0.8589161f, 30.3486f, 18.82257f}},
};

static const shapoco::gfx2d::rig::Attachment attachments_hair_back_f[] = {
  {&atlas, {56, 195, 43, 48}, {0.5656451f, -0.8246488f, 0.8332389f, 0.5715373f, -8.02719f, 10.94037f}},
};

static const shapoco::gfx2d::rig::Attachment attachments_face_skin[] = {
  {&atlas, {48, 334, 30, 35}, {0.05197488f, 1.015337f, -0.9986924f, 0.05112283f, 29.59637f, -17.45463f}},
};

static const shapoco::gfx2d::rig::Attachment attachments_shirt_f[] = {
  {&atlas, {68, 0, 46, 67}, {0.531578f, 0.8598151f, -0.8505698f, 0.5258622f, 19.01139f, -24.23067f}},
};

static const shapoco::gfx2d::rig::Attachment attachments_tie_b[] = {
  {&atlas, {64, 433, 41, 17}, {-0.948699f, -0.3161806f, 0.3161806f, -0.948699f, 36.95591f, 14.95177f}},
};

static const shapoco::gfx2d::rig::Attachment attachments_tie_f[] = {
  {&atlas, {0, 470, 55, 14}, {-0.9932733f, -0.1157936f, 0.1157936f, -0.9932733f, 53.41886f, 9.795212f}},
};

static const shapoco::gfx2d::rig::Attachment attachments_hair_aho[] = {
  {&atlas, {75, 470, 16, 12}, {-0.87132f, 0.4907152f, -0.4907152f, -0.87132f, 19.48901f, 2.165036f}},
};

static const shapoco::gfx2d::rig::Attachment attachments_hair_front_b[] = {
  {&atlas, {74, 406, 24, 22}, {-0.6768683f, -0.7361042f, 0.7193745f, -0.6614849f, 12.8524f, 15.44533f}},
};

static const shapoco::gfx2d::rig::Attachment attachments_hair_front_f[] = {
  {&atlas, {0, 406, 26, 27}, {0.1892103f, -0.9819366f, 0.9819366f, 0.1892103f, -2.267465f, 9.256937f}},
};

static const shapoco::gfx2d::rig::Attachment attachments_eyes_back[] = {
  {&atlas, {55, 470, 20, 12}, {0.05240091f, 1.02366f, -0.9570802f, 0.04899272f, 17.9512f, -15.10623f}},
};

static const shapoco::gfx2d::rig::Attachment attachments_iris[] = {
  {&atlas, {99, 470, 17, 9}, {0.05112283f, 0.9986924f, -0.9986924f, 0.05112283f, 15.61593f, -13.04665f}},
};

static const shapoco::gfx2d::rig::Attachment attachments_eye_highlight[] = {
  {&atlas, {0, 484, 16, 8}, {0.04952525f, 0.9674832f, -1.061111f, 0.05431801f, 15.19179f, -12.77461f}},
};

static const shapoco::gfx2d::rig::Attachment attachments_eyelashes_open[] = {
  {&atlas, {30, 454, 26, 16}, {0.05210596f, 1.017898f, -0.9674832f, 0.04952525f, 21.98624f, -18.19155f}},
};

static const shapoco::gfx2d::rig::Attachment attachments_mouth_nose[] = {
  {&atlas, {91, 470, 8, 10}, {0.04792766f, 0.9362741f, -0.9487578f, 0.04856669f, 9.796315f, -9.369317f}},
};

static const shapoco::gfx2d::rig::Attachment attachments_hair_side_f[] = {
  {&atlas, {0, 292, 26, 42}, {-0.5018577f, -0.842643f, 0.8693935f, -0.5177897f, 4.736811f, 23.94178f}},
};

static const shapoco::gfx2d::rig::Attachment attachments_l_hoodie[] = {
  {&atlas, {0, 73, 62, 64}, {-0.3131635f, -0.9581872f, 0.9579477f, -0.3130852f, 8.589206f, 34.79057f}},
};

static const shapoco::gfx2d::rig::Attachment attachments_hood_f[] = {
  {&atlas, {0, 334, 48, 38}, {0.9854569f, -0.09027673f, 0.09002665f, 0.9827271f, -5.477547f, -15.6719f}},
};

static const shapoco::gfx2d::rig::Attachment attachments_l_sleeve_b[] = {
  {&atlas, {44, 406, 30, 22}, {-0.1901165f, -0.9647799f, 0.981132f, -0.1933388f, 4.977708f, 13.84891f}},
};

static const shapoco::gfx2d::rig::Attachment attachments_l_arm[] = {
  {&atlas, {88, 137, 22, 51}, {-0.03849943f, -0.9992586f, 0.9992586f, -0.03849943f, 1.524849f, 11.16832f}},
};

static const shapoco::gfx2d::rig::Attachment attachments_l_hand[] = {
  {&atlas, {62, 73, 52, 60}, {0.5647575f, -0.813579f, 0.8146321f, 0.5654885f, -12.76768f, 4.078747f}},
};

static const shapoco::gfx2d::rig::Attachment attachments_l_sleeve_f[] = {
  {&atlas, {0, 454, 30, 16}, {-0.1901165f, -0.9647799f, 0.981132f, -0.1933388f, 2.586192f, 14.32018f}},
};

static const shapoco::gfx2d::rig::Bone bones[] = {
  {"root", 0.0f, 0.0f, 0, 0, 4096, 4096, 0xFF},
  {"upper", 20.8625f, 4.0375f, -10608, -10608, 4096, 4096, 0},
  {"l_lower", 19.425f, 9.8875f, -31341, -31341, 4096, 4096, 0},
  {"r_lower", 19.24375f, 10.4125f, 32396, 32396, 4096, 4096, 0},
  {"rope", 25.775f, 12.18125f, 18948, 18948, 4096, 4096, 0},
  {"r_leg", 55.29734f, 0.01f, -6587, -6587, 4096, 4096, 3},
  {"tie_f", 23.50785f, -3.563075f, -23370, -23370, 4096, 4096, 1},
  {"head", 33.62129f, -0.219175f, -5242, -5242, 4096, 4096, 1},
  {"r_sleeve", 23.97371f, -0.052175f, -16468, -16468, 4096, 4096, 1},
  {"l_hoodie", 32.51801f, 13.6967f, 30274, 30274, 4096, 4096, 1},
  {"l_arm", 30.26369f, 12.57006f, 27394, 27394, 4096, 4096, 1},
  {"l_leg", 33.3606f, 0.2211f, -11737, -11737, 4096, 4096, 2},
  {"tie_b", 22.62778f, -3.64355f, -25515, -25515, 4096, 4096, 1},
  {"hoodie_b", 17.29704f, -3.8749f, -24205, -24205, 4096, 4096, 1},
  {"r_arm", 24.04146f, -0.3585875f, -16566, -16566, 4096, 4096, 1},
  {"l_sleeve_f", 32.93084f, 15.71935f, 29022, 29022, 4096, 4096, 1},
  {"hood", 32.20523f, 13.71373f, 11561, 11561, 4096, 4096, 1},
  {"hair_back_f", 33.70296f, 0.296125f, 25964, 25964, 4096, 4096, 7},
  {"bracelet_blue_b", 41.98641f, 1.572788f, 18549, 18549, 4096, 4096, 14},
  {"r_hand", 74.51758f, -0.198775f, -1717, -1717, 4096, 4096, 14},
  {"hair_side_b", 33.16809f, -1.4726f, -22525, -22525, 4096, 4096, 7},
  {"bracelet_red_b", 57.82739f, -0.71835f, 8887, 8887, 4096, 4096, 14},
  {"l_hand", 36.09831f, 0.072775f, -6731, -6731, 4096, 4096, 10},
  {"bracelet_green_b", 51.40154f, -3.871313f, 19343, 19343, 4096, 4096, 14},
  {"hair_front_f", 33.0009f, -0.3375625f, 30249, 30249, 4096, 4096, 7},
  {"hair_front_b", 31.54614f, -2.7163f, -25546, -25546, 4096, 4096, 7},
  {"hair_aho", 32.70718f, -1.6743f, -11568, -11568, 4096, 4096, 7},
  {"hair_back_b", 18.45215f, -4.672f, -7447, -7447, 4096, 4096, 20},
  {"hair_side_f", 18.44335f, -6.668112f, 11874, 11874, 4096, 4096, 17},
};

static const shapoco::gfx2d::rig::Slot slots[] = {
  {"bracelet_red_b", attachments_bracelet_red_b, 1, 0, 21, 255, shapoco::gfx2d::BlendMode::ALPHA},
  {"bracelet_green_b", attachments_bracelet_green_b, 1, 0, 23, 255, shapoco::gfx2d::BlendMode::ALPHA},
  {"bracelet_blue_b", attachments_bracelet_blue_b, 1, 0, 18, 255, shapoco::gfx2d::BlendMode::ALPHA},
  {"r_arm", attachments_r_arm, 1, 0, 14, 255, shapoco::gfx2d::BlendMode::ALPHA},
  {"r_hand", attachments_r_hand, 1, 0, 19, 255, shapoco::gfx2d::BlendMode::ALPHA},
  {"bracelet_red_f", attachments_bracelet_red_f, 1, 0, 21, 255, shapoco::gfx2d::BlendMode::ALPHA},
  {"bracelet_green_f", attachments_bracelet_green_f, 1, 0, 23, 255, shapoco::gfx2d::BlendMode::ALPHA},
  {"bracelet_blue_f", attachments_bracelet_blue_f, 1, 0, 18, 255, shapoco::gfx2d::BlendMode::ALPHA},
  {"hoodie_b", attachments_hoodie_b, 1, 0, 13, 255, shapoco::gfx2d::BlendMode::ALPHA},
  {"r_sleeve", attachments_r_sleeve, 1, 0, 8, 255, shapoco::gfx2d::BlendMode::ALPHA},
  {"hood_b", attachments_hood_b, 1, 0, 16, 255, shapoco::gfx2d::BlendMode::ALPHA},
  {"shirt_b", attachments_shirt_b, 1, 0, 1, 255, shapoco::gfx2d::BlendMode::ALPHA},
  {"r_pants_b", attachments_r_pants_b, 1, 0, 3, 255, shapoco::gfx2d::BlendMode::ALPHA},
  {"r_leg", attachments_r_leg, 1, 0, 5, 255, shapoco::gfx2d::BlendMode::ALPHA},
  {"r_pants_f", attachments_r_pants_f, 1, 0, 3, 255, shapoco::gfx2d::BlendMode::ALPHA},
  {"l_pants_b", attachments_l_pants_b, 1, 0, 2, 255, shapoco::gfx2d::BlendMode::ALPHA},
  {"l_leg", attachments_l_leg, 1, 0, 11, 255, shapoco::gfx2d::BlendMode::ALPHA},
  {"l_pants_f", attachments_l_pants_f, 1, 0, 2, 255, shapoco::gfx2d::BlendMode::ALPHA},
  {"rope", attachments_rope, 1, 0, 4, 255, shapoco::gfx2d::BlendMode::ALPHA},
  {"hair_back_b", attachments_hair_back_b, 1, 0, 27, 255, shapoco::gfx2d::BlendMode::ALPHA},
  {"hair_side_b", attachments_hair_side_b, 1, 0, 20, 255, shapoco::gfx2d::BlendMode::ALPHA},
  {"hair_back_f", attachments_hair_back_f, 1, 0, 17, 255, shapoco::gfx2d::BlendMode::ALPHA},
  {"face_skin", attachments_face_skin, 1, 0, 7, 255, shapoco::gfx2d::BlendMode::ALPHA},
  {"shirt_f", attachments_shirt_f, 1, 0, 1, 255, shapoco::gfx2d::BlendMode::ALPHA},
  {"tie_b", attachments_tie_b, 1, 0, 12, 255, shapoco::gfx2d::BlendMode::ALPHA},
  {"tie_f", attachments_tie_f, 1, 0, 6, 255, shapoco::gfx2d::BlendMode::ALPHA},
  {"hair_aho", attachments_hair_aho, 1, 0, 26, 255, shapoco::gfx2d::BlendMode::ALPHA},
  {"hair_front_b", attachments_hair_front_b, 1, 0, 25, 255, shapoco::gfx2d::BlendMode::ALPHA},
  {"hair_front_f", attachments_hair_front_f, 1, 0, 24, 255, shapoco::gfx2d::BlendMode::ALPHA},
  {"eyes_back", attachments_eyes_back, 1, 0, 7, 255, shapoco::gfx2d::BlendMode::ALPHA},
  {"iris", attachments_iris, 1, 0, 7, 255, shapoco::gfx2d::BlendMode::ALPHA},
  {"eye_highlight", attachments_eye_highlight, 1, 0, 7, 255, shapoco::gfx2d::BlendMode::ALPHA},
  {"eyelashes_open", attachments_eyelashes_open, 1, 0, 7, 255, shapoco::gfx2d::BlendMode::ALPHA},
  {"mouth_nose", attachments_mouth_nose, 1, 0, 7, 255, shapoco::gfx2d::BlendMode::ALPHA},
  {"hair_side_f", attachments_hair_side_f, 1, 0, 28, 255, shapoco::gfx2d::BlendMode::ALPHA},
  {"l_hoodie", attachments_l_hoodie, 1, 0, 9, 255, shapoco::gfx2d::BlendMode::ALPHA},
  {"hood_f", attachments_hood_f, 1, 0, 16, 255, shapoco::gfx2d::BlendMode::ALPHA},
  {"l_sleeve_b", attachments_l_sleeve_b, 1, 0, 15, 255, shapoco::gfx2d::BlendMode::ALPHA},
  {"l_arm", attachments_l_arm, 1, 0, 10, 255, shapoco::gfx2d::BlendMode::ALPHA},
  {"l_hand", attachments_l_hand, 1, 0, 22, 255, shapoco::gfx2d::BlendMode::ALPHA},
  {"l_sleeve_f", attachments_l_sleeve_f, 1, 0, 15, 255, shapoco::gfx2d::BlendMode::ALPHA},
};

static const shapoco::gfx2d::rig::Armature armature = {
  "Armature", bones, slots, 29, 41,
  false, 0x00000000u,
  {-112.75f, -73.875f, 205.75f, 146.5f},
  0x1F5953C9u,
};

// animation "animtion0": 84 frames at 24 fps
static const shapoco::gfx2d::rig::Curve anim_animtion0_curves[] = {
  {{0, 90, 383, 917, 1735, 2878, 4370, 6181, 8192, 10203, 12014, 13506, 14649, 15467, 16001, 16294, 16384}},
};
static const shapoco::gfx2d::rig::RotateKey anim_animtion0_bone1_rotate[] = {
  {0, 0xFE, 0, 0, 0},
  {24, 0x00, 0, -181, -181},
  {48, 0x00, 0, 1093, 1093},
  {72, 0xFE, 0, -181, -181},
};
static const shapoco::gfx2d::rig::RotateKey anim_animtion0_bone2_rotate[] = {
  {0, 0xFE, 0, 0, 0},
  {24, 0x00, 0, -333, -333},
  {48, 0x00, 0, -1790, -1790},
  {72, 0xFE, 0, -333, -333},
};
static const shapoco::gfx2d::rig::RotateKey anim_animtion0_bone3_rotate[] = {
  {0, 0xFE, 0, 0, 0},
  {12, 0x00, 0, 0, 0},
  {36, 0x00, 0, 372, 372},
  {60, 0x00, 0, 0, 0},
  {84, 0xFE, 0, 372, 372},
};
static const shapoco::gfx2d::rig::RotateKey anim_animtion0_bone4_rotate[] = {
  {0, 0xFE, 0, 0, 0},
  {12, 0x00, 0, -5097, -5097},
  {36, 0x00, 0, 1093, 1093},
  {60, 0x00, 0, -5097, -5097},
  {84, 0xFE, 0, 1093, 1093},
};
static const shapoco::gfx2d::rig::RotateKey anim_animtion0_bone5_rotate[] = {
  {0, 0xFE, 0, 0, 0},
  {24, 0x00, 0, 0, 0},
  {48, 0x00, 0, 2003, 2003},
  {72, 0xFE, 0, 0, 0},
};
static const shapoco::gfx2d::rig::RotateKey anim_animtion0_bone6_rotate[] = {
  {0, 0xFE, 0, 0, 0},
  {12, 0x00, 0, 1092, 1092},
  {36, 0x00, 0, -1639, -1639},
  {60, 0x00, 0, 1092, 1092},
  {84, 0xFE, 0, -1639, -1639},
};
static const shapoco::gfx2d::rig::RotateKey anim_animtion0_bone7_rotate[] = {
  {0, 0xFE, 0, 0, 0},
  {12, 0x00, 0, -183, -183},
  {36, 0x00, 0, 1274, 1274},
  {60, 0x00, 0, -183, -183},
  {84, 0xFE, 0, 1274, 1274},
};
static const shapoco::gfx2d::rig::RotateKey anim_animtion0_bone8_rotate[] = {
  {0, 0xFE, 0, 0, 0},
  {12, 0x00, 0, 1, 1},
  {36, 0x00, 0, -1092, -1092},
  {60, 0x00, 0, 1, 1},
  {84, 0xFE, 0, -1092, -1092},
};
static const shapoco::gfx2d::rig::RotateKey anim_animtion0_bone9_rotate[] = {
  {0, 0xFE, 0, 0, 0},
  {12, 0x00, 0, 0, 0},
  {36, 0x00, 0, 1638, 1638},
  {60, 0x00, 0, 0, 0},
  {84, 0xFE, 0, 1638, 1638},
};
static const shapoco::gfx2d::rig::RotateKey anim_animtion0_bone10_rotate[] = {
  {0, 0xFE, 0, 0, 0},
  {12, 0x00, 0, -2731, -2731},
  {36, 0x00, 0, -364, -364},
  {60, 0x00, 0, -2731, -2731},
  {84, 0xFE, 0, -364, -364},
};
static const shapoco::gfx2d::rig::RotateKey anim_animtion0_bone11_rotate[] = {
  {0, 0xFE, 0, 0, 0},
  {12, 0x00, 0, 0, 0},
  {36, 0x00, 0, 2030, 2030},
  {60, 0x00, 0, 0, 0},
  {84, 0xFE, 0, 2030, 2030},
};
static const shapoco::gfx2d::rig::RotateKey anim_animtion0_bone12_rotate[] = {
  {0, 0xFE, 0, 0, 0},
  {24, 0x00, 0, -364, -364},
  {48, 0x00, 0, -2913, -2913},
  {72, 0xFE, 0, -364, -364},
};
static const shapoco::gfx2d::rig::RotateKey anim_animtion0_bone13_rotate[] = {
  {0, 0xFE, 0, 0, 0},
  {24, 0x00, 0, -727, -727},
  {48, 0x00, 0, 1093, 1093},
  {72, 0xFE, 0, -727, -727},
};
static const shapoco::gfx2d::rig::RotateKey anim_animtion0_bone14_rotate[] = {
  {0, 0xFE, 0, 0, 0},
  {12, 0x00, 0, 546, 546},
  {36, 0x00, 0, -1093, -1093},
  {60, 0x00, 0, 546, 546},
  {84, 0xFE, 0, -1093, -1093},
};
static const shapoco::gfx2d::rig::RotateKey anim_animtion0_bone15_rotate[] = {
  {0, 0xFE, 0, 0, 0},
  {12, 0x00, 0, -364, -364},
  {36, 0x00, 0, 3746, 3746},
  {60, 0x00, 0, -364, -364},
  {84, 0xFE, 0, 3746, 3746},
};
static const shapoco::gfx2d::rig::RotateKey anim_animtion0_bone16_rotate[] = {
  {0, 0xFE, 0, 0, 0},
  {24, 0x00, 0, -2366, -2366},
  {48, 0x00, 0, 0, 0},
  {72, 0xFE, 0, -2366, -2366},
};
static const shapoco::gfx2d::rig::RotateKey anim_animtion0_bone17_rotate[] = {
  {0, 0xFE, 0, 0, 0},
  {12, 0x00, 0, -911, -911},
  {36, 0x00, 0, 364, 364},
  {60, 0x00, 0, -911, -911},
  {84, 0xFE, 0, 364, 364},
};
static const shapoco::gfx2d::rig::TranslateKey anim_animtion0_bone18_translate[] = {
  {0, 0xFE, 0, 0.0f, 0.0f},
  {24, 0x00, 0, 1.273638f, -4.8222f},
  {48, 0x00, 0, 1.589962f, -0.5818375f},
  {72, 0xFE, 0, 1.273638f, -4.8222f},
};
static const shapoco::gfx2d::rig::RotateKey anim_animtion0_bone18_rotate[] = {
  {0, 0xFE, 0, 0, 0},
  {24, 0x00, 0, 0, 0},
  {48, 0x00, 0, -7464, -7464},
  {72, 0xFE, 0, 0, 0},
};
static const shapoco::gfx2d::rig::RotateKey anim_animtion0_bone19_rotate[] = {
  {0, 0xFE, 0, 0, 0},
  {24, 0x00, 0, 2003, 2003},
  {48, 0x00, 0, -1092, -1092},
  {72, 0xFE, 0, 2003, 2003},
};
static const shapoco::gfx2d::rig::RotateKey anim_animtion0_bone20_rotate[] = {
  {0, 0xFE, 0, 0, 0},
  {24, 0x00, 0, -365, -365},
  {48, 0x00, 0, -2367, -2367},
  {72, 0xFE, 0, -365, -365},
};
static const shapoco::gfx2d::rig::TranslateKey anim_animtion0_bone21_translate[] = {
  {0, 0xFE, 0, 0.0f, 0.0f},
  {24, 0x00, 0, 0.0f, 0.0f},
  {48, 0x00, 0, 6.368863f, -5.182175f},
  {72, 0xFE, 0, 0.0f, 0.0f},
};
static const shapoco::gfx2d::rig::RotateKey anim_animtion0_bone21_rotate[] = {
  {0, 0xFE, 0, 0, 0},
  {24, 0x00, 0, 0, 0},
  {48, 0x00, 0, 6372, 6372},
  {72, 0xFE, 0, 0, 0},
};
static const shapoco::gfx2d::rig::RotateKey anim_animtion0_bone22_rotate[] = {
  {0, 0xFE, 0, 0, 0},
  {24, 0x00, 0, -181, -181},
  {48, 0x00, 0, 2913, 2913},
  {72, 0xFE, 0, -181, -181},
};
static const shapoco::gfx2d::rig::TranslateKey anim_animtion0_bone23_translate[] = {
  {0, 0xFE, 0, 0.0f, 0.0f},
  {12, 0x00, 0, 0.0f, 0.0f},
  {36, 0x00, 0, 0.963725f, 4.821212f},
  {60, 0x00, 0, 0.0f, 0.0f},
  {84, 0xFE, 0, 0.963725f, 4.821212f},
};
static const shapoco::gfx2d::rig::RotateKey anim_animtion0_bone23_rotate[] = {
  {0, 0xFE, 0, 0, 0},
  {12, 0x00, 0, 545, 545},
  {36, 0x00, 0, -5826, -5826},
  {60, 0x00, 0, 545, 545},
  {84, 0xFE, 0, -5826, -5826},
};
static const shapoco::gfx2d::rig::RotateKey anim_animtion0_bone24_rotate[] = {
  {0, 0xFE, 0, 0, 0},
  {24, 0x00, 0, 1820, 1820},
  {48, 0x00, 0, -212, -212},
  {72, 0xFE, 0, 1820, 1820},
};
static const shapoco::gfx2d::rig::RotateKey anim_animtion0_bone25_rotate[] = {
  {0, 0xFE, 0, 0, 0},
  {12, 0x00, 0, 1092, 1092},
  {36, 0x00, 0, -910, -910},
  {60, 0x00, 0, 1092, 1092},
  {84, 0xFE, 0, -910, -910},
};
static const shapoco::gfx2d::rig::RotateKey anim_animtion0_bone26_rotate[] = {
  {0, 0xFE, 0, 0, 0},
  {12, 0x00, 0, 5826, 5826},
  {36, 0x00, 0, -1820, -1820},
  {60, 0x00, 0, 5826, 5826},
  {84, 0xFE, 0, -1820, -1820},
};
static const shapoco::gfx2d::rig::RotateKey anim_animtion0_bone27_rotate[] = {
  {0, 0xFE, 0, 0, 0},
  {12, 0x00, 0, -911, -911},
  {36, 0x00, 0, 2184, 2184},
  {60, 0x00, 0, -911, -911},
  {84, 0xFE, 0, 2184, 2184},
};
static const shapoco::gfx2d::rig::RotateKey anim_animtion0_bone28_rotate[] = {
  {0, 0xFE, 0, 0, 0},
  {24, 0x00, 0, -911, -911},
  {48, 0x00, 0, 545, 545},
  {72, 0xFE, 0, -911, -911},
};
static const shapoco::gfx2d::rig::BoneTimeline anim_animtion0_boneTimelines[] = {
  {anim_animtion0_bone1_rotate, 4, 1, shapoco::gfx2d::rig::Channel::ROTATE},
  {anim_animtion0_bone2_rotate, 4, 2, shapoco::gfx2d::rig::Channel::ROTATE},
  {anim_animtion0_bone3_rotate, 5, 3, shapoco::gfx2d::rig::Channel::ROTATE},
  {anim_animtion0_bone4_rotate, 5, 4, shapoco::gfx2d::rig::Channel::ROTATE},
  {anim_animtion0_bone5_rotate, 4, 5, shapoco::gfx2d::rig::Channel::ROTATE},
  {anim_animtion0_bone6_rotate, 5, 6, shapoco::gfx2d::rig::Channel::ROTATE},
  {anim_animtion0_bone7_rotate, 5, 7, shapoco::gfx2d::rig::Channel::ROTATE},
  {anim_animtion0_bone8_rotate, 5, 8, shapoco::gfx2d::rig::Channel::ROTATE},
  {anim_animtion0_bone9_rotate, 5, 9, shapoco::gfx2d::rig::Channel::ROTATE},
  {anim_animtion0_bone10_rotate, 5, 10, shapoco::gfx2d::rig::Channel::ROTATE},
  {anim_animtion0_bone11_rotate, 5, 11, shapoco::gfx2d::rig::Channel::ROTATE},
  {anim_animtion0_bone12_rotate, 4, 12, shapoco::gfx2d::rig::Channel::ROTATE},
  {anim_animtion0_bone13_rotate, 4, 13, shapoco::gfx2d::rig::Channel::ROTATE},
  {anim_animtion0_bone14_rotate, 5, 14, shapoco::gfx2d::rig::Channel::ROTATE},
  {anim_animtion0_bone15_rotate, 5, 15, shapoco::gfx2d::rig::Channel::ROTATE},
  {anim_animtion0_bone16_rotate, 4, 16, shapoco::gfx2d::rig::Channel::ROTATE},
  {anim_animtion0_bone17_rotate, 5, 17, shapoco::gfx2d::rig::Channel::ROTATE},
  {anim_animtion0_bone18_translate, 4, 18, shapoco::gfx2d::rig::Channel::TRANSLATE},
  {anim_animtion0_bone18_rotate, 4, 18, shapoco::gfx2d::rig::Channel::ROTATE},
  {anim_animtion0_bone19_rotate, 4, 19, shapoco::gfx2d::rig::Channel::ROTATE},
  {anim_animtion0_bone20_rotate, 4, 20, shapoco::gfx2d::rig::Channel::ROTATE},
  {anim_animtion0_bone21_translate, 4, 21, shapoco::gfx2d::rig::Channel::TRANSLATE},
  {anim_animtion0_bone21_rotate, 4, 21, shapoco::gfx2d::rig::Channel::ROTATE},
  {anim_animtion0_bone22_rotate, 4, 22, shapoco::gfx2d::rig::Channel::ROTATE},
  {anim_animtion0_bone23_translate, 5, 23, shapoco::gfx2d::rig::Channel::TRANSLATE},
  {anim_animtion0_bone23_rotate, 5, 23, shapoco::gfx2d::rig::Channel::ROTATE},
  {anim_animtion0_bone24_rotate, 4, 24, shapoco::gfx2d::rig::Channel::ROTATE},
  {anim_animtion0_bone25_rotate, 5, 25, shapoco::gfx2d::rig::Channel::ROTATE},
  {anim_animtion0_bone26_rotate, 5, 26, shapoco::gfx2d::rig::Channel::ROTATE},
  {anim_animtion0_bone27_rotate, 5, 27, shapoco::gfx2d::rig::Channel::ROTATE},
  {anim_animtion0_bone28_rotate, 4, 28, shapoco::gfx2d::rig::Channel::ROTATE},
};
static const shapoco::gfx2d::rig::Animation anim_animtion0 = {
  "animtion0", 84, 24, 31, 0, 1, 0,
  anim_animtion0_boneTimelines, nullptr, nullptr, anim_animtion0_curves,
  0x1F5953C9u,
};

static const shapoco::gfx2d::rig::Animation *const animations[] = {&anim_animtion0};
static constexpr int ANIMATION_COUNT = 1;

}  // namespace rgb_chan

#endif
